{"thingDefinitions":[{"id":"5ce996552403f252984dea55","def":"{\"v\":9,\"a\":[7,41],\"p\":[{\"s\":[{\"p\":[0,0,0],\"r\":[0,0,0],\"s\":[13.72779,15.0348,0.1750691],\"c\":[1,1,1]}]}]}"}],"serveTime":4}