{"thingDefinitions":[{"id":"5cc153a61a4c6b70441ad2e1","def":"{\"n\":\"ashy\",\"v\":9,\"p\":[{\"b\":204,\"s\":[{\"p\":[-0.07112062,0.1675376,-0.02626606],\"r\":[22.83514,315.4763,24.23675],\"s\":[0.06000003,0.06000004,0.06000002],\"c\":[1,1,1]}]},{\"b\":250,\"s\":[{\"p\":[0.1678385,-0.1099022,-0.3193638],\"r\":[30.39842,338.4717,37.24976],\"s\":[0.2400004,0.2400003,0.2400002],\"c\":[1,1,1]}]},{\"b\":250,\"s\":[{\"p\":[0.1222399,-0.3059024,-0.6108071],\"r\":[51.50944,4.332441,355.942],\"s\":[0.2400008,0.2400006,0.2400003],\"c\":[1,1,1]}]}]}"}],"serveTime":5}