{"thingDefinitions":[{"id":"5a57f2fe36251b9104d61cd8","def":"{\"n\":\"ground\",\"v\":3,\"a\":[1],\"p\":[{\"b\":17,\"s\":[{\"p\":[0,0,0],\"r\":[0,0,0],\"s\":[11.46494,0.11062,10.53106],\"c\":[0.9019608,0.8509804,0.7215686]},{\"p\":[0,0,0],\"r\":[0,0,0],\"s\":[11.46494,0.11062,10.53106],\"c\":[0.9019608,0.8509804,0.7215686]}]}]}"}],"serveTime":5}