{"thingDefinitions":[{"id":"58042e6cf63e147b13d3436b","def":"{\"n\":\"thing\",\"p\":[{\"s\":[{\"p\":[0.2425062,1.568283,-0.183176],\"r\":[2.541699,350.3737,181.2612],\"s\":[1.130529,0.236043,2.803743],\"c\":[1,1,1]}]}]}"},{"id":"58042e92dc4355621314f7f4","def":"{\"n\":\"thing\",\"a\":[9],\"p\":[{\"b\":9,\"s\":[{\"p\":[0,0,0],\"r\":[0,0,-8.537737E-07],\"s\":[0.125,0.125,0.125],\"c\":[1,1,1]}]}]}"},{"id":"58042f08f63e147b13d3436c","def":"{\"n\":\"thing\",\"p\":[{\"b\":5,\"s\":[{\"p\":[0,0,0],\"r\":[0,0,0],\"s\":[0.09603485,0.125,50],\"c\":[1,1,1]}]}]}"}],"serveTime":5}