{"thingDefinitions":[{"id":"5e07b96f78b10a2b936e3fcf","def":"{\"v\":9,\"a\":[4],\"p\":[{\"s\":[{\"p\":[0,0,0],\"r\":[0,0,0],\"s\":[0.1750001,0.175,0.1750001],\"c\":[1,1,1]}]},{\"s\":[{\"p\":[-0.3369804,0.09967146,-0.1293456],\"r\":[357.1692,319.056,314.8527],\"s\":[0.1750001,0.175,0.1750001],\"c\":[1,1,1]}]}]}"},{"id":"5e07b9a63aee992a4f6ecde7","def":"{\"v\":9,\"p\":[{\"b\":10,\"s\":[{\"p\":[0,0,0],\"r\":[0,0,8.537735E-07],\"s\":[0.125,0.125,0.125],\"c\":[1,1,1]}]}]}"}],"serveTime":6}