{"thingDefinitions":[{"id":"5befb83d9cf82a63f97c1935","def":"{\"v\":7,\"p\":[{\"s\":[{\"p\":[0,0,0],\"r\":[-3.415095E-06,4.268865E-07,1.216627E-05],\"s\":[0.1750003,0.1750002,0.175],\"c\":[1,1,1]}]}]}"}],"serveTime":5}