{"thingDefinitions":[{"id":"58acd472eefb1f8b727d8351","def":"{\"n\":\"thing\",\"p\":[{\"b\":2,\"s\":[{\"p\":[0,0,0],\"r\":[0,0,0],\"s\":[0.1250002,0.1250001,0.125],\"c\":[1,1,1]}]},{\"b\":14,\"s\":[{\"p\":[-0.251029,-0.01056932,0.05886289],\"r\":[57.2399,312.7044,280.3449],\"s\":[0.06000006,0.06000001,0.1508507],\"c\":[1,1,1]}]},{\"b\":3,\"s\":[{\"p\":[-0.2407766,0.9789839,0.5652824],\"r\":[351.8305,294.7531,148.4773],\"s\":[0.3004994,0.2621135,0.2393654],\"c\":[1,1,1]}]},{\"b\":3,\"s\":[{\"p\":[-0.5319766,0.2691804,0.6407061],\"r\":[23.33907,345.7569,296.5797],\"s\":[0.3004991,0.2621132,0.2393652],\"c\":[1,1,1]}]}]}"}],"serveTime":5}