{"thingDefinitions":[{"id":"5a73a63baa9e73a513e8653f","def":"{\"n\":\"ground\",\"v\":3,\"a\":[1],\"p\":[{\"b\":17,\"s\":[{\"p\":[0,0,0],\"r\":[0,0,0],\"s\":[23.94114,0.11062,30.48828],\"c\":[0.9019608,0.8509804,0.7215686]}]}]}"},{"id":"5a750c15d56437941340a611","def":"{\"n\":\"thing\",\"v\":2,\"p\":[{\"b\":3,\"t\":2,\"s\":[{\"p\":[0,0,0],\"r\":[0,0,0],\"s\":[1.795444,3.703042,2.58565],\"c\":[0.9714286,1,0]}]}]}"}],"serveTime":7}