{"thingDefinitions":[{"id":"5c42fa621be34e568a15f0e0","def":"{\"v\":7,\"p\":[{\"b\":9,\"t\":7,\"s\":[{\"p\":[-0.004423685,-0.1174306,0.08826149],\"r\":[2.957165,15.25969,2.997231],\"s\":[0.1250001,0.1250001,0.1250002],\"c\":[1,0,0.6857142]}]},{\"b\":9,\"t\":7,\"s\":[{\"p\":[-0.04045465,-0.06967188,0.04732224],\"r\":[342.7064,355.9922,50.38163],\"s\":[0.1250001,0.125,0.125],\"c\":[1,0,0.6857142]}]},{\"b\":9,\"t\":7,\"s\":[{\"p\":[-0.08527604,-0.003010437,0.01577985],\"r\":[44.32301,305.9879,25.74835],\"s\":[0.1250003,0.125,0.1250003],\"c\":[1,0,0.6857142]}]},{\"b\":14,\"t\":7,\"s\":[{\"p\":[-0.1650636,0.09963613,-0.0670975],\"r\":[318.7794,239.2067,92.88955],\"s\":[0.06000014,0.06000007,0.06000013],\"c\":[1,0,0.6857142]}]}]}"}],"serveTime":4}