{"thingDefinitions":[{"id":"5bef1e508a41dd65026eb091","def":"{\"v\":7,\"p\":[{\"s\":[{\"p\":[0.04736906,0.2143052,0.1273933],\"r\":[325.3561,7.008959,358.3409],\"s\":[0.1750005,0.1750003,0.1750002],\"c\":[1,1,1]}]},{\"s\":[{\"p\":[0.05219347,0.01214302,-0.02946624],\"r\":[7.234859,6.347111,0.3730707],\"s\":[0.1750011,0.1750008,0.1750001],\"c\":[1,1,1]}]},{\"s\":[{\"p\":[0.05949251,-0.2567915,-0.1847203],\"r\":[48.56834,10.15326,5.782633],\"s\":[0.1750011,0.1750008,0.1750002],\"c\":[1,1,1]}]}]}"}],"serveTime":4}