{"thingDefinitions":[{"id":"5a95e99442242e3164cea315","def":"{\"v\":3,\"p\":[{\"s\":[{\"p\":[0,0,0],\"r\":[0,0,0],\"s\":[0.1750002,0.1750004,0.7721015],\"c\":[1,1,1]}]},{\"b\":17,\"s\":[{\"p\":[1.333044,-4.601286,-0.331798],\"r\":[84.14556,87.70495,270.2296],\"s\":[4.100444,0.1107938,3.204962],\"c\":[0.9019608,0.8509804,0.7215686]}]}]}"}],"serveTime":5}