{"thingDefinitions":[{"id":"5ed3b9aeda485a06217df799","def":"{\"n\":\"ground\",\"v\":9,\"a\":[1,2,12,16,49],\"p\":[{\"b\":17,\"s\":[{\"p\":[0,0,0],\"r\":[0,0,0],\"s\":[3.363346,0.11062,3.201102],\"c\":[1,1,1]}]},{\"b\":2,\"s\":[{\"p\":[1.528802,0.2019893,-0.560997],\"r\":[272.0624,8.679624,39.4681],\"s\":[0.1250002,0.1250004,0.1250004],\"c\":[1,1,1]}]}]}"}],"serveTime":4}