{"thingDefinitions":[{"id":"5c420e781be34e568a15f0a1","def":"{\"v\":7,\"p\":[{\"b\":174,\"s\":[{\"p\":[0,0,0],\"r\":[0,0,0],\"s\":[0.04500001,0.04500004,0.04500004],\"c\":[1,1,1]}]}]}"}],"serveTime":5}