{"thingDefinitions":[{"id":"5a0b741a323ff927106b923a","def":"{\"n\":\"sand castles\",\"v\":2,\"p\":[{\"s\":[{\"p\":[-7.89857,-0.9278449,-0.005106926],\"r\":[275.4528,258.0438,196.9394],\"s\":[14.04574,19.29361,0.3267162],\"c\":[1,0.936508,0.5555556]}]},{\"s\":[{\"p\":[-7.89857,-0.9278449,-0.005106926],\"r\":[275.4528,258.0438,196.9394],\"s\":[14.04574,19.29361,0.3267162],\"c\":[1,0.936508,0.5555556]}]},{\"s\":[{\"p\":[-7.89857,-0.9278449,-0.005106926],\"r\":[275.4528,258.0438,196.9394],\"s\":[14.04574,19.29361,0.3267162],\"c\":[1,0.936508,0.5555556]}]}]}"}],"serveTime":4}