{"thingDefinitions":[{"id":"5d3ed4c8ee4a080630e51c06","def":"{\"n\":\"ground\",\"v\":9,\"a\":[1],\"p\":[{\"b\":17,\"s\":[{\"p\":[0,0,0],\"r\":[0,0,0],\"s\":[3.363346,0.11062,3.201102],\"c\":[0.9019608,0.8509804,0.7215686]}]},{\"b\":3,\"s\":[{\"p\":[-1.943574,1.432448,-1.062197],\"r\":[305.8888,31.22946,17.32276],\"s\":[0.1250001,0.1250001,0.125],\"c\":[0.4444443,0.2469135,0.2469135]}]}]}"}],"serveTime":4}