{"thingDefinitions":[{"id":"5dd1ecda463cde1159d6a84c","def":"{\"v\":9,\"a\":[7],\"p\":[{\"s\":[{\"p\":[0,0,0],\"r\":[0,0,0],\"s\":[2500.179,2500.565,0.1750763],\"c\":[1,1,1]}]}]}"},{"id":"5dd1ee5d9fc1f806328632e1","def":"{\"v\":9,\"p\":[{\"s\":[{\"p\":[-0.3402502,0.2833252,0.0156039],\"r\":[46.16308,255.8261,261.546],\"s\":[0.1750008,0.1750008,0.1750008],\"c\":[1,1,1],\"b\":[\"when starts then become next in 1s\"]},{\"p\":[0,0,0],\"r\":[0,0,0],\"s\":[0.1750002,0.1750004,0.1750005],\"c\":[1,1,1],\"b\":[\"when starts then become next in 1s\"]}]}]}"}],"serveTime":5}