{"thingDefinitions":[{"id":"5862c8594795926824c2c9f1","def":"{\"n\":\"thing\",\"p\":[{\"b\":12,\"s\":[{\"p\":[0,0,0],\"r\":[0,0,6.670107E-09],\"s\":[1.221543,0.06000001,1.192392],\"c\":[1,1,1]}]}]}"},{"id":"5862c8dd86fd159513d7f4e1","def":"{\"n\":\"thing\",\"p\":[{\"b\":14,\"s\":[{\"p\":[0.2661557,0.07666384,-0.0119831],\"r\":[357.9296,353.4214,33.04479],\"s\":[0.005,0.005,0.005],\"c\":[1,1,1]}]},{\"b\":14,\"s\":[{\"p\":[0.2655641,0.07710986,0.001040846],\"r\":[331.3177,87.45297,359.8965],\"s\":[0.005000009,0.005000009,0.005000009],\"c\":[1,1,1]}]},{\"b\":14,\"s\":[{\"p\":[0.2660398,0.07654219,-0.0165823],\"r\":[20.45453,307.2824,35.42089],\"s\":[0.005000004,0.005000006,0.005000006],\"c\":[1,1,1]}]}]}"}],"serveTime":5}