{"thingDefinitions":[{"id":"5cf7f94a362cf27728567d88","def":"{\"n\":\"ground\",\"v\":9,\"a\":[1],\"p\":[{\"b\":17,\"i\":[{\"t\":\"000000000000000000000001\",\"p\":[0,0,0],\"r\":[0,0,0]}],\"s\":[{\"p\":[0,0,0],\"r\":[0,0,0],\"s\":[3.363346,0.11062,3.201102],\"c\":[0.9019608,0.8509804,0.7215686]},{\"p\":[0,0,0],\"r\":[0,0,0],\"s\":[3.363346,0.11062,3.201102],\"c\":[0.9019608,0.8509804,0.7215686]}]},{\"b\":3,\"s\":[{\"p\":[-1.426636,0.6933268,1.821021],\"r\":[-0.004562567,316.7057,303.4042],\"s\":[0.1250005,0.6340303,0.1250002],\"c\":[1,1,1]}]}]}"}],"serveTime":4}