{"thingDefinitions":[{"id":"5ceb22096793656054e9cf85","def":"{\"v\":9,\"a\":[7],\"p\":[{\"s\":[{\"p\":[0,0,0],\"r\":[0,0,0],\"s\":[2500,0.09506114,2500],\"c\":[0.1142856,1,0]}]}]}"},{"id":"5f33098cde2ef4061f16c4f7","def":"{\"v\":9,\"a\":[7],\"p\":[{\"s\":[{\"p\":[-0.04700303,-0.02275085,57.63346],\"r\":[270,180,0],\"s\":[3.849428,0.2315132,4.960546],\"c\":[1,1,1]}]},{\"b\":4,\"s\":[{\"p\":[0.1142501,0.04486082,-0.07546902],\"r\":[0,0,-1.024528E-05],\"s\":[119.6639,79.32182,57.6744],\"c\":[0.2857141,1,0]}]}]}"}],"serveTime":6}