{"thingDefinitions":[{"id":"5aac6339822b411374f1eefb","def":"{\"n\":\"ground\",\"v\":3,\"a\":[1,2,4,7,18],\"p\":[{\"b\":17,\"s\":[{\"p\":[0,0,0],\"r\":[0,0,0],\"s\":[9.197584,40.13022,8.596526],\"c\":[0.1851851,0.3333332,0.3333332]}]}]}"},{"id":"5aac63ed822b411374f1eefe","def":"{\"v\":2,\"p\":[{\"b\":86,\"s\":[{\"p\":[0,0,0],\"r\":[3.201651E-07,-2.832681E-15,-1.013856E-06],\"s\":[0.07500031,0.278993,0.07500007],\"c\":[1,1,1]}]}]}"},{"id":"5aac64794a299c1b9c3e687e","def":"{\"v\":2,\"p\":[{\"b\":45,\"s\":[{\"p\":[0,0,0],\"r\":[0,0,0],\"s\":[0.1250004,0.05688696,0.08572516],\"c\":[1,1,1]}]}]}"},{"id":"5aac64cb89daa51373fa2b28","def":"{\"v\":2,\"p\":[{\"b\":43,\"s\":[{\"p\":[0,0,0],\"r\":[0,0,0],\"s\":[0.125,0.1250001,0.125],\"c\":[1,1,1]}]}]}"}],"serveTime":19}