{"thingDefinitions":[{"id":"5ac9440207bbea13dca94c43","def":"{\"v\":2,\"a\":[2,5],\"p\":[{\"b\":3,\"s\":[{\"p\":[0,0,0],\"r\":[0,0,0],\"s\":[0.01978852,0.4864731,0.02155281],\"c\":[1,1,1]}]}]}"}],"serveTime":5}