{"thingDefinitions":[{"id":"5df8f94aadb9983a45456934","def":"{\"v\":9,\"p\":[{\"s\":[{\"p\":[0,0,0],\"r\":[0,0,0],\"s\":[0.175,0.175,0.1750001],\"c\":[1,1,1]}]},{\"s\":[{\"p\":[0.3323835,-0.1122876,0.2569789],\"r\":[325.9323,25.38548,50.75827],\"s\":[0.1750004,0.1750002,0.1750003],\"c\":[1,1,1]}]}]}"},{"id":"5df8fce8694e87358fbca649","def":"{\"v\":9,\"p\":[{\"b\":173,\"s\":[{\"p\":[0,0,0],\"r\":[0,0,0],\"s\":[0.04500016,0.045,0.04500012],\"c\":[1,1,1]}]},{\"b\":173,\"s\":[{\"p\":[0.241533,-0.02960512,-0.1031038],\"r\":[9.768197,36.00345,351.9016],\"s\":[0.04500007,0.04499999,0.04500007],\"c\":[1,1,1]}]}]}"}],"serveTime":5}