{"thingDefinitions":[{"id":"5b83466417c45828a2ffd1c7","def":"{\"n\":\"ground\",\"v\":6,\"a\":[1],\"p\":[{\"b\":17,\"t\":3,\"s\":[{\"p\":[0,0,0],\"r\":[0,0,0],\"s\":[2338.146,0.04425731,6.291082],\"c\":[0.8888889,1,1]}]}]}"}],"serveTime":4}