{"thingDefinitions":[{"id":"5c13f4e1fbe56c6f83fe15b1","def":"{\"v\":7,\"p\":[{\"b\":13,\"s\":[{\"p\":[0,0,0],\"r\":[0,0,8.537735E-07],\"s\":[0.06000027,0.06000025,0.06000017],\"c\":[1,1,1]}]}]}"}],"serveTime":4}