{"thingDefinitions":[{"id":"5a70e5cfae171f7b13eb7dc3","def":"{\"n\":\"dumb sword\",\"v\":2,\"a\":[1,2,3,15],\"p\":[{\"b\":14,\"t\":1,\"s\":[{\"p\":[0,0,0],\"r\":[0,0,0],\"s\":[0.005810785,0.0445913,0.09598667],\"c\":[1,1,1]}]},{\"b\":7,\"t\":9,\"s\":[{\"p\":[-0.004725151,0.0005047321,-0.253923],\"r\":[0,180,180],\"s\":[0.03739033,0.1159028,0.0471009],\"c\":[0.9714286,1,0]}]},{\"b\":5,\"t\":9,\"s\":[{\"p\":[-0.0002253056,0.004300714,-0.3231741],\"r\":[-1.707547E-06,-1.526666E-13,180],\"s\":[0.01505516,0.01449169,0.1633054],\"c\":[0.9714286,1,0]}]}]}"}],"serveTime":4}