{"thingDefinitions":[{"id":"5e7e92d4af3dd040f000ff1d","def":"{\"v\":9,\"p\":[{\"s\":[{\"p\":[0,0,0],\"r\":[0,0,0],\"s\":[0.1750002,0.1750001,0.1750002],\"c\":[1,1,1]}]},{\"b\":12,\"s\":[{\"p\":[0.00900656,-0.007447027,0.1109863],\"r\":[86.24595,121.566,120.884],\"s\":[0.06000001,0.05999999,0.06000003],\"c\":[1,1,1]}]}]}"},{"id":"5e7e9771ad82176cfd3ed8db","def":"{\"v\":9,\"p\":[{\"b\":3,\"s\":[{\"p\":[0,0,0],\"r\":[0,0,2.134434E-07],\"s\":[0.1250004,0.1250004,0.1250002],\"c\":[1,1,1]}]}]}"}],"serveTime":5}