{"thingDefinitions":[{"id":"5b81bd58e06df428ae824b89","def":"{\"n\":\"ground\",\"v\":6,\"a\":[1],\"p\":[{\"b\":17,\"s\":[{\"p\":[0,0,0],\"r\":[0,0,0],\"s\":[59.62006,0.1172635,292.6006],\"c\":[0.9019608,0.8509804,0.7215686]}]}]}"},{"id":"5b81c0e5e06df428ae824b8c","def":"{\"v\":6,\"a\":[12],\"p\":[{\"b\":73,\"t\":3,\"s\":[{\"p\":[-0.312759,0.006575666,-0.4406715],\"r\":[25.1106,286.702,273.78],\"s\":[1.209521,1.209522,1.209521],\"c\":[0,0,0],\"b\":[\"when starts then all parts face someone\"]}]},{\"b\":73,\"t\":3,\"s\":[{\"p\":[-0.4713352,0.05198401,0.2249619],\"r\":[35.67883,353.5302,345.9372],\"s\":[0.4875461,0.4875456,0.4875447],\"c\":[1,0,0]}]},{\"b\":73,\"t\":3,\"s\":[{\"p\":[0.1929192,-0.03925289,-0.1450396],\"r\":[15.71923,324.3961,34.32503],\"s\":[0.4875447,0.487545,0.4875439],\"c\":[1,0,0]}]}]}"}],"serveTime":5}