{"thingDefinitions":[{"id":"5c7516f8a00c120602194367","def":"{\"n\":\"ground\",\"v\":7,\"a\":[1],\"p\":[{\"b\":17,\"s\":[{\"p\":[0,0,0],\"r\":[0,0,0],\"s\":[3.363346,0.11062,3.201102],\"c\":[0.9019608,0.8509804,0.7215686]}]}]}"},{"id":"5c7516da710f532d6cf0aafa","def":"{\"v\":7,\"p\":[{\"b\":179,\"s\":[{\"p\":[0,0,0],\"r\":[3.468456E-06,0,0],\"s\":[0.215,0.215,0.215],\"c\":[1,1,1]}]}]}"}],"serveTime":7}