{"thingDefinitions":[{"id":"5bc2ff8b4b94b5056e294612","def":"{\"v\":7,\"a\":[22],\"p\":[{\"s\":[{\"p\":[0,0,0],\"r\":[0,0,0],\"s\":[2.313343,0.01297647,3.111317],\"c\":[1,1,1]}]}]}"},{"id":"5bc2ffecd044c0458f49053a","def":"{\"v\":7,\"a\":[7],\"p\":[{\"s\":[{\"p\":[0,0,0],\"r\":[0,0,0],\"s\":[2.303169,0.007509949,1.691552],\"c\":[0.5520282,0.5555556,0.4320987]}]}]}"}],"serveTime":5}