{"thingDefinitions":[{"id":"5adbc1e8c756ba04be3526a3","def":"{\"v\":4,\"p\":[{\"b\":144,\"s\":[{\"p\":[0,0,0],\"r\":[0,0,0],\"s\":[0.01631884,0.05719639,0.06170058],\"c\":[1,1,1]}]},{\"b\":89,\"s\":[{\"p\":[-0.1330724,-0.007452384,0.06623173],\"r\":[340.3589,60.98583,243.4058],\"s\":[0.03212297,0.03218925,0.02579762],\"c\":[1,1,1]}]}]}"},{"id":"5adbc2af753c720323f0bf9c","def":"{\"v\":4,\"p\":[{\"b\":3,\"s\":[{\"p\":[0,0,0],\"r\":[0,0,0],\"s\":[0.1250001,0.1250001,0.1250001],\"c\":[1,1,1]}]}]}"}],"serveTime":8}