{"thingDefinitions":[{"id":"59fbb85c98677223107c8cb5","def":"{\"n\":\"thing\",\"v\":2,\"p\":[{\"b\":14,\"s\":[{\"p\":[0,0,0],\"r\":[0,0,0],\"s\":[0.06000016,0.06000006,0.06000008],\"c\":[1,1,1]}]}]}"}],"serveTime":4}