{"thingDefinitions":[{"id":"5b6a978db0f3af0dc7b1caae","def":"{\"v\":6,\"p\":[{\"b\":9,\"s\":[{\"p\":[0,0,0],\"r\":[0,0,0],\"s\":[0.1250001,0.125,0.1250001],\"c\":[1,1,1]}]},{\"b\":5,\"s\":[{\"p\":[0.4087785,-0.27016,-0.4416419],\"r\":[328.877,355.3719,334.5247],\"s\":[0.125,0.1250001,0.125],\"c\":[1,1,1]}]},{\"b\":5,\"s\":[{\"p\":[0.8036284,-0.39618,-0.3192828],\"r\":[321.8813,356.571,3.27704],\"s\":[0.125,0.1250001,0.1250001],\"c\":[1,1,1]}]},{\"b\":5,\"s\":[{\"p\":[0.01836297,-0.07803154,-0.5873157],\"r\":[335.5717,0.8700038,296.4681],\"s\":[0.125,0.1250002,0.1250002],\"c\":[1,1,1]}]}]}"}],"serveTime":5}