{"thingDefinitions":[{"id":"5adcb60d465126131491a0b1","def":"{\"v\":4,\"p\":[{\"b\":5,\"s\":[{\"p\":[0,0,0],\"r\":[0,0,0],\"s\":[0.1250001,0.1250002,0.1250002],\"c\":[1,1,1]}]}]}"}],"serveTime":4}