{"thingDefinitions":[{"id":"5eb748fb67a727196433da2f","def":"{\"v\":9,\"p\":[{\"b\":57,\"s\":[{\"p\":[0,0,0],\"r\":[0,0,-2.134434E-07],\"s\":[0.02626549,0.0146344,0.03783686],\"c\":[0,0.05714229,1]}]}]}"}],"serveTime":4}