{"thingDefinitions":[{"id":"59f38e802652f7f213f1f17f","def":"{\"n\":\"looll\",\"v\":2,\"a\":[2],\"p\":[{\"b\":5,\"s\":[{\"p\":[0.01419833,0.06530739,-0.3392282],\"r\":[307.9594,100.5275,318.4669],\"s\":[0.00500001,0.1250002,0.07034023],\"c\":[1,1,1]}]},{\"b\":5,\"s\":[{\"p\":[-0.1311617,0.1320063,0.01346309],\"r\":[308.0933,21.15642,293.8257],\"s\":[0.02187488,0.02181949,0.5167131],\"c\":[1,1,1]}]}]}"}],"serveTime":4}