{"thingDefinitions":[{"id":"5e77955d51fe2c0630e6ad97","def":"{\"v\":9,\"a\":[13],\"p\":[{\"b\":5,\"s\":[{\"p\":[0,0,0],\"r\":[0,0,-7.470518E-07],\"s\":[0.09999999,0.0999999,0.09999992],\"c\":[1,1,1]}]}]}"},{"id":"5e7795cc3d0e3218bb53a2ff","def":"{\"v\":9,\"p\":[{\"b\":5,\"s\":[{\"p\":[0,0,0],\"r\":[0,0,0],\"s\":[0.1000004,0.1000002,0.1000003],\"c\":[0.2857141,1,0]}]}]}"},{"id":"5e7796b239e75474ab4f479d","def":"{\"v\":9,\"p\":[{\"b\":173,\"s\":[{\"p\":[0,0,0],\"r\":[0,0,4.268868E-07],\"s\":[0.045,0.045,0.045],\"c\":[0.2857141,1,0]}]}]}"}],"serveTime":10}