{"thingDefinitions":[{"id":"5a03cc3c3d9dfe7a137c0e38","def":"{\"n\":\"thing\",\"v\":2,\"a\":[1,2,3,4,7,8,18],\"p\":[{\"b\":10,\"s\":[{\"p\":[0,0,0],\"r\":[0,0,-1.707547E-06],\"s\":[0.1250002,0.1250002,0.1250002],\"c\":[1,1,1]}]},{\"b\":16,\"s\":[{\"p\":[-0.3221194,-0.1364619,-0.4830939],\"r\":[47.89872,197.0848,249.577],\"s\":[0.1250002,0.1250001,0.1250002],\"c\":[1,1,1]}]}]}"}],"serveTime":4}