{"thingDefinitions":[{"id":"5b5d5683d0b5700ba240ed98","def":"{\"v\":6,\"p\":[{\"b\":9,\"s\":[{\"p\":[0.2841681,-0.1089925,0.2312889],\"r\":[341.4821,38.41807,19.27391],\"s\":[0.1250002,0.1250003,0.1250003],\"c\":[1,1,1]}]},{\"b\":9,\"s\":[{\"p\":[0.284858,0.2456187,0.4594655],\"r\":[305.0081,50.68506,0.005059916],\"s\":[0.1250004,0.1250006,0.1250007],\"c\":[1,1,1]}]},{\"b\":9,\"s\":[{\"p\":[0.1545505,0.6209403,0.483013],\"r\":[322.6589,34.39949,8.066443],\"s\":[0.1250003,0.1250004,0.1250004],\"c\":[1,1,1]}]},{\"b\":9,\"s\":[{\"p\":[0.104501,-0.3000342,-0.2652632],\"r\":[37.41413,108.2689,79.66284],\"s\":[0.1250024,0.1909949,0.1250013],\"c\":[1,1,1]}]}]}"}],"serveTime":4}