{"thingDefinitions":[{"id":"5aeb042a5046f90f78c74b94","def":"{\"v\":4,\"p\":[{\"b\":10,\"s\":[{\"p\":[0,0,0],\"r\":[0,0,0],\"s\":[0.1250003,0.125001,0.1250009],\"c\":[0.148148,0.6666667,0.6666667]}]},{\"b\":5,\"s\":[{\"p\":[0.02490747,0.2044759,-0.2493596],\"r\":[327.4897,322.0292,354.83],\"s\":[0.1250002,0.1250008,0.1250007],\"c\":[0.8,1,0]}]},{\"b\":14,\"pr\":4,\"s\":[{\"p\":[-0.01365492,0.4797204,-0.4328853],\"r\":[53.03687,5.211725,10.19729],\"s\":[0.06000001,0.06,0.06000001],\"c\":[0.8,1,0],\"pr\":{\"c\":[1,1,1],\"m\":0.25,\"a\":0.25,\"s\":0.15,\"z\":0.25,\"g\":0.5,\"h\":0.25}}]}]}"}],"serveTime":4}