{"thingDefinitions":[{"id":"5d494b44a730e521be048d4a","def":"{\"n\":\"ground\",\"v\":9,\"a\":[1],\"p\":[{\"b\":17,\"s\":[{\"p\":[0,0,0],\"r\":[0,0,0],\"s\":[3.363346,0.11062,3.201102],\"c\":[0.9019608,0.8509804,0.7215686]}]},{\"s\":[{\"p\":[5.465973,1.497184,-3.823334],\"r\":[335.2638,180.6403,56.1944],\"s\":[0.1750003,0.1750001,0.1750004],\"c\":[1,1,1]}]}]}"}],"serveTime":5}