{"thingDefinitions":[{"id":"5ac5ac116909930ffcab0091","def":"{\"v\":2,\"p\":[{\"b\":78,\"s\":[{\"p\":[0,0,0],\"r\":[0,0,-2.001032E-08],\"s\":[0.07500002,0.07499997,0.07500003],\"c\":[1,1,1]}]}]}"}],"serveTime":5}