{"thingDefinitions":[{"id":"5f7e53f57a4ec8631f1141ce","def":"{\"v\":9,\"p\":[{\"b\":9,\"s\":[{\"p\":[0,0,0],\"r\":[0,0,0],\"s\":[0.1250006,0.1250006,0.1250004],\"c\":[1,1,1]}]}]}"},{"id":"5f7e54597a4ec8631f1141cf","def":"{\"v\":9,\"a\":[2],\"tp_d\": 1,\"p\":[{\"s\":[{\"p\":[0,0,0],\"r\":[0,0,-1.707547E-06],\"s\":[0.1750004,0.1750005,0.036127],\"c\":[1,1,1]}]}]}"}],"serveTime":5}