{"thingDefinitions":[{"id":"5b36a10b6562ab07a8668252","def":"{\"v\":5,\"p\":[{\"s\":[{\"p\":[0,0,0],\"r\":[0,0,-1.707547E-06],\"s\":[0.1750011,0.1750003,0.1750002],\"c\":[1,1,1]}]}]}"},{"id":"5b36a17864bae7109d69811a","def":"{\"v\":5,\"p\":[{\"b\":12,\"s\":[{\"p\":[0,0,0],\"r\":[0,0,0],\"s\":[0.06000014,0.06000001,0.06000008],\"c\":[1,1,1]}]},{\"b\":12,\"s\":[{\"p\":[-0.2271671,0.01564263,-0.01605827],\"r\":[359.7604,354.1328,356.2996],\"s\":[0.06000011,0.06,0.06000003],\"c\":[1,1,1]}]}]}"}],"serveTime":5}