{"thingDefinitions":[{"id":"5c4d4e18df16d60195e0db2f","def":"{\"v\":7,\"a\":[32],\"p\":[{\"b\":2,\"s\":[{\"p\":[0,0,0],\"r\":[0,0,-8.537737E-07],\"s\":[0.1250001,0.1250003,0.1250002],\"c\":[1,1,1]}]},{\"b\":2,\"s\":[{\"p\":[0.01390682,-0.003965255,-0.1199438],\"r\":[0.9846942,179.6923,0.9778581],\"s\":[0.1250003,0.1250003,0.1250004],\"c\":[1,1,1]}]}]}"}],"serveTime":5}