{"thingDefinitions":[{"id":"5e056ba09bd6c0061eb72d6c","def":"{\"v\":9,\"a\":[32,51],\"p\":[{\"s\":[{\"p\":[0,0,0],\"r\":[0,0,0],\"s\":[105.3984,0.8630579,181.3862],\"c\":[0.5566137,0.6666667,0.3703702]}]}]}"},{"id":"5e056c5d1a60602b999a31cc","def":"{\"v\":9,\"a\":[32],\"p\":[{\"s\":[{\"p\":[-0.04872181,-0.1597093,0.2231787],\"r\":[358.42,356.4916,5.361073],\"s\":[4.225657,2.950637,0.1750005],\"c\":[0.5555556,0.4973545,0.3703702]}]},{\"s\":[{\"p\":[5.792737,0.1941292,0.269592],\"r\":[358.6364,359.9096,5.901873],\"s\":[4.225676,2.950642,0.1750012],\"c\":[0.5555556,0.4973545,0.3703702]}]}]}"}],"serveTime":5}