{"thingDefinitions":[{"id":"5a67bebd21d9f34d1a56c772","def":"{\"n\":\"ground\",\"v\":3,\"a\":[1],\"p\":[{\"b\":17,\"s\":[{\"p\":[0,0,0],\"r\":[0,0,0],\"s\":[3.363346,0.11062,3.201102],\"c\":[0.9019608,0.8509804,0.7215686]}]}]}"},{"id":"5a67be95cffff17513e63ed1","def":"{\"n\":\"thing\",\"v\":2,\"p\":[{\"b\":6,\"s\":[{\"p\":[0,0,0],\"r\":[0,0,0],\"s\":[0.125,0.125,0.125],\"c\":[1,1,1]}]}]}"}],"serveTime":4}