{"thingDefinitions":[{"id":"5d9f8edc288c857ffcc86a06","def":"{\"n\":\"ground\",\"v\":9,\"a\":[1],\"p\":[{\"b\":17,\"s\":[{\"p\":[0,0,0],\"r\":[0,0,0],\"s\":[3.363346,0.11062,3.201102],\"c\":[0.9019608,0.8509804,0.7215686]}]},{\"s\":[{\"p\":[4.79782,1.252077,0.1963502],\"r\":[311.6087,299.3976,241.7915],\"s\":[0.3064722,0.1518293,0.1750002],\"c\":[1,1,1]}]}]}"}],"serveTime":4}