{"thingDefinitions":[{"id":"5cb363e15a2f2d056bc9e40d","def":"{\"v\":9,\"a\":[49],\"tp_lp\": [0,1,0],\"tp_lp\": [0,1,0],\"tp_lr\": [0,1,0],\"p\":[{\"b\":9,\"a\":[1,4,3,5,11,12,18,36,38,39],\"s\":[{\"p\":[0,0,0],\"r\":[0,0,0],\"s\":[0.1250001,0.1250001,0.1250002],\"c\":[1,1,1]}]},{\"s\":[{\"p\":[0.2056325,-0.05753803,-0.05277968],\"r\":[342.0429,281.3571,46.71431],\"s\":[0.1750001,0.1750002,0.1750001],\"c\":[1,1,1]}]},{\"b\":5,\"s\":[{\"p\":[0.1846467,0.156533,0.1123912],\"r\":[317.2504,29.3221,341.7442],\"s\":[0.1,0.1,0.1000001],\"c\":[1,1,1]}]}]}"}],"serveTime":4}