{"thingDefinitions":[{"id":"5de8adc9d5ec320629b79fcc","def":"{\"n\":\"ground\",\"v\":9,\"a\":[1],\"p\":[{\"b\":17,\"s\":[{\"p\":[0,0,0],\"r\":[0,0,0],\"s\":[3.363346,0.11062,3.201102],\"c\":[0.9019608,0.8509804,0.7215686]}]},{\"b\":2,\"s\":[{\"p\":[0.2783413,0.7222317,-1.78738],\"r\":[280.1652,41.06012,135.8897],\"s\":[0.5709456,0.6043776,0.299117],\"c\":[1,1,1]}]},{\"b\":9,\"s\":[{\"p\":[-0.06031021,0.9061321,-1.588732],\"r\":[32.01986,222.5835,306.0288],\"s\":[0.1250002,0.1262193,0.1250001],\"c\":[1,1,1]}]}]}"}],"serveTime":5}