{"thingDefinitions":[{"id":"584e553c16fe3f1310081f31","def":"{\"n\":\"thing\",\"a\":[7,18],\"p\":[{\"s\":[{\"p\":[0,0,0],\"r\":[0,0,0],\"s\":[0.3028739,0.009376524,0.3246301],\"c\":[0,1,0.3999999]}]}]}"},{"id":"584f74c4f9902911103cedd1","def":"{\"n\":\"thing\",\"a\":[7],\"p\":[{\"s\":[{\"p\":[0,0,0],\"r\":[0,0,0],\"s\":[0.3028751,0.00937708,0.3246493],\"c\":[0.03703704,0.3333333,0.3333333]}]}]}"},{"id":"584f753c98928b7513fdd6cb","def":"{\"n\":\"thing\",\"a\":[7],\"p\":[{\"s\":[{\"p\":[0,0,0],\"r\":[0,0,0],\"s\":[0.3028739,0.009376524,0.3246301],\"c\":[0,0.2285712,1]}]}]}"}],"serveTime":5}