{"thingDefinitions":[{"id":"5a8a10061ecd2d054ecbd727","def":"{\"v\":2,\"a\":[1,2,7,12,14,18],\"p\":[{\"s\":[{\"p\":[0,0,0],\"r\":[0,0,0],\"s\":[0.1750118,0.1750127,0.1750111],\"c\":[1,1,1]}]}]}"},{"id":"5a8a11f53c15f2ff4df2613a","def":"{\"v\":2,\"a\":[2,7,12,14,18],\"p\":[{\"a\":[23],\"s\":[{\"p\":[0,0,0],\"r\":[0,0,0],\"s\":[0.175009,0.1750089,0.1750067],\"c\":[1,1,1],\"b\":[\"when triggered then emit [drop from inventory]\"]}]}]}"}],"serveTime":6}