{"thingDefinitions":[{"id":"5c15363d285ab86f59fd61a7","def":"{\"v\":7,\"p\":[{\"b\":11,\"s\":[{\"p\":[0,0,0],\"r\":[0,0,0],\"s\":[0.1,0.09999999,0.1],\"c\":[1,1,1]}]},{\"b\":11,\"s\":[{\"p\":[0.3347866,0.09231806,1.426238],\"r\":[334.2448,149.7687,322.1395],\"s\":[0.1000001,0.1000001,0.1000001],\"c\":[1,1,1]}]}]}"}],"serveTime":5}