{"thingDefinitions":[{"id":"5cbb661902726879123b772d","def":"{\"v\":9,\"p\":[{\"b\":10,\"s\":[{\"p\":[0,0,0],\"r\":[0,0,0],\"s\":[0.1250004,0.1250002,0.1250003],\"c\":[1,1,1]}]}]}"}],"serveTime":5}