{"thingDefinitions":[{"id":"5d611e87f6584a63b407b60c","def":"{\"v\":9,\"p\":[{\"b\":17,\"s\":[{\"p\":[0,0,0],\"r\":[0,0,0],\"s\":[0.06000007,0.06000003,0.06000005],\"c\":[1,1,1]}]}]}"}],"serveTime":4}