{"thingDefinitions":[{"id":"5a777a8cbd7da1a513a68818","def":"{\"n\":\"thing\",\"v\":2,\"p\":[{\"b\":3,\"s\":[{\"p\":[0,0,0],\"r\":[0,0,-1.013856E-06],\"s\":[0.1250005,0.1250003,0.1250004],\"c\":[1,1,1]}]}]}"},{"id":"5a777b298dbed7e82ed66375","def":"{\"n\":\"thing\",\"v\":2,\"p\":[{\"s\":[{\"p\":[0.08065618,-0.02236247,-0.4052779],\"r\":[0,90,1.001791E-05],\"s\":[0.1750094,0.1750143,0.1750053],\"c\":[1,1,1]}]},{\"s\":[{\"p\":[0.06782087,-0.01992512,-0.2015282],\"r\":[1.001791E-05,90.00001,1.001791E-05],\"s\":[0.1750077,0.1750097,0.1750042],\"c\":[1,1,1]}]},{\"s\":[{\"p\":[-0.2298804,0.03952396,0.1753632],\"r\":[0,0,0],\"s\":[0.1750567,0.1750172,0.1750577],\"c\":[1,1,1]}]}]}"}],"serveTime":5}