{"thingDefinitions":[{"id":"5bf9a8955e64ee676ef22adc","def":"{\"v\":7,\"p\":[{\"b\":121,\"a\":[5,18,36],\"e\":\"abc\",\"s\":[{\"p\":[-0.1867577,0.2429437,-0.02083996],\"r\":[41.48154,229.7079,235.3598],\"s\":[0.003000001,0.003,0.003000001],\"c\":[1,1,1]},{\"p\":[-0.1867577,0.2429437,-0.02083996],\"r\":[41.48153,229.7079,235.3598],\"s\":[0.003000001,0.003,0.003000001],\"c\":[1,1,1]},{\"p\":[-0.1867577,0.2429437,-0.02083996],\"r\":[41.48153,229.7079,235.3598],\"s\":[0.003000001,0.003,0.003000001],\"c\":[1,1,1]}]},{\"s\":[{\"p\":[0.05274694,0.01716428,-0.04922016],\"r\":[3.513126,7.751999,357.9562],\"s\":[0.1750006,0.1750007,0.1750008],\"c\":[1,1,1]}]}]}"}],"serveTime":5}