{"thingDefinitions":[{"id":"5c6ec7502604d705526e45b6","def":"{\"v\":7,\"p\":[{\"b\":4,\"s\":[{\"p\":[0,0,0],\"r\":[0,0,0],\"s\":[0.1250002,0.1250001,0.125],\"c\":[1,1,1]}]}]}"}],"serveTime":4}