{"thingDefinitions":[{"id":"5d523ab1b2caa0061e4ca73e","def":"{\"v\":9,\"p\":[{\"b\":9,\"s\":[{\"p\":[-0.116634,-0.06312247,0.02430908],\"r\":[359.9437,342.4778,15.41699],\"s\":[0.1250001,0.125,0.1249999],\"c\":[1,1,1]}]},{\"b\":9,\"s\":[{\"p\":[0.0002445392,0.03805048,0.02679622],\"r\":[350.6872,6.993046,355.3218],\"s\":[0.1250003,0.1250003,0.1250001],\"c\":[1,1,1]}]},{\"b\":9,\"s\":[{\"p\":[-0.03942878,-0.1339328,-0.02877339],\"r\":[11.33695,352.2896,13.92622],\"s\":[0.1250002,0.1250002,0.1250001],\"c\":[1,1,1]}]},{\"b\":8,\"s\":[{\"p\":[-0.03874841,-0.02861661,-0.02227958],\"r\":[18.50619,24.38721,342.6398],\"s\":[0.125,0.125,0.125],\"c\":[1,1,1]}]}]}"}],"serveTime":5}