{"thingDefinitions":[{"id":"5c1d221939f34d317e595bcb","def":"{\"v\":7,\"p\":[{\"b\":5,\"s\":[{\"p\":[0,0,0],\"r\":[0,0,0],\"s\":[0.5448539,0.532314,0.3111841],\"c\":[1,0.1714285,0]}]},{\"b\":197,\"s\":[{\"p\":[-0.1332479,0.5457575,0.03337845],\"r\":[345.1959,89.82279,81.37814],\"s\":[0.09419167,0.1487166,0.09790222],\"c\":[0.111111,0.05714275,0]}]}]}"}],"serveTime":5}