{"thingDefinitions":[{"id":"5c31adc439f34d317e5960bd","def":"{\"v\":7,\"p\":[{\"b\":12,\"s\":[{\"p\":[0,0,0],\"r\":[0,0,-9.338149E-08],\"s\":[0.06000007,0.06,0.06000005],\"c\":[1,1,1]}]},{\"b\":14,\"s\":[{\"p\":[-0.003357581,0.1703691,-0.004389208],\"r\":[274.8726,236.4079,125.1107],\"s\":[0.06000007,0.06000012,0.0600001],\"c\":[1,1,1]}]},{\"b\":17,\"s\":[{\"p\":[-0.007347247,0.3830843,-0.002428083],\"r\":[288.8748,27.81965,352.1985],\"s\":[0.06000001,0.06000004,0.06000002],\"c\":[1,1,1]}]},{\"b\":13,\"s\":[{\"p\":[0.1102421,0.2148287,-0.1287164],\"r\":[314.1714,100.5295,267.4081],\"s\":[0.06000002,0.06000003,0.06000002],\"c\":[1,1,1]}]}]}"}],"serveTime":4}