{"thingDefinitions":[{"id":"59b3abd760011fbb7bb8c67d","def":"{\"n\":\"thing\",\"p\":[{\"s\":[{\"p\":[0,0,0],\"r\":[0,0,-4.268868E-07],\"s\":[0.175001,0.1750009,0.1750007],\"c\":[1,1,1]}]},{\"s\":[{\"p\":[0.3909906,0.09505743,-0.3725944],\"r\":[358.1906,287.8351,8.867083],\"s\":[0.1750005,0.1750005,0.1750006],\"c\":[1,1,1]}]},{\"s\":[{\"p\":[1.87322,-0.9462584,2.41561],\"r\":[294.016,237.9686,153.515],\"s\":[0.1750003,0.1750004,0.1750003],\"c\":[1,1,1]}]},{\"s\":[{\"p\":[1.24278,-1.94428,2.096927],\"r\":[72.25731,155.7745,52.52383],\"s\":[0.1750003,0.1750001,0.1750002],\"c\":[1,1,1]}]}]}"}],"serveTime":5}