{"thingDefinitions":[{"id":"5b237a185543390f7f346d7a","def":"{\"n\":\"ground\",\"v\":5,\"a\":[1],\"p\":[{\"b\":17,\"s\":[{\"p\":[0,0,0],\"r\":[0,0,0],\"s\":[3.363346,0.11062,3.201102],\"c\":[0,1,0.5714287]}]}]}"}],"serveTime":4}