{"thingDefinitions":[{"id":"5c433be45606e0255ca688af","def":"{\"n\":\"ground\",\"v\":7,\"a\":[1],\"p\":[{\"b\":17,\"s\":[{\"p\":[0,0,0],\"r\":[0,0,0],\"s\":[3.363346,0.11062,3.201102],\"c\":[0.9019608,0.8509804,0.7215686]}]},{\"b\":10,\"c\":[[-0.874,0.342,-1.675,27,1,3,1,1,1],[-0.91,0.974,-0.138,12],[-0.823,0.605,-0.692,13],[0.219,0.908,-1.084,14],[-1.359,-0.435,-0.051,15,7]],\"s\":[{\"p\":[1.114746,1.048634,0.08110794],\"r\":[357.0667,36.50018,332.8449],\"s\":[0.125,0.125,0.125],\"c\":[1,1,1]}]}]}"}],"serveTime":5}