{"thingDefinitions":[{"id":"5aaac81d99c39a0fec8a934b","def":"{\"v\":2,\"p\":[{\"b\":5,\"s\":[{\"p\":[0,0,0],\"r\":[0,0,0],\"s\":[0.1250004,0.1250004,0.1250001],\"c\":[1,1,1]}]}]}"},{"id":"5aaac94699c39a0fec8a934c","def":"{\"v\":2,\"p\":[{\"b\":9,\"s\":[{\"p\":[0,0,0],\"r\":[0,0,0],\"s\":[0.1250001,0.1250001,0.1250001],\"c\":[1,1,1]}]},{\"s\":[{\"p\":[-0.2009824,0.09548591,-0.4006879],\"r\":[58.64103,341.7977,315.2724],\"s\":[0.1750002,0.1750001,0.1750002],\"c\":[1,1,1]}]}]}"}],"serveTime":5}