{"thingDefinitions":[{"id":"5dc9a986ee705f062f523cae","def":"{\"n\":\"ground\",\"v\":9,\"a\":[2,4,15],\"tp_m\": 4,\"tp_d\": 10,\"tp_ad\": 1,\"tp_m\": 4,\"tp_d\": 10,\"tp_ad\": 1,\"tp_lp\": [1,1,0],\"p\":[{\"b\":17,\"t1\":13,\"s\":[{\"p\":[0,0,0],\"r\":[0,0,0],\"s\":[3.363346,0.11062,3.201102],\"c\":[1,0.2222221,0.8888887],\"t1\":{\"c\":[0,0,0],\"x\":0.17,\"y\":0.17,\"a\":0.8925,\"m\":0.5,\"n\":0.5,\"r\":0,\"g\":0.8209488,\"o\":0.5,\"t\":0.5,\"e\":0.3295803}}]},{\"b\":9,\"t\":10,\"pr\":48,\"t1\":125,\"s\":[{\"p\":[-0.6121609,1.183854,-1.254555],\"r\":[296.6411,326.6841,94.68121],\"s\":[0.1250001,0.1250001,0.1250001],\"c\":[0.2222221,0.6666666,1],\"t1\":{\"c\":[0.7777778,0.7777778,0.7777778],\"x\":0.5,\"y\":0.5,\"a\":0.8925,\"m\":0,\"n\":0,\"r\":0,\"g\":0,\"o\":0.5,\"t\":0.5,\"e\":0.5},\"pr\":{\"c\":[1,1,1],\"m\":0.25,\"a\":0.25,\"s\":0.15,\"z\":0.1042604,\"g\":0.5,\"h\":0.25}}]}]}"}],"serveTime":5}