{"thingDefinitions":[{"id":"5ac9a5cf13c1470ff05b3ae4","def":"{\"v\":2,\"p\":[{\"s\":[{\"p\":[-0.06696259,0.03428286,-0.06621003],\"r\":[3.750985,354.564,5.063996],\"s\":[0.1750005,0.1750004,0.1750005],\"c\":[1,1,1]}]},{\"s\":[{\"p\":[0.09659845,0.04426673,-0.05414046],\"r\":[4.109351,355.7503,2.430943],\"s\":[0.175001,0.1750008,0.1750009],\"c\":[1,1,1]}]},{\"b\":2,\"s\":[{\"p\":[-0.002983321,0.02587751,0.07726227],\"r\":[6.071142,358.3581,2.919115],\"s\":[0.1250004,0.1250003,0.1250003],\"c\":[1,1,1]}]},{\"s\":[{\"p\":[0.2673309,0.05432195,-0.05029324],\"r\":[6.806576,1.127272,10.23107],\"s\":[0.1750001,0.1750001,0.1750001],\"c\":[1,1,1]}]}]}"}],"serveTime":6}