{"thingDefinitions":[{"id":"5cc5b244364a29481c9373d1","def":"{\"v\":9,\"p\":[{\"b\":249,\"s\":[{\"p\":[-0.09039915,0.2200006,0.117909],\"r\":[359.6404,321.572,65.69096],\"s\":[0.2200002,0.22,0.2200003],\"c\":[1,1,1]}]},{\"s\":[{\"p\":[0.02242004,-0.01993264,0.01012313],\"r\":[3.860492,9.830459,0.8589708],\"s\":[0.1750007,0.1750004,0.1750011],\"c\":[1,1,1]}]}]}"}],"serveTime":5}