{"thingDefinitions":[{"id":"5f4ac58c43ec5270f3e3dfc5","def":"{\"v\":9,\"p\":[{\"b\":9,\"s\":[{\"p\":[0,0,0],\"r\":[0,0,0],\"s\":[0.1250001,0.1249999,0.1250001],\"c\":[1,1,1]}]}]}"}],"serveTime":6}