{"thingDefinitions":[{"id":"5e214d95aee20324d014e4c7","def":"{\"v\":9,\"p\":[{\"b\":251,\"s\":[{\"p\":[0,0,0],\"r\":[0,0,0],\"s\":[0.535922,0.6094081,0.1276869],\"c\":[1,1,1]}]}]}"}],"serveTime":4}