{"thingDefinitions":[{"id":"58052af0de4e76d5285c3a10","def":"{\"n\":\"thing\",\"p\":[{\"b\":2,\"s\":[{\"p\":[0,0,0],\"r\":[0,0,0],\"s\":[0.4195401,0.348898,0.5493421],\"c\":[0.8888889,0.733686,0.3950616],\"b\":[\"when looked at then emit gravity-free [add from inventory]\"]}]}]}"},{"id":"58052af9de4e76d5285c3a11","def":"{\"n\":\"thing\",\"p\":[{\"s\":[{\"p\":[0,0,0],\"r\":[0,0,0],\"s\":[0.1750001,0.1750001,0.1750001],\"c\":[1,1,1]}]}]}"}],"serveTime":4}