{"thingDefinitions":[{"id":"5c342a434d67fc6f6091fedc","def":"{\"v\":7,\"p\":[{\"b\":9,\"s\":[{\"p\":[-0.1797617,-0.1922502,-0.2052787],\"r\":[27.23794,333.4886,346.8746],\"s\":[0.1890357,0.3396168,0.1250002],\"c\":[1,1,1]}]},{\"b\":9,\"s\":[{\"p\":[-0.1710875,0.5257652,0.5045831],\"r\":[16.79368,270.8463,116.7156],\"s\":[0.6972685,0.3874457,0.09934653],\"c\":[1,1,1]}]},{\"b\":9,\"s\":[{\"p\":[0.4627664,-0.01915842,0.1377912],\"r\":[293.5747,115.9468,346.6285],\"s\":[0.1250007,0.1250007,0.1250003],\"c\":[1,1,1]}]}]}"}],"serveTime":5}