{"thingDefinitions":[{"id":"5a4d022dcb999ec713024604","def":"{\"n\":\"kevin gagne\",\"v\":2,\"p\":[{\"b\":9,\"s\":[{\"p\":[0,0,0],\"r\":[0,0,-1.707547E-06],\"s\":[0.1250002,0.1250003,0.1250002],\"c\":[1,1,1]}]},{\"b\":9,\"s\":[{\"p\":[0.3761708,-0.3119896,-0.3704349],\"r\":[352.6419,93.04919,48.43592],\"s\":[0.1250003,0.1250005,0.1250005],\"c\":[1,1,1]}]},{\"b\":9,\"s\":[{\"p\":[-0.03086283,0.4216283,0.08197308],\"r\":[22.01406,32.14574,290.4547],\"s\":[0.1250003,0.1250007,0.1250007],\"c\":[1,1,1]}]},{\"b\":9,\"s\":[{\"p\":[-0.1970453,-0.5835359,-0.1138366],\"r\":[43.00698,219.243,84.65346],\"s\":[0.1250006,0.1250013,0.1250014],\"c\":[1,1,1]}]}]}"}],"serveTime":5}