{"thingDefinitions":[{"id":"5dc1c4d12f511010e59aede4","def":"{\"v\":9,\"p\":[{\"b\":2,\"s\":[{\"p\":[0.2332127,0.2946217,0.06003217],\"r\":[54.95617,173.1783,18.50447],\"s\":[0.1250002,0.1250001,0.1250001],\"c\":[1,1,1]}]},{\"b\":9,\"s\":[{\"p\":[0.2104531,0.436985,0.1539282],\"r\":[342.337,18.68554,348.2011],\"s\":[0.1250001,0.1250001,0.125],\"c\":[1,1,1]}]},{\"s\":[{\"p\":[0.2265601,-0.008661896,0.06783592],\"r\":[30.69842,275.8032,89.991],\"s\":[0.1750002,0.1750002,0.175],\"c\":[1,1,1]}]},{\"b\":17,\"s\":[{\"p\":[-0.03242366,0.1018867,0.02639564],\"r\":[338.1432,345.3533,8.163369],\"s\":[0.06000005,0.06000004,0.06000008],\"c\":[1,1,1]}]}]}"}],"serveTime":4}