{"thingDefinitions":[{"id":"5ad7fdd0e98b55688e926d94","def":"{\"v\":3,\"p\":[{\"b\":175,\"s\":[{\"p\":[0,0,0],\"r\":[0,0,0],\"s\":[0.04500002,0.04500004,0.04500002],\"c\":[1,1,1]}]},{\"b\":175,\"s\":[{\"p\":[0.2539844,0.1515571,0.06480644],\"r\":[25.4606,347.9221,26.95999],\"s\":[0.04500004,0.04500002,0.04500003],\"c\":[1,1,1]}]},{\"b\":175,\"s\":[{\"p\":[0.4780475,0.1254721,0.04092415],\"r\":[18.03148,5.414173,20.37831],\"s\":[0.04500004,0.04500002,0.04500004],\"c\":[1,1,1]}]},{\"b\":175,\"s\":[{\"p\":[0.5265183,0.1842119,0.03019579],\"r\":[41.63664,47.3068,313.2301],\"s\":[0.04500012,0.04500004,0.0450001],\"c\":[1,1,1]}]}]}"}],"serveTime":4}