{"thingDefinitions":[{"id":"5cfb23e18fef3e06286baa74","def":"{\"n\":\"ground\",\"v\":9,\"a\":[1],\"p\":[{\"b\":17,\"s\":[{\"p\":[0,0,0],\"r\":[0,0,2.668043E-08],\"s\":[3.363346,0.11062,3.201102],\"c\":[0.9019608,0.8509804,0.7215686]}]},{\"s\":[{\"p\":[-4.215554,0.1611594,2.528745],\"r\":[358.5034,43.29356,3.852371],\"s\":[0.1750001,0.1750001,0.175],\"c\":[1,1,1]}]}]}"}],"serveTime":6}