{"thingDefinitions":[{"id":"5d875bf845ff000627e0ee59","def":"{\"v\":9,\"a\":[7],\"p\":[{\"t1\":21,\"s\":[{\"p\":[0,0,0],\"r\":[0,0,0],\"s\":[64.19516,0.1750045,74.65358],\"c\":[0,0.7777778,0.311111],\"t1\":{\"c\":[0.8888889,0.8888889,0.8888889],\"x\":0.17,\"y\":0.17,\"a\":0.8925,\"m\":0.5,\"n\":0.5,\"r\":0,\"g\":0,\"o\":0.5,\"t\":0.5,\"e\":0.5}}]}]}"}],"serveTime":4}