{"thingDefinitions":[{"id":"5d7441d3309ea4392c5a75e0","def":"{\"v\":9,\"p\":[{\"b\":12,\"s\":[{\"p\":[-0.6669768,0.1420053,-0.3263944],\"r\":[39.07687,79.83277,109.0317],\"s\":[0.06000013,0.06000018,0.06000017],\"c\":[1,1,1]}]},{\"b\":12,\"s\":[{\"p\":[-0.451929,0.5050375,0.213213],\"r\":[58.79116,299.7978,298.939],\"s\":[0.4396503,0.4998849,0.4439254],\"c\":[1,1,1]}]},{\"b\":5,\"s\":[{\"p\":[0.04061574,0.7427589,-0.1331001],\"r\":[351.9681,4.823693,253.9337],\"s\":[0.1000004,0.1000004,0.1000001],\"c\":[1,1,1]}]},{\"b\":17,\"s\":[{\"p\":[-0.03951276,-0.4228205,-1.091921],\"r\":[17.82585,237.9998,324.3143],\"s\":[0.06000007,0.06000023,0.06000026],\"c\":[1,1,1]}]}]}"}],"serveTime":4}