{"thingDefinitions":[{"id":"5ca159a46227280ac3f7e66b","def":"{\"n\":\"yuno\",\"v\":9,\"p\":[{\"s\":[{\"p\":[0,0,0],\"r\":[0,0,1.734227E-07],\"s\":[0.7521958,0.161668,0.1749999],\"c\":[0.07407401,0.1079361,0.6666667]}]},{\"s\":[{\"p\":[-0.6523536,0.02158258,-0.06073353],\"r\":[0.6895922,355.6539,353.0843],\"s\":[0.7521958,0.1616681,0.1749999],\"c\":[0.07407401,0.1079361,0.6666667]}]}]}"}],"serveTime":4}