{"thingDefinitions":[{"id":"59cdc4721dddf7b52d051b1b","def":"{\"n\":\"thing\",\"a\":[2,3],\"p\":[{\"t1\":4,\"s\":[{\"p\":[0,0,0],\"r\":[0,0,0],\"s\":[1.658488,0.07692198,0.08895034],\"c\":[0.4444443,0.3047618,0],\"t1\":{\"c\":[0,0,0],\"x\":0.17,\"y\":0.17,\"a\":0.69625,\"m\":0.5,\"n\":0.5,\"r\":0,\"g\":0,\"o\":0.5,\"t\":0.5,\"e\":0.5}}]},{\"t1\":74,\"s\":[{\"p\":[-0.6660267,-0.1835799,0.01560408],\"r\":[0,270,270],\"s\":[0.3943554,0.07128578,0.3157241],\"c\":[1,1,1],\"t1\":{\"c\":[1,0,0],\"x\":0.5,\"y\":0.5,\"a\":0.8925,\"m\":0,\"n\":0,\"r\":0,\"g\":0,\"o\":0.5,\"t\":0.5,\"e\":0.5}}]},{\"t1\":74,\"s\":[{\"p\":[-0.6669296,-0.4468555,0.05271667],\"r\":[0,270,270],\"s\":[0.2650049,0.07130717,0.3127326],\"c\":[1,1,1],\"t1\":{\"c\":[1,0,0],\"x\":0.5,\"y\":0.5,\"a\":0.8925,\"m\":0,\"n\":0,\"r\":0,\"g\":0,\"o\":0.5,\"t\":0.5,\"e\":0.5}}]}]}"},{"id":"59cdc4503cd4d0c813ea7e61","def":"{\"n\":\"thing\",\"a\":[7],\"p\":[{\"s\":[{\"p\":[0,0,0],\"r\":[0,0,0],\"s\":[23.66378,0.3079783,145.3741],\"c\":[0.5587303,0.8888889,0]}]}]}"}],"serveTime":5}