{"thingDefinitions":[{"id":"5c1e63605496586f5aa0ca62","def":"{\"v\":7,\"p\":[{\"b\":9,\"s\":[{\"p\":[0,0,0],\"r\":[0,0,1.707547E-06],\"s\":[0.1250001,0.1250003,0.1250003],\"c\":[1,1,1]}]},{\"b\":9,\"s\":[{\"p\":[-0.2145456,-0.1246533,-0.1457471],\"r\":[15.02433,25.44191,342.9172],\"s\":[0.1250002,0.1250004,0.1250003],\"c\":[1,1,1]}]}]}"}],"serveTime":4}