{"thingDefinitions":[{"id":"5f07ec972fb183063409d1c2","def":"{\"n\":\"ground\",\"v\":9,\"a\":[1,2,4],\"p\":[{\"b\":17,\"s\":[{\"p\":[0,0,0],\"r\":[0,0,0],\"s\":[3.363346,0.06620408,3.072105],\"c\":[0.9019608,0.8509804,0.7215686]}]}]}"},{"id":"5f07f0f080bca60639cf6755","def":"{\"v\":9,\"a\":[2,4],\"tp_m\": 20,\"p\":[{\"b\":173,\"s\":[{\"p\":[0,0,0],\"r\":[0,0,0],\"s\":[0.04500006,0.04500003,0.04500005],\"c\":[1,1,1]}]}]}"}],"serveTime":6}