{"thingDefinitions":[{"id":"5cce2a6b4773413aad2ed597","def":"{\"v\":9,\"p\":[{\"b\":7,\"s\":[{\"p\":[0.07936192,0.3554515,0.2565457],\"r\":[290.3488,9.014531,4.343496],\"s\":[0.1250002,0.1250001,0.1250001],\"c\":[1,1,1]}]},{\"b\":10,\"s\":[{\"p\":[0.1317676,0.03917563,0.1476676],\"r\":[348.0061,358.5896,74.05244],\"s\":[0.1250003,0.1250004,0.1250004],\"c\":[1,1,1]}]},{\"s\":[{\"p\":[0.2378152,-0.09753934,0.101602],\"r\":[348.002,50.50176,358.0673],\"s\":[0.1750003,0.1750002,0.1750004],\"c\":[1,1,1]}]}]}"}],"serveTime":4}