{"thingDefinitions":[{"id":"5bf8fbd48a41dd65026eb2a6","def":"{\"v\":7,\"p\":[{\"b\":5,\"s\":[{\"p\":[-0.02197126,-0.06819516,0.2895414],\"r\":[337.4754,186.594,88.64372],\"s\":[0.01570459,0.01597448,0.09912743],\"c\":[1,0.8380952,0.6666666]}]},{\"b\":5,\"s\":[{\"p\":[-0.0393717,0.002258517,0.1373904],\"r\":[336.2668,186.6332,34.88105],\"s\":[0.01564159,0.01682636,0.5337593],\"c\":[1,1,1]}]},{\"b\":17,\"s\":[{\"p\":[-0.06255168,0.09276148,-0.06205311],\"r\":[336.2563,306.05,44.62519],\"s\":[0.01421061,0.01125301,0.01363318],\"c\":[1,0.4158729,0.111111]}]},{\"b\":23,\"e\":\"MARBORAL\",\"s\":[{\"p\":[-0.05882939,-0.0278517,0.1586318],\"r\":[294.2886,30.74374,68.78838],\"s\":[0.003000002,0.003000002,0.003000002],\"c\":[0.222222,0.222222,0.222222]}]}]}"}],"serveTime":4}