{"thingDefinitions":[{"id":"5ad336682931b8127141781e","def":"{\"v\":3,\"p\":[{\"b\":10,\"s\":[{\"p\":[-0.1654545,0.1191063,0.006740244],\"r\":[336.3124,341.5641,353.0349],\"s\":[0.1250005,0.1250003,0.1250003],\"c\":[0.9714286,1,0],\"b\":[\"when touched then emit [drop from inventory]\",\"when touched then play doorbell\"]},{\"p\":[0,0,0],\"r\":[0,0,8.537737E-07],\"s\":[0.1250002,0.1250001,0.1250001],\"c\":[1,1,1]}]}]}"}],"serveTime":5}