{"thingDefinitions":[{"id":"5cf0ff9ffefc2706367bcd89","def":"{\"v\":9,\"p\":[{\"s\":[{\"p\":[0,0,0],\"r\":[-2.134434E-07,2.981771E-16,-1.600826E-07],\"s\":[0.175,0.175,0.1749999],\"c\":[1,1,1]}]},{\"s\":[{\"p\":[0.1735363,-0.002178956,0.007481195],\"r\":[358.6786,359.9269,357.8181],\"s\":[0.175,0.175,0.175],\"c\":[1,1,1]}]}]}"},{"id":"5cf1020efefc2706367bcd8b","def":"{\"v\":9,\"p\":[{\"s\":[{\"p\":[0,0,0],\"r\":[0,0,0],\"s\":[0.1750003,0.1750001,0.1750002],\"c\":[1,1,1]}]}]}"}],"serveTime":9}