{"thingDefinitions":[{"id":"59cd9fc97bfd3fb72db5073e","def":"{\"n\":\"thing\",\"p\":[{\"b\":12,\"s\":[{\"p\":[0,0,0],\"r\":[0,0,0],\"s\":[0.06000008,0.06000002,0.06000008],\"c\":[1,1,1]}]},{\"b\":12,\"s\":[{\"p\":[-0.3401376,-0.6013468,0.4155973],\"r\":[4.023007,179.2905,171.0902],\"s\":[150,1.154545,150],\"c\":[0,1,0.3999999]}]}]}"}],"serveTime":4}