{"thingDefinitions":[{"id":"5cf5138eea5729062d855604","def":"{\"v\":9,\"p\":[{\"b\":2,\"s\":[{\"p\":[0,0,0],\"r\":[0,0,0],\"s\":[0.1250001,0.1250001,0.125],\"c\":[1,1,1]}]},{\"b\":26,\"s\":[{\"p\":[0.006971934,0.04367072,0.01165341],\"r\":[4.700123,264.9784,276.7082],\"s\":[0.125,0.125,0.125],\"c\":[1,1,1]}]}]}"}],"serveTime":5}