{"thingDefinitions":[{"id":"5d62ead6a2c4a231f98aa9ae","def":"{\"v\":9,\"a\":[7],\"p\":[{\"s\":[{\"p\":[0.04458299,0.5220426,-0.4536796],\"r\":[341.9007,322.7826,227.2569],\"s\":[0.001000642,0.6662704,0.175167],\"c\":[1,1,1]}]},{\"b\":9,\"s\":[{\"p\":[-0.8413737,-0.04174876,-0.1719405],\"r\":[40.17535,36.7635,246.0092],\"s\":[0.2094029,0.2337228,0.196433],\"c\":[1,1,1]}]},{\"s\":[{\"p\":[-0.1115561,0.008333623,-0.480745],\"r\":[18.09932,142.7826,312.7431],\"s\":[0.991225,0.2064772,0.06529006],\"c\":[0.9206349,0.8888889,1]}]}]}"}],"serveTime":5}