{"thingDefinitions":[{"id":"5dc70f85463cde1159d6a3a9","def":"{\"v\":9,\"p\":[{\"b\":79,\"s\":[{\"p\":[0,0,0],\"r\":[0,0,1.067217E-07],\"s\":[0.07500015,0.07500008,0.07500008],\"c\":[1,1,1]}]},{\"b\":144,\"s\":[{\"p\":[-0.2994798,0.1683389,0.2959664],\"r\":[6.040981,310.156,98.74314],\"s\":[0.09000023,0.09000017,0.09000017],\"c\":[1,1,1]}]}]}"},{"id":"5dc70f5239effe115f71b4be","def":"{\"v\":9,\"p\":[{\"b\":189,\"s\":[{\"p\":[0,0,0],\"r\":[0,0,0],\"s\":[0.06000005,0.0600001,0.06000018],\"c\":[1,1,1]}]}]}"}],"serveTime":6}