{"thingDefinitions":[{"id":"5abb74cbaec38813b2ad1fc1","def":"{\"v\":2,\"p\":[{\"b\":17,\"t\":1,\"s\":[{\"p\":[0,0,0],\"r\":[0,0,1.707547E-06],\"s\":[0.3030668,0.3581255,0.353767],\"c\":[0,1,0.9142858]}]},{\"b\":94,\"e\":\"9OJHHHH\",\"s\":[{\"p\":[-0.825045,0.6976002,-0.6370286],\"r\":[37.50857,288.3451,272.4157],\"s\":[0.01289184,0.01289184,0.01289184],\"c\":[1,1,1],\"b\":[\"when touched then emit [drop from inventory]robot\"]}]}]}"}],"serveTime":4}