{"thingDefinitions":[{"id":"5c3c08f4285ab86f59fd6b89","def":"{\"v\":7,\"p\":[{\"b\":9,\"s\":[{\"p\":[0.5339857,0.7000085,0.2370737],\"r\":[330.5632,82.05155,302.3172],\"s\":[0.1250002,0.1250001,0.1250002],\"c\":[1,1,1]}]},{\"b\":9,\"s\":[{\"p\":[-0.2563684,-0.3845676,-0.1101648],\"r\":[58.98498,290.5132,311.8198],\"s\":[0.1250002,0.125,0.1250001],\"c\":[1,1,1]}]},{\"s\":[{\"p\":[0.00654066,-0.0391953,0.1573115],\"r\":[26.33552,56.07292,47.67113],\"s\":[0.1750002,0.1750001,0.1750001],\"c\":[1,1,1]}]}]}"}],"serveTime":5}