{"thingDefinitions":[{"id":"5de2eefc0e2c930623357b76","def":"{\"v\":9,\"a\":[4],\"p\":[{\"s\":[{\"p\":[0,0,0],\"r\":[0,0,0],\"s\":[0.04192808,0.04840063,33.55361],\"c\":[1,1,1]}]}]}"}],"serveTime":4}