{"thingDefinitions":[{"id":"586586150156365c24f9bcf3","def":"{\"n\":\"thing\",\"a\":[2,4,7,14,18,21],\"p\":[{\"b\":12,\"s\":[{\"p\":[-0.1962366,0.08685814,-0.8388926],\"r\":[356.1233,305.8151,0.1098178],\"s\":[0.1641234,0.1641183,0.1641233],\"c\":[1,1,1]}]},{\"b\":12,\"s\":[{\"p\":[0.346052,-0.3586291,0.04809096],\"r\":[359.8904,35.82254,86.12328],\"s\":[0.1642508,0.1641853,0.1642009],\"c\":[1,1,1]}]},{\"b\":12,\"s\":[{\"p\":[0.3923965,0.3237524,0.02524844],\"r\":[359.8904,35.82254,86.12328],\"s\":[0.1641391,0.1641243,0.1641445],\"c\":[1,1,1]}]}]}"},{"id":"586586d27ae2393f14c0b1a5","def":"{\"n\":\"thing\",\"a\":[2],\"p\":[{\"b\":9,\"t\":3,\"s\":[{\"p\":[0,0,0],\"r\":[0,0,0],\"s\":[0.125,0.1250004,0.1250003],\"c\":[1,0.8571429,0]}]}]}"}],"serveTime":4}