{"thingDefinitions":[{"id":"5dfe38d63aee992a4f6ecc8c","def":"{\"n\":\"robot\",\"v\":9,\"p\":[{\"b\":9,\"t\":9,\"s\":[{\"p\":[0,0,0],\"r\":[0,0,0],\"s\":[0.125,0.1250001,0.1250001],\"c\":[0.1851851,0.5555556,0.2698412]}]}]}"}],"serveTime":6}