{"thingDefinitions":[{"id":"5b01988d48c4c86176eaf9bf","def":"{\"v\":4,\"p\":[{\"b\":12,\"s\":[{\"p\":[0.05511201,-0.0442223,-0.3647828],\"r\":[85.33444,168.8507,250.1732],\"s\":[0.06000001,0.06000002,0.06000001],\"c\":[1,1,1]}]},{\"b\":9,\"s\":[{\"p\":[-0.04478505,-0.08203096,-0.3456858],\"r\":[39.41619,354.9345,357.4105],\"s\":[0.1250001,0.1250001,0.1250001],\"c\":[1,1,1]}]},{\"b\":6,\"s\":[{\"p\":[-0.1853537,-0.09520455,-0.36519],\"r\":[49.90555,165.9014,275.6674],\"s\":[0.1250001,0.1250001,0.1250001],\"c\":[1,1,1]}]}]}"}],"serveTime":4}