{"thingDefinitions":[{"id":"5c8e46a8a487f31f94d4d0fe","def":"{\"v\":7,\"p\":[{\"b\":77,\"s\":[{\"p\":[0,0,0],\"r\":[0,0,1.707547E-06],\"s\":[0.07500006,0.07500006,0.07500002],\"c\":[1,1,1]}]}]}"}],"serveTime":4}