{"thingDefinitions":[{"id":"5a5fd0c18c9c9d92136d8279","def":"{\"n\":\"ball\",\"v\":3,\"a\":[2,22,14,31],\"p\":[{\"s\":[{\"p\":[-0.1806594,0.5357689,-1.871891],\"r\":[31.74687,9.607426,2.168801],\"s\":[0.1750006,1.689582,1.610415],\"c\":[1,1,1]}]},{\"t\":2,\"s\":[{\"p\":[-0.02338043,0.004250413,0.07975401],\"r\":[354.2696,3.712395,358.2509],\"s\":[0.1750005,150,148.0259],\"c\":[0.1728394,0.2222221,0.1925925]}]},{\"b\":8,\"s\":[{\"p\":[-1.472981,0.6494712,-0.04813832],\"r\":[332.965,234.1565,322.2095],\"s\":[1.677204,1.467367,1.52126],\"c\":[1,1,1]}]}]}"},{"id":"5a5fc8a66704c17a151e7906","def":"{\"n\":\"thing\",\"v\":2,\"p\":[{\"s\":[{\"p\":[0,0,0],\"r\":[0,0,-3.415094E-06],\"s\":[0.1750001,0.1750001,0.1750001],\"c\":[1,1,1]}]}]}"}],"serveTime":5}