{"thingDefinitions":[{"id":"5dedd24b8dc3d53a3f791c98","def":"{\"v\":9,\"p\":[{\"b\":9,\"s\":[{\"p\":[0,0,0],\"r\":[1.707547E-06,1.707547E-06,2.544444E-14],\"s\":[0.1250001,0.1250001,0.1250001],\"c\":[1,1,1]}]},{\"b\":9,\"s\":[{\"p\":[-0.3172869,0.2085772,-0.694746],\"r\":[346.5433,281.5076,313.7019],\"s\":[0.1250003,0.1250001,0.1250003],\"c\":[1,1,1]}]},{\"b\":9,\"s\":[{\"p\":[-0.4548858,0.4131585,-0.176771],\"r\":[295.5893,277.5258,42.33302],\"s\":[0.1250003,0.1250001,0.1250002],\"c\":[1,1,1]}]}]}"}],"serveTime":4}