{"thingDefinitions":[{"id":"5be782cdfcba870555753892","def":"{\"v\":7,\"p\":[{\"b\":195,\"s\":[{\"p\":[0,0,0],\"r\":[0,0,0],\"s\":[0.06000013,0.06000019,0.06000014],\"c\":[1,1,1]}]}]}"}],"serveTime":4}