{"thingDefinitions":[{"id":"5a3c4622e307831d103c3bf7","def":"{\"n\":\"thing\",\"v\":2,\"a\":[7],\"p\":[{\"b\":3,\"s\":[{\"p\":[0,0,0],\"r\":[0,0,0],\"s\":[7.998514,5.030056,0.06250882],\"c\":[1,1,1]}]}]}"},{"id":"5a3c476e4fa845e862118315","def":"{\"n\":\"thing\",\"v\":2,\"p\":[{\"b\":73,\"s\":[{\"p\":[0,0,0],\"r\":[0,0,1.600825E-06],\"s\":[0.2018468,0.2018471,0.2018468],\"c\":[1,1,1]}]}]}"}],"serveTime":7}