{"thingDefinitions":[{"id":"5c4463cb8e42ae05653e786b","def":"{\"v\":7,\"a\":[2,15],\"p\":[{\"s\":[{\"p\":[0,0,0],\"r\":[1.707547E-06,-1.707547E-06,-5.122642E-06],\"s\":[0.1750015,0.1750016,0.1750005],\"c\":[1,1,1]}]},{\"s\":[{\"p\":[-0.3251335,-0.2248906,-0.2708513],\"r\":[57.87538,14.59333,18.42298],\"s\":[0.3579019,0.1132748,0.175001],\"c\":[1,1,1]}]}]}"}],"serveTime":4}