{"thingDefinitions":[{"id":"59fdcdd4183c6d377f901989","def":"{\"n\":\"thing\",\"v\":2,\"p\":[{\"b\":9,\"s\":[{\"p\":[0,0,0],\"r\":[0,0,-6.403302E-07],\"s\":[0.1250002,0.1250001,0.125],\"c\":[1,1,1]}]},{\"b\":12,\"s\":[{\"p\":[0.5675208,0.100144,0.1078881],\"r\":[14.8986,82.1685,84.99371],\"s\":[0.06000004,0.0600001,0.0600001],\"c\":[1,1,1]}]}]}"}],"serveTime":4}