{"thingDefinitions":[{"id":"59de9e18baf84db6435274d1","def":"{\"n\":\"thing\",\"p\":[{\"b\":9,\"s\":[{\"p\":[0,0,0],\"r\":[0,0,-1.707547E-06],\"s\":[0.1250001,0.1250001,0.125],\"c\":[1,1,1]}]},{\"b\":14,\"s\":[{\"p\":[-0.2607201,-0.02811024,-0.01393977],\"r\":[7.632089,270.6359,54.50917],\"s\":[0.0600001,0.06000015,0.06000017],\"c\":[1,1,1]}]},{\"b\":12,\"s\":[{\"p\":[-0.2785954,0.1266069,0.07558706],\"r\":[59.11229,166.0444,167.8628],\"s\":[0.06000006,0.06000007,0.06000005],\"c\":[1,1,1]}]},{\"b\":12,\"s\":[{\"p\":[-0.2445296,-0.1696121,-0.1123739],\"r\":[51.82067,168.9671,168.5083],\"s\":[0.06000005,0.06000009,0.06000006],\"c\":[1,1,1]}]}]}"}],"serveTime":4}