{"thingDefinitions":[{"id":"5e9bddf0dfa5bd60f55c821f","def":"{\"n\":\"ground\",\"v\":9,\"a\":[1],\"p\":[{\"b\":17,\"s\":[{\"p\":[0,0,0],\"r\":[0,0,1.334021E-08],\"s\":[3.363348,0.11062,2.824276],\"c\":[0.9019608,0.8509804,0.7215686]}]},{\"b\":9,\"s\":[{\"p\":[2.503525,0.9247792,-1.486896],\"r\":[307.7551,191.1132,333.2811],\"s\":[0.1250006,0.1250002,0.1250006],\"c\":[1,1,1]}]},{\"b\":14,\"s\":[{\"p\":[2.587931,1.177475,-1.480351],\"r\":[289.9811,99.24194,73.85162],\"s\":[0.06000011,0.06000001,0.06000007],\"c\":[1,1,1]}]}]}"}],"serveTime":8}