{"thingDefinitions":[{"id":"5bf9035d1171b2645973683d","def":"{\"v\":7,\"p\":[{\"b\":5,\"s\":[{\"p\":[0,0,0],\"r\":[0,0,0],\"s\":[0.1000001,0.1000001,0.1000003],\"c\":[1,1,1]}]}]}"}],"serveTime":21}