{"thingDefinitions":[{"id":"5b54f1f31fbed96e69b13538","def":"{\"v\":5,\"p\":[{\"b\":3,\"s\":[{\"p\":[0,0,0],\"r\":[0,0,0],\"s\":[0.2303728,0.230614,0.1968351],\"c\":[1,1,1]}]}]}"}],"serveTime":4}