{"thingDefinitions":[{"id":"5b3e035750710a25f9880345","def":"{\"v\":5,\"p\":[{\"b\":9,\"s\":[{\"p\":[0.04633185,0.2234795,0.06778146],\"r\":[317.3187,30.42099,346.6779],\"s\":[0.125,0.1250001,0.125],\"c\":[1,1,1]}]},{\"b\":9,\"s\":[{\"p\":[-0.2936586,-0.08699983,-0.07518828],\"r\":[10.64706,307.8158,354.3816],\"s\":[0.125,0.125,0.125],\"c\":[1,1,1]}]}]}"}],"serveTime":4}