{"thingDefinitions":[{"id":"5b86ee131b24506c998c61aa","def":"{\"v\":6,\"p\":[{\"s\":[{\"p\":[0,0,0],\"r\":[0,0,0],\"s\":[1.063026,0.9408123,1.268802],\"c\":[1,1,1]}]}]}"}],"serveTime":5}