{"thingDefinitions":[{"id":"5cb091ed21bdca26726f5708","def":"{\"v\":9,\"p\":[{\"s\":[{\"p\":[0,0,0],\"r\":[0,0,0],\"s\":[0.1750001,0.175,0.1750001],\"c\":[1,1,1]}]},{\"s\":[{\"p\":[-0.03560862,-0.008887734,0.3386891],\"r\":[356.231,354.4696,4.425596],\"s\":[0.1750001,0.175,0.175],\"c\":[1,1,1]}]}]}"},{"id":"5cb0929384753c054c194ac7","def":"{\"v\":9,\"p\":[{\"b\":13,\"s\":[{\"p\":[0,0,0],\"r\":[0,0,0],\"s\":[0.06,0.06000002,0.06],\"c\":[1,1,1]}]}]}"}],"serveTime":5}