{"thingDefinitions":[{"id":"5c39ec285496586f5aa0d121","def":"{\"v\":7,\"p\":[{\"b\":9,\"s\":[{\"p\":[0,0,0],\"r\":[0,0,-8.537735E-07],\"s\":[0.1250002,0.1250001,0.1250002],\"c\":[1,0,0.5142856]}]},{\"b\":9,\"s\":[{\"p\":[-0.1930158,-0.04686017,-0.2716891],\"r\":[83.07457,299.3417,256.7548],\"s\":[0.1250001,0.1250001,0.1250001],\"c\":[1,0,0.5142855]}]}]}"},{"id":"5c39ec8b6e3e726e4f898a82","def":"{\"v\":7,\"p\":[{\"s\":[{\"p\":[0,0,0],\"r\":[0,0,0],\"s\":[0.1750006,0.1750001,0.1750006],\"c\":[1,1,1]}]}]}"}],"serveTime":4}