{"thingDefinitions":[{"id":"5bee0ff7c75fcf650fdfb30a","def":"{\"n\":\"ground\",\"v\":7,\"a\":[1],\"p\":[{\"b\":17,\"s\":[{\"p\":[0,0,0],\"r\":[0,0,0],\"s\":[8.945147,0.11062,6.899542],\"c\":[0.9019608,0.8509804,0.7215686]}]}]}"}],"serveTime":4}