{"thingDefinitions":[{"id":"5bcfa7dd5d9de633b45ff39e","def":"{\"n\":\"tts arm\",\"v\":7,\"p\":[{\"t\":2,\"s\":[{\"p\":[-0.001116571,0.07154655,-0.01937085],\"r\":[356.7372,265.9992,177.2429],\"s\":[0.02819696,0.025301,0.02834705],\"c\":[0.6285716,0,1],\"b\":[\"when starts then set voice female\",\"when touched then show chat keyboard\",\"when told by body dialog keyboard closed left then say [typed]\",\"when told by body dialog keyboard closed right then say [typed]\"]},{\"p\":[0.07186257,0.03312372,0.0604713],\"r\":[2.488135,265.9369,179.4699],\"s\":[0.02819292,0.02529502,0.02834239],\"c\":[1,1,1]}]},{\"s\":[{\"p\":[-0.004983668,0.05634828,-0.01657099],\"r\":[2.752601,355.8422,356.7334],\"s\":[0.07008144,0.04886209,0.2141281],\"c\":[0.6666667,0.6666667,0.6666667]}]},{\"b\":18,\"t\":2,\"e\":\"ATTACH TO ARM\\nFOR TEXT TO SPEECH\",\"s\":[{\"p\":[0.04123256,0.08331092,-0.1075499],\"r\":[356.7372,265.9992,357.243],\"s\":[0.001731089,0.001730897,0.001731091],\"c\":[0.6285716,0,1]}]}]}"}],"serveTime":3}