{"thingDefinitions":[{"id":"5a3c26a8be4ec92f1005ffa5","def":"{\"n\":\"thing\",\"v\":2,\"p\":[{\"s\":[{\"p\":[0,0,0],\"r\":[0,0,0],\"s\":[0.1750001,0.1750002,0.1750002],\"c\":[1,1,1]}]},{\"s\":[{\"p\":[0.04217049,0.07435672,-0.05942057],\"r\":[351.6608,32.23938,346.1747],\"s\":[0.1750002,0.175,0.1750002],\"c\":[1,1,1]}]}]}"}],"serveTime":4}