{"thingDefinitions":[{"id":"5b1ab37b6aa2911e2a2ade6e","def":"{\"v\":5,\"p\":[{\"b\":9,\"s\":[{\"p\":[0,0,0],\"r\":[0,0,8.537735E-07],\"s\":[0.1250003,0.1250003,0.1250001],\"c\":[1,1,1]}]},{\"b\":6,\"s\":[{\"p\":[0.06417349,0.008879907,-0.02420657],\"r\":[71.83727,195.4355,340.9237],\"s\":[0.1250001,0.2466744,0.1250001],\"c\":[1,1,1]}]}]}"}],"serveTime":4}