{"thingDefinitions":[{"id":"5e58cb844689472be9c8e0b5","def":"{\"n\":\"ground\",\"v\":9,\"a\":[1],\"p\":[{\"b\":17,\"c\":[[0.495,1.406,-0.072,657,7,58,4],[-0.012,1.609,0.146,699,3,3,3,3,1,3,3,3,3,3,3,3,5,3,3,3,3],[-0.021,2.204,-0.232,640,4,62,4]],\"s\":[{\"p\":[0,0,0],\"r\":[0,0,4.268868E-07],\"s\":[4.011079,0.5819433,10.4285],\"c\":[0.9019608,0.8509804,0.7215686]},{\"p\":[0,0,0],\"r\":[0,0,4.268868E-07],\"s\":[4.011079,0.5819433,10.4285],\"c\":[0.9019608,0.8509804,0.7215686]},{\"p\":[0.3902632,0.4076038,0.3955551],\"r\":[346.0697,7.305449,0.9825904],\"s\":[4.011085,0.5819433,10.42852],\"c\":[0.9019608,0.8509804,0.7215686]}]}]}"}],"serveTime":4}