{"thingDefinitions":[{"id":"5c6e9bbaa58ef86d9f091353","def":"{\"v\":7,\"p\":[{\"b\":3,\"s\":[{\"p\":[0.4071829,0.9639662,0.7753557],\"r\":[327.2482,97.81481,275.7584],\"s\":[0.1250005,0.1250002,0.1250004],\"c\":[1,1,1]}]},{\"s\":[{\"p\":[-1.313036,-0.5102499,-0.3648768],\"r\":[32.69337,34.40767,263.1682],\"s\":[0.1750004,0.1750003,0.1676889],\"c\":[1,1,1]}]},{\"b\":153,\"s\":[{\"p\":[-1.050961,-0.4090077,0.06688523],\"r\":[355.6516,239.2407,15.58661],\"s\":[0.04000002,0.04000002,0.04000002],\"c\":[1,1,1]}]},{\"b\":150,\"s\":[{\"p\":[-1.072172,-0.4643265,0.3950306],\"r\":[343.9702,342.197,167.6613],\"s\":[0.06000006,0.06000008,0.06000016],\"c\":[1,1,1]}]}]}"}],"serveTime":4}