{"thingDefinitions":[{"id":"5dab34b21105920630f3bed5","def":"{\"n\":\"ground\",\"v\":9,\"a\":[1],\"p\":[{\"b\":17,\"s\":[{\"p\":[0,0,0],\"r\":[0,0,8.004128E-08],\"s\":[3.363357,0.1106203,3.201104],\"c\":[0.9019608,0.8509804,0.7215686]},{\"p\":[0,0,0],\"r\":[0,0,8.004128E-08],\"s\":[3.363357,0.1106203,3.201104],\"c\":[0.9019608,0.8509804,0.7215686]},{\"p\":[0,0,0],\"r\":[0,0,8.004128E-08],\"s\":[3.363357,0.1106203,3.201104],\"c\":[0.9019608,0.8509804,0.7215686]}]},{\"b\":143,\"e\":\"EEGOR LOX\",\"s\":[{\"p\":[2.078277,0.9873627,1.417287],\"r\":[290.3201,287.3662,249.714],\"s\":[0.05000006,0.05000002,0.05000001],\"c\":[1,1,1]}]}]}"}],"serveTime":4}