{"thingDefinitions":[{"id":"5ca69b4b2d51536717c897b5","def":"{\"v\":9,\"p\":[{\"b\":14,\"s\":[{\"p\":[0,0,0],\"r\":[0,0,4.268868E-07],\"s\":[0.06,0.06000002,0.06000001],\"c\":[1,1,1]}]}]}"},{"id":"5ca69bc5d4b669642153ad0b","def":"{\"v\":9,\"p\":[{\"b\":15,\"s\":[{\"p\":[0,0,0],\"r\":[-6.361108E-15,-1.707547E-06,-4.268868E-07],\"s\":[0.125,0.125,0.125],\"c\":[1,1,1]}]}]}"}],"serveTime":7}