{"thingDefinitions":[{"id":"5aee414da5d9ce131eb80fee","def":"{\"v\":4,\"p\":[{\"b\":9,\"s\":[{\"p\":[0.2236106,0.0904471,0.1301508],\"r\":[343.9296,67.71622,354.9199],\"s\":[0.1250001,0.1250002,0.1250003],\"c\":[1,1,1]}]},{\"b\":9,\"s\":[{\"p\":[0.06914102,0.04818964,0.001070231],\"r\":[357.3281,336.2395,6.079026],\"s\":[0.1250001,0.1250002,0.1250002],\"c\":[1,1,1]}]},{\"b\":9,\"s\":[{\"p\":[0.000817243,-0.04293294,0.1951109],\"r\":[1.146253,330.8386,351.2888],\"s\":[0.1250001,0.1250001,0.1250002],\"c\":[1,1,1]}]},{\"b\":175,\"s\":[{\"p\":[0.1518313,0.01800755,0.2649581],\"r\":[66.26324,132.0089,116.2765],\"s\":[0.04500005,0.04500012,0.04500011],\"c\":[1,1,1]}]}]}"}],"serveTime":4}