{"thingDefinitions":[{"id":"5c0bdecc5496586f5aa0c6bc","def":"{\"v\":7,\"p\":[{\"s\":[{\"p\":[0,0,0],\"r\":[0,0,6.403302E-07],\"s\":[0.175,0.1750001,0.1750001],\"c\":[0.148148,0.4444443,0.4444443]}]}]}"}],"serveTime":4}