{"thingDefinitions":[{"id":"5cc72e376b25d205675c99ee","def":"{\"v\":9,\"p\":[{\"b\":2,\"s\":[{\"p\":[0,0,0],\"r\":[0,0,0],\"s\":[0.125,0.1250001,0.1250001],\"c\":[1,1,1]}]}]}"}],"serveTime":5}