{"thingDefinitions":[{"id":"5cb5b594364a29481c936ca3","def":"{\"n\":\"ground\",\"v\":9,\"a\":[1],\"p\":[{\"b\":17,\"s\":[{\"p\":[0,0,0],\"r\":[0,0,0],\"s\":[3.363346,0.11062,3.201102],\"c\":[0.9019608,0.8509804,0.7215686]}]},{\"b\":78,\"s\":[{\"p\":[-1.356151,1.666564,-0.8267622],\"r\":[320.0699,290.6543,0.4144202],\"s\":[0.07500005,0.07500003,0.07500008],\"c\":[1,1,1]}]}]}"}],"serveTime":4}