{"thingDefinitions":[{"id":"5c06ae195e64ee676ef2308f","def":"{\"v\":7,\"p\":[{\"b\":9,\"s\":[{\"p\":[-0.06830378,0.2857566,0.26058],\"r\":[328.1888,38.76439,301.5246],\"s\":[0.1250006,0.1250006,0.1250004],\"c\":[1,1,1]}]},{\"b\":9,\"s\":[{\"p\":[-0.2333584,0.1466986,-0.05359441],\"r\":[358.0149,5.444707,349.9586],\"s\":[0.1250007,0.1250006,0.1250005],\"c\":[1,1,1]}]},{\"b\":9,\"s\":[{\"p\":[0.04108267,-0.3030793,-0.1925276],\"r\":[51.19927,333.7724,47.76917],\"s\":[0.1250011,0.1250005,0.125001],\"c\":[1,1,1]}]}]}"}],"serveTime":4}