{"thingDefinitions":[{"id":"5d09bca0d7e1467e737b7b8b","def":"{\"n\":\"ground\",\"v\":9,\"a\":[1],\"p\":[{\"b\":17,\"s\":[{\"p\":[0,0,0],\"r\":[0,0,0],\"s\":[3.363346,0.11062,3.201102],\"c\":[0.9019608,0.8509804,0.7215686]},{\"p\":[0,0,0],\"r\":[0,0,0],\"s\":[3.363346,0.11062,3.201102],\"c\":[0.9019608,0.8509804,0.7215686]}]},{\"s\":[{\"p\":[-3.571615,0.9775237,-1.839183],\"r\":[7.17438,182.2223,356.5244],\"s\":[0.1750016,0.1750001,0.1750015],\"c\":[1,1,1]}]},{\"s\":[{\"p\":[2.373344,0.3050819,-2.960064],\"r\":[7.923633,151.9336,0.1391076],\"s\":[0.6735345,0.7827662,0.4491668],\"c\":[1,1,1]}]}]}"}],"serveTime":4}