{"thingDefinitions":[{"id":"5a28cb433d8ad19b13fc3196","def":"{\"n\":\"ground\",\"v\":3,\"a\":[1],\"p\":[{\"b\":17,\"s\":[{\"p\":[0,0,0],\"r\":[0,0,0],\"s\":[118.1184,0.11062,150],\"c\":[0.190476,0.6666667,0]}]}]}"}],"serveTime":4}