{"thingDefinitions":[{"id":"5a2f595a80e3f3823d0de933","def":"{\"n\":\"thing\",\"v\":2,\"p\":[{\"b\":54,\"s\":[{\"p\":[0.1505765,0.2295198,0.3103825],\"r\":[329.4536,341.0505,36.63507],\"s\":[0.1250004,0.1250004,0.1250004],\"c\":[1,1,1]}]},{\"b\":54,\"s\":[{\"p\":[-0.3630467,0.1176829,0.0843676],\"r\":[41.17732,136.5006,205.6922],\"s\":[0.1250005,0.1250005,0.1250004],\"c\":[1,1,1]}]},{\"b\":70,\"s\":[{\"p\":[-0.001498139,-0.02648146,-0.01698216],\"r\":[357.0421,172.9423,352.856],\"s\":[0.1250006,0.1250005,0.1250004],\"c\":[1,1,1]}]}]}"}],"serveTime":5}