{"thingDefinitions":[{"id":"5cb948de132d294816c89865","def":"{\"n\":\"ground\",\"v\":9,\"a\":[1],\"p\":[{\"b\":17,\"s\":[{\"p\":[0,0,0],\"r\":[0,0,0],\"s\":[3.363346,0.11062,3.201102],\"c\":[0.9019608,0.8509804,0.7215686]}]}]}"},{"id":"5cb94b30c4161d05576423c4","def":"{\"v\":9,\"p\":[{\"b\":12,\"s\":[{\"p\":[0,0,0],\"r\":[0,0,0],\"s\":[0.06000021,0.06000018,0.06000019],\"c\":[1,1,1]}]},{\"b\":12,\"s\":[{\"p\":[0.1021679,-0.1792682,-0.2411581],\"r\":[348.7402,273.6431,27.86254],\"s\":[0.06000014,0.06000027,0.06000026],\"c\":[1,1,1]}]}]}"}],"serveTime":6}