{"thingDefinitions":[{"id":"5c3151c139f34d317e59608b","def":"{\"v\":7,\"p\":[{\"b\":12,\"s\":[{\"p\":[0,0,0],\"r\":[0,0,1.467423E-07],\"s\":[0.06000004,0.06000003,0.06000007],\"c\":[0.1417988,0.6666667,0.07407401]}]}]}"}],"serveTime":4}