{"thingDefinitions":[{"id":"5b8157902f0ce47ae2901db5","def":"{\"v\":6,\"p\":[{\"s\":[{\"p\":[0,0,0],\"r\":[0,0,0],\"s\":[0.1750002,0.1750002,0.1750001],\"c\":[1,1,1]}]}]}"}],"serveTime":5}