{"thingDefinitions":[{"id":"5bf9d60bbb5f260554bd8b47","def":"{\"v\":7,\"p\":[{\"b\":12,\"s\":[{\"p\":[0,0,0],\"r\":[0,0,2.134434E-07],\"s\":[0.06000004,0.06000001,0.06000001],\"c\":[1,1,1]}]}]}"}],"serveTime":4}