{"thingDefinitions":[{"id":"5c66687ecda55a3cac8a6872","def":"{\"v\":7,\"p\":[{\"b\":73,\"s\":[{\"p\":[0,0,0],\"r\":[0,0,-2.134434E-07],\"s\":[0.2250002,0.2250001,0.2250001],\"c\":[1,1,1]}]},{\"b\":69,\"s\":[{\"p\":[0.01493697,0.1178401,0.08548684],\"r\":[48.92304,327.136,179.6268],\"s\":[0.07500015,0.07500028,0.07500024],\"c\":[1,1,1]}]},{\"b\":73,\"s\":[{\"p\":[0.1171019,0.08818086,-0.08650681],\"r\":[32.10216,32.04012,333.5606],\"s\":[0.2250007,0.2250003,0.2250009],\"c\":[1,1,1]}]}]}"}],"serveTime":3}