{"thingDefinitions":[{"id":"5e27415f5acb892877a40938","def":"{\"n\":\"ground\",\"v\":9,\"a\":[1,21],\"p\":[{\"b\":17,\"s\":[{\"p\":[0,0,0],\"r\":[0,0,0],\"s\":[3.363346,0.11062,3.201102],\"c\":[0.9019608,0.8509804,0.7215686]},{\"p\":[0,0,0],\"r\":[0,0,0],\"s\":[3.363346,0.11062,3.201102],\"c\":[0.9019608,0.8509804,0.7215686]}]},{\"b\":3,\"s\":[{\"p\":[-0.1554323,1.027912,-0.3112533],\"r\":[326.8192,35.37228,5.033297],\"s\":[0.125,0.125,0.125],\"c\":[1,1,1]}]}]}"}],"serveTime":4}