{"thingDefinitions":[{"id":"59f25d52e832fca21318e588","def":"{\"n\":\"thing\",\"v\":2,\"p\":[{\"s\":[{\"p\":[0,0,0],\"r\":[0,0,0],\"s\":[0.1750001,0.1750001,0.1750001],\"c\":[0.1728394,0.6222219,0.7777778]}]}]}"}],"serveTime":5}