{"thingDefinitions":[{"id":"5cfbc6da97fc54647839ec8f","def":"{\"v\":9,\"p\":[{\"b\":3,\"s\":[{\"p\":[0,0,0],\"r\":[0,0,0],\"s\":[0.1250002,0.1250004,0.1250002],\"c\":[1,1,1]}]}]}"},{"id":"5cfbc77f7355cf252ae4bcb1","def":"{\"v\":9,\"p\":[{\"s\":[{\"p\":[0,0,0],\"r\":[0,0,-4.268868E-07],\"s\":[0.1750002,0.1750003,0.1750002],\"c\":[1,1,1]}]}]}"},{"id":"5cfbc7b902e6e3141e558d7a","def":"{\"v\":9,\"p\":[{\"b\":179,\"s\":[{\"p\":[0,0,0],\"r\":[0,0,8.537737E-07],\"s\":[0.2150003,0.2150003,0.215],\"c\":[1,1,1]}]}]}"}],"serveTime":6}