{"thingDefinitions":[{"id":"5bbdfc7f5bf8d0325f56a211","def":"{\"v\":7,\"p\":[{\"b\":5,\"s\":[{\"p\":[0,0,0],\"r\":[-3.415095E-06,-7.633331E-14,2.561321E-06],\"s\":[0.1897937,0.291375,0.2426019],\"c\":[1,1,1]}]}]}"},{"id":"5bbdfcfc9b52af54af4cb0cb","def":"{\"v\":7,\"p\":[{\"b\":12,\"s\":[{\"p\":[0,0,0],\"r\":[0,0,-8.537737E-07],\"s\":[0.06000005,0.06000003,0.06000001],\"c\":[1,1,1]}]}]}"}],"serveTime":6}