{"thingDefinitions":[{"id":"5a9d23e219f5f47561659e31","def":"{\"v\":3,\"p\":[{\"b\":4,\"t\":8,\"a\":[12],\"pr\":43,\"s\":[{\"p\":[0,0,0],\"r\":[0,0,1.707547E-06],\"s\":[0.1250003,0.1250005,0.1250003],\"c\":[1,1,1],\"pr\":{\"c\":[1,0,0],\"m\":1,\"a\":1,\"s\":0.15,\"z\":1,\"g\":0.5,\"h\":1}}]},{\"b\":4,\"t\":8,\"a\":[12],\"pr\":43,\"s\":[{\"p\":[-5.401584,6.859207,4.445923],\"r\":[51.63179,39.87132,279.252],\"s\":[0.1250004,0.1250005,0.1250002],\"c\":[1,1,1],\"pr\":{\"c\":[1,0,0],\"m\":1,\"a\":0.25,\"s\":0.15,\"z\":1,\"g\":0.5,\"h\":1}}]},{\"b\":16,\"t\":12,\"a\":[25],\"s\":[{\"p\":[-3.326494,2.519404,0.815539],\"r\":[353.4149,110.7729,109.9339],\"s\":[3.981819,2.163777,3.428624],\"c\":[0,0,0]}]}]}"}],"serveTime":5}