{"thingDefinitions":[{"id":"5ac82dc5e3037b0ff29d895a","def":"{\"v\":2,\"p\":[{\"b\":10,\"s\":[{\"p\":[0,0,0],\"r\":[0,0,0],\"s\":[0.1250001,0.125,0.1250001],\"c\":[1,1,1]}]},{\"b\":10,\"s\":[{\"p\":[-0.1348313,-0.01202095,-0.1739886],\"r\":[6.788288,335.621,356.6227],\"s\":[0.1250001,0.125,0.1250001],\"c\":[1,1,1]}]},{\"b\":14,\"s\":[{\"p\":[-0.1515276,0.1525217,-0.01370627],\"r\":[303.6654,311.72,8.109299],\"s\":[0.0600001,0.06000002,0.06000003],\"c\":[1,1,1]}]}]}"}],"serveTime":4}