{"thingDefinitions":[{"id":"5c3bbc3c4d67fc6f6092012a","def":"{\"v\":7,\"p\":[{\"b\":10,\"s\":[{\"p\":[0,0,0],\"r\":[0,0,-1.707547E-06],\"s\":[0.1250001,0.125,0.1250001],\"c\":[1,1,1]}]}]}"}],"serveTime":4}