{"thingDefinitions":[{"id":"5b55efbcee23c02b4025a03d","def":"{\"v\":5,\"p\":[{\"b\":46,\"s\":[{\"p\":[0,0,0],\"r\":[0,0,0],\"s\":[0.1250003,0.1250001,0.1250001],\"c\":[1,1,1]}]},{\"b\":46,\"s\":[{\"p\":[0.13513,0.0003831163,-0.126149],\"r\":[354.7754,265.6288,355.8036],\"s\":[0.125,0.125,0.125],\"c\":[1,1,1]}]},{\"b\":46,\"s\":[{\"p\":[0.1231246,-0.006298825,0.1329682],\"r\":[3.030115,89.98489,1.57958],\"s\":[0.125,0.125,0.125],\"c\":[1,1,1]}]},{\"b\":46,\"s\":[{\"p\":[0.2499712,-0.02451375,0.001298487],\"r\":[7.543515,178.6268,354.2106],\"s\":[0.1250001,0.1250001,0.1250001],\"c\":[1,1,1]}]}]}"}],"serveTime":3}