{"thingDefinitions":[{"id":"5b86a5606883985c11bc79ae","def":"{\"v\":6,\"p\":[{\"b\":9,\"s\":[{\"p\":[0,0,0],\"r\":[0,0,0],\"s\":[0.1250001,0.1250003,0.1250002],\"c\":[1,1,1]}]}]}"}],"serveTime":9}