{"thingDefinitions":[{"id":"5c3796a939f34d317e59622f","def":"{\"v\":7,\"p\":[{\"b\":9,\"s\":[{\"p\":[0,0,0],\"r\":[0,0,0],\"s\":[0.09618784,0.001000001,0.1250002],\"c\":[1,1,1]}]}]}"}],"serveTime":4}