{"thingDefinitions":[{"id":"5eaf22d26526621af203e707","def":"{\"v\":9,\"a\":[2],\"p\":[{\"b\":248,\"s\":[{\"p\":[0,0,0],\"r\":[0,0,-4.268868E-07],\"s\":[0.1900001,0.1900002,0.1900001],\"c\":[0,0.05714257,1]}]}]}"}],"serveTime":11}