{"thingDefinitions":[{"id":"5ba42ffc510cb966cb568154","def":"{\"v\":7,\"p\":[{\"b\":9,\"s\":[{\"p\":[0,0,0],\"r\":[0,0,0],\"s\":[0.1250003,0.1250004,0.1250005],\"c\":[1,1,1]}]},{\"b\":17,\"s\":[{\"p\":[-0.459286,0.1610812,-0.2824832],\"r\":[306.7952,216.0266,280.7735],\"s\":[0.06000038,0.06000026,0.0600004],\"c\":[1,1,1]}]},{\"b\":17,\"s\":[{\"p\":[-0.2843444,-0.01125618,-0.2307481],\"r\":[341.3162,309.1844,342.3511],\"s\":[0.06000039,0.06000008,0.06000037],\"c\":[1,1,1]}]}]}"}],"serveTime":4}