{"thingDefinitions":[{"id":"5aad877150314f1b8908bf8d","def":"{\"v\":2,\"p\":[{\"b\":97,\"e\":\"THER\",\"s\":[{\"p\":[0.1351999,0.03631075,0.1156031],\"r\":[10.6745,174.2931,356.422],\"s\":[0.003000003,0.003000002,0.003000006],\"c\":[1,1,1]}]},{\"b\":97,\"e\":\"THER\",\"s\":[{\"p\":[0.1805102,0.02120852,0.1744766],\"r\":[34.41616,183.6818,1.80318],\"s\":[0.00300001,0.003000003,0.003000011],\"c\":[1,1,1]}]}]}"}],"serveTime":5}