{"thingDefinitions":[{"id":"5d31bf232af5577924a3770c","def":"{\"n\":\"groundhirreefghf\",\"v\":9,\"a\":[1],\"p\":[{\"b\":17,\"i\":[{\"t\":\"000000000000000000000001\",\"p\":[0,0,0],\"r\":[0,0,0]}],\"s\":[{\"p\":[0.5009797,1.815872,-1.629098],\"r\":[336.4751,18.17577,5.585674],\"s\":[2.861934,0.1472207,3.014213],\"c\":[0.9019608,0.8509804,0.7215686]}]},{\"s\":[{\"p\":[-4.789989,-0.4508576,-2.436789],\"r\":[16.28354,50.65774,147.4978],\"s\":[0.1750008,0.001,0.1750007],\"c\":[1,1,1]}]},{\"b\":2,\"s\":[{\"p\":[-4.884747,-0.6208041,-2.41059],\"r\":[33.81733,275.617,43.05122],\"s\":[0.1250002,0.1250002,0.1250001],\"c\":[1,1,1]}]},{\"b\":17,\"i\":[{\"t\":\"000000000000000000000001\",\"p\":[0,0,0],\"r\":[0,0,0]}],\"s\":[{\"p\":[-0.2082825,-1.097224,0.2735003],\"r\":[18.62572,354.7769,353.7808],\"s\":[3.055508,0.2724149,3.342033],\"c\":[0.9019608,0.8509804,0.7215686]}]}]}"}],"serveTime":5}