{"thingDefinitions":[{"id":"5dbbb58c74156b062ba2f137","def":"{\"v\":9,\"p\":[{\"s\":[{\"p\":[0.4781249,0.1521253,-0.0005607307],\"r\":[11.11176,354.8816,43.64227],\"s\":[0.1750002,0.1750002,0.1750002],\"c\":[1,1,1]}]},{\"s\":[{\"p\":[-0.4193658,0.0777138,0.04698962],\"r\":[350.3945,1.558448,342.1106],\"s\":[0.1750003,0.1750006,0.1750005],\"c\":[1,1,1]}]}]}"}],"serveTime":8}