{"thingDefinitions":[{"id":"5b35288364bae7109d6980df","def":"{\"n\":\"ground\",\"v\":5,\"a\":[1],\"p\":[{\"b\":17,\"s\":[{\"p\":[0,0,0],\"r\":[0,0,0],\"s\":[3.363346,0.11062,3.201102],\"c\":[0.9019608,0.8509804,0.7215686]}]},{\"b\":9,\"s\":[{\"p\":[-0.8306704,1.864705,0.0862003],\"r\":[25.26114,285.9707,148.4192],\"s\":[0.1250005,0.1250005,0.1250001],\"c\":[1,1,1]}]}]}"}],"serveTime":3}