{"thingDefinitions":[{"id":"5818b96bd233b1f14a1f6102","def":"{\"n\":\"thing\",\"a\":[7,18],\"p\":[{\"b\":3,\"s\":[{\"p\":[0,0,0],\"r\":[0,0,7.656432E-20],\"s\":[50.00294,0.1250059,50.00163],\"c\":[1,1,1]}]}]}"}],"serveTime":3}