{"thingDefinitions":[{"id":"5d06946b1927490626b50e97","def":"{\"v\":9,\"p\":[{\"b\":167,\"s\":[{\"p\":[0,0,0],\"r\":[0,0,0],\"s\":[0.04500002,0.045,0.04500002],\"c\":[1,1,1]}]},{\"b\":167,\"s\":[{\"p\":[0.3473748,-0.3601977,-0.0994515],\"r\":[24.07017,18.86187,350.814],\"s\":[0.04500003,0.04500001,0.04500001],\"c\":[1,1,1]}]}]}"}],"serveTime":4}