{"thingDefinitions":[{"id":"5ad9e474ad5437713ba807bc","def":"{\"v\":4,\"p\":[{\"b\":9,\"s\":[{\"p\":[0,0,0],\"r\":[0,0,8.537737E-07],\"s\":[0.125,0.125,0.1250001],\"c\":[1,1,1]}]},{\"b\":9,\"s\":[{\"p\":[0.04162304,-0.002297141,-0.07963852],\"r\":[22.47868,6.415742,350.8927],\"s\":[0.125,0.1250001,0.125],\"c\":[1,1,1]}]},{\"b\":14,\"s\":[{\"p\":[0.03771215,-0.02133598,-0.08462994],\"r\":[325.1705,327.7348,6.647449],\"s\":[0.05999999,0.0600001,0.06000008],\"c\":[1,1,1]}]}]}"}],"serveTime":4}