{"thingDefinitions":[{"id":"5c1e8194ad6b9c6e49e2c367","def":"{\"v\":7,\"a\":[7,21],\"p\":[{\"b\":35,\"s\":[{\"p\":[0,0,0],\"r\":[0,0,0],\"s\":[1.993067,0.6098845,1.992973],\"c\":[1,1,1]}]},{\"b\":35,\"s\":[{\"p\":[-0.2966852,0.8975542,0.3404883],\"r\":[-1.001791E-05,-2.189484E-13,180],\"s\":[1.993423,0.6101506,1.993437],\"c\":[1,1,1]}]}]}"}],"serveTime":4}