{"thingDefinitions":[{"id":"5ccaa631fb0ce7267153a9d4","def":"{\"v\":9,\"p\":[{\"b\":10,\"s\":[{\"p\":[-0.1862811,0.01571959,-0.1965322],\"r\":[359.7617,312.4564,330.7501],\"s\":[0.1250001,0.1250002,0.1250002],\"c\":[1,1,1]}]},{\"b\":10,\"s\":[{\"p\":[0.0007176511,0.0736127,-0.2368342],\"r\":[16.63796,337.4082,348.4291],\"s\":[0.125,0.1250002,0.1250003],\"c\":[1,1,1]}]},{\"b\":5,\"s\":[{\"p\":[-0.05513529,0.02035442,0.01160881],\"r\":[2.020041,8.021929,355.4719],\"s\":[0.0575818,0.04916826,0.4756114],\"c\":[1,1,1]}]},{\"b\":10,\"s\":[{\"p\":[-0.01509972,-0.007781759,0.225678],\"r\":[18.12023,9.32947,315.0476],\"s\":[0.121639,0.1160505,0.09702384],\"c\":[1,1,1]}]}]}"}],"serveTime":4}