{"thingDefinitions":[{"id":"5af4bc895c66fb432c97fb58","def":"{\"n\":\"ground\",\"v\":4,\"a\":[1],\"p\":[{\"b\":17,\"s\":[{\"p\":[0,0,0],\"r\":[0,0,0],\"s\":[61.80698,0.11062,250.6819],\"c\":[0.9019608,0.8509804,0.7215686]}]}]}"}],"serveTime":5}