{"thingDefinitions":[{"id":"59fcb473c94a71f61313f0c7","def":"{\"n\":\"thing\",\"v\":2,\"a\":[4,7,18],\"p\":[{\"s\":[{\"p\":[-1.430512E-06,-2.02,0.1547037],\"r\":[0,1.001791E-05,0],\"s\":[2.686974,0.7890513,1.237168],\"c\":[1,1,1]}]}]}"}],"serveTime":4}