{"thingDefinitions":[{"id":"58052642bf131dda0fc34c09","def":"{\"n\":\"thing\",\"p\":[{\"b\":12,\"s\":[{\"p\":[0,0,0],\"r\":[0,0,-2.668043E-08],\"s\":[50.00001,0.06000003,50.00001],\"c\":[1,1,1]}]}]}"}],"serveTime":5}