{"thingDefinitions":[{"id":"5dac88ac1e18a2121ab87359","def":"{\"n\":\"ground\",\"v\":9,\"a\":[1],\"p\":[{\"b\":17,\"s\":[{\"p\":[0,0,0],\"r\":[0,0,5.533452E-09],\"s\":[2251.415,0.2596917,99.39567],\"c\":[0.9019608,0.8509804,0.7215686]},{\"p\":[0,0,0],\"r\":[0,0,5.533452E-09],\"s\":[2251.415,0.2596917,109.7868],\"c\":[0.9019608,0.8509804,0.7215686]},{\"p\":[0,0,0],\"r\":[0,0,5.533452E-09],\"s\":[2251.415,0.2596917,109.7868],\"c\":[0.9019608,0.8509804,0.7215686]},{\"p\":[0,0,0],\"r\":[0,0,5.533452E-09],\"s\":[2251.415,0.2596917,109.7868],\"c\":[0.9019608,0.8509804,0.7215686]}]}]}"}],"serveTime":4}