{"thingDefinitions":[{"id":"59ec199378d31bb013e9863b","def":"{\"n\":\"thing\",\"v\":2,\"p\":[{\"b\":14,\"s\":[{\"p\":[0,0,0],\"r\":[0,0,0],\"s\":[0.06000008,0.06000008,0.06000002],\"c\":[1,1,1]}]},{\"b\":9,\"s\":[{\"p\":[-0.04266934,-0.08967742,0.2408618],\"r\":[31.77079,307.7536,39.82276],\"s\":[0.1250001,0.1250001,0.1250001],\"c\":[1,1,1]}]},{\"b\":9,\"s\":[{\"p\":[0.03114881,0.1098724,0.2117129],\"r\":[355.5377,5.049922,357.1416],\"s\":[0.1250001,0.1250001,0.1250001],\"c\":[1,1,1]}]}]}"}],"serveTime":5}