{"thingDefinitions":[{"id":"5ac2e5f20c11b533961b4b11","def":"{\"v\":2,\"p\":[{\"s\":[{\"p\":[0,0,0],\"r\":[0,0,0],\"s\":[0.1750004,0.1750006,0.1750006],\"c\":[1,1,1]}]},{\"b\":150,\"s\":[{\"p\":[-0.03851913,0.00994084,-0.1084539],\"r\":[88.47595,169.3502,162.5612],\"s\":[0.0600001,0.06000023,0.06000017],\"c\":[1,1,1]}]},{\"b\":76,\"s\":[{\"p\":[0.4212682,0.6996059,0.1932903],\"r\":[17.17447,358.7727,170.4456],\"s\":[0.07500019,0.07500024,0.07500035],\"c\":[1,1,1]}]},{\"b\":71,\"s\":[{\"p\":[0.3952524,0.5788065,0.1777942],\"r\":[10.73496,358.1777,166.0178],\"s\":[0.1250005,0.1250003,0.1250007],\"c\":[1,1,1]}]}]}"}],"serveTime":4}