{"thingDefinitions":[{"id":"5ef7e694e8e3d5063b2fcdc8","def":"{\"n\":\"ground\",\"v\":9,\"a\":[1],\"p\":[{\"b\":17,\"s\":[{\"p\":[0,0,0],\"r\":[0,0,0],\"s\":[3.363346,0.11062,3.201102],\"c\":[0.9019608,0.8509804,0.7215686]}]}]}"},{"id":"5ef7e647374deb5a0f0b153e","def":"{\"v\":9,\"p\":[{\"b\":3,\"s\":[{\"p\":[-0.2207339,0.2036483,0.04522501],\"r\":[325.7487,318.6061,354.58],\"s\":[0.1250001,0.1250001,0.1250001],\"c\":[1,1,1]}]},{\"b\":3,\"s\":[{\"p\":[-0.2084348,0.2243581,0.03638665],\"r\":[358.8072,19.1816,1.872245],\"s\":[0.1250013,0.1250022,0.1250019],\"c\":[1,1,1]}]}]}"},{"id":"5ef7e6715242ec4ac36afd28","def":"{\"v\":9,\"p\":[{\"b\":14,\"s\":[{\"p\":[0,0,0],\"r\":[0,0,8.537735E-07],\"s\":[0.06000002,0.06000006,0.06000006],\"c\":[1,1,1]}]}]}"}],"serveTime":9}