{"thingDefinitions":[{"id":"5bff791f75b22a64fb6e0332","def":"{\"v\":7,\"p\":[{\"b\":79,\"s\":[{\"p\":[0.189335,-0.08721106,-0.1073451],\"r\":[12.04041,359.1456,63.92847],\"s\":[0.1051484,0.08982202,0.07500142],\"c\":[1,1,1]},{\"p\":[0,0,0],\"r\":[0,0,0],\"s\":[0.1051481,0.08982201,0.07500121],\"c\":[1,1,1]}]},{\"b\":79,\"s\":[{\"p\":[0.04581873,-0.02833665,-0.07899576],\"r\":[1.328386,9.443197,251.4619],\"s\":[0.01029114,0.001964621,0.07500118],\"c\":[1,1,1]}]}]}"},{"id":"5bff79328a41dd65026eb440","def":"{\"v\":7,\"a\":[2,50],\"tp_m\": 3,\"p\":[{\"s\":[{\"p\":[0,0,0],\"r\":[0,0,-1.707547E-06],\"s\":[0.1750001,0.1750003,0.1750001],\"c\":[1,1,1]}]}]}"}],"serveTime":5}