{"thingDefinitions":[{"id":"5bce632295fabe33bfd0b937","def":"{\"v\":7,\"p\":[{\"s\":[{\"p\":[0,0,0],\"r\":[0,0,0],\"s\":[0.1750018,0.1750014,0.1750007],\"c\":[1,1,1]}]}]}"}],"serveTime":4}