{"thingDefinitions":[{"id":"5cf5b0968c9f1e06240bedfd","def":"{\"v\":9,\"p\":[{\"s\":[{\"p\":[0,0,0],\"r\":[0,0,0],\"s\":[0.175,0.175,0.175],\"c\":[1,1,1]}]},{\"s\":[{\"p\":[0.005904078,0.003671164,0.02308998],\"r\":[359.4388,0.3986346,359.7815],\"s\":[0.175,0.175,0.1750001],\"c\":[1,1,1]}]}]}"}],"serveTime":5}