{"thingDefinitions":[{"id":"5aeb8bc71073700f90c2fae5","def":"{\"v\":4,\"p\":[{\"b\":67,\"s\":[{\"p\":[0.09969117,0.1179769,0.1018844],\"r\":[355.28,183.6578,89.60166],\"s\":[0.1250005,0.1250004,0.1250007],\"c\":[1,1,1]}]},{\"b\":67,\"s\":[{\"p\":[-0.05190087,0.2817205,0.08204506],\"r\":[350.2924,104.301,88.05329],\"s\":[0.1250008,0.1250007,0.125001],\"c\":[1,1,1]}]},{\"b\":67,\"s\":[{\"p\":[0.07795782,0.2814351,-0.07141125],\"r\":[66.36282,9.75107,322.6562],\"s\":[0.1250007,0.1250005,0.1250008],\"c\":[1,1,1]}]},{\"b\":12,\"s\":[{\"p\":[-0.0006970422,0.1093961,-0.01158842],\"r\":[318.3144,301.9589,96.355],\"s\":[0.06000016,0.06000007,0.06000014],\"c\":[1,1,1]}]}]}"}],"serveTime":5}