{"thingDefinitions":[{"id":"5c55b2cfe5654a1d93452c9a","def":"{\"v\":7,\"p\":[{\"b\":10,\"s\":[{\"p\":[0,0,0],\"r\":[0,0,0],\"s\":[0.1250001,0.1249999,0.1250001],\"c\":[1,1,1]}]}]}"}],"serveTime":5}