{"thingDefinitions":[{"id":"5a14eb0033bf493d1020e75a","def":"{\"n\":\"thing\",\"v\":2,\"p\":[{\"b\":14,\"s\":[{\"p\":[0.5482383,0.5791047,0.04320502],\"r\":[356.7887,349.7425,59.25646],\"s\":[0.218583,0.06000015,0.06797291],\"c\":[1,1,1]}]}]}"}],"serveTime":8}