{"thingDefinitions":[{"id":"5c3f934127012425550d2ef4","def":"{\"v\":7,\"p\":[{\"s\":[{\"p\":[0,0,0],\"r\":[0,0,0],\"s\":[0.175,0.1750001,0.1750002],\"c\":[1,1,1]}]}]}"}],"serveTime":4}