{"thingDefinitions":[{"id":"5a4094e9b738290966255d7a","def":"{\"n\":\"thing\",\"v\":2,\"p\":[{\"b\":3,\"s\":[{\"p\":[-0.2450585,0.3254652,-0.009070192],\"r\":[354.5176,273.5677,81.13969],\"s\":[0.125,0.125,0.125],\"c\":[1,1,1]}]},{\"b\":9,\"s\":[{\"p\":[0.06442342,-0.198402,-0.0497627],\"r\":[5.509483,8.955669,359.9218],\"s\":[0.1250004,0.1250004,0.1250001],\"c\":[1,1,1]}]}]}"}],"serveTime":3}