{"thingDefinitions":[{"id":"5a654eecee6c2d821348e420","def":"{\"n\":\"thing\",\"v\":2,\"p\":[{\"b\":6,\"s\":[{\"p\":[0,0,0],\"r\":[0,0,-8.537735E-07],\"s\":[0.1250003,0.1250002,0.1250001],\"c\":[1,1,1]}]}]}"}],"serveTime":5}