{"thingDefinitions":[{"id":"5c208cd783f66e6e553400c7","def":"{\"v\":7,\"p\":[{\"b\":9,\"s\":[{\"p\":[0,0,0],\"r\":[0,0,0],\"s\":[0.1250002,0.1250002,0.1250002],\"c\":[1,1,1]}]},{\"b\":193,\"s\":[{\"p\":[0.1532633,0.2405127,-0.1763471],\"r\":[66.84156,292.142,298.4333],\"s\":[0.05999999,0.06000002,0.06000002],\"c\":[1,1,1]}]}]}"}],"serveTime":5}