{"thingDefinitions":[{"id":"5e206b49f349cf24dd87b037","def":"{\"v\":9,\"p\":[{\"b\":14,\"s\":[{\"p\":[0,0,0],\"r\":[0,0,4.268868E-07],\"s\":[0.06000006,0.06000006,0.06000005],\"c\":[1,1,1]}]},{\"b\":14,\"s\":[{\"p\":[-0.07948716,0.2724944,-0.3494118],\"r\":[299.8238,47.65262,10.95017],\"s\":[0.06000004,0.06000002,0.06000005],\"c\":[1,1,1]}]}]}"}],"serveTime":4}