{"thingDefinitions":[{"id":"5a401d249988a22d144777d1","def":"{\"n\":\"back\",\"v\":2,\"a\":[7,36,37],\"p\":[{\"t\":8,\"a\":[12,14,17,24],\"s\":[{\"p\":[0,0,0],\"r\":[0,0,0],\"s\":[0.1750556,0.1750261,0.00500132],\"c\":[0.1142856,0,1]}]}]}"},{"id":"5e1ce22a0d37d23816f731f4","def":"{\"v\":9,\"p\":[{\"b\":198,\"s\":[{\"p\":[0,0,0],\"r\":[0,0,4.268868E-07],\"s\":[0.009935245,0.006202381,0.006941352],\"c\":[0,0,0]}]}]}"}],"serveTime":4}