{"thingDefinitions":[{"id":"5c6180b811d3e7055792cfb8","def":"{\"v\":7,\"p\":[{\"b\":10,\"s\":[{\"p\":[0,0,0],\"r\":[0,0,0],\"s\":[0.1250003,0.1250002,0.1250003],\"c\":[1,1,1]}]},{\"b\":11,\"s\":[{\"p\":[0.0447349,0.120376,0.06377091],\"r\":[42.42181,4.010043,337.3105],\"s\":[0.1000003,0.1000002,0.1000004],\"c\":[1,1,1]}]}]}"}],"serveTime":3}