{"thingDefinitions":[{"id":"5b129c0798d29d3bb03fe152","def":"{\"v\":4,\"p\":[{\"b\":3,\"s\":[{\"p\":[0,0,0],\"r\":[0,0,0],\"s\":[0.1250001,0.1250001,0.1250002],\"c\":[1,1,1]}]}]}"}],"serveTime":4}