{"thingDefinitions":[{"id":"5c59e05d5064be0556e4435f","def":"{\"v\":7,\"a\":[7],\"p\":[{\"s\":[{\"p\":[0,0,0],\"r\":[0,0,-3.828216E-20],\"s\":[629.7161,0.1947076,2500],\"c\":[1,1,1]}]}]}"}],"serveTime":4}