{"thingDefinitions":[{"id":"5f442f4dcea4730635d07047","def":"{\"v\":9,\"p\":[{\"b\":3,\"s\":[{\"p\":[0,0,0],\"r\":[0,0,0],\"s\":[0.125,0.1250001,0.125],\"c\":[1,1,1]}]}]}"},{"id":"5e30a7e9363ca93807cc7edb","def":"{\"v\":9,\"p\":[{\"b\":3,\"s\":[{\"p\":[0,0,0],\"r\":[8.537738E-07,0,0],\"s\":[0.3121454,0.3164386,0.2994214],\"c\":[0.3333332,0.3333332,0.3333332]}]},{\"b\":55,\"s\":[{\"p\":[0.1763384,0.1100722,-0.1603797],\"r\":[344.21,47.15622,301.6839],\"s\":[0.1250001,0.1250003,0.1250003],\"c\":[0.3333332,0.3333332,0.3333332]}]},{\"b\":3,\"s\":[{\"p\":[0.1649661,0.0987332,-0.1473867],\"r\":[346.9146,10.85663,357.8426],\"s\":[0.1250006,0.1250001,0.1250003],\"c\":[0.111111,1,0.6190476]}]}]}"}],"serveTime":6}