{"thingDefinitions":[{"id":"5c6f64c046e30d6d98c6d8e0","def":"{\"v\":7,\"p\":[{\"b\":9,\"t\":9,\"s\":[{\"p\":[0,0,0],\"r\":[0,0,0],\"s\":[0.1250001,0.1250001,0.1250001],\"c\":[0.2857141,0,1]}]},{\"b\":9,\"s\":[{\"p\":[0.09004168,-0.0982191,-0.1373705],\"r\":[8.691016,314.3125,28.20744],\"s\":[0.1250001,0.125,0.1250002],\"c\":[0.2857141,0,1]}]},{\"b\":14,\"s\":[{\"p\":[-0.1763886,-0.08552244,-0.1850518],\"r\":[7.901569,244.5242,23.20116],\"s\":[0.06000004,0.06000006,0.06000007],\"c\":[0.2857141,0,1]}]},{\"b\":14,\"s\":[{\"p\":[-0.4628109,-0.1179888,-0.3345929],\"r\":[6.165732,241.9522,27.46458],\"s\":[0.06000002,0.06000004,0.06000005],\"c\":[0.2857141,0,1]}]}]}"}],"serveTime":5}