{"thingDefinitions":[{"id":"5f614fb356bc43055beeca25","def":"{\"v\":9,\"p\":[{\"s\":[{\"p\":[0,0,0],\"r\":[0,0,0],\"s\":[0.536903,0.001000002,0.3792408],\"c\":[0.9968254,1,0.8888889]}]}]}"}],"serveTime":4}