{"thingDefinitions":[{"id":"5abb2f1440c079138f8d7f05","def":"{\"v\":2,\"p\":[{\"s\":[{\"p\":[0,0,0],\"r\":[0,0,0],\"s\":[0.1749999,0.1749999,0.1749999],\"c\":[1,1,1]}]},{\"s\":[{\"p\":[-0.08303187,0.1091591,0.4569303],\"r\":[322.6151,207.5731,123.3397],\"s\":[0.1750004,0.1750004,0.1750004],\"c\":[1,1,1]}]},{\"s\":[{\"p\":[-0.2015446,0.3672135,-0.01311868],\"r\":[41.86895,37.33949,30.74649],\"s\":[0.1750005,0.1750003,0.1750005],\"c\":[1,1,1]}]}]}"}],"serveTime":5}