{"thingDefinitions":[{"id":"5d2c7b124e3a46062ab9b355","def":"{\"v\":9,\"p\":[{\"b\":14,\"s\":[{\"p\":[0,0,0],\"r\":[0,0,0],\"s\":[0.07011634,0.05930698,0.2093443],\"c\":[0.4444444,0,0.5555556]}]}]}"}],"serveTime":4}