{"thingDefinitions":[{"id":"5a9203b14b3e749a5c16e3b4","def":"{\"v\":2,\"p\":[{\"b\":9,\"s\":[{\"p\":[0,0,0],\"r\":[0,0,-2.134434E-07],\"s\":[0.125,0.125,0.125],\"c\":[0,1,0.7428571]}]},{\"b\":9,\"s\":[{\"p\":[0.2038798,0.1549302,0.1144846],\"r\":[359.7884,26.91484,356.0295],\"s\":[0.125,0.125,0.125],\"c\":[1,1,1]}]},{\"b\":9,\"s\":[{\"p\":[-0.3413488,0.0151383,-0.03609018],\"r\":[26.99566,319.6087,358.763],\"s\":[0.125,0.1250001,0.125],\"c\":[1,1,1]}]}]}"}],"serveTime":4}