{"thingDefinitions":[{"id":"5a0787f7d53794b713ebc691","def":"{\"n\":\"thing\",\"v\":2,\"a\":[7,18],\"p\":[{\"s\":[{\"p\":[0,0,0],\"r\":[0,0,0],\"s\":[1.416671,1.192836,0.01095396],\"c\":[0.7777778,0.3234566,0.08641968]}]}]}"}],"serveTime":5}