{"thingDefinitions":[{"id":"5b8ca4c2eda13b334f566049","def":"{\"v\":6,\"p\":[{\"s\":[{\"p\":[0.01366205,-0.04026053,0.01037885],\"r\":[353.5437,1.156781,1.767896],\"s\":[0.1750002,0.175,0.1750002],\"c\":[1,1,1]}]},{\"s\":[{\"p\":[0.1984409,-0.05549465,0.0001562834],\"r\":[83.70774,14.14743,277.5883],\"s\":[0.1750002,0.1750002,0.1750003],\"c\":[1,1,1]}]}]}"}],"serveTime":4}