{"thingDefinitions":[{"id":"5ee7c3be45702c063ab3dd43","def":"{\"n\":\"ground\",\"v\":9,\"a\":[1],\"p\":[{\"b\":17,\"s\":[{\"p\":[0,0,0],\"r\":[0,0,0],\"s\":[3.363346,0.11062,3.201102],\"c\":[0.9019608,0.8509804,0.7215686]}]},{\"s\":[{\"p\":[-0.06569409,1.305275,0.2117034],\"r\":[356.1371,197.7906,358.2013],\"s\":[0.1750008,0.1750004,0.175001],\"c\":[1,1,1]}]}]}"},{"id":"5ee7c40a98099f334bde21c8","def":"{\"v\":9,\"p\":[{\"s\":[{\"p\":[0,0,0],\"r\":[0,0,0],\"s\":[0.1750008,1.587585,1.217962],\"c\":[1,1,1]}]}]}"}],"serveTime":6}