{"thingDefinitions":[{"id":"5c84609baba08f0526a8babf","def":"{\"v\":7,\"p\":[{\"b\":201,\"s\":[{\"p\":[0.3820339,-0.07112616,0.1335476],\"r\":[78.70603,160.8657,236.5991],\"s\":[0.06000002,0.06000002,0.06000003],\"c\":[1,1,1]}]},{\"t\":3,\"pr\":5,\"t1\":4,\"t2\":77,\"s\":[{\"p\":[-0.05546283,-0.06728513,0.0322319],\"r\":[22.93268,342.7287,342.3353],\"s\":[0.1750004,0.175001,0.1750008],\"c\":[0,1,0.7428571],\"t1\":{\"c\":[0.08888888,0,0.7777778],\"x\":0.17,\"y\":0.17,\"a\":0.69625,\"m\":0.5,\"n\":0.5,\"r\":0,\"g\":0,\"o\":0.5,\"t\":0.5,\"e\":0.5},\"t2\":{\"c\":[0,0,0],\"x\":0.5,\"y\":0.5,\"a\":0.8925,\"m\":0,\"n\":0,\"r\":0,\"g\":0,\"o\":0.5,\"t\":0.5,\"e\":0.5},\"pr\":{\"c\":[1,1,1],\"m\":0.25,\"a\":0.25,\"s\":0.15,\"z\":0.25,\"g\":0.5,\"h\":0.25}}]},{\"b\":195,\"s\":[{\"p\":[-0.7214026,0.07923096,-0.03389555],\"r\":[20.73229,201.2138,42.0135],\"s\":[0.06000012,0.06000013,0.06000006],\"c\":[1,1,1]}]}]}"}],"serveTime":4}