{"thingDefinitions":[{"id":"5c06b44b5e64ee676ef23092","def":"{\"v\":7,\"p\":[{\"s\":[{\"p\":[0,0,0],\"r\":[0,0,0],\"s\":[0.1750001,0.1750002,0.175],\"c\":[1,1,1]}]},{\"s\":[{\"p\":[-0.2800306,0.03812163,0.009343013],\"r\":[0.7177202,2.748529,280.0759],\"s\":[0.1750002,0.1750005,0.1750003],\"c\":[1,1,1]}]}]}"}],"serveTime":6}