{"thingDefinitions":[{"id":"5830b3acc27065dc13487cbe","def":"{\"n\":\"thing\",\"p\":[{\"b\":9,\"s\":[{\"p\":[12.88891,0.3741069,12.72241],\"r\":[357.9675,137.6867,359.6681],\"s\":[50,0.304048,6.079788],\"c\":[0.2857141,0,1]}]},{\"b\":17,\"s\":[{\"p\":[-15.74369,2.449627,4.848539],\"r\":[356.1453,313.3987,1.835604],\"s\":[49.99998,0.2358385,49.755],\"c\":[0,1,0.2285714]}]},{\"b\":17,\"s\":[{\"p\":[-15.20401,0.8980184,4.763645],\"r\":[3.082503,315.2963,3.819941],\"s\":[50.00001,0.2358384,49.75503],\"c\":[0,1,0.2285714]}]},{\"b\":17,\"s\":[{\"p\":[-23.09352,0.05406971,2.649338],\"r\":[2.372161,292.3566,358.1472],\"s\":[50,0.2358386,49.75501],\"c\":[0,1,0.2285714]}]}]}"}],"serveTime":4}