{"thingDefinitions":[{"id":"5d322c4874304635373f2b3a","def":"{\"v\":9,\"p\":[{\"b\":14,\"s\":[{\"p\":[0,0,0],\"r\":[0,0,0],\"s\":[0.1148904,0.1307648,0.5210464],\"c\":[1,1,1]}]},{\"b\":14,\"s\":[{\"p\":[1.444778,-0.005622149,0.08095622],\"r\":[1.70484,357.9615,7.47368],\"s\":[0.1401291,0.1156981,0.542187],\"c\":[1,1,1]}]}]}"}],"serveTime":4}