{"thingDefinitions":[{"id":"5a14e69cb909641e109a9a18","def":"{\"n\":\"ground\",\"v\":2,\"p\":[{\"s\":[{\"p\":[0,0,0],\"r\":[0,0,0],\"s\":[13.54988,21.92223,0.1841954],\"c\":[0,1,0.3999999]}]}]}"}],"serveTime":4}