{"thingDefinitions":[{"id":"5c56c4fa2ca4090558077121","def":"{\"v\":7,\"p\":[{\"b\":17,\"s\":[{\"p\":[0,0,0],\"r\":[0,0,0],\"s\":[0.7356264,0.6170444,0.01477262],\"c\":[1,1,1]}]}]}"},{"id":"5c56c57fe374083fdc9d28c8","def":"{\"v\":7,\"p\":[{\"b\":14,\"c\":[[0.04,0.045,-1.262,26,2,12,10],[0.108,-0.483,15.094,32,6,8,6],[0.036,-0.95,11.201,6,47],[0.536,0.05000082,11.201,4,11,19,2],[-0.4639989,-0.95,11.201,9,11,24,10],[0.536,-0.95,11.201,10,6,23,16],[-0.4639989,0.05000082,11.201,3,20,12,12]],\"cx\":0,\"s\":[{\"p\":[0,0,0],\"r\":[0,0,0],\"s\":[0.2373978,0.02439522,0.01102296],\"c\":[0,0.9142855,1]}]},{\"b\":5,\"t\":1,\"s\":[{\"p\":[0.0856569,0.008804888,0.4973329],\"r\":[4.012597,181.381,3.072232],\"s\":[0.02348304,0.01084237,0.8670107],\"c\":[0.5185186,0.6539683,0.6666667]}]},{\"b\":5,\"t\":1,\"s\":[{\"p\":[-0.08460583,0.02585894,0.4932071],\"r\":[5.777044,175.0995,5.092688],\"s\":[0.02348305,0.01084237,0.8670113],\"c\":[0.5185186,0.6539683,0.6666667]}]}]}"}],"serveTime":8}