{"thingDefinitions":[{"id":"5894ea8b3390f364134dce36","def":"{\"n\":\"thing\",\"p\":[{\"b\":14,\"s\":[{\"p\":[0,0,0],\"r\":[0,0,-2.134434E-07],\"s\":[0.02712981,0.08970104,0.1476115],\"c\":[1,0.8571429,0]}]}]}"},{"id":"5894eac494a2f0a113df6a75","def":"{\"n\":\"thing\",\"p\":[{\"b\":5,\"s\":[{\"p\":[0,0,0],\"r\":[0,0,2.134434E-07],\"s\":[0.02057653,0.1250002,0.07972676],\"c\":[1,1,1]}]}]}"}],"serveTime":4}