{"thingDefinitions":[{"id":"5ba401b8286bfa66d1bc90ab","def":"{\"v\":7,\"p\":[{\"b\":3,\"s\":[{\"p\":[0,0,0],\"r\":[0,0,0],\"s\":[0.2228272,0.2169426,0.2226897],\"c\":[1,1,1]}]}]}"}],"serveTime":4}