{"thingDefinitions":[{"id":"5b3e11138453a20f88abc275","def":"{\"v\":5,\"p\":[{\"b\":9,\"s\":[{\"p\":[0,0,0],\"r\":[0,0,8.537735E-07],\"s\":[0.1250004,0.1250001,0.125],\"c\":[1,1,1]}]},{\"b\":43,\"s\":[{\"p\":[0.03555998,0.06830437,-0.01681815],\"r\":[2.256731,19.12703,287.4156],\"s\":[0.1250001,0.1250001,0.1250001],\"c\":[1,1,1]}]},{\"b\":61,\"s\":[{\"p\":[0.2122186,0.5326592,-0.7588763],\"r\":[340.2067,155.7977,82.74691],\"s\":[0.1250001,0.1250001,0.125],\"c\":[1,1,1]}]},{\"b\":180,\"s\":[{\"p\":[-0.03628302,0.5604227,-0.5898646],\"r\":[37.0722,208.2042,139.7827],\"s\":[0.125,0.125,0.125],\"c\":[1,1,1]}]}]}"}],"serveTime":4}