{"thingDefinitions":[{"id":"5b7ddb84a26b660e8e21b28c","def":"{\"n\":\"ground\",\"v\":6,\"a\":[4,48,49],\"tp_m\": 78,\"tp_d\": 767,\"tp_m\": 78,\"tp_d\": 767,\"tp_lp\": [0,1,0],\"tp_m\": 78,\"tp_d\": 767,\"tp_m\": 78,\"tp_d\": 767,\"tp_lp\": [0,1,0],\"tp_lr\": [1,1,1],\"p\":[{\"b\":17,\"s\":[{\"p\":[0,0,0],\"r\":[0,0,0],\"s\":[3.363346,0.11062,3.201102],\"c\":[0.9019608,0.8509804,0.7215686]}]},{\"b\":12,\"s\":[{\"p\":[1.175695,0.5957603,-2.13994],\"r\":[69.68758,272.6999,306.2189],\"s\":[0.08271166,1.000459,0.09691861],\"c\":[1,1,1]}]},{\"b\":12,\"s\":[{\"p\":[0.7729883,0.6564259,-1.602287],\"r\":[25.90432,145.4746,236.868],\"s\":[0.08271174,1.00046,0.09691866],\"c\":[1,1,1]}]},{\"b\":12,\"s\":[{\"p\":[1.38564,0.6884673,-1.911314],\"r\":[56.42982,165.2595,172.6406],\"s\":[0.08271178,1.000461,0.09691887],\"c\":[1,1,1]}]}]}"}],"serveTime":4}