{"thingDefinitions":[{"id":"5b64f2a2021a7020772cae46","def":"{\"v\":6,\"p\":[{\"b\":9,\"s\":[{\"p\":[0,0,0],\"r\":[0,0,0],\"s\":[0.125001,0.125001,0.1250003],\"c\":[1,1,1]}]}]}"}],"serveTime":5}