{"thingDefinitions":[{"id":"5cff13251c5ef13893ef53bf","def":"{\"n\":\"ground\",\"v\":9,\"a\":[1],\"p\":[{\"b\":17,\"s\":[{\"p\":[0,0,0],\"r\":[0,0,0],\"s\":[3.21654,0.1460192,3.335229],\"c\":[0.9019608,0.8509804,0.7215686]}]}]}"}],"serveTime":5}