{"thingDefinitions":[{"id":"5c4961ddfec12c054f82d7fa","def":"{\"v\":7,\"p\":[{\"s\":[{\"p\":[0,0,0],\"r\":[0,0,0],\"s\":[0.1750001,0.1750001,0.1750001],\"c\":[1,1,1]}]},{\"b\":9,\"s\":[{\"p\":[0.142915,0.1191672,0.1788369],\"r\":[20.68039,10.99498,326.7323],\"s\":[0.1250001,0.1250001,0.1250001],\"c\":[1,1,1]}]}]}"}],"serveTime":5}