{"thingDefinitions":[{"id":"5d224e903d89487882ef9a54","def":"{\"v\":9,\"p\":[{\"b\":5,\"s\":[{\"p\":[0,0,0],\"r\":[0,0,0],\"s\":[88.1207,31.33603,0.2119795],\"c\":[1,1,1]}]}]}"}],"serveTime":5}