{"thingDefinitions":[{"id":"5b7fa0e485cb5f05700fe561","def":"{\"v\":6,\"p\":[{\"b\":9,\"s\":[{\"p\":[0,0,0],\"r\":[0,0,-1.067217E-06],\"s\":[0.1250004,0.1250002,0.1250003],\"c\":[1,1,1]}]}]}"}],"serveTime":4}