{"thingDefinitions":[{"id":"5bb2808ea2139d757a0be366","def":"{\"v\":7,\"p\":[{\"b\":9,\"s\":[{\"p\":[0,0,0],\"r\":[0,0,4.268868E-07],\"s\":[0.125,0.125,0.125],\"c\":[1,1,1]}]},{\"b\":9,\"s\":[{\"p\":[-0.2729771,-0.2511583,-0.1287841],\"r\":[20.60272,338.1198,352.0216],\"s\":[0.1250002,0.1250001,0.1250001],\"c\":[1,1,1]}]},{\"b\":9,\"s\":[{\"p\":[0.190002,0.31124,0.1669486],\"r\":[334.6785,24.93233,351.8605],\"s\":[0.1250001,0.125,0.125],\"c\":[1,1,1]}]}]}"}],"serveTime":6}