{"thingDefinitions":[{"id":"5bb1b5e905463e1c326daae3","def":"{\"v\":7,\"p\":[{\"s\":[{\"p\":[0,0,0],\"r\":[0,0,0],\"s\":[1.35743,1.47058,0.1809227],\"c\":[1,1,1]}]}]}"},{"id":"5bb1b6ddf243010572a47ec9","def":"{\"v\":7,\"p\":[{\"s\":[{\"p\":[-0.3204135,0.05723149,0.05066355],\"r\":[84.00694,219.0148,213.8452],\"s\":[0.4914864,0.03638902,0.4104556],\"c\":[0.7777778,0.2765431,0.1728394]}]},{\"b\":14,\"s\":[{\"p\":[-0.1460073,0.2273543,-0.140339],\"r\":[4.777262,2.007691,354.9354],\"s\":[0.1485321,0.06473903,0.06662753],\"c\":[0.7777778,0.2765431,0.1728394]}]},{\"b\":14,\"s\":[{\"p\":[-0.4981055,0.2327062,-0.1014609],\"r\":[358.7168,5.882134,354.9526],\"s\":[0.1485322,0.06473913,0.06662766],\"c\":[0.7777778,0.2765431,0.1728394]}]}]}"}],"serveTime":7}