{"thingDefinitions":[{"id":"5a83ef5b32506789134f5fef","def":"{\"n\":\"thing\",\"v\":2,\"p\":[{\"b\":5,\"s\":[{\"p\":[0,0,0],\"r\":[0,0,0],\"s\":[0.03006084,0.0469127,0.4009728],\"c\":[1,1,1]}]}]}"},{"id":"5a83f054534b679b13e81dae","def":"{\"n\":\"thing\",\"v\":2,\"p\":[{\"b\":26,\"s\":[{\"p\":[0,0,0],\"r\":[0,0,-4.268868E-07],\"s\":[0.1044381,0.1250003,0.1223249],\"c\":[1,0,0.6857142]}]},{\"b\":173,\"s\":[{\"p\":[-0.004054692,-0.005730916,-0.08903152],\"r\":[2.622746,3.934117,269.4503],\"s\":[0.03056213,0.0221356,0.02147932],\"c\":[1,1,1]}]},{\"b\":152,\"s\":[{\"p\":[-0.3044159,0.02455163,-0.06990711],\"r\":[1.598606,91.25801,0.1106492],\"s\":[0.1044195,0.05039813,0.04000005],\"c\":[1,1,1]}]}]}"}],"serveTime":6}