{"thingDefinitions":[{"id":"5e8beb5f6c1f33476111ee27","def":"{\"v\":9,\"p\":[{\"s\":[{\"p\":[-0.05427428,-0.04432336,-0.1262011],\"r\":[344.5824,40.50626,299.2621],\"s\":[0.1750006,0.1750007,0.1750003],\"c\":[1,1,1]}]},{\"s\":[{\"p\":[-0.04282849,0.05667115,-0.05489287],\"r\":[2.320683,51.04719,304.4542],\"s\":[0.1750006,0.1750006,0.1750004],\"c\":[1,1,1]}]},{\"s\":[{\"p\":[-0.008097117,0.1275589,-0.1266187],\"r\":[338.1505,25.72371,345.6541],\"s\":[0.1750005,0.1750006,0.1750004],\"c\":[1,1,1]}]},{\"s\":[{\"p\":[-0.1009781,-0.1956111,-0.2321004],\"r\":[64.42587,359.7041,79.46181],\"s\":[0.1750002,0.1750003,0.1750003],\"c\":[1,1,1]}]}]}"}],"serveTime":4}