{"thingDefinitions":[{"id":"5b2696318bed480f8a2dd4b1","def":"{\"v\":5,\"p\":[{\"b\":150,\"s\":[{\"p\":[0,0,0],\"r\":[0,0,0],\"s\":[0.06000014,0.06000015,0.06000016],\"c\":[1,1,1]}]}]}"}],"serveTime":4}