{"thingDefinitions":[{"id":"5df8e2cabb4dfa359ccdee8f","def":"{\"n\":\"ground\",\"v\":9,\"a\":[1],\"p\":[{\"b\":17,\"s\":[{\"p\":[0,0,0],\"r\":[0,0,0],\"s\":[24.14817,0.11062,27.84484],\"c\":[0.9019608,0.8509804,0.7215686]}]}]}"},{"id":"5df8e55e9ef27a33fca18f83","def":"{\"v\":9,\"p\":[{\"b\":11,\"s\":[{\"p\":[0,0,0],\"r\":[0,0,0],\"s\":[0.3098227,0.3485759,0.1000002],\"c\":[1,1,1]}]},{\"b\":11,\"s\":[{\"p\":[0.02620767,-0.3885438,-0.006292529],\"r\":[0.7430599,0.6184195,182.0689],\"s\":[0.3229472,0.4233857,0.1042907],\"c\":[1,1,1]}]},{\"b\":14,\"s\":[{\"p\":[-0.2380514,0.4838546,-0.7930013],\"r\":[0.3666331,357.2803,139.472],\"s\":[0.09826314,0.3358716,0.5528283],\"c\":[1,1,1]}]}]}"}],"serveTime":5}