{"thingDefinitions":[{"id":"5e7caa3b06fba173bbc4f720","def":"{\"v\":9,\"p\":[{\"b\":9,\"s\":[{\"p\":[-0.04194416,0.03447327,0.06907435],\"r\":[357.1731,354.2966,338.9591],\"s\":[0.1250007,0.1250004,0.1250008],\"c\":[1,1,1]}]},{\"b\":9,\"s\":[{\"p\":[-0.06124732,-0.04121257,0.02124526],\"r\":[2.63259,350.0906,336.4607],\"s\":[0.1250007,0.1250003,0.1250006],\"c\":[1,1,1]}]},{\"b\":9,\"s\":[{\"p\":[0.1055872,0.09866956,-0.008760557],\"r\":[359.0311,19.58755,352.0659],\"s\":[0.1250004,0.1250002,0.1250005],\"c\":[1,1,1]}]},{\"b\":9,\"s\":[{\"p\":[0.01804136,-0.02297147,-0.06728868],\"r\":[21.11101,343.3039,341.0871],\"s\":[0.1250007,0.1250004,0.1250007],\"c\":[1,1,1]}]}]}"}],"serveTime":5}