{"thingDefinitions":[{"id":"5c741f50e35bee0557a1b209","def":"{\"v\":7,\"p\":[{\"s\":[{\"p\":[0,0,0],\"r\":[0,0,1.173939E-06],\"s\":[0.1750001,0.1750001,0.175],\"c\":[1,1,1]}]},{\"b\":2,\"s\":[{\"p\":[-0.1301694,-0.006228969,0.00973027],\"r\":[2.156294,278.9697,1.087685],\"s\":[0.1250002,0.1250002,0.1250003],\"c\":[1,1,1]}]}]}"}],"serveTime":4}