{"thingDefinitions":[{"id":"5c2328516e3e726e4f898489","def":"{\"v\":7,\"p\":[{\"b\":14,\"t\":1,\"s\":[{\"p\":[0,0,0],\"r\":[0,0,0],\"s\":[0.06384515,1.152085,0.06000001],\"c\":[0,0.05714257,1]}]}]}"}],"serveTime":6}