{"thingDefinitions":[{"id":"5b19c67d8b836f0f78d2ff28","def":"{\"v\":5,\"p\":[{\"b\":5,\"s\":[{\"p\":[0.004106373,0.0726065,-0.3523933],\"r\":[349.689,131.1407,221.0618],\"s\":[0.1250002,0.1250001,0.1250001],\"c\":[1,1,1]}]}]}"}],"serveTime":4}