{"thingDefinitions":[{"id":"5d52b735b905231b65f16b84","def":"{\"v\":9,\"p\":[{\"s\":[{\"p\":[0,0,0],\"r\":[0,0,0],\"s\":[0.1750002,0.1750002,0.1750003],\"c\":[1,1,1]}]},{\"b\":30,\"s\":[{\"p\":[-0.07987324,0.028767,-0.1018412],\"r\":[19.18649,264.2964,349.8574],\"s\":[0.1250001,0.1250001,0.1250002],\"c\":[1,1,1]}]},{\"b\":175,\"s\":[{\"p\":[-0.1127599,0.03143557,0.006295867],\"r\":[15.50484,356.3268,94.1161],\"s\":[0.04500004,0.04500005,0.04500008],\"c\":[1,1,1]}]}]}"}],"serveTime":5}