{"thingDefinitions":[{"id":"5842d11deb47fa88132c4499","def":"{\"n\":\"thing\",\"p\":[{\"s\":[{\"p\":[0,0,0],\"r\":[0,0,0],\"s\":[0.1691101,0.1753216,0.1696229],\"c\":[1,1,1]}]}]}"}],"serveTime":5}