{"thingDefinitions":[{"id":"5a4374e5ce03f9fd651787b1","def":"{\"n\":\"thing\",\"v\":2,\"p\":[{\"s\":[{\"p\":[-0.07374041,-0.3865162,-0.5447893],\"r\":[87.02323,283.0825,255.1319],\"s\":[0.1750006,0.1750005,0.1750004],\"c\":[1,1,1]}]},{\"b\":9,\"s\":[{\"p\":[0.08641274,0.3653608,0.0470842],\"r\":[332.3234,350.4406,15.38683],\"s\":[0.1250003,0.1250003,0.1250002],\"c\":[1,1,1]}]}]}"}],"serveTime":4}