{"thingDefinitions":[{"id":"5c7592b3057b545180109c10","def":"{\"v\":7,\"p\":[{\"b\":150,\"i\":[{\"t\":\"5c6f3322cf4d5c2a98632115\",\"p\":[0.6364965,-0.06631267,0.1372105],\"r\":[0.2831923,350.6841,179.2]}],\"s\":[{\"p\":[0,0,0],\"r\":[0,0,-1.067217E-07],\"s\":[0.06000005,0.06000007,0.06000003],\"c\":[1,1,1]}]}]}"},{"id":"5c75b40d5431595154a93334","def":"{\"n\":\"babel ring\",\"v\":7,\"a\":[7,32],\"p\":[{\"b\":202,\"t\":1,\"a\":[31],\"i\":[{\"t\":\"5c75b3ebb3ee2a055e7ec333\",\"p\":[0,0,0],\"r\":[0,0,180]},{\"t\":\"5c75b3927792ec32ae88a136\",\"p\":[0,0,0],\"r\":[0,0,0]}],\"s\":[{\"p\":[0,0,0],\"r\":[0,0,0],\"s\":[0.1426527,0.003730593,0.1426483],\"c\":[1,0.936508,0.5555556]}]}]}"}],"serveTime":7}