{"thingDefinitions":[{"id":"5b8dd1628b47c71b5a61e24c","def":"{\"v\":6,\"p\":[{\"b\":176,\"t\":9,\"s\":[{\"p\":[0,0,0],\"r\":[0,0,0],\"s\":[2500,0.0820908,2500],\"c\":[0.3333332,0.1714284,0]}]}]}"}],"serveTime":4}