{"thingDefinitions":[{"id":"5d1f41dd5431cd0611bc2efa","def":"{\"n\":\"ground\",\"v\":9,\"a\":[1],\"p\":[{\"b\":17,\"s\":[{\"p\":[0,0,0],\"r\":[0,0,0],\"s\":[3.363346,0.11062,3.201102],\"c\":[0.9019608,0.8509804,0.7215686]}]},{\"s\":[{\"p\":[-2.496753,1.436601,-0.7357707],\"r\":[4.117459,105.4392,197.5488],\"s\":[0.1750003,0.1750001,0.1750001],\"c\":[1,1,1]}]}]}"}],"serveTime":5}