{"thingDefinitions":[{"id":"5aa51b7b5a191e0ff2b4f023","def":"{\"v\":2,\"p\":[{\"b\":12,\"s\":[{\"p\":[0,0,0],\"r\":[0,0,0],\"s\":[0.06000002,0.06000005,0.06000005],\"c\":[1,1,1]}]},{\"b\":12,\"s\":[{\"p\":[0.0005280087,-0.01455621,-0.2280766],\"r\":[352.5636,1.039883,357.6381],\"s\":[0.06000001,0.06000005,0.06000001],\"c\":[1,1,1]}]}]}"}],"serveTime":5}