{"thingDefinitions":[{"id":"59d5d2706a21e725105a1763","def":"{\"n\":\"thing\",\"p\":[{\"b\":10,\"s\":[{\"p\":[0,0,0],\"r\":[0,0,8.537737E-07],\"s\":[0.1250002,0.1250002,0.1250002],\"c\":[1,1,1]}]},{\"b\":10,\"s\":[{\"p\":[0.2556909,0.08431662,0.1412163],\"r\":[24.62085,10.57397,272.5352],\"s\":[0.1250002,0.1250002,0.1250001],\"c\":[1,1,1]}]},{\"b\":12,\"s\":[{\"p\":[0.6361328,0.06552964,-0.06866966],\"r\":[307.7499,1.382484,52.18999],\"s\":[0.06000012,0.06000004,0.0600001],\"c\":[1,1,1]}]}]}"}],"serveTime":7}