{"thingDefinitions":[{"id":"5ef18af040d7666abadb7009","def":"{\"v\":9,\"a\":[2],\"p\":[{\"s\":[{\"p\":[0,0,0],\"r\":[0,0,3.73526E-07],\"s\":[0.04225264,0.05314987,0.04369994],\"c\":[1,0.4444443,0.8253968],\"b\":[\"when touched then propel forward with 5\"]},{\"p\":[0,0,0],\"r\":[0,0,3.73526E-07],\"s\":[0.04225264,0.05314987,0.04369994],\"c\":[1,1,1]}]}]}"},{"id":"5ef18bdf615b791fa6ede49b","def":"{\"v\":9,\"p\":[{\"b\":73,\"s\":[{\"p\":[0,0,0],\"r\":[0,0,0],\"s\":[10.71116,10.71116,10.71117],\"c\":[1,1,1],\"b\":[\"when walked into then rotate forward with 10\"]}]}]}"},{"id":"5ef18c72838ead747c60e979","def":"{\"v\":9,\"a\":[2,9,29,50],\"p\":[{\"b\":9,\"s\":[{\"p\":[0,0,0],\"r\":[0,0,0],\"s\":[0.1250003,0.1250002,0.1250003],\"c\":[1,1,1]}]}]}"}],"serveTime":8}