{"thingDefinitions":[{"id":"5c85ac983a1f5b054cb2d724","def":"{\"v\":7,\"p\":[{\"b\":15,\"s\":[{\"p\":[0.05181424,-0.07378654,0.1370698],\"r\":[351.7452,356.6275,32.15499],\"s\":[0.125,0.125,0.125],\"c\":[1,1,1]}]},{\"b\":14,\"s\":[{\"p\":[0.02245577,-0.005515947,-0.01707146],\"r\":[352.8281,358.8326,0.5245636],\"s\":[0.06000001,0.06000007,0.06000008],\"c\":[1,1,1]}]}]}"}],"serveTime":5}