{"thingDefinitions":[{"id":"5bee3989021a9d67791474d2","def":"{\"v\":7,\"p\":[{\"b\":12,\"s\":[{\"p\":[0,0,0],\"r\":[0,0,0],\"s\":[0.06000008,0.06000001,0.0600001],\"c\":[1,1,1]}]},{\"b\":14,\"s\":[{\"p\":[-0.002976533,0.1548811,0.008642286],\"r\":[273.5135,15.79813,342.2276],\"s\":[0.06000003,0.06000002,0.06000004],\"c\":[1,1,1]}]},{\"b\":14,\"s\":[{\"p\":[0.0008334816,0.4398441,0.03242201],\"r\":[276.8677,6.820527,352.1103],\"s\":[0.06000041,0.06000029,0.06000032],\"c\":[1,1,1]}]},{\"b\":69,\"s\":[{\"p\":[0.001790311,-0.1161017,0.0132888],\"r\":[357.5751,340.8449,184.3944],\"s\":[0.07500015,0.07500023,0.07500021],\"c\":[1,1,1]}]}]}"}],"serveTime":5}