{"thingDefinitions":[{"id":"5ce4be842403f252984de905","def":"{\"n\":\"ground\",\"v\":9,\"a\":[1,48],\"p\":[{\"b\":17,\"s\":[{\"p\":[0,0,0],\"r\":[0,0,8.004128E-08],\"s\":[3.363347,0.11062,3.201101],\"c\":[0.9019608,0.8509804,0.7215686]}]}]}"}],"serveTime":4}