{"thingDefinitions":[{"id":"5b956b052de2e438189c72a9","def":"{\"v\":6,\"p\":[{\"s\":[{\"p\":[0,0,0],\"r\":[0,0,-8.537737E-07],\"s\":[0.1750001,0.1750001,0.175],\"c\":[1,1,1]}]},{\"s\":[{\"p\":[-0.1034625,-0.3382229,-0.146393],\"r\":[35.71442,351.8174,354.0999],\"s\":[0.1750002,0.1750002,0.1750001],\"c\":[1,1,1]}]},{\"s\":[{\"p\":[-0.09887099,0.3101149,0.02657188],\"r\":[336.5397,357.9605,343.9169],\"s\":[0.1498469,0.9485679,0.06791253],\"c\":[1,1,1]}]}]}"}],"serveTime":5}