{"thingDefinitions":[{"id":"59c34a4ed4dda4b4198257c1","def":"{\"n\":\"thing\",\"a\":[4,7,18],\"p\":[{\"s\":[{\"p\":[0,0,0],\"r\":[0,0,0],\"s\":[0.1750005,0.1750005,0.1750005],\"c\":[1,1,1]}]},{\"b\":14,\"s\":[{\"p\":[-0.1098411,0.5067831,-0.4589756],\"r\":[345.5069,295.1489,280.6472],\"s\":[0.06000011,0.06000016,0.06000016],\"c\":[1,1,1]}]},{\"b\":14,\"s\":[{\"p\":[-0.2985506,0.1405808,-0.08124311],\"r\":[333.1648,318.7108,323.7413],\"s\":[0.06000014,0.06000024,0.0600002],\"c\":[1,1,1]}]},{\"b\":14,\"s\":[{\"p\":[0.1056358,1.153437,-0.7979084],\"r\":[291.279,313.8972,193.5138],\"s\":[0.06000018,0.06000019,0.06000022],\"c\":[1,1,1]}]}]}"}],"serveTime":4}