{"thingDefinitions":[{"id":"5a4b1982b7382909662560d1","def":"{\"n\":\"thing\",\"v\":2,\"p\":[{\"b\":10,\"s\":[{\"p\":[0,0,0],\"r\":[0,0,0],\"s\":[0.1250006,0.1250004,0.1250005],\"c\":[1,1,1]}]},{\"b\":10,\"s\":[{\"p\":[0.2864117,0.1923279,-0.02164634],\"r\":[2.567626,38.16273,339.9446],\"s\":[0.125001,0.1250009,0.1250005],\"c\":[1,1,1]}]},{\"b\":10,\"s\":[{\"p\":[0.07913886,0.4244131,0.294606],\"r\":[352.2051,41.20284,323.7108],\"s\":[0.1578473,0.3078989,0.1576092],\"c\":[1,1,1]}]},{\"b\":10,\"s\":[{\"p\":[-0.1710899,0.7877272,0.1954922],\"r\":[332.361,28.36371,277.7729],\"s\":[0.1578474,0.3078994,0.1576093],\"c\":[1,1,1]}]}]}"}],"serveTime":4}