{"thingDefinitions":[{"id":"5ca1615c6af1a777c718b1f0","def":"{\"v\":9,\"p\":[{\"s\":[{\"p\":[1.059656,-0.2009634,-0.4260792],\"r\":[16.45176,349.7953,46.81171],\"s\":[0.6593868,0.1750001,0.8661399],\"c\":[1,0.5142855,0]}]}]}"},{"id":"5ca162293942ad0566c5672e","def":"{\"v\":9,\"a\":[5,29],\"tp_m\": 9,\"p\":[{\"b\":12,\"s\":[{\"p\":[0,0,0],\"r\":[1.707547E-06,1.707547E-06,3.415095E-06],\"s\":[0.3070649,0.06000032,0.4787428],\"c\":[0,0.2285712,1]}]},{\"b\":3,\"s\":[{\"p\":[-0.5176327,-0.5518342,-0.2506315],\"r\":[6.022939,268.8078,122.6126],\"s\":[0.3219947,0.41318,0.264442],\"c\":[1,1,1]}]}]}"}],"serveTime":5}