{"thingDefinitions":[{"id":"5c7907a57a23dc055e480f02","def":"{\"v\":7,\"a\":[1,2,3,4,12,48,49],\"p\":[{\"b\":175,\"s\":[{\"p\":[0.2853686,-0.05772268,-0.2954115],\"r\":[2.095032,51.00149,338.3156],\"s\":[0.06247945,0.04500008,0.04500011],\"c\":[1,1,1]}]},{\"b\":175,\"s\":[{\"p\":[0.1666066,-0.3413023,0.4084581],\"r\":[340.0187,302.5715,201.2185],\"s\":[0.04500024,0.04500033,0.04500027],\"c\":[1,1,1]}]},{\"b\":175,\"s\":[{\"p\":[-0.0954296,-0.1023466,0.4291471],\"r\":[46.30986,41.99051,26.86495],\"s\":[0.04500022,0.04500028,0.04500031],\"c\":[1,1,1]}]}]}"}],"serveTime":5}