{"thingDefinitions":[{"id":"5c90b68ac9283b015b762865","def":"{\"v\":8,\"a\":[2],\"p\":[{\"b\":3,\"t\":3,\"s\":[{\"p\":[-0.2788656,0.06064186,0.1930987],\"r\":[25.71776,357.0745,300.3473],\"s\":[0.1250002,0.1250001,0.1250002],\"c\":[1,1,1]}]},{\"b\":14,\"t\":3,\"s\":[{\"p\":[-0.282134,0.08375821,-0.04220941],\"r\":[1.915554,4.147572,354.458],\"s\":[0.06000004,0.06000032,0.06000024],\"c\":[0.4444443,0.1523808,0]}]}]}"}],"serveTime":5}