{"thingDefinitions":[{"id":"5c0c63eae0b8db3184f261d3","def":"{\"v\":7,\"p\":[{\"b\":3,\"s\":[{\"p\":[0,0,0],\"r\":[0,0,0],\"s\":[0.1250003,0.1250003,0.1250003],\"c\":[1,1,1]}]}]}"},{"id":"5c0c641a39f34d317e595883","def":"{\"v\":7,\"p\":[{\"b\":9,\"s\":[{\"p\":[0,0,0],\"r\":[0,0,0],\"s\":[0.125,0.125,0.125],\"c\":[1,1,1]}]},{\"b\":9,\"s\":[{\"p\":[0.5082927,0.0222508,-0.05141731],\"r\":[60.01802,43.74957,190.9758],\"s\":[0.1250001,0.1250001,0.125],\"c\":[1,1,1]}]}]}"}],"serveTime":6}