{"thingDefinitions":[{"id":"58e8efbca3c97126101c2265","def":"{\"n\":\"thing\",\"p\":[{\"s\":[{\"p\":[0,0,0],\"r\":[0,0,0],\"s\":[0.4595928,0.1534559,0.4309247],\"c\":[1,1,1],\"pr\":{\"c\":[0.6666667,0,0],\"m\":0.25,\"a\":0.25,\"s\":0.15,\"z\":0.25,\"g\":0.5,\"h\":0.25}}]}]}"}],"serveTime":5}