{"thingDefinitions":[{"id":"5b14c274f7a9a763c1b52e76","def":"{\"v\":4,\"p\":[{\"b\":5,\"s\":[{\"p\":[0.03547096,0.1366648,0.02757397],\"r\":[356.8813,356.8384,223.3813],\"s\":[0.7697622,0.7872772,0.1250004],\"c\":[1,1,1]}]},{\"b\":5,\"s\":[{\"p\":[0.01512338,-0.00309539,-0.02274501],\"r\":[357.1238,356.7606,351.8891],\"s\":[2.264088,1.937367,0.1250006],\"c\":[0.7777778,0.1333332,0]}]}]}"}],"serveTime":4}