{"thingDefinitions":[{"id":"5ab31d3b068c6928ac239f0b","def":"{\"n\":\"ground\",\"v\":3,\"p\":[{\"b\":17,\"s\":[{\"p\":[0,0,0],\"r\":[0,0,0],\"s\":[73.34027,0.9590786,64.03022],\"c\":[0.9019608,0.8509804,0.7215686]}]},{\"s\":[{\"p\":[-0.1190405,2.482452,4.004817],\"r\":[0,270,90],\"s\":[2.138242,1.533616,0.1750006],\"c\":[1,1,1]}]},{\"s\":[{\"p\":[-0.1049544,2.086123,2.683464],\"r\":[1.024528E-05,270,90],\"s\":[2.685795,1.144316,0.1750394],\"c\":[1,1,1]}]},{\"b\":10,\"s\":[{\"p\":[-0.01318944,2.43595,3.134701],\"r\":[0.9805327,5.590538,16.46521],\"s\":[0.1250069,0.1249996,0.1250064],\"c\":[1,1,1]}]}]}"}],"serveTime":5}