{"thingDefinitions":[{"id":"5b06441c696c8e6684fb7b80","def":"{\"v\":4,\"p\":[{\"b\":16,\"s\":[{\"p\":[0,0,0],\"r\":[0,0,-2.134434E-07],\"s\":[0.1250001,0.1250001,0.1250001],\"c\":[0.6666667,0.5037037,0.148148]}]}]}"},{"id":"5b0b5b022eac030fa0230eb9","def":"{\"v\":4,\"a\":[2,3,16],\"tp_d\": 3,\"p\":[{\"b\":3,\"s\":[{\"p\":[-0.006544886,0.005085321,0.01525089],\"r\":[359.7235,1.18237,359.1519],\"s\":[0.842495,0.005000005,0.005000008],\"c\":[0.6666667,0.4148147,0.148148]}]},{\"b\":6,\"s\":[{\"p\":[0.8252051,-0.008577403,-0.01236317],\"r\":[356.9796,100.2231,68.67634],\"s\":[0.05503533,0.02723838,0.1798311],\"c\":[1,1,1]}]}]}"}],"serveTime":5}