{"thingDefinitions":[{"id":"5eb080847e2d3f4f54a0800c","def":"{\"n\":\"ground\",\"v\":9,\"a\":[1],\"p\":[{\"b\":9,\"s\":[{\"p\":[0.428471,1.121669,-2.028485],\"r\":[343.6718,232.2552,356.2594],\"s\":[0.1250004,0.1250003,0.1250007],\"c\":[1,1,1]}]},{\"b\":3,\"s\":[{\"p\":[-0.4958881,0.1422933,1.977776],\"r\":[329.0729,24.9349,270.2274],\"s\":[0.1250001,0.1250002,0.125],\"c\":[1,1,1]}]}]}"}],"serveTime":5}