{"thingDefinitions":[{"id":"5ca0338e85bde60ab7415c1a","def":"{\"v\":9,\"p\":[{\"s\":[{\"p\":[0,0,0],\"r\":[0,0,0],\"s\":[0.1750006,0.1750006,0.1750007],\"c\":[1,1,1]}]}]}"}],"serveTime":5}