{"thingDefinitions":[{"id":"5cfd298c7f1e4138a0d6041d","def":"{\"v\":9,\"p\":[{\"b\":86,\"s\":[{\"p\":[-0.105575,-0.7327475,-0.2664163],\"r\":[358.6501,83.37038,180.8165],\"s\":[0.06717224,0.07500042,0.06908765],\"c\":[1,0,0]}]},{\"s\":[{\"p\":[-0.007738523,-0.7986657,-0.1868934],\"r\":[273.4538,5.246413,140.1503],\"s\":[0.2134114,0.2360983,0.02294322],\"c\":[1,0,0]}]}]}"}],"serveTime":3}