{"thingDefinitions":[{"id":"5bd2a8ba3aa97f65ea76a604","def":"{\"v\":7,\"p\":[{\"b\":2,\"s\":[{\"p\":[0.5418409,-0.1276634,-0.4733433],\"r\":[3.140831,313.4713,37.9789],\"s\":[0.1250004,0.1250006,0.1250003],\"c\":[1,1,1]}]},{\"b\":9,\"s\":[{\"p\":[0.4614472,-0.2253122,-0.4524665],\"r\":[28.95591,60.91725,52.60905],\"s\":[0.1250003,0.1250003,0.1250003],\"c\":[1,1,1]}]},{\"b\":3,\"s\":[{\"p\":[0.1840203,-0.04418957,-0.5064331],\"r\":[66.09897,355.3199,8.8194],\"s\":[0.1250004,0.1250001,0.1250004],\"c\":[1,1,1]}]}]}"}],"serveTime":4}