{"thingDefinitions":[{"id":"5e8bc9c4a0321c1e50a9462d","def":"{\"n\":\"ground\",\"v\":9,\"a\":[1,30,31,41],\"p\":[{\"b\":17,\"s\":[{\"p\":[0,0,0],\"r\":[0,0,0],\"s\":[3.363346,0.11062,3.179742],\"c\":[0,1,1]}]},{\"b\":5,\"a\":[32],\"s\":[{\"p\":[1.065197,1.35217,0.6638542],\"r\":[331.681,240.9096,337.6244],\"s\":[0.1000075,0.1000017,0.100007],\"c\":[1,1,1]}]}]}"}],"serveTime":4}