{"thingDefinitions":[{"id":"5cb1c2f2a13360482344a71e","def":"{\"n\":\"ttfrf\",\"v\":9,\"p\":[{\"b\":9,\"s\":[{\"p\":[0,0,0],\"r\":[0,0,-2.134434E-07],\"s\":[0.1250001,0.1250002,0.1250001],\"c\":[0,1,1]}]},{\"b\":9,\"s\":[{\"p\":[0.06225697,0.06987985,0.08205752],\"r\":[12.92859,3.795736,20.09383],\"s\":[0.125,0.1250001,0.1250001],\"c\":[0,1,1]}]},{\"b\":68,\"s\":[{\"p\":[-0.03591315,0.08033922,0.2109549],\"r\":[1.448397,325.8389,29.05018],\"s\":[0.1,0.1000001,0.1000001],\"c\":[1,1,1]}]}]}"}],"serveTime":5}