{"thingDefinitions":[{"id":"59ee3619d636b13510f8944b","def":"{\"n\":\"thing\",\"v\":2,\"p\":[{\"b\":3,\"s\":[{\"p\":[0,0,0],\"r\":[0,0,0],\"s\":[0.125,0.125,0.1250001],\"c\":[1,1,1]}]},{\"s\":[{\"p\":[0.1512646,0.01288971,0.08843225],\"r\":[354.0027,332.9158,8.251486],\"s\":[0.175,0.1750001,0.1750001],\"c\":[1,1,1]}]}]}"}],"serveTime":4}