{"thingDefinitions":[{"id":"5d8ae7ba2067ba3932339930","def":"{\"v\":9,\"p\":[{\"b\":9,\"s\":[{\"p\":[0,0,0],\"r\":[0,0,0],\"s\":[0.1250001,0.125,0.1250001],\"c\":[1,1,1]}]}]}"}],"serveTime":4}