{"thingDefinitions":[{"id":"5c3b9de1fbe56c6f83fe1f50","def":"{\"n\":\"ground\",\"v\":7,\"a\":[1],\"p\":[{\"b\":17,\"s\":[{\"p\":[0,0,0],\"r\":[0,0,0],\"s\":[3.363346,0.11062,3.201102],\"c\":[0.9019608,0.8509804,0.7215686]}]},{\"s\":[{\"p\":[-0.2591098,1.100374,2.852054],\"r\":[52.06254,281.8158,9.130893],\"s\":[0.1750004,0.1750002,0.1750004],\"c\":[1,1,1]}]},{\"s\":[{\"p\":[-0.9019501,1.056074,2.554848],\"r\":[352.3435,334.7325,245.0032],\"s\":[0.1750001,0.1750001,0.175],\"c\":[1,1,1]}]}]}"}],"serveTime":5}