{"thingDefinitions":[{"id":"5cbc53358b41bf0558d1a7ff","def":"{\"n\":\"ground\",\"v\":9,\"a\":[1],\"p\":[{\"b\":17,\"s\":[{\"p\":[0,0,0],\"r\":[0,0,-3.73526E-07],\"s\":[3.363352,0.11062,3.201105],\"c\":[0.9019608,0.8509804,0.7215686]}]}]}"},{"id":"5cbc52d8bfde14791842ceaa","def":"{\"n\":\"spike ball\",\"v\":9,\"a\":[2,43],\"tp_m\": 5,\"tp_d\": 0.0001,\"p\":[{\"b\":175,\"a\":[33,34],\"s\":[{\"p\":[-0.1683073,0.01066865,-0.007335388],\"r\":[338.9453,327.1747,57.61619],\"s\":[0.04504105,0.04503112,0.04502022],\"c\":[1,1,1],\"b\":[\"when touches face then resize nearby to 10%\"]}]}]}"}],"serveTime":7}