{"thingDefinitions":[{"id":"5b50befcf3f32067a251fd14","def":"{\"v\":5,\"p\":[{\"b\":9,\"s\":[{\"p\":[0,0,0],\"r\":[0,0,0],\"s\":[0.9269552,0.1502202,0.4825303],\"c\":[1,1,1]}]},{\"b\":9,\"s\":[{\"p\":[0.500144,0.003437489,-0.1670057],\"r\":[17.7601,9.008425,66.82617],\"s\":[1.282648,0.001,1.170141],\"c\":[1,1,1]}]}]}"}],"serveTime":6}