{"thingDefinitions":[{"id":"5b5542b3f3f32067a251fe47","def":"{\"v\":5,\"p\":[{\"b\":175,\"s\":[{\"p\":[0,0,0],\"r\":[0,0,0],\"s\":[0.04500002,0.045,0.04500001],\"c\":[1,1,1]}]}]}"}],"serveTime":4}