{"thingDefinitions":[{"id":"5be5e67ef4730e0539841269","def":"{\"v\":7,\"p\":[{\"b\":9,\"s\":[{\"p\":[0,0,0],\"r\":[0,0,-4.268868E-07],\"s\":[0.125,0.1250001,0.1250002],\"c\":[1,1,1]}]}]}"}],"serveTime":3}