{"thingDefinitions":[{"id":"5ce1c66f7e89af31eee54bda","def":"{\"v\":9,\"p\":[{\"s\":[{\"p\":[0,0,0],\"r\":[0,0,0],\"s\":[0.2307338,0.6217588,0.45777],\"c\":[1,1,1]}]},{\"b\":12,\"s\":[{\"p\":[-0.3383966,0.06894702,0.1774719],\"r\":[87.02908,134.0765,145.6131],\"s\":[0.06000003,0.06000004,0.06],\"c\":[1,1,1]}]},{\"b\":174,\"s\":[{\"p\":[-0.3194659,0.01637755,-0.07950336],\"r\":[81.52646,93.939,153.0906],\"s\":[0.04500002,0.04500004,0.04500001],\"c\":[1,1,1]}]}]}"}],"serveTime":4}