{"thingDefinitions":[{"id":"5cf8273edb6f237d1ddd8379","def":"{\"v\":9,\"a\":[2,16],\"tp_m\": 5,\"p\":[{\"b\":9,\"t1\":13,\"s\":[{\"p\":[0,0,0],\"r\":[0,0,0],\"s\":[0.3907162,0.4022954,0.4008515],\"c\":[0.2857141,0,1],\"t1\":{\"c\":[0.9714286,1,0],\"x\":0.17,\"y\":0.17,\"a\":0.8925,\"m\":0.5,\"n\":0.5,\"r\":0,\"g\":0,\"o\":0.5,\"t\":0.5,\"e\":0.5}}]},{\"b\":9,\"t1\":13,\"t2\":13,\"s\":[{\"p\":[-0.155367,0.3816405,-0.1157929],\"r\":[62.54288,163.5229,83.01278],\"s\":[0.3907177,0.402296,0.400852],\"c\":[0.2857141,0,1],\"t1\":{\"c\":[0.9714286,1,0],\"x\":0.17,\"y\":0.17,\"a\":0.8925,\"m\":0.5,\"n\":0.5,\"r\":0,\"g\":0,\"o\":0.5,\"t\":0.5,\"e\":0.5},\"t2\":{\"c\":[0,1,0.5714287],\"x\":0.17,\"y\":0.17,\"a\":0.8925,\"m\":0.5,\"n\":0.5,\"r\":0,\"g\":0,\"o\":0.5,\"t\":0.5,\"e\":0.5}}]},{\"b\":9,\"t1\":13,\"t2\":10,\"s\":[{\"p\":[0.03233397,0.2237698,0.3073116],\"r\":[27.85453,180.4331,61.5107],\"s\":[0.3907178,0.4022959,0.4008521],\"c\":[0.2857141,0,1],\"t1\":{\"c\":[0.9714286,1,0],\"x\":0.17,\"y\":0.17,\"a\":0.8925,\"m\":0.5,\"n\":0.5,\"r\":0,\"g\":0,\"o\":0.5,\"t\":0.5,\"e\":0.5},\"t2\":{\"c\":[0,0.05714262,1],\"a\":0}}]}]}"}],"serveTime":5}