{"thingDefinitions":[{"id":"5c856b58529878305c51969f","def":"{\"v\":7,\"a\":[7,18],\"tp_lr\": [1,1,0],\"p\":[{\"b\":9,\"s\":[{\"p\":[-0.3808182,-0.6999984,-0.4986836],\"r\":[307.4783,17.81962,130.2478],\"s\":[0.1250008,0.1250003,0.125001],\"c\":[1,0,0.3428572]}]},{\"b\":13,\"s\":[{\"p\":[1.01147,-0.06178904,-0.6922732],\"r\":[69.89504,350.2743,234.687],\"s\":[0.06001695,0.06002133,0.06001071],\"c\":[1,1,1]}]},{\"b\":13,\"s\":[{\"p\":[0.8600705,-0.1263927,-0.5928735],\"r\":[69.89504,350.2743,234.687],\"s\":[0.06000347,0.06000711,0.06000395],\"c\":[1,1,1]}]}]}"}],"serveTime":4}