{"thingDefinitions":[{"id":"5a9f1450b8c466917ac5555c","def":"{\"v\":2,\"p\":[{\"s\":[{\"p\":[0.114591,-0.2213195,-0.2525213],\"r\":[39.4694,339.8173,29.7027],\"s\":[0.2718581,0.6806046,0.1750002],\"c\":[1,1,1]}]},{\"s\":[{\"p\":[0.02411101,0.1208832,0.05883676],\"r\":[352.3876,28.62625,347.2276],\"s\":[0.2585875,0.133138,0.697112],\"c\":[1,1,1]}]},{\"s\":[{\"p\":[0.2080058,-0.05682411,-0.1504844],\"r\":[18.96072,36.58167,30.09317],\"s\":[0.1750006,0.5964271,0.1750004],\"c\":[1,1,1]}]}]}"}],"serveTime":4}