{"thingDefinitions":[{"id":"5bb0a99bd1e1000575f5dfa3","def":"{\"v\":7,\"p\":[{\"b\":9,\"s\":[{\"p\":[0.02875564,-0.3678581,0.2479666],\"r\":[355.4273,47.14053,62.1944],\"s\":[0.1250001,0.1250001,0.1250001],\"c\":[1,1,1]}]},{\"b\":9,\"s\":[{\"p\":[-0.1438197,-0.4035942,0.2861533],\"r\":[349.6847,19.11397,29.63082],\"s\":[0.1250002,0.1250002,0.1250001],\"c\":[1,1,1]}]}]}"}],"serveTime":6}