{"thingDefinitions":[{"id":"5f5582cb0eb4a405528f0cc0","def":"{\"v\":9,\"a\":[50],\"tp_m\": 55,\"tp_m\": 55,\"tp_lp\": [1,1,0],\"tp_m\": 55,\"tp_m\": 55,\"tp_lp\": [1,1,0],\"tp_lr\": [0,1,1],\"p\":[{\"b\":91,\"e\":\"HELLO\",\"s\":[{\"p\":[-0.2931277,0.06004431,-0.1601746],\"r\":[354.0833,340.9411,6.102664],\"s\":[0.003,0.003,0.003],\"c\":[1,1,1]}]},{\"b\":175,\"s\":[{\"p\":[-0.02123732,-0.08455072,0.03408721],\"r\":[7.253903,355.3915,0.4394567],\"s\":[0.04500002,0.04499999,0.04499997],\"c\":[1,1,1]}]},{\"b\":167,\"c\":[[-0.642,-3.046,-2.16,320],[-2.368,1.833,-4.505,325],[2.276,-5.654,-1.891,50,525],[-4.649,-2.229,-8.427,52],[0.98,5.245,-4.17,567],[0.605,-3.475,0.834,581]],\"cx\":0,\"s\":[{\"p\":[-0.1242296,0.3593963,0.1508026],\"r\":[345.5302,2.109963,42.18967],\"s\":[0.04500001,0.04500002,0.04500004],\"c\":[1,1,1]}]}]}"}],"serveTime":5}