{"thingDefinitions":[{"id":"5a34a029fb9a1ca213848368","def":"{\"n\":\"thing\",\"v\":2,\"p\":[{\"b\":9,\"s\":[{\"p\":[0,0,0],\"r\":[0,0,-1.280661E-06],\"s\":[0.1250001,0.1250001,0.125],\"c\":[1,1,1]}]},{\"b\":11,\"s\":[{\"p\":[0.1536306,0.06568222,-0.06205876],\"r\":[50.51056,344.8864,61.69114],\"s\":[0.125,0.125,0.1250001],\"c\":[1,1,1]}]}]}"}],"serveTime":4}