{"thingDefinitions":[{"id":"5ed8f116c5082807a61bb197","def":"{\"n\":\"ground\",\"v\":9,\"a\":[1],\"p\":[{\"b\":17,\"c\":[[1.085,0.43,-0.542,509,7,66,5],[1.324,0.162,-0.498,437,7,66,5]],\"s\":[{\"p\":[3.892544,-1.272144,2.847369],\"r\":[358.6992,60.32904,14.51167],\"s\":[3.363349,0.1106201,3.201104],\"c\":[0.9019608,0.8509804,0.7215686]}]},{\"b\":9,\"s\":[{\"p\":[4.196448,0.8402622,-1.493839],\"r\":[12.77573,353.0636,281.9888],\"s\":[0.1250001,0.1250001,0.125],\"c\":[1,0,0.3428572]}]}]}"}],"serveTime":4}