{"thingDefinitions":[{"id":"5e1b865a3ef28a063263bc8c","def":"{\"n\":\"ground\",\"v\":9,\"a\":[1],\"p\":[{\"b\":17,\"s\":[{\"p\":[0,0,0],\"r\":[0,0,0],\"s\":[3.363346,0.11062,3.201102],\"c\":[0.9019608,0.8509804,0.7215686]}]},{\"b\":9,\"s\":[{\"p\":[1.048866,1.329656,-3.155805],\"r\":[317.8407,295.1147,294.1516],\"s\":[0.1250002,0.1250001,0.1250001],\"c\":[1,1,1]}]},{\"b\":14,\"s\":[{\"p\":[1.055064,1.451655,-3.140741],\"r\":[357.139,246.0979,270.8642],\"s\":[0.06000007,0.06000005,0.06000003],\"c\":[1,1,1]}]}]}"}],"serveTime":4}