{"thingDefinitions":[{"id":"5a13f0cd66c4463e101b604e","def":"{\"n\":\"thing\",\"v\":2,\"p\":[{\"s\":[{\"p\":[0.1768626,0.03637752,-0.5189386],\"r\":[357.0695,27.12313,53.16795],\"s\":[0.1750001,0.1750005,0.1750006],\"c\":[1,1,1]}]},{\"s\":[{\"p\":[0.2874458,0.1069884,-0.3443715],\"r\":[353.3106,24.7321,48.68084],\"s\":[0.1750001,0.1750004,0.1750004],\"c\":[1,1,1]}]},{\"b\":9,\"s\":[{\"p\":[0.3637449,0.1620748,-0.1260598],\"r\":[12.00419,47.24134,9.145571],\"s\":[0.125,0.125,0.125],\"c\":[1,1,1]}]}]}"}],"serveTime":4}