{"thingDefinitions":[{"id":"5d22edf5114ef70603c77fa0","def":"{\"v\":9,\"p\":[{\"b\":77,\"s\":[{\"p\":[0,0,0],\"r\":[0,0,6.403302E-07],\"s\":[0.07500006,0.07500003,0.075],\"c\":[1,1,1]}]}]}"}],"serveTime":4}