{"thingDefinitions":[{"id":"5adb75e764acaa0f7e642f51","def":"{\"v\":4,\"p\":[{\"s\":[{\"p\":[0,0,0],\"r\":[0,0,-1.173939E-06],\"s\":[0.1750001,0.1750001,0.175],\"c\":[1,1,1]}]}]}"}],"serveTime":4}