{"thingDefinitions":[{"id":"5b544bf323f75867cc3731c0","def":"{\"v\":5,\"p\":[{\"s\":[{\"p\":[0,0,0],\"r\":[0,0,0],\"s\":[8.071697,0.2495989,7.364293],\"c\":[1,1,1]}]},{\"s\":[{\"p\":[3.954973,0.6778713,-3.561535],\"r\":[0.02589175,4.052521,89.56425],\"s\":[1.137421,0.1750006,0.1750001],\"c\":[1,1,1]}]},{\"s\":[{\"p\":[3.83864,0.3192166,0.04554868],\"r\":[1.889702,2.561413,70.99296],\"s\":[19.93102,0.2039857,7.403042],\"c\":[1,1,1]}]}]}"}],"serveTime":3}