{"thingDefinitions":[{"id":"5d2d70342af5577924a375c9","def":"{\"v\":9,\"p\":[{\"b\":10,\"s\":[{\"p\":[0,0,0],\"r\":[0,0,0],\"s\":[0.125,0.1250001,0.1250001],\"c\":[1,1,1]}]},{\"b\":70,\"s\":[{\"p\":[0.1062749,-0.0232532,-0.1928113],\"r\":[10.62442,347.4889,10.86604],\"s\":[0.125,0.1250001,0.1250001],\"c\":[1,1,1]}]}]}"}],"serveTime":4}