{"thingDefinitions":[{"id":"5a7238df298d46c113ed74df","def":"{\"n\":\"thing\",\"v\":2,\"p\":[{\"b\":9,\"s\":[{\"p\":[-0.08489144,-0.2704317,-0.08380251],\"r\":[27.33679,351.7179,358.7075],\"s\":[0.1250003,0.1250003,0.1250001],\"c\":[1,1,1]}]},{\"b\":9,\"s\":[{\"p\":[-0.1365018,-0.3480625,-0.1154196],\"r\":[22.15671,354.4892,351.2112],\"s\":[0.1250001,0.1250002,0.1250002],\"c\":[1,1,1]}]},{\"b\":9,\"s\":[{\"p\":[-0.1093968,-0.1980196,-0.002227472],\"r\":[13.5329,352.5573,349.7971],\"s\":[0.1250003,0.1250003,0.1250002],\"c\":[1,1,1]}]}]}"}],"serveTime":5}