{"thingDefinitions":[{"id":"5cf812a958d1de773550d9c9","def":"{\"v\":9,\"p\":[{\"s\":[{\"p\":[0,0,0],\"r\":[0,0,0],\"s\":[0.1750005,0.1750003,0.1750005],\"c\":[1,0,0.5142856]}]}]}"}],"serveTime":5}