{"thingDefinitions":[{"id":"5cb8ca651a4c6b70441acecb","def":"{\"v\":9,\"p\":[{\"b\":14,\"s\":[{\"p\":[0,0,0],\"r\":[0,0,5.336085E-08],\"s\":[0.06000007,0.06000014,0.06000014],\"c\":[1,1,1]}]},{\"b\":14,\"s\":[{\"p\":[-0.0217583,0.1555794,-0.2237263],\"r\":[69.06654,16.37567,7.932163],\"s\":[0.06000008,0.06000019,0.0600002],\"c\":[1,1,1]}]}]}"}],"serveTime":4}