{"thingDefinitions":[{"id":"5b874e0a291280058eb323ff","def":"{\"v\":6,\"p\":[{\"s\":[{\"p\":[0,0,0],\"r\":[0,0,0],\"s\":[0.175,0.175,0.1749999],\"c\":[1,1,1]}]},{\"b\":2,\"s\":[{\"p\":[0.1393716,-0.008718073,0.02048883],\"r\":[1.355354,83.68951,267.7823],\"s\":[0.1250001,0.1250002,0.1250001],\"c\":[1,1,1]}]},{\"b\":5,\"s\":[{\"p\":[-0.1335311,-0.008594945,0.01234337],\"r\":[358.9593,83.38056,294.5618],\"s\":[0.1250001,0.125,0.1250001],\"c\":[1,1,1]}]}]}"},{"id":"5b874e646883985c11bc79f8","def":"{\"v\":6,\"p\":[{\"b\":10,\"s\":[{\"p\":[0,0,0],\"r\":[0,0,4.268868E-07],\"s\":[0.125,0.125,0.125],\"c\":[1,1,1]}]}]}"}],"serveTime":5}