{"thingDefinitions":[{"id":"5be74c80d444da2879f3f8e1","def":"{\"n\":\"ground\",\"v\":7,\"a\":[1],\"p\":[{\"b\":17,\"a\":[12],\"i\":[{\"t\":\"000000000000000000000001\",\"p\":[-0.1680425,2.570115,-0.4104059],\"r\":[358.3068,5.589012,35.55448]}],\"s\":[{\"p\":[0,0,0],\"r\":[0,0,-1.427403E-06],\"s\":[3.36335,0.1106202,3.201107],\"c\":[0.9019608,0.8509804,0.7215686]}]}]}"}],"serveTime":4}