{"thingDefinitions":[{"id":"5c04945d1fa21763f2eb6cd4","def":"{\"v\":7,\"p\":[{\"b\":175,\"s\":[{\"p\":[0,0,0],\"r\":[0,0,0],\"s\":[0.04500012,0.04500008,0.0450001],\"c\":[1,1,1]}]}]}"},{"id":"5c0496dd32633d054fe68e7b","def":"{\"v\":7,\"p\":[{\"b\":68,\"s\":[{\"p\":[0,0,0],\"r\":[0,0,1.707547E-06],\"s\":[0.1000001,0.1000001,0.1000002],\"c\":[1,1,1]}]},{\"b\":77,\"s\":[{\"p\":[-0.1410509,0.01374455,-0.04232503],\"r\":[51.10465,180.1446,91.70583],\"s\":[0.07500007,0.07500014,0.0750001],\"c\":[1,1,1]}]}]}"}],"serveTime":5}