{"thingDefinitions":[{"id":"5b0f08c9d8f76003d2db5dc9","def":"{\"v\":4,\"p\":[{\"s\":[{\"p\":[0,0,0],\"r\":[0,0,-1.707547E-06],\"s\":[0.1750001,0.1750001,0.1750003],\"c\":[0,0.6666667,0.495238]}]},{\"s\":[{\"p\":[0.03069788,-0.3817229,-0.1347106],\"r\":[17.56988,44.77477,300.2464],\"s\":[0.1750001,0.1750001,0.1750003],\"c\":[0,0.6666667,0.495238]}]},{\"b\":10,\"s\":[{\"p\":[-0.000385426,-0.2754607,-0.08161549],\"r\":[340.4941,77.64491,302.6996],\"s\":[0.1250001,0.1250001,0.125],\"c\":[1,1,1]}]},{\"b\":10,\"s\":[{\"p\":[-0.0003305003,-0.1460757,-0.005569879],\"r\":[305.8069,72.19919,309.1208],\"s\":[0.1250001,0.1250001,0.1250001],\"c\":[1,1,1]}]}]}"}],"serveTime":4}