{"thingDefinitions":[{"id":"5ad4bf9c9616fa3735c64a58","def":"{\"v\":3,\"p\":[{\"s\":[{\"p\":[0,0,0],\"r\":[0,0,-1.600826E-06],\"s\":[0.1750001,0.1750001,0.175],\"c\":[1,1,1]}]},{\"s\":[{\"p\":[-0.1026441,0.2995028,-0.08532201],\"r\":[302.1312,179.2922,71.49815],\"s\":[0.1750003,0.1750002,0.1750003],\"c\":[1,1,1]}]},{\"s\":[{\"p\":[0.05402712,-0.3245943,-0.1046083],\"r\":[328.3619,5.447026,313.8702],\"s\":[0.1750003,0.1750003,0.1750002],\"c\":[1,1,1]}]}]}"}],"serveTime":4}