{"thingDefinitions":[{"id":"5b9ac96c543c700578d3fbd8","def":"{\"v\":6,\"tp_lp\": [1,1,1],\"tp_lp\": [1,1,1],\"tp_lr\": [1,1,1],\"p\":[{\"s\":[{\"p\":[0.3113331,0.03847316,1.093223],\"r\":[48.71186,347.9045,99.65563],\"s\":[0.2518772,1.855343,0.2723528],\"c\":[1,1,1]}]},{\"s\":[{\"p\":[0.7051193,-1.017204,0.07280038],\"r\":[311.8341,350.8187,354.8804],\"s\":[2.044276,0.1428973,0.1750016],\"c\":[0,1,1]}]}]}"}],"serveTime":5}