{"thingDefinitions":[{"id":"5cb1e93c981488266be4b9bd","def":"{\"v\":9,\"p\":[{\"b\":10,\"s\":[{\"p\":[0,0,0],\"r\":[0,0,-1.707547E-06],\"s\":[0.1250003,0.1250002,0.1250001],\"c\":[1,1,1]}]}]}"}],"serveTime":4}