{"thingDefinitions":[{"id":"5e5a7c87a638030546d352d9","def":"{\"v\":9,\"a\":[2],\"p\":[{\"b\":10,\"s\":[{\"p\":[1.780506,1.30668,1.052174],\"r\":[328.75,267.625,0],\"s\":[0.125,0.125,0.125],\"c\":[1,1,1]}]},{\"b\":10,\"s\":[{\"p\":[1.732084,1.304246,0.9179833],\"r\":[329.875,8.375,0],\"s\":[0.125,0.125,0.125],\"c\":[1,1,1]}]}]}"}],"serveTime":4}