{"thingDefinitions":[{"id":"5cd09b1f7e42753a268bf6a5","def":"{\"n\":\"ground\",\"v\":9,\"a\":[1],\"p\":[{\"b\":17,\"s\":[{\"p\":[1.200022,-0.568366,0.001320422],\"r\":[6.237534,32.43826,5.394603],\"s\":[3.36335,0.1106202,3.201105],\"c\":[0.9019608,0.8509804,0.7215686]},{\"p\":[0,0,0],\"r\":[0,0,0],\"s\":[3.363346,0.11062,3.201102],\"c\":[0.9019608,0.8509804,0.7215686]}]}]}"}],"serveTime":4}