{"thingDefinitions":[{"id":"5c452d85d49c1f05572d6e74","def":"{\"v\":7,\"p\":[{\"b\":3,\"s\":[{\"p\":[0,0,0],\"r\":[0,0,8.537737E-07],\"s\":[0.125,0.125,0.125],\"c\":[1,1,1]}]},{\"s\":[{\"p\":[0.06412202,0.0179082,-0.1288719],\"r\":[2.520419,331.3316,32.45741],\"s\":[0.1749999,0.175,0.175],\"c\":[1,1,1]}]}]}"}],"serveTime":4}