{"thingDefinitions":[{"id":"5a4a9cf30d20153010d6c598","def":"{\"n\":\"smiley head\",\"v\":3,\"p\":[{\"b\":3,\"s\":[{\"p\":[0,0,0],\"r\":[0,0,-1.067217E-06],\"s\":[0.1250005,0.1250007,0.1250005],\"c\":[0.9746031,1,0.111111]}]},{\"b\":10,\"a\":[3],\"s\":[{\"p\":[-0.05800199,-0.06467822,-0.08532239],\"r\":[359.6938,314.1541,72.80138],\"s\":[0.02544517,0.02544527,0.02544538],\"c\":[0,0,0]}]},{\"b\":10,\"a\":[3],\"s\":[{\"p\":[-0.069012,0.0590232,-0.08473802],\"r\":[326.3334,324.7228,59.2787],\"s\":[0.02544513,0.02544528,0.02544535],\"c\":[0,0,0]}]},{\"b\":42,\"s\":[{\"p\":[0.03217399,0.01329004,-0.07512094],\"r\":[79.66911,95.17783,244.3237],\"s\":[0.07487662,0.1250008,0.1018578],\"c\":[1,0.2634919,0.111111]}]}]}"}],"serveTime":4}