{"thingDefinitions":[{"id":"5cee02ed7e89af31eee55062","def":"{\"v\":9,\"p\":[{\"b\":9,\"s\":[{\"p\":[0,0,0],\"r\":[0,0,8.537735E-07],\"s\":[0.1250001,0.1250001,0.125],\"c\":[1,1,1]}]},{\"b\":11,\"s\":[{\"p\":[-0.1964731,0.009486184,0.03897875],\"r\":[347.109,271.994,60.40293],\"s\":[0.1,0.1000001,0.1000001],\"c\":[1,1,1]}]}]}"}],"serveTime":6}