{"thingDefinitions":[{"id":"5ecc337736f8ab144b8e9ed3","def":"{\"n\":\"ground\",\"v\":9,\"a\":[1],\"p\":[{\"b\":17,\"s\":[{\"p\":[0,0,0],\"r\":[0,0,0],\"s\":[3.363346,0.11062,3.201102],\"c\":[0.9019608,0.8509804,0.7215686]}]},{\"s\":[{\"p\":[0.1551297,1.135556,0.8481513],\"r\":[275.6404,234.8947,0.07609594],\"s\":[0.1750011,0.1750011,0.1750008],\"c\":[1,1,1]}]}]}"}],"serveTime":5}