{"thingDefinitions":[{"id":"5bb55d005a6d541c2cd04e26","def":"{\"v\":7,\"a\":[51],\"p\":[{\"t\":2,\"a\":[29],\"im\":\"938329658124295745/61F66C17A724B97851E212A231162C3937860F37/\",\"s\":[{\"p\":[0,0,0],\"r\":[0,0,0],\"s\":[0.7642493,0.001,0.3821247],\"c\":[1,1,1]}]}]}"},{"id":"5df724b5adb9983a454568e0","def":"{\"v\":9,\"a\":[22],\"p\":[{\"b\":60,\"t\":21,\"s\":[{\"p\":[0,0,0],\"r\":[0,0,0],\"s\":[9.910377,6.804165,0.1250144],\"c\":[0.2677248,0.2592592,0.3333332]}]}]}"},{"id":"5df7256d7d9ea63a4640a203","def":"{\"v\":9,\"a\":[22],\"p\":[{\"b\":123,\"a\":[19],\"e\":\"Back\\nTo Multiplayer Hub\",\"s\":[{\"p\":[-0.0087906,0.06459214,0.05526239],\"r\":[90,-1.448902E-05,0],\"s\":[0.004710252,0.004710142,0.004710169],\"c\":[0,0,0]}]},{\"b\":60,\"t\":7,\"s\":[{\"p\":[0.001133404,0.04247787,-0.004300568],\"r\":[0,0,8.537735E-07],\"s\":[0.3931353,0.008805296,0.1934593],\"c\":[0.3640209,0.296296,0.8888889],\"b\":[\"when touches hand then send one nearby to multiplayer game hub\"]}]}]}"}],"serveTime":7}