{"thingDefinitions":[{"id":"5c7cbf1f119b47724d0b525e","def":"{\"n\":\"g 55\",\"v\":7,\"a\":[49],\"p\":[{\"b\":4,\"s\":[{\"p\":[0,0,0],\"r\":[0,0,0],\"s\":[0.1250004,0.1250002,0.1250003],\"c\":[1,1,1]}]},{\"b\":9,\"s\":[{\"p\":[0.0005672215,0.00628148,-0.1610912],\"r\":[15.43319,300.1902,354.3539],\"s\":[0.1250003,0.1250002,0.1250004],\"c\":[1,1,1]}]}]}"}],"serveTime":11}