{"thingDefinitions":[{"id":"5c22567bea1f546e4855e0ff","def":"{\"v\":7,\"p\":[{\"b\":164,\"s\":[{\"p\":[0,0,0],\"r\":[0,0,1.707547E-06],\"s\":[0.1000003,0.1000002,0.1000001],\"c\":[1,1,1]}]},{\"b\":173,\"s\":[{\"p\":[-0.01208518,0.04665838,0.1307067],\"r\":[328.9264,223.2969,320.1978],\"s\":[0.04500008,0.04500004,0.04500005],\"c\":[1,1,1]}]},{\"b\":157,\"s\":[{\"p\":[0.01207331,-0.003404573,0.129751],\"r\":[322.2161,285.1521,268.5227],\"s\":[0.0800001,0.08000006,0.08000006],\"c\":[1,1,1]}]},{\"b\":150,\"s\":[{\"p\":[0.007756993,-0.05487335,-0.09370434],\"r\":[286.3963,68.54494,305.9068],\"s\":[0.06000005,0.06000007,0.06],\"c\":[1,1,1]}]}]}"}],"serveTime":3}