{"thingDefinitions":[{"id":"5c9a8305ebfb317b4a278d0e","def":"{\"n\":\"ground\",\"v\":9,\"a\":[1,22],\"p\":[{\"b\":17,\"s\":[{\"p\":[0,0,0],\"r\":[0,0,0],\"s\":[5.452998,0.1182539,5.290756],\"c\":[0.9019608,0.8509804,0.7215686]}]}]}"},{"id":"5c9a85493e6d690563bff6cb","def":"{\"v\":9,\"p\":[{\"t\":3,\"s\":[{\"p\":[0,0,0],\"r\":[0,0,1.160599E-06],\"s\":[0.1750001,0.1750001,0.175],\"c\":[1,1,1]}]}]}"},{"id":"5c9a8772d435594e10df4a01","def":"{\"v\":9,\"p\":[{\"b\":5,\"s\":[{\"p\":[0,0,0],\"r\":[0,0,0],\"s\":[0.1000001,0.1,0.1000001],\"c\":[1,1,1]}]}]}"}],"serveTime":8}