{"thingDefinitions":[{"id":"5830f856af8797a16406c42b","def":"{\"n\":\"thing\",\"p\":[{\"b\":19,\"e\":\"THIS IS A BLUE CUBE. ENJOY!\",\"s\":[{\"p\":[-0.01562303,0.04182035,-0.5417496],\"r\":[78.60451,233.4618,324.3583],\"s\":[0.003000004,0.003000002,0.003000003],\"c\":[1,1,1]}]},{\"s\":[{\"p\":[0.0117494,-0.03730579,-0.03308691],\"r\":[4.469014,0.5896275,6.260954],\"s\":[0.1750003,0.1750003,0.1750001],\"c\":[0,0.2222218,0.5555556]}]}]}"},{"id":"5830f9ee02d95ff00f9af817","def":"{\"n\":\"thing\",\"a\":[2,3,9,15,17],\"p\":[{\"s\":[{\"p\":[-0.7932466,1.377114,2.245772],\"r\":[14.56838,224.1829,23.0258],\"s\":[1.48986,1.641988,0.7933581],\"c\":[0,0.2222218,0.5555556]}]},{\"b\":3,\"s\":[{\"p\":[-0.2921411,1.170984,1.81092],\"r\":[58.95159,122.1435,354.3994],\"s\":[0.1250003,0.2903018,0.3377179],\"c\":[0.4571425,1,0]}]}]}"}],"serveTime":5}