{"thingDefinitions":[{"id":"5adad49f711e330fcf0dec43","def":"{\"n\":\"ground\",\"v\":4,\"a\":[1],\"p\":[{\"b\":17,\"s\":[{\"p\":[0,0,0],\"r\":[0,0,0],\"s\":[3.363346,0.11062,3.201102],\"c\":[0.9019608,0.8509804,0.7215686]}]},{\"b\":10,\"s\":[{\"p\":[-0.8761725,1.276234,2.630405],\"r\":[308.081,220.1647,13.20687],\"s\":[0.1250002,0.125,0.125],\"c\":[1,1,1]}]},{\"b\":14,\"s\":[{\"p\":[-1.017119,1.157284,3.028283],\"r\":[346.1009,305.7329,313.4296],\"s\":[0.06000003,0.06000002,0.06000004],\"c\":[1,1,1]}]}]}"}],"serveTime":4}