{"thingDefinitions":[{"id":"5d35c546c268bc353120d417","def":"{\"v\":9,\"p\":[{\"b\":10,\"s\":[{\"p\":[0.4869798,0.1093185,0.04141218],\"r\":[353.2847,47.40369,20.37805],\"s\":[0.1250001,0.1250002,0.1250001],\"c\":[1,1,1]}]}]}"}],"serveTime":6}