{"thingDefinitions":[{"id":"5c81e031119b47724d0b54b8","def":"{\"n\":\"ground\",\"v\":7,\"a\":[1],\"p\":[{\"b\":17,\"s\":[{\"p\":[0,0,0],\"r\":[0,0,0],\"s\":[224.526,0.11062,61.32101],\"c\":[0.9019608,0.8509804,0.7215686]}]}]}"},{"id":"5c81df61b69c375384305ef4","def":"{\"v\":7,\"p\":[{\"b\":3,\"s\":[{\"p\":[0,0,0],\"r\":[0,0,0],\"s\":[0.125,0.125,0.125],\"c\":[1,1,1]}]},{\"b\":3,\"s\":[{\"p\":[-0.008545356,0.03948798,0.1237679],\"r\":[1.39565,2.855459,352.9934],\"s\":[0.125,0.125,0.125],\"c\":[1,1,1]}]},{\"b\":3,\"s\":[{\"p\":[-0.01319063,0.08815147,0.2503867],\"r\":[6.873009,24.98487,332.9748],\"s\":[0.125,0.125,0.125],\"c\":[1,1,1]}]}]}"}],"serveTime":7}