{"thingDefinitions":[{"id":"5cde601b30c5cf05680ab655","def":"{\"n\":\"gr-grass-1\",\"v\":9,\"a\":[7,36],\"p\":[{\"a\":[15,16,17],\"t1\":11,\"t2\":112,\"s\":[{\"p\":[0,0,0],\"r\":[0,0,0],\"s\":[47.61949,25.83131,0.210025],\"c\":[0.2469135,0.5555556,0.3174602],\"t1\":{\"c\":[0.4571427,1,0],\"x\":0.5,\"y\":0.5,\"a\":0.8925,\"m\":0,\"n\":0,\"r\":0,\"g\":0,\"o\":0.5,\"t\":0.5,\"e\":0.5},\"t2\":{\"c\":[0.2275132,0.5555556,0.1851851],\"x\":0.5,\"y\":0.5,\"a\":0.8925,\"m\":0,\"n\":0,\"r\":0,\"g\":0,\"o\":0.5,\"t\":0.5,\"e\":0.5}}]}]}"}],"serveTime":3}