{"thingDefinitions":[{"id":"5b36afc454b34e10a497f1b1","def":"{\"v\":5,\"a\":[2,9,14],\"p\":[{\"b\":9,\"s\":[{\"p\":[0,0,0],\"r\":[0,0,0],\"s\":[0.1250001,0.1250003,0.1250001],\"c\":[1,1,1]}]}]}"}],"serveTime":4}