{"thingDefinitions":[{"id":"5d01bd7f94d1d32fd1483356","def":"{\"v\":9,\"p\":[{\"b\":14,\"s\":[{\"p\":[0,0,0],\"r\":[0,0,8.537737E-07],\"s\":[0.06000002,0.05999999,0.1082889],\"c\":[1,1,1]}]},{\"b\":14,\"s\":[{\"p\":[0.09286444,-0.0007015467,-0.3693456],\"r\":[359.0935,329.5776,355.4911],\"s\":[0.06000016,0.06000008,0.07918882],\"c\":[1,1,1]}]}]}"}],"serveTime":4}