{"thingDefinitions":[{"id":"5e23bca8c85a503800d3e2ec","def":"{\"v\":9,\"p\":[{\"b\":3,\"s\":[{\"p\":[0,0,0],\"r\":[0,0,0],\"s\":[0.1250006,0.1250002,0.1250007],\"c\":[1,0.4151261,0.1652657]}]}]}"}],"serveTime":5}