{"thingDefinitions":[{"id":"5de0170508109d061eee9ab6","def":"{\"n\":\"ground\",\"v\":9,\"a\":[1],\"p\":[{\"b\":17,\"s\":[{\"p\":[0,0,0],\"r\":[0,0,0],\"s\":[3.363346,0.11062,3.201102],\"c\":[0.9019608,0.8509804,0.7215686]}]},{\"s\":[{\"p\":[-1.618656,1.174738,2.210405],\"r\":[348.0357,66.43452,200.902],\"s\":[0.1750008,0.1750008,0.1750006],\"c\":[1,1,1]}]},{\"b\":16,\"s\":[{\"p\":[-1.648563,1.22496,2.218706],\"r\":[33.54941,296.7537,359.45],\"s\":[0.1,0.09999999,0.1],\"c\":[1,1,1]}]},{\"b\":8,\"s\":[{\"p\":[-1.577818,1.005505,2.17154],\"r\":[48.46928,243.7883,60.90819],\"s\":[0.1250002,0.1250001,0.1250001],\"c\":[1,1,1]}]}]}"}],"serveTime":6}