{"thingDefinitions":[{"id":"57fd03745d7ed0de0f0fdb99","def":"{\"n\":\"thing\",\"p\":[{\"s\":[{\"p\":[0,0,0],\"r\":[0,0,0],\"s\":[12.37804,23.37863,0.06151579],\"c\":[0.5555556,0.4850087,0.0617283]}]}]}"}],"serveTime":4}