{"thingDefinitions":[{"id":"588c875ad740049b13721eb2","def":"{\"n\":\"rytt4t46\",\"a\":[2,3,4,7,8,18],\"p\":[{\"b\":2,\"s\":[{\"p\":[0,0,0],\"r\":[0,0,0],\"s\":[0.2075741,0.3020702,0.1097653],\"c\":[1,1,1]}]},{\"b\":9,\"s\":[{\"p\":[-0.3587584,0.07847303,1.135048],\"r\":[295.8447,278.6537,80.99976],\"s\":[0.1250142,0.1250125,0.1250191],\"c\":[1,1,1]}]},{\"b\":17,\"s\":[{\"p\":[-0.3237608,0.1695387,0.1154919],\"r\":[64.15526,98.65372,99.0003],\"s\":[0.06002367,0.06001001,0.06001971],\"c\":[1,1,1]}]}]}"}],"serveTime":5}