{"thingDefinitions":[{"id":"5e7b93d0f1712c51a3e5a8e9","def":"{\"n\":\"ground\",\"v\":9,\"a\":[1],\"p\":[{\"b\":17,\"s\":[{\"p\":[0,0,0],\"r\":[0,0,0],\"s\":[3.363346,0.11062,3.201102],\"c\":[0.9019608,0.8509804,0.7215686]}]},{\"s\":[{\"p\":[2.631961,0.7558458,-3.61806],\"r\":[56.2564,79.30299,35.24543],\"s\":[0.1750002,0.1750001,0.1750002],\"c\":[1,1,1]}]}]}"}],"serveTime":4}