{"thingDefinitions":[{"id":"5e7633e33d0e3218bb53a2e1","def":"{\"v\":9,\"p\":[{\"b\":76,\"s\":[{\"p\":[0.2130183,0.201882,-0.09959766],\"r\":[30.94781,26.20203,89.37286],\"s\":[0.07500003,0.07500002,0.07500004],\"c\":[1,0,0.3428572]}]},{\"b\":84,\"s\":[{\"p\":[-0.4447342,0.2842958,0.05215938],\"r\":[14.67865,28.94537,301.5819],\"s\":[0.3044512,0.07500008,0.1599182],\"c\":[1,0,0.3428572]}]},{\"b\":77,\"s\":[{\"p\":[-0.3074561,-0.2432002,-0.2441559],\"r\":[351.4072,334.0065,359.115],\"s\":[0.4730852,0.1201688,0.07500021],\"c\":[1,0,0.3428572]}]}]}"}],"serveTime":4}