{"thingDefinitions":[{"id":"5be864806d368b054ecdf767","def":"{\"n\":\"ground\",\"v\":7,\"a\":[1],\"p\":[{\"b\":17,\"s\":[{\"p\":[0,0,0],\"r\":[0,0,0],\"s\":[3.36042,0.11062,4.543969],\"c\":[0.9019608,0.8509804,0.7215686]}]}]}"}],"serveTime":8}