{"thingDefinitions":[{"id":"5d92d8ce309ea4392c5a8206","def":"{\"v\":9,\"p\":[{\"s\":[{\"p\":[0,0,0],\"r\":[0,0,8.137529E-07],\"s\":[0.1750001,0.1750001,0.1750002],\"c\":[1,1,1]}]},{\"b\":2,\"s\":[{\"p\":[-0.005815852,0.149147,0.00128701],\"r\":[270.9181,264.3709,96.95375],\"s\":[0.1250001,0.1250002,0.1250001],\"c\":[1,1,1]}]}]}"},{"id":"5d92d9d2288c857ffcc86017","def":"{\"v\":9,\"p\":[{\"s\":[{\"p\":[0,0,0],\"r\":[0,0,8.137529E-07],\"s\":[0.1750001,0.1750001,0.1750002],\"c\":[1,1,1]}]},{\"b\":2,\"s\":[{\"p\":[-0.005815852,0.149147,0.00128701],\"r\":[270.9181,264.3709,96.95375],\"s\":[0.1250001,0.1250002,0.1250001],\"c\":[0,1,1]}]}]}"}],"serveTime":6}