{"thingDefinitions":[{"id":"5a64f3398fdc3e9b134c979d","def":"{\"n\":\"thing\",\"v\":3,\"p\":[{\"b\":5,\"s\":[{\"p\":[0.09955858,-0.04730198,-0.1307061],\"r\":[2.242103,322.9986,15.09964],\"s\":[0.125,0.125,0.1250001],\"c\":[1,1,1]}]},{\"b\":12,\"s\":[{\"p\":[0.1699555,-0.01918352,-0.1961434],\"r\":[66.26777,70.13656,105.2883],\"s\":[0.06000002,0.06000001,0.06000002],\"c\":[1,1,1]}]},{\"b\":9,\"s\":[{\"p\":[-0.0002212239,-0.01696912,-0.01439402],\"r\":[31.90812,52.03229,347.2653],\"s\":[0.1250001,0.125,0.1250001],\"c\":[1,1,1]}]}]}"}],"serveTime":4}