{"thingDefinitions":[{"id":"580b8730a0a4156f13282730","def":"{\"n\":\"thing\",\"p\":[{\"b\":3,\"t\":3,\"s\":[{\"p\":[0,0,0],\"r\":[0,0,5.336085E-08],\"s\":[0.1363139,0.4101765,0.1250003],\"c\":[0.111111,0.111111,0.111111]}]},{\"b\":5,\"s\":[{\"p\":[-0.01506836,-0.4216272,-0.005781241],\"r\":[275.5043,229.502,136.0038],\"s\":[0.007929638,0.008257143,2.611646],\"c\":[1,1,1]}]}]}"}],"serveTime":4}