{"thingDefinitions":[{"id":"584cca17280effb913885cf8","def":"{\"n\":\"thing\",\"p\":[{\"b\":7,\"t\":1,\"s\":[{\"p\":[0,0,0],\"r\":[0,0,0],\"s\":[0.1735792,0.3826739,0.3135784],\"c\":[0.9714286,1,0]}]},{\"b\":8,\"s\":[{\"p\":[-0.3300263,-0.1379296,-0.09836282],\"r\":[9.175401,21.63518,71.60369],\"s\":[0.125,0.125,0.125],\"c\":[1,1,1]}]}]}"}],"serveTime":9}