{"thingDefinitions":[{"id":"5d01bd64576b2e1cdc14e605","def":"{\"v\":9,\"p\":[{\"s\":[{\"p\":[0,0,0],\"r\":[0,0,-1.707547E-06],\"s\":[0.1750003,0.1750005,0.1750003],\"c\":[1,1,1]}]},{\"s\":[{\"p\":[-1.442968,0.4059954,-0.9128843],\"r\":[13.0177,60.21935,287.411],\"s\":[0.1750003,0.1750004,0.1750001],\"c\":[1,1,1]}]}]}"}],"serveTime":4}