{"thingDefinitions":[{"id":"5aa3e94bd9e4b20fe0289ebf","def":"{\"v\":2,\"p\":[{\"s\":[{\"p\":[-0.0001227716,-0.1359588,0.003811702],\"r\":[0.520354,359.853,359.721],\"s\":[0.05087516,0.1355751,0.05072046],\"c\":[1,1,1]}]},{\"s\":[{\"p\":[-0.0001223709,0.0006525554,0.006148138],\"r\":[0.3626009,0.5046947,0.5526806],\"s\":[0.05087508,0.1355746,0.05072018],\"c\":[1,1,1]}]}]}"}],"serveTime":4}