{"thingDefinitions":[{"id":"5e4ee987ef3050061f2d0673","def":"{\"n\":\"ground\",\"v\":9,\"a\":[1],\"p\":[{\"b\":17,\"s\":[{\"p\":[0,0,0],\"r\":[0,0,2.801445E-07],\"s\":[3.363351,0.1106201,3.201101],\"c\":[0.9019608,0.8509804,0.7215686]}]}]}"},{"id":"5e4ee85b1038f82bdc5ac73f","def":"{\"v\":9,\"p\":[{\"s\":[{\"p\":[0,0,0],\"r\":[0,0,6.403303E-07],\"s\":[0.1750001,0.1750001,0.1750001],\"c\":[1,1,1]}]}]}"}],"serveTime":6}