{"thingDefinitions":[{"id":"5da7e01be0160406287922e2","def":"{\"n\":\"ground\",\"v\":9,\"a\":[1],\"p\":[{\"b\":17,\"s\":[{\"p\":[0,0,0],\"r\":[0,0,0],\"s\":[3.363346,0.11062,3.201102],\"c\":[0.9019608,0.8509804,0.7215686]}]},{\"b\":3,\"s\":[{\"p\":[1.061395,1.05795,-1.662347],\"r\":[300.939,54.4833,30.47377],\"s\":[0.1250002,0.1250001,0.1250002],\"c\":[1,1,1]}]},{\"b\":4,\"s\":[{\"p\":[1.091874,1.223874,-1.653309],\"r\":[281.3803,80.02261,4.726232],\"s\":[0.1250002,0.1250001,0.1250001],\"c\":[1,1,1]}]},{\"b\":3,\"s\":[{\"p\":[0.9356608,1.260441,-1.936062],\"r\":[288.0214,43.09625,78.19245],\"s\":[0.1250004,0.1250002,0.1250002],\"c\":[1,1,1]}]}]}"}],"serveTime":10}