{"thingDefinitions":[{"id":"5a16500876c532c713f453f1","def":"{\"n\":\"thing\",\"v\":2,\"a\":[2,3,15],\"p\":[{\"b\":13,\"s\":[{\"p\":[0,0,0],\"r\":[0,0,0],\"s\":[0.01564476,0.06995934,0.01780263],\"c\":[1,1,1]}]},{\"b\":5,\"s\":[{\"p\":[0.00292252,0.0764758,-0.07419073],\"r\":[358.6226,0.4889857,91.25215],\"s\":[0.01427045,0.01313807,0.1250007],\"c\":[1,1,1]}]},{\"b\":13,\"s\":[{\"p\":[-0.003231153,0.03904735,-0.04672258],\"r\":[340.6916,358.73,95.42635],\"s\":[0.005000008,0.005000003,0.01658574],\"c\":[1,1,1]}]}]}"}],"serveTime":5}