{"thingDefinitions":[{"id":"5ce9bb6a96010b604ee59e32","def":"{\"v\":9,\"p\":[{\"b\":86,\"s\":[{\"p\":[0.00896816,-0.8491483,0.008365665],\"r\":[357.828,31.9618,179.3313],\"s\":[0.075,0.07500002,0.07500001],\"c\":[1,1,1]}]},{\"s\":[{\"p\":[0.02093877,0.001491319,-0.02270703],\"r\":[359.2785,3.005314,358.4783],\"s\":[0.4650049,1.830136,0.4944716],\"c\":[1,1,1]}]}]}"}],"serveTime":5}