{"thingDefinitions":[{"id":"5cd827ca56db2c0eba66cffe","def":"{\"n\":\"ground\",\"v\":9,\"a\":[1],\"p\":[{\"b\":17,\"s\":[{\"p\":[0,0,0],\"r\":[0,0,0],\"s\":[3.363346,0.11062,3.201102],\"c\":[0.9019608,0.8509804,0.7215686]},{\"p\":[0.462019,2.148356,-6.58182],\"r\":[340.8765,254.8203,343.6437],\"s\":[8.311324,0.5247313,3.201103],\"c\":[0.3333332,0.3714281,1]}]}]}"}],"serveTime":5}