{"thingDefinitions":[{"id":"59b370938802aed3136aaa6b","def":"{\"n\":\"thing\",\"p\":[{\"b\":12,\"s\":[{\"p\":[0,0,0],\"r\":[0,0,4.268868E-07],\"s\":[0.06000037,0.06000047,0.06000014],\"c\":[0,1,1]}]}]}"}],"serveTime":4}