{"thingDefinitions":[{"id":"5ad0841500baed158238b943","def":"{\"v\":2,\"p\":[{\"b\":5,\"t\":8,\"a\":[12],\"s\":[{\"p\":[0,0,0],\"r\":[0,0,0],\"s\":[0.125,0.1250003,0.1250003],\"c\":[1,1,1],\"b\":[\"when touched then become 2\",\"when triggered then become 3 via 2 \"]},{\"p\":[0.1383737,0.1436588,0.02443895],\"r\":[1.112312,0.8454564,350.6563],\"s\":[0.1250001,0.1250007,0.1250008],\"c\":[1,1,1]}]}]}"},{"id":"5ad089418e888b0fe18694be","def":"{\"v\":3,\"p\":[{\"s\":[{\"p\":[0,0,0],\"r\":[0,0,0],\"s\":[0.175,0.1750001,0.1750001],\"c\":[1,1,1],\"b\":[\"when shaken then allow invisibility\"]},{\"p\":[0,0,0],\"r\":[0,0,0],\"s\":[0.175,0.1750001,0.1750001],\"c\":[0,0.1523808,0.6666667],\"b\":[\"when shaken then type \\\"bitch\\\"\"]}]}]}"}],"serveTime":5}