{"thingDefinitions":[{"id":"5d5e06fa528bc031f3bb7687","def":"{\"n\":\"ground\",\"v\":9,\"a\":[1],\"p\":[{\"b\":17,\"s\":[{\"p\":[0,0,0],\"r\":[0,0,0],\"s\":[3.363346,0.11062,3.201102],\"c\":[0.9019608,0.8509804,0.7215686]}]},{\"s\":[{\"p\":[-0.6947653,1.809197,0.451355],\"r\":[355.6307,4.335868,78.8996],\"s\":[0.1750001,0.1750001,0.175],\"c\":[1,1,1]}]}]}"}],"serveTime":4}