{"thingDefinitions":[{"id":"5d52f103024268061e2fb1b2","def":"{\"v\":9,\"p\":[{\"s\":[{\"p\":[0,0,0],\"r\":[0,0,4.268868E-07],\"s\":[0.175,0.1749999,0.1749999],\"c\":[1,1,1]}]}]}"}],"serveTime":4}