{"thingDefinitions":[{"id":"5a3d1f85457c8e3010367595","def":"{\"n\":\"thing\",\"v\":2,\"p\":[{\"b\":77,\"s\":[{\"p\":[0,0,0],\"r\":[0,0,-2.134434E-07],\"s\":[0.075,0.07500003,0.07499999],\"c\":[1,1,1]}]},{\"b\":175,\"s\":[{\"p\":[-0.002333668,0.03778607,0.007630715],\"r\":[0.1975825,15.65208,1.368832],\"s\":[0.04500001,0.04500001,0.045],\"c\":[1,1,1]}]},{\"b\":57,\"s\":[{\"p\":[-0.01581138,-0.05707975,0.03647474],\"r\":[356.6456,338.14,357.9489],\"s\":[0.213861,0.6920759,0.212704],\"c\":[1,1,1]}]}]}"},{"id":"5a3d1fc7ce03f9fd65178604","def":"{\"n\":\"thing\",\"v\":2,\"a\":[2,9,12,15],\"p\":[{\"b\":9,\"s\":[{\"p\":[0,0,0],\"r\":[0,0,-8.537735E-07],\"s\":[0.1250001,0.1250001,0.1250002],\"c\":[1,1,1]}]}]}"}],"serveTime":6}