{"thingDefinitions":[{"id":"5a331353ace23ef34dece535","def":"{\"n\":\"thing\",\"v\":2,\"a\":[7],\"p\":[{\"s\":[{\"p\":[0,0,0],\"r\":[0,0,0],\"s\":[150,145.1194,0.125416],\"c\":[0.1015871,0.8888889,0]}]}]}"}],"serveTime":4}