{"thingDefinitions":[{"id":"5c71eecc26ec1d0e7c6bf16e","def":"{\"v\":7,\"a\":[1,2,4],\"p\":[{\"b\":11,\"s\":[{\"p\":[1.218831,0.08389801,-1.018639],\"r\":[15.73583,337.8045,358.9991],\"s\":[0.1000002,0.1,0.1000003],\"c\":[1,1,1]}]},{\"s\":[{\"p\":[-1.485098,0.8188286,0.120786],\"r\":[337.2188,206.6595,39.18105],\"s\":[0.1750001,0.1750003,0.1750002],\"c\":[1,1,1]}]},{\"b\":5,\"s\":[{\"p\":[-1.1072,0.6184986,0.2809229],\"r\":[350.2478,334.0228,335.4004],\"s\":[0.1000001,0.1,0.1000001],\"c\":[1,1,1]}]}]}"},{"id":"5c71ef5e62a5662a9fba163d","def":"{\"n\":\"what do i do\",\"v\":7,\"p\":[{\"b\":4,\"s\":[{\"p\":[0,0,0],\"r\":[0,0,0],\"s\":[0.1250003,0.1250006,0.1250007],\"c\":[1,1,1]}]}]}"}],"serveTime":5}