{"thingDefinitions":[{"id":"5ac68d7a1eff3c0ff11bf0e9","def":"{\"v\":2,\"p\":[{\"b\":3,\"t\":9,\"s\":[{\"p\":[0,0,0],\"r\":[0,0,-8.537735E-07],\"s\":[0.1250001,0.125,0.1250001],\"c\":[0,0,0]}]},{\"b\":3,\"s\":[{\"p\":[0.2833946,-0.04360968,-0.08145115],\"r\":[343.6607,41.79789,5.630706],\"s\":[0.125,0.125,0.125],\"c\":[0,0.111111,0.06349198]}]},{\"s\":[{\"p\":[0.2206339,0.08354434,0.1482499],\"r\":[319.5772,22.53194,348.6337],\"s\":[0.175,0.1750001,0.1750001],\"c\":[0,0.111111,0.06349198]}]}]}"}],"serveTime":7}