{"thingDefinitions":[{"id":"5ae0f70a483ec00f9e1faf75","def":"{\"v\":4,\"a\":[2,16],\"p\":[{\"b\":54,\"s\":[{\"p\":[0,0,0],\"r\":[0,0,0],\"s\":[0.1250001,0.1250001,0.1250001],\"c\":[1,1,1]}]}]}"}],"serveTime":5}