{"thingDefinitions":[{"id":"5a964efb053d943764a34d39","def":"{\"v\":2,\"a\":[2],\"p\":[{\"b\":146,\"s\":[{\"p\":[0.3974239,-0.1236077,-0.08020107],\"r\":[357.9317,16.72645,350.2503],\"s\":[1.423069,0.005000012,0.00500001],\"c\":[0.3333332,0.1873015,0.111111]}]},{\"b\":154,\"s\":[{\"p\":[-0.3781413,0.01211692,0.1471451],\"r\":[298.3481,36.21382,68.68391],\"s\":[0.005000004,0.06703936,0.00500001],\"c\":[0.5555556,0.5555556,0.5555556]}]}]}"}],"serveTime":4}