{"thingDefinitions":[{"id":"5aa9346eb5bf5713885585a9","def":"{\"n\":\"ground\",\"v\":3,\"a\":[1],\"p\":[{\"b\":17,\"s\":[{\"p\":[0,0,0],\"r\":[0,0,0],\"s\":[150,0.1870469,150],\"c\":[0.9019608,0.8509804,0.7215686]}]}]}"}],"serveTime":3}