{"thingDefinitions":[{"id":"5df21a148dc3d53a3f791d1d","def":"{\"v\":9,\"p\":[{\"s\":[{\"p\":[0,0,0],\"r\":[0,0,-4.268868E-07],\"s\":[0.1750002,0.1750002,0.1750002],\"c\":[1,1,1]}]}]}"}],"serveTime":4}