{"thingDefinitions":[{"id":"5d7eea45a997d87fe66e60d5","def":"{\"n\":\"leg\",\"v\":9,\"p\":[{\"b\":9,\"s\":[{\"p\":[-0.1177328,-0.009581432,-0.1605919],\"r\":[341.7231,0.9434999,314.3037],\"s\":[0.1250002,0.1250001,0.1250001],\"c\":[0.3333332,1,1]}]},{\"b\":5,\"s\":[{\"p\":[0.2450338,-0.1248516,0.1082082],\"r\":[320.576,293.5603,63.89532],\"s\":[0.1000002,0.1000001,0.1000002],\"c\":[0.8,1,0]}]},{\"b\":11,\"s\":[{\"p\":[0.08570273,-0.1852693,-0.05225549],\"r\":[46.40141,87.03914,17.67951],\"s\":[0.1000006,0.1000008,0.1000005],\"c\":[0.3333332,1,1]}]},{\"b\":108,\"e\":\"8LEG\",\"s\":[{\"p\":[0.4182916,-0.1718336,-0.02828344],\"r\":[11.04161,2.924918,161.9208],\"s\":[0.003000002,0.003000002,0.003],\"c\":[1,1,1]}]}]}"}],"serveTime":5}