{"thingDefinitions":[{"id":"5b9fb0f2693294049c089570","def":"{\"v\":6,\"p\":[{\"b\":9,\"s\":[{\"p\":[0,0,0],\"r\":[0,0,1.707547E-06],\"s\":[0.1250002,0.1250003,0.1250002],\"c\":[1,1,1]}]}]}"}],"serveTime":4}