{"thingDefinitions":[{"id":"597c9aa95c2052ac1337561e","def":"{\"n\":\"thing\",\"p\":[{\"b\":9,\"s\":[{\"p\":[0,0,0],\"r\":[0,0,1.707547E-06],\"s\":[1.196154,1.571918,1.333272],\"c\":[1,1,1]}]},{\"b\":9,\"s\":[{\"p\":[0.01363465,1.058752,-0.5968373],\"r\":[302.0901,23.59173,273.3652],\"s\":[1.196157,1.571922,1.333278],\"c\":[1,1,1]}]},{\"b\":9,\"s\":[{\"p\":[1.131486,1.362048,-0.08383942],\"r\":[355.5169,0.530079,234.066],\"s\":[1.196157,1.571919,1.333273],\"c\":[1,1,1]}]}]}"}],"serveTime":5}