{"thingDefinitions":[{"id":"5d06fc92fdfd5350e9862f8d","def":"{\"n\":\"ground\",\"v\":9,\"a\":[1],\"p\":[{\"b\":17,\"s\":[{\"p\":[0,0,0],\"r\":[0,0,0],\"s\":[3.71079,0.001,3.009276],\"c\":[0.9019608,0.8509804,0.7215686]},{\"p\":[0,0,0],\"r\":[0,0,0],\"s\":[3.71079,0.001,3.009276],\"c\":[0.9019608,0.8509804,0.7215686]},{\"p\":[0,0,0],\"r\":[0,0,0],\"s\":[3.71079,0.001,3.009276],\"c\":[0.9019608,0.8509804,0.7215686]},{\"p\":[0,0,0],\"r\":[0,0,0],\"s\":[3.71079,0.001,3.009276],\"c\":[0.9019608,0.8509804,0.7215686]}]}]}"}],"serveTime":5}