{"thingDefinitions":[{"id":"5b683c07db5cd30dc1889654","def":"{\"n\":\"bed\",\"v\":6,\"p\":[{\"b\":14,\"s\":[{\"p\":[0.618067,0.2293618,0.09550358],\"r\":[1.124694,267.0027,86.356],\"s\":[0.09025586,0.06057354,0.2380119],\"c\":[1,1,1]}]},{\"s\":[{\"p\":[-0.2333752,-0.1745729,-0.2343197],\"r\":[53.57977,8.75245,7.367817],\"s\":[0.2534412,0.4030437,0.2020633],\"c\":[1,1,1]}]}]}"}],"serveTime":4}