{"thingDefinitions":[{"id":"5c58b6505cc5cd5cede7d51e","def":"{\"v\":7,\"p\":[{\"b\":9,\"s\":[{\"p\":[0.3848858,-0.1367133,0.05236708],\"r\":[355.7474,21.83385,95.2031],\"s\":[0.7271537,0.09853241,0.0974898],\"c\":[1,1,1]}]},{\"b\":9,\"s\":[{\"p\":[0.09122829,-0.1546675,-0.0089931],\"r\":[14.4487,348.3073,3.160189],\"s\":[0.7271532,0.09853235,0.09748981],\"c\":[1,1,1]}]}]}"}],"serveTime":17}