{"thingDefinitions":[{"id":"5ac6d43154d6430ff43cf66b","def":"{\"v\":3,\"a\":[2,14,15,40],\"p\":[{\"b\":73,\"t\":12,\"pr\":34,\"t1\":43,\"s\":[{\"p\":[0,0,0],\"r\":[0,0,-1.280661E-06],\"s\":[0.225,0.225,0.2250001],\"c\":[0,0.5714284,1],\"t1\":{\"c\":[0.4444444,0.4444444,0.4444444],\"x\":0.5,\"y\":0.5,\"a\":0.8925,\"m\":0,\"n\":0,\"r\":0,\"g\":0,\"o\":0.5,\"t\":0.5,\"e\":0.5},\"pr\":{\"c\":[0,0.5714284,1],\"m\":0.1910124,\"a\":0.475435,\"s\":0,\"z\":0.3592298,\"g\":0.4724629,\"h\":0.459291}}]}]}"},{"id":"5ac6d56893e1b71397469829","def":"{\"v\":3,\"a\":[2,15,16],\"p\":[{\"s\":[{\"p\":[0,0,0],\"r\":[0,0,0],\"s\":[0.1750002,0.1750001,0.1750001],\"c\":[1,1,1]}]}]}"}],"serveTime":5}