{"thingDefinitions":[{"id":"5bcf60cb21e2b9274f87014b","def":"{\"v\":7,\"p\":[{\"s\":[{\"p\":[0,0,0],\"r\":[0,0,0],\"s\":[0.1750001,0.1750003,0.1750002],\"c\":[1,1,1]}]}]}"}],"serveTime":5}