{"thingDefinitions":[{"id":"5a49b9d2718647f76564809e","def":"{\"n\":\"thing\",\"v\":2,\"p\":[{\"s\":[{\"p\":[0,0,0],\"r\":[0,0,0],\"s\":[0.1750001,0.1750001,0.1750001],\"c\":[1,1,1]}]},{\"b\":12,\"s\":[{\"p\":[0.236871,0.3887137,0.1245997],\"r\":[25.68327,14.26175,32.43196],\"s\":[0.06000001,0.06000002,0.06000003],\"c\":[1,1,1]}]},{\"s\":[{\"p\":[0.2008685,0.4802361,0.1772885],\"r\":[305.229,318.9044,51.22564],\"s\":[0.1750001,0.1750005,0.1750004],\"c\":[1,1,1]}]},{\"b\":5,\"s\":[{\"p\":[0.3020018,0.3252566,0.1170684],\"r\":[310.8243,321.8774,84.45846],\"s\":[0.125,0.125,0.125],\"c\":[1,1,1]}]}]}"}],"serveTime":4}