{"thingDefinitions":[{"id":"5a51e78f79edd1a113081369","def":"{\"n\":\"thing\",\"v\":2,\"p\":[{\"b\":35,\"s\":[{\"p\":[0,0,0],\"r\":[0,0,0],\"s\":[0.5095451,0.1250005,0.1250001],\"c\":[0.1234567,0.5555556,0.2962962]}]},{\"b\":47,\"s\":[{\"p\":[-0.2690172,-0.004636988,-0.1625914],\"r\":[0.2009356,348.0887,357.7047],\"s\":[0.3317283,0.1250004,0.1250004],\"c\":[0.1234567,0.5555556,0.2962962]}]}]}"}],"serveTime":5}