{"thingDefinitions":[{"id":"57fc44f1e16ef14919142faf","def":"{\"n\":\"thing\",\"p\":[{\"b\":3,\"t\":3,\"a\":[3],\"s\":[{\"p\":[0,0,0],\"r\":[0,0,0],\"s\":[0.4245525,0.4245528,0.4245529],\"c\":[0,0,0],\"b\":[\"when starts then become 2 in 0.1s\"]},{\"p\":[0,0,0],\"r\":[0,0,0],\"s\":[0.4245525,0.4245528,0.4245529],\"c\":[1,1,1],\"b\":[\"when starts then become 3 in 0.1s\"]},{\"p\":[0,0,0],\"r\":[0,0,0],\"s\":[0.4245525,0.4245528,0.4245529],\"c\":[0,0,0],\"b\":[\"when starts then become 1 in 0.2s\"]}]}]}"}],"serveTime":4}