{"thingDefinitions":[{"id":"5b6b409be462d34b9b1b9eae","def":"{\"v\":6,\"p\":[{\"s\":[{\"p\":[0,0,0],\"r\":[0,0,0],\"s\":[0.175,0.175,0.175],\"c\":[0,1,1],\"b\":[\"when touched then become next in 0.2s\"]},{\"p\":[0.09304923,0.09173842,-0.04345478],\"r\":[358.6441,5.271968,21.80393],\"s\":[0.175,0.175,0.1750001],\"c\":[0.4938272,0.5164017,0.8888889],\"b\":[\"when \"]}]},{\"b\":17,\"s\":[{\"p\":[1.161322,-1.412175,-0.6045374],\"r\":[22.85814,35.87093,18.72186],\"s\":[7.552642,0.2484054,7.188312],\"c\":[0.9019608,0.8509804,0.7215686]}]}]}"}],"serveTime":5}