{"thingDefinitions":[{"id":"5bb2a0a078e7916cbb38d1d6","def":"{\"v\":7,\"p\":[{\"s\":[{\"p\":[0,0,0],\"r\":[0,0,8.537735E-07],\"s\":[0.1750004,0.1750003,0.1750002],\"c\":[1,1,1]}]}]}"},{"id":"5bb2a1c25a6d541c2cd04d64","def":"{\"v\":7,\"p\":[{\"b\":2,\"s\":[{\"p\":[0,0,0],\"r\":[0,0,0],\"s\":[0.1250001,0.125,0.125],\"c\":[1,1,1]}]}]}"}],"serveTime":7}