{"thingDefinitions":[{"id":"59d018adf44243132f35db54","def":"{\"n\":\"thing\",\"p\":[{\"t\":3,\"s\":[{\"p\":[0,0,0],\"r\":[0,0,0],\"s\":[0.1750002,0.1750003,0.1750002],\"c\":[1,1,1]}]}]}"},{"id":"59d018d477dee2271041e3f7","def":"{\"n\":\"thing\",\"a\":[2],\"p\":[{\"s\":[{\"p\":[0,0,0],\"r\":[0,0,3.415094E-06],\"s\":[0.1750002,0.1750003,0.1750004],\"c\":[1,1,1],\"b\":[\"when starts then become next in 29s\"]},{\"p\":[0,0,0],\"r\":[0,0,3.415094E-06],\"s\":[0.1750002,0.1750003,0.1750004],\"c\":[1,1,1],\"b\":[\"when starts then become 1 in 29s\"]}]}]}"}],"serveTime":10}