{"thingDefinitions":[{"id":"5d715f5606579920a9bc85a4","def":"{\"v\":9,\"a\":[4],\"p\":[{\"b\":14,\"s\":[{\"p\":[0,0,0],\"r\":[0,0,8.004127E-07],\"s\":[0.06000007,0.06000006,0.06000002],\"c\":[1,1,1]}]}]}"},{"id":"5d715ffa288c857ffcc85302","def":"{\"v\":9,\"a\":[4],\"p\":[{\"s\":[{\"p\":[0,0,0],\"r\":[0,0,0],\"s\":[0.1750001,0.175,0.175],\"c\":[1,1,1]}]}]}"}],"serveTime":6}