{"thingDefinitions":[{"id":"5a08ccd302598acb13f6856b","def":"{\"n\":\"thing\",\"v\":2,\"p\":[{\"b\":12,\"s\":[{\"p\":[0,0,0],\"r\":[-3.415094E-06,1.017777E-13,-3.415094E-06],\"s\":[0.05999997,0.06000006,0.06000006],\"c\":[1,1,1]}]},{\"b\":12,\"s\":[{\"p\":[-0.01204141,0.1057243,-0.2698131],\"r\":[341.9872,10.78386,352.9298],\"s\":[0.05999998,0.06000003,0.06],\"c\":[1,1,1]}]},{\"b\":12,\"s\":[{\"p\":[0.2474204,-0.07422116,-0.2495669],\"r\":[342.4959,11.00234,327.9853],\"s\":[0.05999997,0.06000001,0.06000001],\"c\":[1,1,1]}]},{\"b\":12,\"s\":[{\"p\":[0.2241409,-0.165587,-0.01852258],\"r\":[307.2308,295.2014,323.6136],\"s\":[0.06000001,0.06000003,0.06000004],\"c\":[1,1,1]}]}]}"}],"serveTime":5}