{"thingDefinitions":[{"id":"5f611d88483506052bb48895","def":"{\"n\":\"ground\",\"v\":9,\"p\":[{\"b\":150,\"s\":[{\"p\":[0,0,0],\"r\":[0,0,-2.134434E-07],\"s\":[0.06000023,0.0600003,0.06000018],\"c\":[1,1,1]}]}]}"}],"serveTime":5}