{"thingDefinitions":[{"id":"5c7f12d3cc30ef0549211ec5","def":"{\"n\":\"ground\",\"v\":7,\"a\":[1],\"p\":[{\"b\":17,\"i\":[{\"t\":\"000000000000000000000001\",\"p\":[0,0,0],\"r\":[-4.268868E-07,6.361108E-15,-1.707547E-06]}],\"s\":[{\"p\":[0,0,0],\"r\":[0,0,0],\"s\":[3.363348,0.11062,3.201106],\"c\":[0.9019608,0.8509804,0.7215686]}]}]}"}],"serveTime":5}