{"thingDefinitions":[{"id":"587321d59bfa06661382f6d1","def":"{\"n\":\"thing\",\"p\":[{\"b\":9,\"s\":[{\"p\":[0,0,0],\"r\":[0,0,0],\"s\":[0.125,0.125,0.125],\"c\":[1,1,1]}]},{\"b\":9,\"s\":[{\"p\":[-0.1571996,0.6331437,-0.5152961],\"r\":[286.8976,343.5621,83.06355],\"s\":[0.125,0.125,0.125],\"c\":[1,1,1]}]},{\"b\":9,\"t\":3,\"s\":[{\"p\":[1.262451,0.9113789,0.8474671],\"r\":[322.4611,9.533454,48.37919],\"s\":[0.1250002,0.1250001,0.1250002],\"c\":[1,1,1]}]},{\"b\":9,\"t\":6,\"s\":[{\"p\":[1.348471,1.155975,0.5907895],\"r\":[279.0029,78.15792,319.89],\"s\":[0.1250003,0.1250002,0.1250002],\"c\":[1,1,1]}]}]}"}],"serveTime":7}