{"thingDefinitions":[{"id":"5b3ed68a52eb277d6207428a","def":"{\"v\":5,\"p\":[{\"b\":2,\"s\":[{\"p\":[0.1064302,-0.1256335,0.06347954],\"r\":[39.4784,66.55956,339.7182],\"s\":[0.1250001,0.1250001,0.1250001],\"c\":[1,1,1]}]},{\"b\":9,\"s\":[{\"p\":[-0.004338389,-0.04379876,-0.02523981],\"r\":[18.60596,184.0884,359.408],\"s\":[0.1250002,0.1250004,0.1250002],\"c\":[1,1,1]}]}]}"}],"serveTime":7}