{"thingDefinitions":[{"id":"5f03b9cc416f683a7f819157","def":"{\"n\":\"ground\",\"v\":9,\"a\":[1],\"p\":[{\"b\":17,\"s\":[{\"p\":[0,0,0],\"r\":[0,0,4.335569E-08],\"s\":[3.248184,0.2662141,3.28552],\"c\":[0.9019608,0.8509804,0.7215686]}]},{\"b\":2,\"s\":[{\"p\":[-4.677645,1.556823,0.3574784],\"r\":[57.99568,141.6206,159.0785],\"s\":[0.1250001,0.1250002,0.1250002],\"c\":[1,1,1]}]},{\"b\":2,\"s\":[{\"p\":[-4.610995,1.389988,0.2690126],\"r\":[306.4605,327.23,277.6961],\"s\":[0.1250001,0.1250001,0.1250001],\"c\":[1,1,1]}]}]}"}],"serveTime":5}