{"thingDefinitions":[{"id":"58ebc9b1a27efea9130b5730","def":"{\"n\":\"thing\",\"p\":[{\"b\":9,\"t2\":13,\"s\":[{\"p\":[0,0,0],\"r\":[1.707547E-06,3.415095E-06,5.122642E-06],\"s\":[0.2654431,0.2641951,0.2892587],\"c\":[0.2857141,0,1],\"t2\":{\"c\":[0,0.05714234,1],\"x\":0.17,\"y\":0.17,\"a\":0.8925,\"m\":0.5,\"n\":0.5,\"r\":0,\"g\":0,\"o\":0.5,\"t\":0.5,\"e\":0.5},\"pr\":{\"c\":[0,0.05714262,1],\"m\":0.25,\"a\":0.25,\"s\":0.15,\"z\":0.25,\"g\":0.5,\"h\":0.25}}]}]}"}],"serveTime":4}