{"thingDefinitions":[{"id":"5a9c21747076cb9014bb9fe3","def":"{\"v\":2,\"p\":[{\"b\":17,\"s\":[{\"p\":[0,0,0],\"r\":[0,0,0],\"s\":[150,0.11062,150],\"c\":[0.9019608,0.8509804,0.7215686]}]}]}"}],"serveTime":4}