{"thingDefinitions":[{"id":"5ef480036671f74ac9efcd12","def":"{\"v\":9,\"p\":[{\"b\":69,\"s\":[{\"p\":[0.3032891,-0.02924117,0.005181715],\"r\":[14.42915,43.87829,27.33795],\"s\":[0.0750002,0.07500056,0.07500052],\"c\":[1,1,1]}]},{\"b\":89,\"s\":[{\"p\":[0.09736818,-0.1638,0.02084662],\"r\":[348.1893,147.6626,78.03577],\"s\":[0.125,0.1249999,0.125],\"c\":[1,1,1]}]}]}"},{"id":"5ef4820110be77470156319f","def":"{\"v\":9,\"p\":[{\"b\":89,\"s\":[{\"p\":[0.09736818,-0.1638,0.02084662],\"r\":[348.1893,147.6626,78.03577],\"s\":[0.125,0.1249999,0.125],\"c\":[1,1,1]}]},{\"b\":69,\"s\":[{\"p\":[0.2922282,-0.01929995,0.01227613],\"r\":[15.66119,44.04072,23.63309],\"s\":[0.07500024,0.07500069,0.07500066],\"c\":[1,1,1]}]}]}"}],"serveTime":5}