{"thingDefinitions":[{"id":"5c23c31c5496586f5aa0cba7","def":"{\"v\":7,\"p\":[{\"b\":9,\"s\":[{\"p\":[0,0,0],\"r\":[0,0,0],\"s\":[0.1250009,0.125001,0.1250004],\"c\":[1,1,1]}]}]}"}],"serveTime":4}