{"thingDefinitions":[{"id":"5b20d7cb44d33e1e317eefb6","def":"{\"v\":5,\"p\":[{\"b\":10,\"s\":[{\"p\":[0,0,0],\"r\":[0,0,-8.537735E-07],\"s\":[0.125,0.125,0.1250001],\"c\":[1,1,1]}]}]}"},{"id":"5b20d805c148c51e3fe7cec3","def":"{\"v\":5,\"p\":[{\"b\":8,\"s\":[{\"p\":[0,0,0],\"r\":[0,0,0],\"s\":[0.1250001,0.1250002,0.1250001],\"c\":[1,1,1]}]}]}"}],"serveTime":4}