{"thingDefinitions":[{"id":"5db6759f39effe115f71ab17","def":"{\"n\":\"ground\",\"v\":9,\"a\":[1],\"p\":[{\"b\":17,\"s\":[{\"p\":[0,0,0],\"r\":[0,0,0],\"s\":[3.363346,0.11062,3.201102],\"c\":[0.9019608,0.8509804,0.7215686]}]},{\"t\":4,\"s\":[{\"p\":[-0.5797808,1.59596,-0.05329603],\"r\":[312.2724,24.3141,19.45499],\"s\":[0.175,0.175,0.1750001],\"c\":[0.2126983,0.111111,1]}]}]}"}],"serveTime":4}