{"thingDefinitions":[{"id":"59cda98031b296af2d7f7b69","def":"{\"n\":\"thing\",\"p\":[{\"b\":3,\"s\":[{\"p\":[0,0,0],\"r\":[0,0,0],\"s\":[0.1250001,0.125,0.1250001],\"c\":[1,1,1]}]},{\"b\":3,\"s\":[{\"p\":[0.3205401,0.1655855,0.05301723],\"r\":[344.4762,17.94051,14.43796],\"s\":[0.1250004,0.1250001,0.1250002],\"c\":[1,1,1]}]},{\"b\":5,\"s\":[{\"p\":[0.4451026,-2.483655,0.7232423],\"r\":[3.156921,346.7848,15.77022],\"s\":[0.2847708,0.3325512,150.0021],\"c\":[1,1,1]}]}]}"}],"serveTime":5}