{"thingDefinitions":[{"id":"5f0d06b3b07a026ca730fa7f","def":"{\"v\":9,\"p\":[{\"b\":12,\"s\":[{\"p\":[-0.2205709,-0.0450812,0.09002361],\"r\":[65.10179,5.852164,32.00231],\"s\":[0.06000018,0.06000006,0.06000014],\"c\":[1,1,1]}]}]}"}],"serveTime":5}