{"thingDefinitions":[{"id":"5c0352839cf82a63f97c1cb8","def":"{\"v\":7,\"p\":[{\"b\":9,\"s\":[{\"p\":[0,0,0],\"r\":[0,0,1.280661E-06],\"s\":[0.1250003,0.1250002,0.125],\"c\":[1,1,1]}]}]}"}],"serveTime":4}