{"thingDefinitions":[{"id":"5da5199e4163610628584a8e","def":"{\"n\":\"ground\",\"v\":9,\"a\":[1],\"p\":[{\"b\":17,\"s\":[{\"p\":[0,0,0],\"r\":[0,0,0],\"s\":[3.363346,0.11062,3.201102],\"c\":[0.9019608,0.8509804,0.7215686]}]},{\"b\":9,\"s\":[{\"p\":[-0.4522513,1.81056,-0.5093288],\"r\":[347.1057,92.59676,192.89],\"s\":[0.1250003,0.1250004,0.1250003],\"c\":[1,1,1]}]},{\"b\":5,\"a\":[8],\"s\":[{\"p\":[-0.6593615,1.90365,-0.425534],\"r\":[309.036,218.9376,243.6824],\"s\":[0.1000003,0.1000001,0.1000003],\"c\":[1,1,1]},{\"p\":[-0.6593615,1.90365,-0.425534],\"r\":[309.036,218.9376,243.6824],\"s\":[0.1000003,0.1000001,0.1000003],\"c\":[1,1,1]}]}]}"}],"serveTime":5}