{"thingDefinitions":[{"id":"5cce26832bcb596af5874bd5","def":"{\"v\":9,\"p\":[{\"b\":3,\"s\":[{\"p\":[0,0,0],\"r\":[0,0,0],\"s\":[0.125,0.125,0.125],\"c\":[1,1,1]}]},{\"b\":9,\"s\":[{\"p\":[-0.1631181,0.06803482,-0.09689911],\"r\":[6.329431,348.6401,353.1681],\"s\":[0.125,0.125,0.125],\"c\":[1,1,1]}]},{\"b\":9,\"s\":[{\"p\":[-0.2811348,0.1239386,-0.1251718],\"r\":[1.608298,350.6056,352.0535],\"s\":[0.125,0.125,0.125],\"c\":[1,1,1]}]},{\"b\":14,\"s\":[{\"p\":[0.01616213,0.1861996,-0.01462662],\"r\":[332.9039,348.8345,18.40314],\"s\":[0.05999999,0.06,0.06000001],\"c\":[1,1,1]}]}]}"}],"serveTime":8}