{"thingDefinitions":[{"id":"5a00ee732c354cf306656212","def":"{\"n\":\"ground\",\"v\":1,\"a\":[1],\"p\":[{\"b\":17,\"s\":[{\"p\":[0,0,0],\"r\":[0,0,0],\"s\":[3.363346,0.11062,3.201102],\"c\":[0.9019608,0.8509804,0.7215686]}]},{\"b\":9,\"s\":[{\"p\":[-0.3132549,1.259297,1.810296],\"r\":[21.61759,134.9863,281.6868],\"s\":[0.1250001,0.1250001,0.1250001],\"c\":[1,1,1]}]},{\"b\":5,\"s\":[{\"p\":[-0.3035162,1.444022,1.802537],\"r\":[283.5728,279.8094,189.0602],\"s\":[0.1250005,0.1250004,0.1250004],\"c\":[1,1,1]}]}]}"}],"serveTime":4}