{"thingDefinitions":[{"id":"5be1de5bf76ad56bd9501e8a","def":"{\"v\":7,\"p\":[{\"s\":[{\"p\":[0,0,0],\"r\":[0,0,1.067217E-07],\"s\":[0.1750007,0.1750006,0.1750003],\"c\":[1,1,1]}]},{\"b\":14,\"s\":[{\"p\":[-0.129616,-0.1271005,-0.3358024],\"r\":[4.470992,302.3506,91.64937],\"s\":[0.06000002,0.06000004,0.06000002],\"c\":[1,1,1]}]}]}"}],"serveTime":6}