{"thingDefinitions":[{"id":"5ba329dd1a2ec80583116305","def":"{\"v\":7,\"p\":[{\"s\":[{\"p\":[0.3094262,0.5545255,-0.1563089],\"r\":[312.0517,14.30493,350.5095],\"s\":[0.4310333,0.4484735,0.4752342],\"c\":[0,0,0]}]},{\"b\":14,\"s\":[{\"p\":[-0.1778182,0.5883023,-0.1451044],\"r\":[350.9958,274.5142,142.356],\"s\":[0.2386013,0.2317904,0.2357545],\"c\":[1,1,1]}]},{\"b\":79,\"s\":[{\"p\":[-0.7819338,1.369346,-2.679672],\"r\":[297.2698,148.3035,115.6613],\"s\":[1.615967,0.07500039,1.659807],\"c\":[1,1,1]}]}]}"}],"serveTime":4}