{"thingDefinitions":[{"id":"5ea71dad7e456a3b885104ae","def":"{\"n\":\"ground\",\"v\":9,\"a\":[1],\"p\":[{\"b\":17,\"s\":[{\"p\":[0,0,0],\"r\":[0,0,0],\"s\":[8.91807,0.11062,7.503828],\"c\":[0.9019608,0.8509804,0.7215686]}]}]}"}],"serveTime":5}