{"thingDefinitions":[{"id":"5a81fbb90b91a6811369fb4e","def":"{\"n\":\"thing\",\"v\":2,\"p\":[{\"b\":91,\"e\":\"I am a penguin!\",\"s\":[{\"p\":[0,0,0],\"r\":[0,0,4.268868E-07],\"s\":[0.003000002,0.003000001,0.003000001],\"c\":[1,1,1]}]}]}"},{"id":"5a81fbd83b1399383b1257eb","def":"{\"n\":\"thing\",\"v\":2,\"p\":[{\"b\":91,\"e\":\"Me to!\",\"s\":[{\"p\":[0,0,0],\"r\":[0,0,2.134434E-07],\"s\":[0.003,0.003,0.003000001],\"c\":[1,1,1]}]}]}"}],"serveTime":5}