{"thingDefinitions":[{"id":"5b0725c1d0c21e7464c20816","def":"{\"v\":4,\"a\":[4],\"tp_m\": 9,\"tp_m\": 9,\"tp_lp\": [0,1,1],\"p\":[{\"b\":52,\"s\":[{\"p\":[0,0,0],\"r\":[0,0,-1.334021E-08],\"s\":[0.1880248,0.3403799,0.1929887],\"c\":[1,1,1]}]}]}"}],"serveTime":4}