{"thingDefinitions":[{"id":"5e23b7141224e0062bccce08","def":"{\"n\":\"uu\",\"v\":9,\"a\":[2,15,50],\"p\":[{\"t\":12,\"a\":[23],\"pr\":12,\"t1\":22,\"t2\":12,\"s\":[{\"p\":[0,0,0],\"r\":[0,0,0],\"s\":[0.1832894,0.1750026,0.1827167],\"c\":[0,0.05714255,1],\"b\":[\"when touched then become next in 1s\"],\"t1\":{\"c\":[0,1,0.4],\"x\":0.17,\"y\":0.17,\"a\":0.69625,\"m\":0.5,\"n\":0.5,\"r\":0,\"g\":0,\"o\":0.5,\"t\":0.5,\"e\":0.5},\"t2\":{\"c\":[0.1142857,0,1],\"x\":0.17,\"y\":0.17,\"a\":0.8925,\"m\":0.5,\"n\":0.5,\"r\":0,\"g\":0,\"o\":0.5,\"t\":0.5,\"e\":0.5},\"pr\":{\"c\":[0.9746031,1,0.1111111],\"m\":0.25,\"a\":0.1099699,\"s\":0.15,\"z\":0.025,\"g\":0.5,\"h\":0.25}},{\"p\":[0,0,0],\"r\":[0,0,0],\"s\":[0.1832894,0.1750026,0.1827167],\"c\":[0,0.05714252,1],\"t1\":{\"c\":[0,1,0.4],\"x\":0.17,\"y\":0.17,\"a\":0.69625,\"m\":0.5,\"n\":0.5,\"r\":0,\"g\":0,\"o\":0.5,\"t\":0.5,\"e\":0.5},\"t2\":{\"c\":[0.1142857,0,1],\"x\":0.17,\"y\":0.17,\"a\":0.8925,\"m\":0.5,\"n\":0.5,\"r\":0,\"g\":0,\"o\":0.5,\"t\":0.5,\"e\":0.5},\"pr\":{\"c\":[1,0.1714285,0],\"m\":0.25,\"a\":0.1099699,\"s\":0.15,\"z\":0.025,\"g\":0.5,\"h\":0.25}}]},{\"s\":[{\"p\":[0.5875286,0.235689,0.05282837],\"r\":[4.097088,300.7593,14.9621],\"s\":[0.939594,0.7195569,0.01912477],\"c\":[0.1142856,1,0],\"pr\":{\"c\":[1,0.1714285,0],\"m\":0.25,\"a\":0.25,\"s\":0.15,\"z\":0.25,\"g\":0.5,\"h\":0.25}}]}]}"}],"serveTime":4}