{"thingDefinitions":[{"id":"5cfe9386496def06288736dc","def":"{\"v\":9,\"p\":[{\"b\":14,\"s\":[{\"p\":[0,0,0],\"r\":[0,0,0],\"s\":[0.06000037,0.06000023,0.06000036],\"c\":[1,1,1]}]}]}"}],"serveTime":5}