{"thingDefinitions":[{"id":"5e1121755850d60625039e40","def":"{\"v\":9,\"p\":[{\"s\":[{\"p\":[0,0,0],\"r\":[0,0,0],\"s\":[65.25139,0.1750005,57.07307],\"c\":[0,0.6666667,0.1523809]}]}]}"},{"id":"5e111fb5e43a900623054678","def":"{\"v\":9,\"p\":[{\"s\":[{\"p\":[0,0,0],\"r\":[0,0,0],\"s\":[1.183494,0.1750276,1.213227],\"c\":[0,1,1]}]}]}"}],"serveTime":6}