{"thingDefinitions":[{"id":"5d8a3b35288c857ffcc85ca2","def":"{\"v\":9,\"p\":[{\"b\":9,\"s\":[{\"p\":[0.1827756,-0.1067966,0.3697501],\"r\":[349.0213,318.616,24.80875],\"s\":[0.1250005,0.1250002,0.1250005],\"c\":[1,1,1]}]},{\"b\":9,\"s\":[{\"p\":[0.2207286,0.6031679,0.4674236],\"r\":[304.3639,343.9198,42.98182],\"s\":[0.1615929,0.1245522,0.1446821],\"c\":[1,1,1]}]},{\"b\":8,\"s\":[{\"p\":[-0.02524046,0.2579166,0.5334137],\"r\":[359.4337,291.5763,116.7731],\"s\":[0.1125435,0.1250013,0.1250012],\"c\":[0.3185184,0.2592591,0.7777778]}]},{\"b\":9,\"s\":[{\"p\":[0.2916301,0.2601547,0.3679833],\"r\":[7.425359,27.39269,347.6967],\"s\":[0.1250015,0.1250009,0.1250009],\"c\":[1,1,1]}]}]}"}],"serveTime":5}