{"thingDefinitions":[{"id":"587abfe8ce8bbaaf136d809a","def":"{\"n\":\"thing\",\"p\":[{\"s\":[{\"p\":[-0.2594717,0.0556832,-0.286665],\"r\":[328.2262,104.5265,33.09787],\"s\":[0.1750015,0.1750022,0.1750026],\"c\":[1,1,1],\"b\":[\"when \"]},{\"p\":[0,0,0],\"r\":[0,0,-3.415095E-06],\"s\":[0.1750004,0.1750003,0.1750004],\"c\":[1,1,1]}]},{\"s\":[{\"p\":[0.07994847,0.1141444,-0.1360047],\"r\":[18.59875,24.93419,35.05062],\"s\":[0.1750013,0.175001,0.1750012],\"c\":[1,1,1]}]}]}"}],"serveTime":5}