{"thingDefinitions":[{"id":"5aa071c99647561418289ed2","def":"{\"n\":\"ground\",\"v\":3,\"a\":[1,2,15],\"p\":[{\"b\":17,\"s\":[{\"p\":[0,0,0],\"r\":[0,0,0],\"s\":[3.363346,0.11062,3.201102],\"c\":[0.9019608,0.8509804,0.7215686]}]},{\"b\":14,\"s\":[{\"p\":[0.3936819,1.474481,-1.293022],\"r\":[289.0916,146.6875,336.8734],\"s\":[0.06000008,0.06000004,0.06000011],\"c\":[1,1,1]}]},{\"b\":14,\"s\":[{\"p\":[0.2805828,1.515173,-1.593105],\"r\":[327.0714,200.4169,326.295],\"s\":[0.0600003,0.06000005,0.06000028],\"c\":[1,1,1]}]},{\"b\":14,\"s\":[{\"p\":[0.4929531,1.508504,-1.212648],\"r\":[292.8824,124.8274,350.7134],\"s\":[0.06000012,0.06000005,0.06000015],\"c\":[1,1,1]}]}]}"}],"serveTime":4}