{"thingDefinitions":[{"id":"5c7448019fdad523ed6d0c78","def":"{\"v\":7,\"p\":[{\"b\":14,\"s\":[{\"p\":[0,0,0],\"r\":[0,0,0],\"s\":[0.06000007,0.06000007,0.06000005],\"c\":[1,1,1]}]},{\"b\":14,\"s\":[{\"p\":[0.2305257,0.01024753,-0.2206179],\"r\":[43.78579,79.94557,83.94206],\"s\":[0.06000007,0.06000002,0.06000008],\"c\":[1,1,1]}]}]}"}],"serveTime":4}