{"thingDefinitions":[{"id":"5c6b5e03445ad31c891bfa60","def":"{\"v\":7,\"p\":[{\"s\":[{\"p\":[0,0,0],\"r\":[0,0,0],\"s\":[42.24471,0.1915478,48.55606],\"c\":[1,1,1]}]}]}"},{"id":"5c6b5ec9e3af6c286df14f25","def":"{\"v\":7,\"p\":[{\"b\":9,\"a\":[29],\"t1\":13,\"t2\":43,\"s\":[{\"p\":[0,0,0],\"r\":[0,0,0],\"s\":[0.1250001,0.1250001,0.1250001],\"c\":[0.111111,0.3142855,1],\"t1\":{\"c\":[0.1142856,1,0],\"x\":0.17,\"y\":0.17,\"a\":0.8925,\"m\":0.5,\"n\":0.5,\"r\":0,\"g\":0,\"o\":0.5,\"t\":0.5,\"e\":0.5},\"t2\":{\"c\":[0,1,0.2285715],\"x\":0.5,\"y\":0.5,\"a\":0.8925,\"m\":0,\"n\":0,\"r\":0,\"g\":0,\"o\":0.5,\"t\":0.5,\"e\":0.5}}]}]}"}],"serveTime":5}