{"thingDefinitions":[{"id":"5c7307116af4485b71de325c","def":"{\"v\":7,\"p\":[{\"b\":10,\"s\":[{\"p\":[0,0,0],\"r\":[0,0,0],\"s\":[0.1250001,0.1250001,0.1250001],\"c\":[1,1,1]}]},{\"b\":10,\"s\":[{\"p\":[0.1899354,0.09613626,-0.007965446],\"r\":[353.1518,16.89339,356.0338],\"s\":[0.125,0.125,0.125],\"c\":[1,1,1]}]},{\"b\":14,\"s\":[{\"p\":[0.05837037,0.1094961,0.1949914],\"r\":[341.9031,348.2458,23.69484],\"s\":[0.06000007,0.06000005,0.06000006],\"c\":[1,1,1]}]}]}"}],"serveTime":5}