{"thingDefinitions":[{"id":"5b80950f173d4c0e82e5e4bd","def":"{\"v\":6,\"p\":[{\"b\":9,\"s\":[{\"p\":[0,0,0],\"r\":[0,0,-1.707547E-06],\"s\":[0.1648905,0.1068724,0.4849642],\"c\":[1,1,1]}]}]}"}],"serveTime":3}