{"thingDefinitions":[{"id":"5ca941c59db9bc2f987fe024","def":"{\"v\":9,\"p\":[{\"b\":10,\"s\":[{\"p\":[0,0,0],\"r\":[0,0,0],\"s\":[0.1250002,0.1250001,0.1250002],\"c\":[1,1,1]}]},{\"b\":10,\"s\":[{\"p\":[0.04348516,0.2548811,-0.06846978],\"r\":[312.6464,315.2831,80.62473],\"s\":[0.1250002,0.1250001,0.1250002],\"c\":[1,1,1]}]}]}"},{"id":"5ca941d9b620e3481c20a277","def":"{\"v\":9,\"p\":[{\"b\":4,\"s\":[{\"p\":[0,0,0],\"r\":[0,0,0],\"s\":[0.125,0.125,0.125],\"c\":[1,1,1]}]}]}"}],"serveTime":5}