{"thingDefinitions":[{"id":"5a45eb7be1d158a31375c186","def":"{\"n\":\"thing\",\"v\":2,\"p\":[{\"b\":17,\"s\":[{\"p\":[0,0,0],\"r\":[0,0,-1.28066E-06],\"s\":[0.06000005,0.06000007,0.06000005],\"c\":[1,1,1]}]}]}"}],"serveTime":4}