{"thingDefinitions":[{"id":"5c445adc491c1f567e31b373","def":"{\"n\":\"ground\",\"v\":7,\"a\":[1],\"p\":[{\"b\":17,\"s\":[{\"p\":[0,0,0],\"r\":[0,0,0],\"s\":[3.363346,0.11062,3.201102],\"c\":[0.9019608,0.8509804,0.7215686]}]},{\"b\":177,\"s\":[{\"p\":[-1.030636,1.369251,-1.338748],\"r\":[316.7634,169.6717,347.034],\"s\":[0.04500011,0.04500005,0.04500011],\"c\":[1,1,1]}]}]}"}],"serveTime":4}