{"thingDefinitions":[{"id":"58e72777f907f5c74858083e","def":"{\"n\":\"thing\",\"p\":[{\"b\":17,\"s\":[{\"p\":[0,0,0],\"r\":[0,0,0],\"s\":[0.06,0.06000003,0.06000002],\"c\":[1,1,1]}]},{\"s\":[{\"p\":[-0.01801101,-0.08856261,-0.2567827],\"r\":[351.1064,92.06287,345.7538],\"s\":[0.1750001,0.1750001,0.1750001],\"c\":[1,1,1]}]},{\"b\":14,\"s\":[{\"p\":[0.108797,0.03857374,-0.2755972],\"r\":[331.4457,114.8483,341.5015],\"s\":[0.06000001,0.06,0.06000002],\"c\":[1,1,1]}]},{\"b\":7,\"s\":[{\"p\":[-0.0112607,-0.06973238,-0.1244242],\"r\":[345.787,358.6704,13.28379],\"s\":[0.125,0.125,0.1250001],\"c\":[1,1,1]}]}]}"}],"serveTime":5}