{"thingDefinitions":[{"id":"5e26188ca3a6473806f0c53a","def":"{\"n\":\"ground\",\"v\":9,\"a\":[1],\"p\":[{\"b\":17,\"s\":[{\"p\":[0,0,0],\"r\":[0,0,0],\"s\":[3.363346,0.11062,3.201102],\"c\":[0.9019608,0.8509804,0.7215686]}]}]}"},{"id":"5e2616da01cc824f508f87fa","def":"{\"v\":9,\"p\":[{\"b\":12,\"s\":[{\"p\":[0,0,0],\"r\":[0,0,-6.403302E-07],\"s\":[0.06000006,0.06000004,0.06000001],\"c\":[1,1,1]}]}]}"}],"serveTime":7}