{"thingDefinitions":[{"id":"5cec403ee38b3431e80bc6bb","def":"{\"v\":9,\"p\":[{\"b\":14,\"s\":[{\"p\":[0,0,0],\"r\":[0,0,0],\"s\":[0.06000039,0.2434184,0.1290485],\"c\":[1,1,1]}]},{\"b\":14,\"s\":[{\"p\":[-0.5796438,0.1715047,-0.03060001],\"r\":[350.155,1.267839,348.2646],\"s\":[0.06000046,0.2434185,0.1290487],\"c\":[1,1,1]}]}]}"}],"serveTime":4}