{"thingDefinitions":[{"id":"5d7daa51565d5720a3a6ade7","def":"{\"n\":\"ground\",\"v\":9,\"a\":[1],\"p\":[{\"b\":17,\"s\":[{\"p\":[0,0,0],\"r\":[0,0,0],\"s\":[3.363346,0.11062,3.201102],\"c\":[0.9019608,0.8509804,0.7215686]}]},{\"b\":9,\"s\":[{\"p\":[-0.5351518,1.498141,-0.5456427],\"r\":[317.5092,150.6674,12.33375],\"s\":[0.1250002,0.125,0.1250002],\"c\":[1,1,1]}]},{\"b\":9,\"s\":[{\"p\":[-0.172267,1.011757,-0.09272201],\"r\":[348.0313,128.3641,7.819562],\"s\":[0.8162235,0.2810346,0.7782468],\"c\":[1,1,1]}]}]}"}],"serveTime":5}