{"thingDefinitions":[{"id":"5aac017bce31641b9604459f","def":"{\"v\":2,\"p\":[{\"b\":9,\"s\":[{\"p\":[0,0,0],\"r\":[0,0,-1.707547E-06],\"s\":[0.1250001,0.125,0.125],\"c\":[1,1,1]}]},{\"s\":[{\"p\":[-0.002901096,0.03704667,-0.07891612],\"r\":[354.9548,323.8202,19.48984],\"s\":[0.175,0.175,0.175],\"c\":[1,1,1]}]},{\"b\":9,\"s\":[{\"p\":[-0.01902388,0.03648651,-0.07118693],\"r\":[48.03988,10.21045,334.3805],\"s\":[0.1250002,0.1250001,0.1250001],\"c\":[1,1,1]}]}]}"},{"id":"5aac023d9d54e31389bbd64f","def":"{\"v\":2,\"p\":[{\"s\":[{\"p\":[0,0,0],\"r\":[0,0,0],\"s\":[0.1750001,0.175,0.1750001],\"c\":[1,1,1]}]}]}"}],"serveTime":7}