{"thingDefinitions":[{"id":"5afc751410ad640f76a0babc","def":"{\"v\":4,\"p\":[{\"b\":7,\"s\":[{\"p\":[0,0,0],\"r\":[0,0,0],\"s\":[0.1250001,0.125,0.125],\"c\":[1,1,1]}]},{\"b\":6,\"s\":[{\"p\":[-0.01863818,0.008746058,0.134189],\"r\":[356.4691,356.14,325.8177],\"s\":[0.1250001,0.125,0.1250001],\"c\":[1,1,1]}]}]}"}],"serveTime":5}