{"thingDefinitions":[{"id":"5d608decb0d3c331eedf0a58","def":"{\"v\":9,\"p\":[{\"b\":9,\"s\":[{\"p\":[0,0,0],\"r\":[0,0,8.537737E-07],\"s\":[0.1250003,0.1250002,0.1250002],\"c\":[1,1,1]}]},{\"b\":14,\"s\":[{\"p\":[0.1729011,0.02332118,-0.2964231],\"r\":[41.6325,221.879,359.5065],\"s\":[0.06000001,0.05999999,0.06000003],\"c\":[1,1,1]}]}]}"},{"id":"5d608f03528bc031f3bb76f7","def":"{\"v\":9,\"a\":[2],\"tp_m\": 9,\"tp_d\": 1,\"p\":[{\"b\":172,\"s\":[{\"p\":[0,0,0],\"r\":[0,0,0],\"s\":[0.04500004,0.04500002,0.04500005],\"c\":[1,1,1]}]},{\"b\":152,\"s\":[{\"p\":[-0.05487071,0.538753,-0.05466496],\"r\":[338.5278,206.1264,98.58799],\"s\":[0.04000038,0.04000035,0.0400003],\"c\":[1,1,1]}]}]}"}],"serveTime":5}