{"thingDefinitions":[{"id":"5d12cb0155dba2062f08b046","def":"{\"v\":9,\"p\":[{\"b\":175,\"s\":[{\"p\":[-0.05518869,-0.06214277,-0.1253965],\"r\":[4.877569,332.4989,107.6957],\"s\":[0.06252193,0.04500008,0.04500007],\"c\":[1,1,1]}]},{\"b\":175,\"s\":[{\"p\":[0.1404938,0.1787389,0.04221633],\"r\":[330.2784,18.94266,6.620127],\"s\":[0.06252193,0.04500005,0.04500007],\"c\":[1,1,1]}]},{\"b\":175,\"s\":[{\"p\":[0.1580384,-0.09056935,0.04951655],\"r\":[3.949131,340.4904,108.9315],\"s\":[0.06252195,0.04500008,0.04500004],\"c\":[1,1,1]}]}]}"}],"serveTime":5}