{"thingDefinitions":[{"id":"5f113a3d87c33d0642de204d","def":"{\"v\":9,\"p\":[{\"b\":12,\"s\":[{\"p\":[0,0,0],\"r\":[0,0,0],\"s\":[0.06000011,0.06000011,0.0600002],\"c\":[1,1,1]}]}]}"}],"serveTime":4}