{"thingDefinitions":[{"id":"5daf6abb82a8702cb6400b99","def":"{\"n\":\"ground\",\"v\":9,\"a\":[1],\"p\":[{\"b\":17,\"a\":[5],\"s\":[{\"p\":[0,0,0],\"r\":[0,0,2.78008E-08],\"s\":[3.363346,0.11062,3.201102],\"c\":[0.9019608,0.8509804,0.7215686]}]},{\"b\":12,\"s\":[{\"p\":[-0.07729883,0.2755684,-0.4886413],\"r\":[81.78745,265.6971,144.6301],\"s\":[0.06000012,0.06000007,0.06000007],\"c\":[1,1,1]}]}]}"}],"serveTime":5}