{"thingDefinitions":[{"id":"5b9392db841bd54bdf3cdfa2","def":"{\"v\":6,\"p\":[{\"s\":[{\"p\":[0,0,0],\"r\":[-1.707547E-06,3.415095E-06,-1.707547E-06],\"s\":[0.1750013,1.536991,1.474383],\"c\":[1,1,1]},{\"p\":[0,0,0],\"r\":[-1.707547E-06,3.415095E-06,-1.707547E-06],\"s\":[0.1750013,1.536991,1.474383],\"c\":[1,1,1]}]}]}"},{"id":"5b939614d84ad52671587cba","def":"{\"v\":6,\"p\":[{\"t1\":77,\"t2\":76,\"s\":[{\"p\":[0,0,0],\"r\":[0,0,0],\"s\":[1.061172,0.4686892,0.4972043],\"c\":[0,0.5555556,0.1269841],\"t1\":{\"c\":[0,1,0.2285715],\"x\":0.5,\"y\":0.5,\"a\":0.8925,\"m\":0,\"n\":0,\"r\":0,\"g\":0,\"o\":0.5,\"t\":0.5,\"e\":0.5},\"t2\":{\"c\":[0.7777778,0.3234567,0.08641972],\"x\":0.5,\"y\":0.5,\"a\":0.8925,\"m\":0,\"n\":0,\"r\":0,\"g\":0,\"o\":0.5,\"t\":0.5,\"e\":0.5}}]}]}"}],"serveTime":6}