{"thingDefinitions":[{"id":"5e40a9d8a3a6473806f0c9c5","def":"{\"v\":9,\"p\":[{\"a\":[23],\"s\":[{\"p\":[0,0,0],\"r\":[0,0,0],\"s\":[2501.325,2500.962,0.1752596],\"c\":[1,1,1]}]},{\"t2\":4,\"s\":[{\"p\":[9.238588,3.369849,1.47337],\"r\":[23.32568,8.783062,41.67796],\"s\":[0.1750214,0.1750044,0.1750179],\"c\":[0.07407398,0.111111,0.111111],\"t2\":{\"c\":[0,1,0.2285715],\"x\":0.17,\"y\":0.07152557,\"a\":0.69625,\"m\":0.5,\"n\":0.5,\"r\":0,\"g\":0,\"o\":0.5,\"t\":0.5,\"e\":0.5}}]}]}"},{"id":"5e40aa190d37d23816f73856","def":"{\"v\":9,\"p\":[{\"a\":[23],\"s\":[{\"p\":[0,0,0],\"r\":[0,0,0],\"s\":[2501.325,2500.962,0.1752596],\"c\":[1,1,1]}]}]}"}],"serveTime":6}