{"thingDefinitions":[{"id":"5a9f52bd1cfa9a9d7a0afc6f","def":"{\"v\":2,\"d\":\"B\",\"a\":[2,15],\"p\":[{\"b\":9,\"s\":[{\"p\":[0.0470916,-0.004332136,-0.009025544],\"r\":[0.4714957,9.50481,2.456],\"s\":[0.1224013,0.1179143,0.1250011],\"c\":[0,1,1]}]},{\"b\":174,\"s\":[{\"p\":[-0.02457182,0.0274872,-0.003733616],\"r\":[21.74863,352.4375,64.13618],\"s\":[0.04500027,0.04500009,0.04500023],\"c\":[1,1,1]}]}]}"},{"id":"5a9f571de8e6598613bba541","def":"{\"n\":\"gun\",\"v\":3,\"a\":[2,14],\"p\":[{\"b\":14,\"s\":[{\"p\":[0,0,0],\"r\":[0,0,0],\"s\":[0.06000009,0.06000002,0.06000013],\"c\":[1,1,1]}]},{\"b\":14,\"s\":[{\"p\":[-0.2254522,0.1476113,-0.1756206],\"r\":[313.6938,272.4476,338.3135],\"s\":[0.06000014,0.06000011,0.06000009],\"c\":[1,1,1]}]}]}"}],"serveTime":6}