{"thingDefinitions":[{"id":"5a24d20f5df9ff5e284826d1","def":"{\"n\":\"thing\",\"v\":2,\"p\":[{\"s\":[{\"p\":[-0.3897272,0.2602045,-0.04889556],\"r\":[351.5537,311.6556,43.41825],\"s\":[0.1750002,0.1750001,0.1750001],\"c\":[1,1,1]}]},{\"s\":[{\"p\":[-0.4941926,0.1225975,-0.1329857],\"r\":[354.5087,310.7633,316.4622],\"s\":[0.1750003,0.1750002,0.1750002],\"c\":[1,1,1]}]},{\"s\":[{\"p\":[-0.1774817,0.2539752,-0.008342542],\"r\":[344.5152,323.6058,304.0435],\"s\":[0.1750003,0.1750004,0.1750003],\"c\":[1,1,1]}]},{\"s\":[{\"p\":[-0.0437971,0.3372827,0.05473481],\"r\":[349.179,325.2245,301.1589],\"s\":[0.1750003,0.1750003,0.1750002],\"c\":[1,1,1]}]}]}"}],"serveTime":5}