{"thingDefinitions":[{"id":"5ba81f66286bfa66d1bc91e2","def":"{\"v\":7,\"p\":[{\"b\":9,\"s\":[{\"p\":[0,0,0],\"r\":[0,0,0],\"s\":[0.1250008,0.1250004,0.1250005],\"c\":[1,1,1]}]}]}"},{"id":"5ba820ae510cb966cb56829f","def":"{\"v\":7,\"p\":[{\"s\":[{\"p\":[0,0,0],\"r\":[0,0,0],\"s\":[0.1750016,0.1750015,0.1750019],\"c\":[1,1,1]}]}]}"}],"serveTime":5}