{"thingDefinitions":[{"id":"5c2e83d5fbec9a3178ec68f8","def":"{\"v\":7,\"p\":[{\"b\":3,\"s\":[{\"p\":[0,0,0],\"r\":[0,0,0],\"s\":[0.125,0.125,0.125],\"c\":[1,1,1]}]}]}"},{"id":"5c2e83f2573d946f77418e5e","def":"{\"v\":7,\"p\":[{\"b\":14,\"s\":[{\"p\":[0,0,0],\"r\":[0,0,0],\"s\":[0.05999999,0.06,0.06000001],\"c\":[1,1,1]}]},{\"b\":31,\"s\":[{\"p\":[-0.2054643,0.02321681,0.2327451],\"r\":[350.366,267.8051,12.76634],\"s\":[0.1250001,0.1250001,0.1250001],\"c\":[1,1,1]}]}]}"}],"serveTime":5}