{"thingDefinitions":[{"id":"5ae47e996475b86cd15dd2e5","def":"{\"v\":4,\"p\":[{\"b\":3,\"s\":[{\"p\":[0,0,0],\"r\":[0,0,-2.134434E-07],\"s\":[0.125,0.1250001,0.125],\"c\":[1,1,1]}]}]}"}],"serveTime":4}