{"thingDefinitions":[{"id":"5d6c0eb2607fe1061d68ed22","def":"{\"v\":9,\"p\":[{\"b\":10,\"s\":[{\"p\":[0,0,0],\"r\":[0,0,0],\"s\":[3.29832,3.9328,0.1708071],\"c\":[1,1,1]}]},{\"b\":2,\"s\":[{\"p\":[-0.04999961,-1.555063,2.557813],\"r\":[16.97804,346.6213,76.11627],\"s\":[1.18869,1.224698,0.1250001],\"c\":[1,1,1]}]}]}"}],"serveTime":4}