{"thingDefinitions":[{"id":"5dcfd8524bff4c1c646375be","def":"{\"n\":\"bruh spear\",\"v\":9,\"a\":[2],\"p\":[{\"s\":[{\"p\":[0,0,0],\"r\":[0,0,0],\"s\":[0.02004643,1.438922,0.04730532],\"c\":[0.7777778,0.5333333,0]}]},{\"b\":188,\"s\":[{\"p\":[-0.003499355,0.748441,0.002326936],\"r\":[2.44324,358.6313,357.1806],\"s\":[0.00829478,0.02775144,0.02206209],\"c\":[0.5555556,0.5555556,0.5555556]}]}]}"}],"serveTime":5}