{"thingDefinitions":[{"id":"5f727c8709173d2a45437e63","def":"{\"v\":9,\"p\":[{\"b\":152,\"s\":[{\"p\":[0,0,0],\"r\":[0,0,-7.203714E-07],\"s\":[0.04000001,0.04000002,0.04000001],\"c\":[1,1,1]}]},{\"b\":151,\"s\":[{\"p\":[0.1278906,0.05905057,0.1155555],\"r\":[30.36804,38.50364,16.78993],\"s\":[0.06000002,0.06000002,0.06000001],\"c\":[1,1,1]}]}]}"}],"serveTime":5}