{"thingDefinitions":[{"id":"5b0f832a19c9df1ec8193304","def":"{\"v\":4,\"a\":[2],\"p\":[{\"b\":10,\"s\":[{\"p\":[0,0,0],\"r\":[0,0,0],\"s\":[0.03918926,0.04047696,0.04225686],\"c\":[0.7777778,0,0.2666667],\"b\":[\"when touched then play horn 6\"]}]},{\"b\":15,\"s\":[{\"p\":[-0.01853259,-0.05128706,0.03087032],\"r\":[56.8707,330.5085,83.35865],\"s\":[0.01229132,0.01423891,0.08243416],\"c\":[0.5555556,0.5555556,0.5555556]}]},{\"b\":7,\"s\":[{\"p\":[-0.03168901,-0.1038762,0.05938805],\"r\":[303.2054,149.8842,289.6287],\"s\":[0.04308618,0.04190582,0.1250025],\"c\":[0.5555556,0.5555556,0.5555556]}]}]}"}],"serveTime":17}