{"thingDefinitions":[{"id":"59cc44205d04afad2b4bda0a","def":"{\"n\":\"thing\",\"p\":[{\"b\":14,\"s\":[{\"p\":[-0.1730643,0.1364367,0.1302785],\"r\":[326.7982,312.2532,18.09967],\"s\":[0.06000001,0.06000009,0.06000012],\"c\":[1,1,1]}]},{\"b\":40,\"s\":[{\"p\":[-0.283489,0.2193667,0.2648388],\"r\":[334.2738,68.57213,315.3932],\"s\":[0.1250003,0.1250003,0.1250003],\"c\":[1,1,1]}]},{\"b\":9,\"s\":[{\"p\":[-0.00677456,0.004563019,0.005985003],\"r\":[359.5029,1.61977,359.1117],\"s\":[0.1250001,0.1250002,0.1250001],\"c\":[1,1,1]}]}]}"}],"serveTime":5}