{"thingDefinitions":[{"id":"59d1658770b749e514de01c8","def":"{\"n\":\"thing\",\"p\":[{\"b\":9,\"s\":[{\"p\":[0,0,0],\"r\":[0,0,0],\"s\":[0.1250003,0.1250001,0.1250003],\"c\":[1,1,1]}]}]}"}],"serveTime":4}