{"thingDefinitions":[{"id":"5ad3184717f1760ff96d35d1","def":"{\"n\":\"ground\",\"v\":3,\"a\":[1],\"p\":[{\"b\":17,\"s\":[{\"p\":[0,0,0],\"r\":[0,0,0],\"s\":[3.363346,0.11062,3.201102],\"c\":[0.9019608,0.8509804,0.7215686]}]},{\"b\":12,\"s\":[{\"p\":[-0.0006202667,1.213894,-1.320335],\"r\":[82.12934,107.5956,344.6833],\"s\":[0.06000031,0.06000012,0.06000011],\"c\":[1,1,1]}]},{\"b\":5,\"s\":[{\"p\":[-0.008852623,1.496621,-1.299842],\"r\":[356.9711,122.0759,304.8989],\"s\":[0.1250003,0.1250001,0.1250003],\"c\":[1,1,1]}]},{\"b\":175,\"s\":[{\"p\":[0.004491962,1.61622,-1.302427],\"r\":[27.4578,145.2392,14.49758],\"s\":[0.04500006,0.04500001,0.045],\"c\":[1,1,1]}]}]}"}],"serveTime":3}