{"thingDefinitions":[{"id":"5c071a101171b26459736e1b","def":"{\"n\":\"no clue how \",\"v\":7,\"p\":[{\"s\":[{\"p\":[0,0,0],\"r\":[2.668043E-08,-4.028107E-18,-1.730059E-08],\"s\":[0.1750001,0.1750001,0.175],\"c\":[1,1,1]}]}]}"}],"serveTime":4}