{"thingDefinitions":[{"id":"5c90ffe196e8e2307b629caa","def":"{\"v\":8,\"p\":[{\"s\":[{\"p\":[0,0,0],\"r\":[0,0,0],\"s\":[1.143912,0.9504085,0.1750013],\"c\":[1,1,1]}]}]}"}],"serveTime":4}