{"thingDefinitions":[{"id":"5c36b98e06c55d054cefd1aa","def":"{\"v\":7,\"p\":[{\"s\":[{\"p\":[0,0,0],\"r\":[4.268868E-07,-1.590277E-15,-4.268868E-07],\"s\":[0.1750001,0.1750001,0.175],\"c\":[1,1,1]}]}]}"}],"serveTime":4}