{"thingDefinitions":[{"id":"5b21a37ffb10fb61a85b5930","def":"{\"v\":5,\"p\":[{\"b\":3,\"s\":[{\"p\":[0,0,0],\"r\":[0,0,0],\"s\":[0.1250002,0.1250002,0.1250002],\"c\":[1,1,1]}]},{\"b\":3,\"s\":[{\"p\":[-0.0413023,-0.200599,0.2873105],\"r\":[4.433394,280.5687,337.8597],\"s\":[0.125,0.1250001,0.1250001],\"c\":[1,1,1]}]}]}"}],"serveTime":4}