{"thingDefinitions":[{"id":"5d74082e565d5720a3a6aa4c","def":"{\"v\":9,\"p\":[{\"b\":9,\"s\":[{\"p\":[0,0,0],\"r\":[0,0,0],\"s\":[0.5822595,0.4156768,0.8460444],\"c\":[1,1,1]}]},{\"b\":9,\"s\":[{\"p\":[-0.98715,-0.4041034,-0.7825327],\"r\":[26.48438,295.1857,183.104],\"s\":[0.5822584,0.4156762,0.8460427],\"c\":[1,1,1]}]}]}"}],"serveTime":4}