{"thingDefinitions":[{"id":"5d991dd9309ea4392c5a874b","def":"{\"v\":9,\"p\":[{\"b\":12,\"s\":[{\"p\":[0,0,0],\"r\":[0,0,-4.268868E-07],\"s\":[0.05999999,0.06000011,0.06000007],\"c\":[1,1,1]}]}]}"}],"serveTime":4}