{"thingDefinitions":[{"id":"5ce490b388d12c0e372cefbc","def":"{\"n\":\"ground\",\"v\":9,\"a\":[1],\"p\":[{\"b\":17,\"s\":[{\"p\":[0,0,0],\"r\":[0,0,-8.537737E-07],\"s\":[3.363346,0.001,0.8745816],\"c\":[0.9019608,0.8509804,0.7215686]}]}]}"}],"serveTime":6}