{"thingDefinitions":[{"id":"59b057516904dba8134a6b9d","def":"{\"n\":\"thing\",\"a\":[2,7],\"p\":[{\"s\":[{\"p\":[-0.2324272,-0.07250375,0.005623166],\"r\":[276.4249,226.6213,135.0144],\"s\":[0.03535624,0.04767363,0.1750202],\"c\":[1,1,1]}]},{\"b\":14,\"s\":[{\"p\":[0.000699,0.002045315,-0.003436127],\"r\":[355.4605,1.455206,4.551519],\"s\":[0.5094144,0.06000105,0.005000059],\"c\":[1,1,1]}]},{\"b\":83,\"s\":[{\"p\":[-0.1947165,0.019961,-0.004719585],\"r\":[83.57505,46.62132,134.9856],\"s\":[0.0101232,0.1250139,0.005000657],\"c\":[1,1,1]}]},{\"s\":[{\"p\":[0.2182116,0.04908111,-0.01378558],\"r\":[355.4628,91.81618,355.4462],\"s\":[0.005002125,0.01895499,0.005002054],\"c\":[1,1,1]}]}]}"}],"serveTime":4}