{"thingDefinitions":[{"id":"5bc13edfd044c0458f490483","def":"{\"v\":7,\"p\":[{\"s\":[{\"p\":[0,0,0],\"r\":[0,0,0],\"s\":[0.1750002,0.1750001,0.1750001],\"c\":[1,1,1]}]},{\"s\":[{\"p\":[-0.1801142,0.002471671,0.0001454884],\"r\":[359.6594,269.9259,0.9477797],\"s\":[0.175,0.175,0.175],\"c\":[1,1,1]}]},{\"b\":2,\"s\":[{\"p\":[-0.3425175,-0.01237252,-0.005474919],\"r\":[351.4372,269.438,0.2021231],\"s\":[0.125,0.1250001,0.1250001],\"c\":[1,1,1]}]}]}"}],"serveTime":5}