{"thingDefinitions":[{"id":"5f18a936d5ff73604ee61982","def":"{\"n\":\"ground\",\"v\":9,\"a\":[1],\"p\":[{\"b\":17,\"s\":[{\"p\":[0,0,0],\"r\":[0,0,0],\"s\":[3.363346,0.11062,3.201102],\"c\":[0.9019608,0.8509804,0.7215686]}]}]}"},{"id":"5f18a91bd5ff73604ee61981","def":"{\"v\":9,\"p\":[{\"s\":[{\"p\":[0,0,0],\"r\":[0,0,0],\"s\":[0.1750004,0.1750003,0.1750002],\"c\":[1,1,1]}]},{\"s\":[{\"p\":[-0.04870267,0.7392995,-0.1986705],\"r\":[354.061,16.20616,100.3333],\"s\":[0.1750004,0.1750002,0.1750002],\"c\":[1,1,1]}]}]}"}],"serveTime":5}