{"thingDefinitions":[{"id":"5afaad38003e56140a4af915","def":"{\"v\":4,\"p\":[{\"s\":[{\"p\":[0,0,0],\"r\":[0,0,-2.134434E-07],\"s\":[0.175,0.1750001,0.1750001],\"c\":[1,1,1]}]},{\"b\":14,\"s\":[{\"p\":[-0.006138466,-0.004168242,0.2296757],\"r\":[358.546,357.284,6.652586],\"s\":[0.05999999,0.06000002,0.06000001],\"c\":[1,1,1]}]}]}"}],"serveTime":4}