{"thingDefinitions":[{"id":"5a45f025718647f765647f7e","def":"{\"n\":\"thing\",\"v\":2,\"p\":[{\"b\":2,\"s\":[{\"p\":[0.0385606,0.01567434,0.3291464],\"r\":[350.9575,241.3559,16.42273],\"s\":[0.1250001,0.125,0.125],\"c\":[1,0.3428571,0]}]},{\"b\":14,\"s\":[{\"p\":[-0.09875639,0.03626708,0.2466041],\"r\":[4.120874,54.56023,342.2837],\"s\":[0.06000005,0.06000004,0.06000002],\"c\":[0,1,0.5714287]}]},{\"b\":9,\"s\":[{\"p\":[-0.2874941,0.05373234,0.09520496],\"r\":[20.21234,113.6634,344.0132],\"s\":[0.1250002,0.1250002,0.1250002],\"c\":[0.9714285,0,1]}]},{\"s\":[{\"p\":[0.1436794,-0.001364604,0.3993932],\"r\":[12.05026,61.17088,341.7462],\"s\":[0.1750002,0.1750004,0.1750003],\"c\":[0,0.2285712,1]}]}]}"}],"serveTime":5}