{"thingDefinitions":[{"id":"5b9ac5c88249990f95f74bba","def":"{\"v\":6,\"a\":[2],\"p\":[{\"b\":14,\"s\":[{\"p\":[0.1654261,-0.563253,-0.1183666],\"r\":[50.40112,224.7143,74.47424],\"s\":[0.06000005,0.06000003,0.06000003],\"c\":[1,1,1]}]},{\"b\":14,\"s\":[{\"p\":[-0.007202158,0.01158674,0.007032515],\"r\":[356.8828,359.7322,359.3935],\"s\":[0.06000002,0.06000001,0.06000001],\"c\":[1,1,1]}]},{\"b\":5,\"s\":[{\"p\":[-0.04072573,0.01988786,-0.1298016],\"r\":[0.8123494,184.0163,82.42158],\"s\":[0.1000002,0.1000002,0.1000002],\"c\":[1,1,1]}]},{\"b\":14,\"s\":[{\"p\":[-0.02077377,-0.01300031,-0.785386],\"r\":[2.039758,181.0011,78.25706],\"s\":[0.03032593,0.02128996,0.2583402],\"c\":[1,1,1]}]}]}"}],"serveTime":4}