{"thingDefinitions":[{"id":"5bd49ec55d9de633b45ff4ca","def":"{\"v\":7,\"p\":[{\"b\":10,\"s\":[{\"p\":[0,0,0],\"r\":[0,0,-1.173939E-06],\"s\":[0.1250004,0.1250004,0.125],\"c\":[1,1,1]}]},{\"b\":3,\"s\":[{\"p\":[0.3492552,-0.156436,-0.5684759],\"r\":[359.5872,65.03259,59.87444],\"s\":[0.1250001,0.1250001,0.1250002],\"c\":[1,1,1]}]}]}"}],"serveTime":6}