{"thingDefinitions":[{"id":"5c71908597ee906da58913c5","def":"{\"v\":7,\"p\":[{\"s\":[{\"p\":[0,0,0],\"r\":[0,0,0],\"s\":[0.1750001,0.1750002,0.1750003],\"c\":[1,1,1]}]}]}"}],"serveTime":5}