{"thingDefinitions":[{"id":"5bfb3a291171b26459736957","def":"{\"v\":7,\"p\":[{\"b\":73,\"s\":[{\"p\":[0,0,0],\"r\":[0,0,0],\"s\":[0.2250001,0.225,0.2250001],\"c\":[1,1,1]}]},{\"b\":73,\"s\":[{\"p\":[-0.04015179,-0.1093419,-0.1435715],\"r\":[357.2524,322.5343,14.24273],\"s\":[0.2250001,0.225,0.2250001],\"c\":[1,1,1]}]},{\"b\":69,\"s\":[{\"p\":[-0.1499006,0.02281447,-0.07927702],\"r\":[28.62431,335.6493,230.4341],\"s\":[0.07500014,0.0750001,0.075],\"c\":[1,1,1]}]},{\"b\":64,\"s\":[{\"p\":[-0.2961384,0.1257874,-0.08466576],\"r\":[34.39861,84.72287,312.4865],\"s\":[0.1250002,0.1250001,0.1250001],\"c\":[1,1,1]}]}]}"}],"serveTime":5}