{"thingDefinitions":[{"id":"5e13e359292a47061b5647af","def":"{\"n\":\"ground\",\"v\":9,\"a\":[1],\"p\":[{\"b\":17,\"s\":[{\"p\":[0,0,0],\"r\":[0,0,0],\"s\":[3.363346,0.11062,3.201102],\"c\":[0.9019608,0.8509804,0.7215686]}]}]}"},{"id":"5e13e392484d4271592ca87a","def":"{\"v\":9,\"p\":[{\"b\":40,\"s\":[{\"p\":[-0.05561782,0.1372187,-0.02254163],\"r\":[315.7468,277.6245,265.0167],\"s\":[0.125,0.125,0.125],\"c\":[1,1,1]}]},{\"s\":[{\"p\":[-0.0167054,-0.06767291,-0.06872469],\"r\":[4.092446,319.292,39.95716],\"s\":[0.1750008,0.1750004,0.1750005],\"c\":[1,1,1]}]}]}"}],"serveTime":6}