{"thingDefinitions":[{"id":"5b35c4aa4307960f8ab923de","def":"{\"n\":\"ground\",\"v\":5,\"a\":[1],\"p\":[{\"b\":17,\"s\":[{\"p\":[0,0,0],\"r\":[0,0,0],\"s\":[3.363346,0.2249691,12.25384],\"c\":[0.9019608,0.8509804,0.7215686]}]}]}"},{"id":"5b35c60bcfac0314a3451df0","def":"{\"v\":5,\"p\":[{\"s\":[{\"p\":[0,0,0],\"r\":[0,0,0],\"s\":[0.3691426,0.39918,0.1750003],\"c\":[1,1,1]}]},{\"s\":[{\"p\":[0.1381722,0.05807221,-0.3407298],\"r\":[11.28771,1.845317,3.235153],\"s\":[0.3691426,0.39918,0.1750003],\"c\":[1,1,1]}]}]}"}],"serveTime":6}