{"thingDefinitions":[{"id":"5c8026988f04f7537db435fc","def":"{\"v\":7,\"p\":[{\"b\":100,\"e\":\"CALEB\",\"s\":[{\"p\":[0,0,0],\"r\":[0,0,0],\"s\":[0.02558261,0.02558266,0.02558265],\"c\":[1,1,1]},{\"p\":[0,0,0],\"r\":[0,0,0],\"s\":[0.02558261,0.02558266,0.02558265],\"c\":[1,1,1]}]}]}"}],"serveTime":4}