{"thingDefinitions":[{"id":"5ea325b6ee518274dbc11dcc","def":"{\"v\":9,\"a\":[7,18],\"p\":[{\"s\":[{\"p\":[0,0,0],\"r\":[0,0,0],\"s\":[19.59634,14.40849,0.1750297],\"c\":[0.1269839,0.4444443,0]}]}]}"},{"id":"5ea32a3b32a03b257fa8c143","def":"{\"v\":9,\"p\":[{\"b\":3,\"a\":[5],\"c\":[[-0.764,-0.438,-1.62,2],[-0.514,-0.06,-2.224,4],[-2.348,-0.515,-1.477,9],[-1.565,1.708,0.055,18],[0.761,-1.653,-1.099,40],[1.628,-0.941,0.173,34],[-0.286,-0.075,1.073,29],[0.213,0.577,1.904,49],[0.2,0.2,1.3,48],[-0.5,0.8,0,32],[0.3,0,-0.3,30]],\"s\":[{\"p\":[-0.1882531,-0.1625268,-0.163977],\"r\":[5.885142,154.7887,166.232],\"s\":[0.001,0.1250019,0.1617641],\"c\":[0,1,1]},{\"p\":[0,0,0],\"r\":[0,0,0],\"s\":[0.1250003,0.1250002,0.1250001],\"c\":[1,1,1]}]}]}"}],"serveTime":5}