{"thingDefinitions":[{"id":"5c203324de198331858103be","def":"{\"v\":7,\"p\":[{\"b\":10,\"s\":[{\"p\":[0,0,0],\"r\":[0,0,0],\"s\":[0.1250001,0.1250001,0.1250001],\"c\":[1,1,1]}]}]}"},{"id":"5c2033c60781db05578b5288","def":"{\"v\":7,\"p\":[{\"b\":174,\"s\":[{\"p\":[0,0,0],\"r\":[0,0,0],\"s\":[0.04500003,0.04500002,0.04500003],\"c\":[1,1,1]}]},{\"b\":183,\"s\":[{\"p\":[-0.08213606,-0.03273991,0.2429546],\"r\":[6.896849,15.70014,28.59653],\"s\":[0.05999999,0.06000001,0.06000002],\"c\":[1,1,1]}]},{\"b\":187,\"s\":[{\"p\":[4.900308,1.109176,1.339437],\"r\":[12.48645,107.2178,338.7861],\"s\":[0.06000008,0.06000003,0.06000005],\"c\":[1,1,1]}]}]}"}],"serveTime":5}