{"thingDefinitions":[{"id":"5c1b02a683f66e6e5533ff90","def":"{\"n\":\"ground\",\"v\":7,\"a\":[1],\"p\":[{\"b\":17,\"s\":[{\"p\":[0,0,0],\"r\":[0,0,0],\"s\":[2500,0.11062,2500],\"c\":[0.9019608,0.8509804,0.7215686]}]}]}"},{"id":"5c2550058436ee6f7daa6d3b","def":"{\"v\":7,\"p\":[{\"s\":[{\"p\":[0,0,0],\"r\":[0,0,0],\"s\":[0.1750007,0.1750003,0.1750006],\"c\":[1,1,1]}]}]}"}],"serveTime":5}