{"thingDefinitions":[{"id":"5c7c129e0a88025010c7a9d0","def":"{\"v\":7,\"p\":[{\"b\":9,\"s\":[{\"p\":[0,0,0],\"r\":[0,0,0],\"s\":[0.1250003,0.1250005,0.1250004],\"c\":[0.111111,1,1]}]},{\"b\":60,\"s\":[{\"p\":[-0.07300273,-0.1511051,0.002881385],\"r\":[19.47976,40.00097,340.7819],\"s\":[0.1250001,0.1222603,0.1250003],\"c\":[1,0.1714284,0]}]},{\"b\":60,\"s\":[{\"p\":[-0.1054468,0.05806819,0.1133906],\"r\":[21.38108,38.93568,64.38933],\"s\":[0.1250002,0.1250001,0.1250001],\"c\":[1,0.1714284,0]}]}]}"}],"serveTime":5}