{"thingDefinitions":[{"id":"5c43b47f27012425550d302c","def":"{\"n\":\"pillar\",\"v\":7,\"p\":[{\"s\":[{\"p\":[0,0,0],\"r\":[0,0,0],\"s\":[0.09794238,0.1280049,2.522613],\"c\":[1,1,1]}]}]}"}],"serveTime":6}