{"thingDefinitions":[{"id":"5cb4f562e15d68056b862009","def":"{\"v\":9,\"p\":[{\"b\":2,\"s\":[{\"p\":[0,0,0],\"r\":[0,0,0],\"s\":[0.1250001,0.1250003,0.1250003],\"c\":[1,1,1]}]}]}"}],"serveTime":4}