{"thingDefinitions":[{"id":"5f80eae1fe99c863186cfa7f","def":"{\"v\":9,\"p\":[{\"b\":9,\"s\":[{\"p\":[0,0,0],\"r\":[0,0,0],\"s\":[0.1250001,0.125,0.1250002],\"c\":[1,1,1]}]},{\"b\":14,\"s\":[{\"p\":[-0.07693259,0.1320295,0.2020203],\"r\":[328.8119,339.439,357.5214],\"s\":[0.06000001,0.06000002,0.06000003],\"c\":[1,1,1]}]},{\"b\":199,\"s\":[{\"p\":[-0.03072371,0.1823463,-0.2383556],\"r\":[330.1161,116.9815,237.3385],\"s\":[0.08000001,0.08000005,0.08000003],\"c\":[1,1,1]}]}]}"}],"serveTime":4}