{"thingDefinitions":[{"id":"5cdb0cc8db3a9b31f4214e78","def":"{\"v\":9,\"p\":[{\"b\":12,\"s\":[{\"p\":[0,0,0],\"r\":[0,0,3.415095E-06],\"s\":[0.06000008,0.06000011,0.0600001],\"c\":[1,1,1]}]}]}"}],"serveTime":5}