{"thingDefinitions":[{"id":"5b42c52552eb277d62074301","def":"{\"v\":5,\"p\":[{\"b\":12,\"s\":[{\"p\":[0.0003543086,0.076447,0.02863757],\"r\":[13.84006,164.6302,177.961],\"s\":[0.06000017,0.0600003,0.06000029],\"c\":[1,1,1]}]},{\"b\":14,\"s\":[{\"p\":[0.1018035,0.2421733,0.02118543],\"r\":[285.1868,143.225,195.6246],\"s\":[0.06000014,0.06000009,0.06000008],\"c\":[1,1,1]}]}]}"}],"serveTime":5}