{"thingDefinitions":[{"id":"5d0113524c9c6a1ce2c1af53","def":"{\"v\":9,\"p\":[{\"b\":10,\"s\":[{\"p\":[0,0,0],\"r\":[0,0,0],\"s\":[0.1250003,0.1250001,0.1250002],\"c\":[1,1,1]}]},{\"b\":10,\"s\":[{\"p\":[-0.1231903,0.07459825,-0.05560585],\"r\":[37.29473,268.1504,162.9702],\"s\":[0.1250003,0.1250002,0.1250004],\"c\":[1,1,1]}]}]}"}],"serveTime":4}