{"thingDefinitions":[{"id":"5e300ec59371bd24d77a86ec","def":"{\"n\":\"ground\",\"v\":9,\"a\":[1,2,15],\"tp_m\": 20,\"p\":[{\"b\":17,\"s\":[{\"p\":[0,0,0],\"r\":[0,0,0],\"s\":[3.363346,0.11062,3.201102],\"c\":[0.9019608,0.8509804,0.7215686]}]},{\"s\":[{\"p\":[-0.2974601,0.8356358,-0.8717432],\"r\":[274.4512,294.3446,229.1202],\"s\":[0.175001,0.1750005,0.1750005],\"c\":[1,1,1]}]}]}"}],"serveTime":4}