{"thingDefinitions":[{"id":"5adb9bdc268b260fc3d6d1b8","def":"{\"v\":4,\"p\":[{\"s\":[{\"p\":[0,0,0],\"r\":[0,0,0],\"s\":[0.1750001,0.1750002,0.1750002],\"c\":[1,1,1]}]}]}"}],"serveTime":4}