{"thingDefinitions":[{"id":"5c25aa65638de76f667e8ff8","def":"{\"v\":7,\"p\":[{\"s\":[{\"p\":[0,0,0],\"r\":[0,0,0],\"s\":[21.76194,0.175,35.60797],\"c\":[1,1,1]}]}]}"},{"id":"5e7c1073e6f27d519c6f4eab","def":"{\"v\":9,\"a\":[2,15,20,45,50,52],\"tp_m\": 1E+11,\"p\":[{\"s\":[{\"p\":[0,0,0],\"r\":[0,0,-3.415095E-06],\"s\":[0.1750001,0.1750002,0.1750004],\"c\":[1,1,1]}]}]}"}],"serveTime":5}