{"thingDefinitions":[{"id":"5bf73562d191fa054abe2b23","def":"{\"v\":7,\"p\":[{\"b\":3,\"s\":[{\"p\":[0,0,0],\"r\":[0,0,0],\"s\":[0.1250003,0.1250003,0.1250004],\"c\":[1,1,1]}]},{\"b\":3,\"s\":[{\"p\":[-0.2157052,-0.2324176,0.1382376],\"r\":[15.1107,305.2459,314.3839],\"s\":[0.1250002,0.1250001,0.1250002],\"c\":[1,1,1]}]},{\"b\":3,\"s\":[{\"p\":[0.252578,0.1436604,0.1381619],\"r\":[326.4729,36.01766,4.98897],\"s\":[0.1250003,0.1250003,0.1250004],\"c\":[1,1,1]}]}]}"}],"serveTime":4}