{"thingDefinitions":[{"id":"5b43cf060892666c45a213a8","def":"{\"v\":5,\"p\":[{\"s\":[{\"p\":[0,0,0],\"r\":[0,0,1.28066E-06],\"s\":[0.1750002,0.1750001,0.175],\"c\":[1,1,1]}]}]}"}],"serveTime":3}