{"thingDefinitions":[{"id":"5aebb28a7cc11d2f2d7d192b","def":"{\"v\":4,\"p\":[{\"s\":[{\"p\":[0,0,0],\"r\":[0,0,0],\"s\":[0.1750002,0.1750001,0.175],\"c\":[1,1,1]}]},{\"s\":[{\"p\":[0.05065352,0.1221183,-1.262644],\"r\":[32.14243,177.3136,167.3484],\"s\":[0.1750001,0.1750002,0.1750001],\"c\":[1,1,1]}]}]}"}],"serveTime":4}