{"thingDefinitions":[{"id":"5c8580f666b4c9393d81055d","def":"{\"v\":7,\"p\":[{\"b\":9,\"s\":[{\"p\":[0,0,0],\"r\":[0,0,0],\"s\":[0.1250001,0.1250001,0.1250001],\"c\":[1,1,1]}]}]}"},{"id":"5c8d87bfd8ee786d528730e8","def":"{\"v\":7,\"p\":[{\"b\":3,\"s\":[{\"p\":[0,0,0],\"r\":[0,0,-1.600825E-06],\"s\":[0.1250001,0.125,0.125],\"c\":[1,1,1]}]},{\"b\":3,\"s\":[{\"p\":[-0.1509247,0.05795893,-0.08606814],\"r\":[16.32441,18.38165,291.3782],\"s\":[0.125,0.125,0.125],\"c\":[1,1,1]}]}]}"}],"serveTime":6}