{"thingDefinitions":[{"id":"5beb30823d1f4a055fcfcd5d","def":"{\"n\":\"ground\",\"v\":7,\"a\":[1],\"p\":[{\"b\":17,\"s\":[{\"p\":[0,0,0],\"r\":[0,0,0],\"s\":[8.236115,0.11062,8.281402],\"c\":[0.9019608,0.8509804,0.7215686]}]}]}"}],"serveTime":4}