{"thingDefinitions":[{"id":"5aa304a9effa4d13889bcd4f","def":"{\"v\":2,\"a\":[7],\"p\":[{\"b\":2,\"s\":[{\"p\":[0,0,0],\"r\":[0,0,0],\"s\":[0.1250001,0.1250002,0.1250002],\"c\":[1,1,1]}]},{\"b\":9,\"s\":[{\"p\":[0.04052293,0.462694,-0.1538787],\"r\":[26.60049,140.035,114.6768],\"s\":[0.125,0.1250001,0.1250001],\"c\":[1,1,1]}]},{\"b\":9,\"s\":[{\"p\":[-0.1871257,0.07365568,-0.09259473],\"r\":[77.33843,255.9393,232.2307],\"s\":[0.1250002,0.1250002,0.1250003],\"c\":[1,1,1]}]}]}"}],"serveTime":5}