{"thingDefinitions":[{"id":"5c72238fa58ef86d9f091514","def":"{\"v\":7,\"p\":[{\"b\":9,\"s\":[{\"p\":[0,0,0],\"r\":[0,0,-5.336085E-08],\"s\":[0.125,0.001,0.1250001],\"c\":[1,1,1]}]}]}"}],"serveTime":4}