{"thingDefinitions":[{"id":"5a175bd6c7e1caae13c5f040","def":"{\"n\":\"thing\",\"v\":2,\"a\":[2,22],\"inc\":[[\"desk head\",\"5a1744ceb9479db9142e3ad2\"],[\"desk head 2\",\"5a175ba7fb9f28cf131747c4\"]],\"p\":[{\"b\":53,\"t1\":101,\"s\":[{\"p\":[0,0,0],\"r\":[0,0,0],\"s\":[0.122479,0.01998299,0.1087835],\"c\":[0.2222214,0.2222214,0.2222214],\"t1\":{\"c\":[0.3333333,0.3333333,0.3333333],\"x\":0.6038895,\"y\":0.6243516,\"a\":0,\"m\":0,\"n\":0,\"r\":0,\"g\":0,\"o\":0.5,\"t\":0.5,\"e\":0.5}}]},{\"b\":53,\"t1\":101,\"s\":[{\"p\":[-0.02851105,0.03230667,-0.0006484948],\"r\":[0,0,0],\"s\":[0.07572917,0.01998392,0.08124121],\"c\":[0.2222214,0.2222214,0.2222214],\"b\":[\"when touched then change head to desk head 2\"],\"t1\":{\"c\":[0.3333333,0.3333333,0.3333333],\"x\":0.6038895,\"y\":0.6243516,\"a\":0,\"m\":0,\"n\":0,\"r\":0,\"g\":0,\"o\":0.5,\"t\":0.5,\"e\":0.5}}]},{\"b\":18,\"e\":\"DESKTOP BODY\",\"s\":[{\"p\":[0.06943895,0.01446915,0.09440611],\"r\":[90,90,0],\"s\":[0.00235485,0.002354699,0.002354842],\"c\":[1,1,1]}]}]}"}],"serveTime":5}