{"thingDefinitions":[{"id":"5e1b120f01cc824f508f85ae","def":"{\"n\":\"ground\",\"v\":9,\"a\":[1],\"p\":[{\"b\":17,\"s\":[{\"p\":[0,0,0],\"r\":[0,0,0],\"s\":[3.363346,0.11062,3.201102],\"c\":[0.9019608,0.8509804,0.7215686]}]}]}"},{"id":"5e1b11fc9371bd24d77a81e2","def":"{\"v\":9,\"p\":[{\"b\":5,\"s\":[{\"p\":[-0.01301499,0.01506334,-0.1164884],\"r\":[355.2076,4.619038,353.5914],\"s\":[0.1000001,0.1000002,0.1000003],\"c\":[1,1,1]}]},{\"b\":14,\"s\":[{\"p\":[-0.03261621,0.01646382,-0.2996953],\"r\":[356.4508,5.521808,324.9856],\"s\":[0.06000005,0.06000016,0.06000016],\"c\":[1,1,1]}]}]}"}],"serveTime":5}