{"thingDefinitions":[{"id":"5c818b660fe37c41581ef563","def":"{\"v\":7,\"p\":[{\"b\":3,\"s\":[{\"p\":[0,0,0],\"r\":[0,0,0],\"s\":[0.1250002,0.1250001,0.1250002],\"c\":[1,0,0.3428572]}]},{\"b\":14,\"s\":[{\"p\":[-0.124993,0.1222359,-0.1518812],\"r\":[329.7934,224.0688,71.54742],\"s\":[0.06000004,0.06000004,0.06000004],\"c\":[0,1,1]}]},{\"b\":14,\"s\":[{\"p\":[-0.2170835,0.2164754,-0.2560016],\"r\":[307.8052,6.853581,287.7959],\"s\":[0.06000002,0.06000004,0.06000007],\"c\":[0,1,1]}]},{\"b\":41,\"s\":[{\"p\":[-0.2244209,0.2483513,-0.2972117],\"r\":[50.93283,187.9626,233.4197],\"s\":[0.1250002,0.1250003,0.1250003],\"c\":[1,0,0.3428572]}]}]}"}],"serveTime":4}