{"thingDefinitions":[{"id":"5c78a205b856230554d00187","def":"{\"n\":\"ground\",\"v\":7,\"a\":[1],\"p\":[{\"b\":17,\"s\":[{\"p\":[0,0,0],\"r\":[0,0,0],\"s\":[3.363346,0.11062,3.201102],\"c\":[0.9019608,0.8509804,0.7215686]}]},{\"b\":3,\"s\":[{\"p\":[-0.8539485,1.513066,-0.9622066],\"r\":[358.9584,250.0732,92.25249],\"s\":[0.1385439,0.2151166,0.1250007],\"c\":[1,1,1]}]},{\"b\":17,\"s\":[{\"p\":[-0.753255,1.572137,-1.035384],\"r\":[19.39841,267.6124,183.65],\"s\":[0.02722117,0.03580229,0.06000015],\"c\":[1,1,1]}]},{\"b\":17,\"s\":[{\"p\":[-0.7108636,1.419357,-0.674894],\"r\":[31.31319,255.848,131.2048],\"s\":[0.02722117,0.03580224,0.06000012],\"c\":[1,1,1]}]}]}"}],"serveTime":5}