{"thingDefinitions":[{"id":"5b8735a5bf4c48057d279881","def":"{\"v\":6,\"p\":[{\"b\":73,\"s\":[{\"p\":[-0.0625186,-0.1982425,-0.03821899],\"r\":[29.09973,304.4849,303.3812],\"s\":[0.323069,0.3230693,0.3230699],\"c\":[1,1,1]}]},{\"b\":69,\"s\":[{\"p\":[-0.12499,-0.1314492,-0.003288612],\"r\":[340.3707,114.0807,125.3668],\"s\":[0.0750011,0.00860116,0.09883182],\"c\":[0,0,0]}]},{\"b\":69,\"s\":[{\"p\":[-0.1238615,-0.1550141,0.03651284],\"r\":[42.92462,272.9896,31.44002],\"s\":[0.07500068,0.008601096,0.09883127],\"c\":[0,0,0]}]},{\"b\":69,\"s\":[{\"p\":[-0.09668483,-0.1809295,0.0598684],\"r\":[40.24381,283.282,19.67367],\"s\":[0.07500076,0.008601099,0.09883119],\"c\":[0,0,0]}]}]}"}],"serveTime":5}