{"thingDefinitions":[{"id":"5c19c7567863da6f76f3876d","def":"{\"v\":7,\"p\":[{\"b\":76,\"s\":[{\"p\":[0,0,0],\"r\":[0,0,0],\"s\":[0.07500005,0.07500003,0.07500003],\"c\":[1,1,1]}]}]}"},{"id":"5c19c7a9de19833185810263","def":"{\"v\":7,\"p\":[{\"b\":75,\"s\":[{\"p\":[0,0,0],\"r\":[0,0,0],\"s\":[0.7960804,0.4458157,0.7172507],\"c\":[1,1,1]}]}]}"}],"serveTime":5}