{"thingDefinitions":[{"id":"5c54a2e22f51671d92b0dfaa","def":"{\"v\":7,\"p\":[{\"b\":79,\"s\":[{\"p\":[0.2063022,0.1602356,0.1617193],\"r\":[41.91594,16.94041,315.1547],\"s\":[0.07500014,0.07500008,0.07500017],\"c\":[1,1,1]}]},{\"b\":71,\"s\":[{\"p\":[0.3451015,0.2661962,0.1982172],\"r\":[32.00974,5.214418,301.0339],\"s\":[0.1250004,0.1250003,0.1250003],\"c\":[1,1,1]}]}]}"}],"serveTime":4}