{"thingDefinitions":[{"id":"5e8693fb2003286c3ea8e8c6","def":"{\"v\":9,\"p\":[{\"s\":[{\"p\":[0,0,0],\"r\":[0,0,0],\"s\":[0.02134376,0.1750008,0.0213943],\"c\":[1,1,1],\"b\":[\"when shaken then become 2 in 0.2s\"]},{\"p\":[-0.01074765,0.04949895,0.03318042],\"r\":[338.875,326.2923,353.3094],\"s\":[0.4353566,0.1750011,0.3834579],\"c\":[1,0,0.5142856]}]}]}"},{"id":"5e86944bc82c3b06271a8d83","def":"{\"v\":9,\"p\":[{\"b\":9,\"s\":[{\"p\":[0,0,0],\"r\":[0,0,0],\"s\":[0.125,0.125,0.125],\"c\":[0,1,0.9142858],\"b\":[\"when touched then become 2 in 0.2s\"]},{\"p\":[0,0,0],\"r\":[0,0,0],\"s\":[0.5659931,0.125,0.1298621],\"c\":[1,0,0.5142855],\"b\":[\"when starts then become 1 in 1s\"]}]}]}"}],"serveTime":6}