{"thingDefinitions":[{"id":"58701747ca63e34913d8645d","def":"{\"n\":\"floor\",\"a\":[7,18],\"p\":[{\"s\":[{\"p\":[0,0,0],\"r\":[0,0,0],\"s\":[14.34251,0.1690364,10.04607],\"c\":[0.2222221,0.2222221,0.2222221]}]}]}"},{"id":"587017ce0efa3a0a10dd5e59","def":"{\"n\":\"dashboard\",\"a\":[7,18],\"p\":[{\"b\":5,\"s\":[{\"p\":[0,0,0],\"r\":[0,0,0],\"s\":[0.1854279,0.1572185,1.40263],\"c\":[0.4444444,0.3202821,0.04938265]}]}]}"}],"serveTime":4}