{"thingDefinitions":[{"id":"5ca18404138f9177d9aa9f62","def":"{\"v\":9,\"p\":[{\"s\":[{\"p\":[0,0,0],\"r\":[0,0,0],\"s\":[0.1750002,0.1750002,0.1750001],\"c\":[1,1,1]}]},{\"b\":2,\"s\":[{\"p\":[-0.1577724,0.007918581,0.002852754],\"r\":[357.1198,270.2139,358.4318],\"s\":[0.125,0.1250001,0.125],\"c\":[1,1,1]}]}]}"}],"serveTime":4}