{"thingDefinitions":[{"id":"5ee6704b4085477eb52c58e0","def":"{\"v\":9,\"a\":[49],\"p\":[{\"s\":[{\"p\":[0,0,0],\"r\":[6.830189E-06,-1.707547E-06,-1.017778E-13],\"s\":[0.1750002,0.1750003,0.1750003],\"c\":[1,1,1]}]},{\"s\":[{\"p\":[0.422156,0.1377079,-0.243045],\"r\":[9.61632,54.49004,93.36652],\"s\":[0.1750003,0.1750002,0.1750003],\"c\":[1,1,1]}]}]}"}],"serveTime":4}