{"thingDefinitions":[{"id":"5d4fd417d00055061d7f527f","def":"{\"v\":9,\"a\":[7,18],\"p\":[{\"s\":[{\"p\":[0,0,0],\"r\":[0,0,0],\"s\":[1707.416,845.8141,0.06468119],\"c\":[0.07619033,0.6666667,0]}]}]}"},{"id":"5d50d57aa730e521be048ff8","def":"{\"v\":9,\"p\":[{\"a\":[1],\"s\":[{\"p\":[0,0,0],\"r\":[6.830189E-06,-1.272222E-14,-2.134434E-07],\"s\":[1.366594,0.02601714,1.121989],\"c\":[1,1,1]}]}]}"}],"serveTime":6}