{"thingDefinitions":[{"id":"59f3e220207ba0d713d2f515","def":"{\"n\":\"thing\",\"v\":2,\"a\":[8],\"p\":[{\"b\":17,\"t\":4,\"s\":[{\"p\":[0.3727292,0.2923705,0.3241591],\"r\":[325.8893,17.62625,354.0547],\"s\":[0.0630072,0.02627785,0.0545281],\"c\":[0,0,0]}]}]}"},{"id":"59f3e4c06a824aac13d134ee","def":"{\"n\":\"thing\",\"v\":2,\"p\":[{\"b\":9,\"s\":[{\"p\":[0,0,0],\"r\":[0,0,0],\"s\":[8.082484,0.6838565,7.853749],\"c\":[0,1,0.3999999]}]}]}"}],"serveTime":5}