{"thingDefinitions":[{"id":"5a9354abc6028f9b5c32dcb5","def":"{\"v\":2,\"p\":[{\"b\":17,\"s\":[{\"p\":[0,0,0],\"r\":[0,0,0],\"s\":[3.363346,0.11062,3.201102],\"c\":[0.9019608,0.8509804,0.7215686]}]}]}"}],"serveTime":4}