{"thingDefinitions":[{"id":"5b32dc70f34db46683dab44b","def":"{\"v\":5,\"p\":[{\"b\":10,\"s\":[{\"p\":[0,0,0],\"r\":[0,0,0],\"s\":[0.1250002,0.1250001,0.1250002],\"c\":[0.8888889,0.8747795,0.7901235]}]}]}"},{"id":"5b32dd1b97ae886542ff2fbc","def":"{\"v\":5,\"p\":[{\"b\":3,\"s\":[{\"p\":[0,0,0],\"r\":[0,0,0],\"s\":[0.1250001,0.125,0.125],\"c\":[0,0.9142855,1]}]}]}"},{"id":"5b32dd56790eae54b2dd95d0","def":"{\"v\":5,\"p\":[{\"b\":3,\"s\":[{\"p\":[0,0,0],\"r\":[0,0,0],\"s\":[0.125,0.1250002,0.1250001],\"c\":[0,0.9142855,1]}]}]}"}],"serveTime":7}