{"thingDefinitions":[{"id":"5c1fc714de19833185810398","def":"{\"v\":7,\"p\":[{\"s\":[{\"p\":[1.397768,0.9919696,1.013324],\"r\":[6.124999,32.12503,1.610017E-06],\"s\":[0.0927868,0.175,0.1576552],\"c\":[1,1,1]}]}]}"},{"id":"5c1fc7207fab650561df963a","def":"{\"v\":7,\"p\":[{\"b\":9,\"s\":[{\"p\":[0.4836387,0.1081611,-0.01997729],\"r\":[306.375,50.75002,0],\"s\":[0.125,0.125,0.125],\"c\":[1,1,1]}]}]}"},{"id":"5c1fc72bea1f546e4855e057","def":"{\"v\":7,\"p\":[{\"s\":[{\"p\":[0.5205784,0.008427739,-0.2210196],\"r\":[322.125,78.62505,2.163227E-06],\"s\":[0.175,0.175,0.175],\"c\":[1,1,1]}]},{\"b\":2,\"s\":[{\"p\":[0.5205784,0.008427739,-0.2210196],\"r\":[322.125,78.62505,2.163227E-06],\"s\":[0.125,0.125,0.125],\"c\":[1,1,1]}]}]}"}],"serveTime":6}