{"thingDefinitions":[{"id":"5ce8df4b7e89af31eee54dbc","def":"{\"v\":9,\"p\":[{\"b\":175,\"s\":[{\"p\":[0,0,0],\"r\":[0,0,0],\"s\":[0.04500002,0.04500001,0.04500007],\"c\":[1,1,1]}]}]}"}],"serveTime":5}