{"thingDefinitions":[{"id":"5e063d29f5e57c5355556964","def":"{\"v\":9,\"a\":[48,49],\"p\":[{\"s\":[{\"p\":[0,0,0],\"r\":[0,0,0],\"s\":[0.175,0.175,0.1750001],\"c\":[1,0,0],\"b\":[\"when starts then allow emitted transporting\",\"when starts then become next\"]},{\"p\":[0,0,0],\"r\":[0,0,0],\"s\":[0.175,0.175,0.1750001],\"c\":[1,0,0],\"b\":[\"when starts then become previous\"]}]},{\"b\":139,\"e\":\"ALLOWER\",\"s\":[{\"p\":[-0.07632877,0.04264188,-0.1006344],\"r\":[2.003999,2.688586,1.578438],\"s\":[0.003000003,0.003,0.003000003],\"c\":[0,0,0]}]}]}"}],"serveTime":4}