{"thingDefinitions":[{"id":"5c1cf20cfbec9a3178ec6533","def":"{\"v\":7,\"p\":[{\"b\":202,\"s\":[{\"p\":[0,0,0],\"r\":[0,0,0],\"s\":[0.06,0.06,0.06000002],\"c\":[1,1,1]}]},{\"b\":199,\"s\":[{\"p\":[0.1854214,0.1358472,0.1821861],\"r\":[344.4987,244.2055,225.1988],\"s\":[0.07999999,0.08,0.07999999],\"c\":[1,1,1]}]},{\"b\":179,\"s\":[{\"p\":[-0.1357882,0.03113636,0.2270207],\"r\":[74.26521,321.5191,150.7968],\"s\":[0.2149998,0.2149999,0.2149999],\"c\":[1,1,1]}]}]}"},{"id":"5c1cf290ad6b9c6e49e2c30d","def":"{\"v\":7,\"p\":[{\"b\":54,\"s\":[{\"p\":[0,0,0],\"r\":[0,0,0],\"s\":[0.1250001,0.125,0.1250001],\"c\":[1,1,1]}]}]}"}],"serveTime":5}