{"thingDefinitions":[{"id":"5c39b97c4d67fc6f60920064","def":"{\"v\":7,\"p\":[{\"s\":[{\"p\":[0,0,0],\"r\":[0,0,-3.415095E-06],\"s\":[0.1750005,0.1750002,0.1750003],\"c\":[1,1,1]}]},{\"s\":[{\"p\":[-0.1735495,-0.2995563,0.0310809],\"r\":[3.97161,352.9857,71.28809],\"s\":[0.1750004,0.1750002,0.1750002],\"c\":[1,1,1]}]},{\"s\":[{\"p\":[-0.002030218,0.1781705,0.007799745],\"r\":[357.9693,-0.001476041,0.5394621],\"s\":[0.1750005,0.1750002,0.1750001],\"c\":[1,1,1]}]}]}"}],"serveTime":3}