{"thingDefinitions":[{"id":"5deeaec8fef13b3596b04f8f","def":"{\"n\":\"ground\",\"v\":9,\"a\":[1],\"p\":[{\"b\":17,\"s\":[{\"p\":[0,0,0],\"r\":[0,0,0],\"s\":[3.363346,0.11062,3.201102],\"c\":[0.9019608,0.8509804,0.7215686]}]},{\"b\":17,\"s\":[{\"p\":[-0.8982615,1.38364,-0.05908471],\"r\":[50.7174,344.0958,184.0804],\"s\":[0.06000008,0.06000011,0.06000005],\"c\":[1,1,1]}]},{\"b\":17,\"s\":[{\"p\":[-0.8429021,1.567088,0.2204208],\"r\":[327.5191,312.2754,357.4535],\"s\":[0.3976248,0.06000006,0.06000007],\"c\":[1,1,1]}]},{\"b\":164,\"s\":[{\"p\":[-0.9396881,1.284441,-0.5179297],\"r\":[2.261096,348.9071,105.9137],\"s\":[0.1000001,0.1000001,1.387245],\"c\":[1,1,1]}]}]}"}],"serveTime":4}