{"thingDefinitions":[{"id":"5c4a13280b3dab0194977825","def":"{\"v\":7,\"p\":[{\"b\":179,\"s\":[{\"p\":[0,0,0],\"r\":[8.471036E-07,-1.577854E-15,-2.134434E-07],\"s\":[0.215,0.2150001,0.2150001],\"c\":[1,0.8571429,0]}]}]}"},{"id":"5cf19ed708a1fd063aebebe5","def":"{\"v\":9,\"p\":[{\"b\":103,\"e\":\"7PUSSGY\",\"s\":[{\"p\":[0,0,0],\"r\":[0,0,0],\"s\":[0.003000004,0.003000008,0.003000005],\"c\":[1,1,1]}]}]}"}],"serveTime":6}