{"thingDefinitions":[{"id":"5bcfc603dacbac65d887cc8f","def":"{\"v\":7,\"p\":[{\"s\":[{\"p\":[0.5767488,0.03952717,-0.1817437],\"r\":[280.2722,175.5382,270.2777],\"s\":[0.5012692,0.1750005,0.2458609],\"c\":[1,1,1]}]},{\"s\":[{\"p\":[0.6671892,-0.01432736,0.02322057],\"r\":[301.9617,151.5716,9.431406],\"s\":[0.5551859,0.2722201,0.346347],\"c\":[1,1,1]}]},{\"a\":[23],\"s\":[{\"p\":[0.01318343,-0.04094395,0.1200902],\"r\":[279.9304,180.8546,271.7263],\"s\":[0.5551863,0.3175535,0.3463471],\"c\":[1,1,1]}]},{\"b\":12,\"s\":[{\"p\":[-0.002561491,-0.02006205,0.1002417],\"r\":[359.7332,91.72471,350.2043],\"s\":[0.1552547,0.2272747,0.06000024],\"c\":[0,0.05714257,1]}]}]}"}],"serveTime":5}