{"thingDefinitions":[{"id":"5ad8ff4bfc5d8b712f0a5bb0","def":"{\"v\":4,\"p\":[{\"b\":5,\"s\":[{\"p\":[0.5879331,0.152973,0.1615131],\"r\":[344.4539,91.50669,358.3663],\"s\":[0.8310237,0.4632299,0.1250004],\"c\":[1,1,1]}]},{\"b\":27,\"s\":[{\"p\":[0.3971566,0.1028219,0.4442353],\"r\":[8.784786,285.6307,185.5536],\"s\":[0.9228711,0.1460165,0.2247429],\"c\":[1,1,1]}]}]}"}],"serveTime":4}