{"thingDefinitions":[{"id":"5c1988a25496586f5aa0c95b","def":"{\"n\":\"ground\",\"v\":7,\"a\":[1],\"p\":[{\"b\":17,\"s\":[{\"p\":[0,0,0],\"r\":[0,0,0],\"s\":[3.363346,0.11062,3.201102],\"c\":[0.9019608,0.8509804,0.7215686]},{\"p\":[0,0,0],\"r\":[0,0,0],\"s\":[3.363346,0.11062,3.201102],\"c\":[0.9019608,0.8509804,0.7215686]},{\"p\":[0,0,0],\"r\":[0,0,0],\"s\":[3.363346,0.11062,3.201102],\"c\":[0.9019608,0.8509804,0.7215686]}]},{\"b\":12,\"s\":[{\"p\":[0.2712677,0.9600003,3.911238],\"r\":[59.99772,203.2544,18.55246],\"s\":[0.06000023,0.06000007,0.06000022],\"c\":[1,1,1]}]}]}"}],"serveTime":4}