{"thingDefinitions":[{"id":"5b4a0c780d2af40359328ae5","def":"{\"v\":5,\"p\":[{\"b\":14,\"s\":[{\"p\":[0,0,0],\"r\":[0,0,0],\"s\":[0.2683565,0.06000008,0.7509363],\"c\":[1,1,1]}]}]}"},{"id":"5b4a0f19bbc6370f86112f6a","def":"{\"v\":5,\"p\":[{\"b\":5,\"s\":[{\"p\":[-0.07325432,0.1571614,0.0320379],\"r\":[358.864,0.007332207,323.9706],\"s\":[0.7559618,0.7146418,0.1250063],\"c\":[1,1,1]}]},{\"b\":5,\"s\":[{\"p\":[-0.1306711,0.169269,-0.6715344],\"r\":[358.864,0.007332475,53.97053],\"s\":[0.1249981,0.1249988,1.661953],\"c\":[1,1,1]}]},{\"b\":90,\"e\":\"HERE LIES THE FUTURE\",\"s\":[{\"p\":[-0.9300902,-0.6366194,1.638232],\"r\":[63.7141,29.74983,31.13352],\"s\":[0.01768256,0.01767777,0.01768238],\"c\":[1,1,1]}]}]}"}],"serveTime":16}