{"thingDefinitions":[{"id":"59eab28cd4d528a513041e39","def":"{\"n\":\"thing\",\"v\":2,\"a\":[2,4,7,18],\"p\":[{\"b\":9,\"s\":[{\"p\":[0,0,0],\"r\":[0,0,2.134434E-07],\"s\":[0.1250002,0.1250001,0.125],\"c\":[1,1,1]}]},{\"b\":12,\"s\":[{\"p\":[-0.1225546,0.02998371,-0.07570228],\"r\":[40.3711,344.5737,83.26488],\"s\":[0.06000004,0.06000003,0.06000002],\"c\":[1,1,1]}]},{\"b\":40,\"s\":[{\"p\":[-0.2856428,0.09460074,-0.1556602],\"r\":[353.286,258.9113,338.9267],\"s\":[0.125,0.125,0.125],\"c\":[1,1,1]}]},{\"b\":26,\"s\":[{\"p\":[0.2185792,-0.2088518,-0.5916697],\"r\":[17.89843,166.188,277.3909],\"s\":[0.125019,0.1250025,0.1250204],\"c\":[1,1,1]}]}]}"}],"serveTime":4}