{"thingDefinitions":[{"id":"5d6e7ef9f35a30061e4be2fe","def":"{\"v\":9,\"p\":[{\"s\":[{\"p\":[0,0,0],\"r\":[0,0,0],\"s\":[0.1750014,0.1750014,0.1750009],\"c\":[1,1,1]}]},{\"b\":10,\"s\":[{\"p\":[-0.1532005,-0.2211011,0.3005441],\"r\":[26.93224,272.9676,135.3074],\"s\":[0.1250005,0.1250004,0.1250003],\"c\":[1,1,1]}]}]}"}],"serveTime":5}