{"thingDefinitions":[{"id":"5e3999199371bd24d77a892b","def":"{\"v\":9,\"p\":[{\"b\":9,\"s\":[{\"p\":[0,0,0],\"r\":[0,0,-1.600826E-07],\"s\":[0.1250001,0.1250001,0.125],\"c\":[0.1142857,0,1]}]},{\"b\":3,\"s\":[{\"p\":[-0.1735841,-0.1102882,-0.07749388],\"r\":[1.047359,293.6753,76.59512],\"s\":[0.125,0.1250001,0.125],\"c\":[0,1,1]}]},{\"b\":14,\"s\":[{\"p\":[0.2616437,-0.1687296,-0.3548077],\"r\":[63.13808,350.4526,119.4139],\"s\":[0.06000001,0.06000001,0.06000001],\"c\":[1,1,1]}]}]}"}],"serveTime":3}