{"thingDefinitions":[{"id":"5cae77d70332ba10c21267a5","def":"{\"v\":9,\"a\":[7],\"p\":[{\"s\":[{\"p\":[0,0,0],\"r\":[0,0,1.707547E-06],\"s\":[0.2486726,0.1750005,0.5736422],\"c\":[1,1,1]}]},{\"b\":17,\"s\":[{\"p\":[-0.1547975,-0.01002496,-0.001582144],\"r\":[6.862113,0.3193656,86.83264],\"s\":[0.06002862,0.06000166,0.06002752],\"c\":[1,1,1]}]}]}"}],"serveTime":4}