{"thingDefinitions":[{"id":"5a4dbbc42258581e103f72ee","def":"{\"n\":\"thing\",\"v\":2,\"p\":[{\"b\":12,\"s\":[{\"p\":[0,0,0],\"r\":[0,0,-3.735259E-07],\"s\":[11.33839,0.7877071,3.03494],\"c\":[1,1,1]}]}]}"}],"serveTime":4}