{"thingDefinitions":[{"id":"5a309d569f447a9213678b27","def":"{\"n\":\"gun\",\"v\":2,\"p\":[{\"b\":173,\"s\":[{\"p\":[0,0,0],\"r\":[0,0,8.537737E-07],\"s\":[0.04500003,0.04500001,0.04500006],\"c\":[1,1,1]}]}]}"}],"serveTime":4}