{"thingDefinitions":[{"id":"5caa5297eb795e2f9768a976","def":"{\"v\":9,\"p\":[{\"b\":10,\"s\":[{\"p\":[0,0,0],\"r\":[0,0,0],\"s\":[0.1250001,0.1250001,0.1250001],\"c\":[1,1,1]}]},{\"b\":14,\"s\":[{\"p\":[0.1856264,-0.01176918,-0.1117662],\"r\":[351.7281,299.9668,44.07882],\"s\":[0.06000001,0.06000004,0.06000008],\"c\":[1,1,1]}]}]}"}],"serveTime":5}