{"thingDefinitions":[{"id":"5cfdd10797fc54647839ed2f","def":"{\"n\":\"333\",\"v\":9,\"p\":[{\"b\":9,\"s\":[{\"p\":[0.6044353,-1.149342,-0.2398542],\"r\":[26.40066,80.37258,83.28285],\"s\":[0.4087647,0.5868379,0.5369172],\"c\":[1,1,1]}]},{\"b\":12,\"s\":[{\"p\":[0.4197114,-0.4735513,-0.1565752],\"r\":[350.123,338.9421,101.6044],\"s\":[0.06000022,0.0600002,0.06000019],\"c\":[1,1,1]}]},{\"b\":9,\"s\":[{\"p\":[-0.3347378,-0.4350395,-0.4612886],\"r\":[53.38442,331.257,6.249921],\"s\":[0.4087616,0.5868312,0.5369134],\"c\":[1,1,1]}]}]}"}],"serveTime":5}