{"thingDefinitions":[{"id":"5c2cc22339f34d317e595f52","def":"{\"v\":7,\"p\":[{\"s\":[{\"p\":[0,0,0],\"r\":[0,0,0],\"s\":[0.1750006,0.1750005,0.1750006],\"c\":[1,1,1]}]}]}"}],"serveTime":5}