{"thingDefinitions":[{"id":"5ad18152e088a10fc0e4b2b3","def":"{\"v\":3,\"d\":\"NOOOOO\",\"p\":[{\"b\":9,\"s\":[{\"p\":[0.4076681,-0.130306,-0.1223687],\"r\":[49.97816,285.5425,1.039134],\"s\":[0.3292159,0.1686569,0.1250001],\"c\":[1,1,1]}]},{\"b\":175,\"s\":[{\"p\":[0.3243191,-0.119304,-0.2675087],\"r\":[46.21331,190.87,319.1172],\"s\":[0.04500001,0.04500002,0.04500002],\"c\":[1,1,1]}]},{\"b\":173,\"s\":[{\"p\":[0.4206752,-0.1817731,-0.2544724],\"r\":[52.18866,7.184726,210.9946],\"s\":[0.04500002,0.04500002,0.045],\"c\":[1,1,1]}]},{\"b\":151,\"s\":[{\"p\":[0.4446146,-0.04957812,-0.1687286],\"r\":[65.98794,264.5162,323.1067],\"s\":[0.04111381,0.0327402,0.02738969],\"c\":[1,1,1]}]}]}"}],"serveTime":4}