{"thingDefinitions":[{"id":"5c38ee5e285ab86f59fd6a09","def":"{\"v\":7,\"p\":[{\"b\":10,\"s\":[{\"p\":[0,0,0],\"r\":[0,0,4.268868E-07],\"s\":[0.125,0.1250002,0.1250001],\"c\":[1,1,1]}]}]}"}],"serveTime":4}