{"thingDefinitions":[{"id":"5ce1ed407e89af31eee54bf9","def":"{\"n\":\"water\",\"v\":9,\"p\":[{\"b\":9,\"t\":9,\"s\":[{\"p\":[0,0,0],\"r\":[0,0,0],\"s\":[0.1250001,0.1250001,0.1250001],\"c\":[0,1,0.3999999]}]},{\"b\":40,\"s\":[{\"p\":[4.683184,1.635968,-4.704405],\"r\":[6.501753,202.7399,4.766243],\"s\":[0.125,0.125,0.125],\"c\":[1,1,1]}]}]}"}],"serveTime":4}