{"thingDefinitions":[{"id":"5c8d2f02215d074bd9d4d718","def":"{\"v\":7,\"p\":[{\"b\":2,\"s\":[{\"p\":[0,0,0],\"r\":[0,0,0],\"s\":[0.1250003,0.1250004,0.1250003],\"c\":[1,1,1]}]}]}"}],"serveTime":5}