{"thingDefinitions":[{"id":"5e5a026bf83e85068bbb5e7d","def":"{\"v\":9,\"p\":[{\"s\":[{\"p\":[0,0,0],\"r\":[0,0,0],\"s\":[0.1750002,0.1750002,0.1750001],\"c\":[1,1,1]}]},{\"s\":[{\"p\":[-0.3310229,0.1358188,-0.07466762],\"r\":[333.6675,319.3938,114.4487],\"s\":[0.1750001,0.1750001,0.1750001],\"c\":[1,1,1]}]}]}"}],"serveTime":5}