{"thingDefinitions":[{"id":"5b53c63f634efa6e5c199e9a","def":"{\"v\":5,\"p\":[{\"b\":9,\"s\":[{\"p\":[0,0,0],\"r\":[0,0,-4.002064E-07],\"s\":[0.125,0.125,0.125],\"c\":[1,1,1]}]},{\"b\":9,\"s\":[{\"p\":[0.106319,0.03443351,-0.1018996],\"r\":[24.00365,61.95391,330.8183],\"s\":[0.1250002,0.1250001,0.1250003],\"c\":[1,1,1]}]},{\"b\":9,\"s\":[{\"p\":[0.247865,0.142053,-0.1992595],\"r\":[31.85584,81.99816,300.6884],\"s\":[0.1250003,0.1250002,0.1250003],\"c\":[1,1,1]}]},{\"b\":9,\"s\":[{\"p\":[-0.02999058,0.01354419,-0.1988619],\"r\":[24.03222,70.184,334.7104],\"s\":[0.1250003,0.1250001,0.1250003],\"c\":[1,1,1]}]}]}"}],"serveTime":6}