{"thingDefinitions":[{"id":"5b062ea9aa261d0f96a2ad7d","def":"{\"n\":\"fucc\",\"v\":4,\"p\":[{\"s\":[{\"p\":[0,0,0],\"r\":[0,0,4.268868E-07],\"s\":[0.175,0.1750001,0.1750001],\"c\":[1,1,1]}]},{\"b\":7,\"s\":[{\"p\":[-0.01290607,-0.009384811,-0.3307497],\"r\":[349.2916,39.58354,4.817327],\"s\":[0.125,0.1250001,0.1250001],\"c\":[1,1,1]}]},{\"b\":4,\"s\":[{\"p\":[0.1902937,-0.04817668,-0.3687183],\"r\":[30.14988,42.51547,34.27282],\"s\":[0.125,0.1250001,0.125],\"c\":[1,1,1]}]}]}"}],"serveTime":5}