{"thingDefinitions":[{"id":"588bb213c0e41da51373e92d","def":"{\"n\":\"thing\",\"a\":[2,3],\"p\":[{\"t\":2,\"s\":[{\"p\":[0,0,0],\"r\":[0,0,6.936911E-07],\"s\":[0.9701687,0.02899721,0.04006129],\"c\":[0,1,0.5714287],\"b\":[\"when triggered then tell pressed \"]},{\"p\":[0,0,0],\"r\":[0,0,6.936911E-07],\"s\":[0.9701687,0.02899721,0.04006129],\"c\":[0,1,0.5714287],\"b\":[\"when told pressed then do creation part move 1 2 3, play button click\"]}]}]}"}],"serveTime":4}