{"thingDefinitions":[{"id":"59e56c175c68efa01364f74f","def":"{\"n\":\"thing\",\"v\":2,\"p\":[{\"b\":10,\"s\":[{\"p\":[0,0,0],\"r\":[0,0,-4.268868E-07],\"s\":[0.1250002,0.1250002,0.1250001],\"c\":[1,1,1]}]},{\"b\":9,\"s\":[{\"p\":[-1.495854,-0.3635727,-1.518101],\"r\":[322.9123,324.0664,267.4184],\"s\":[0.1250001,0.125,0.125],\"c\":[1,1,1]}]}]}"}],"serveTime":5}