{"thingDefinitions":[{"id":"5c279333e0b8db3184f2672e","def":"{\"v\":7,\"p\":[{\"b\":80,\"s\":[{\"p\":[0,0,0],\"r\":[0,0,0],\"s\":[0.2971648,0.314626,0.299098],\"c\":[1,0.2634919,0.111111]}]}]}"}],"serveTime":4}