{"thingDefinitions":[{"id":"5bac0b03076cc90572eb5079","def":"{\"v\":7,\"p\":[{\"b\":9,\"s\":[{\"p\":[0,0,0],\"r\":[0,0,0],\"s\":[0.1250001,0.1250002,0.1250003],\"c\":[1,1,1]}]}]}"},{"id":"5bac0b49e445b2756f2d5fd2","def":"{\"v\":7,\"p\":[{\"b\":14,\"s\":[{\"p\":[0,0,0],\"r\":[0,0,5.336085E-08],\"s\":[0.0600001,0.06000007,0.06000004],\"c\":[1,1,1]}]},{\"b\":7,\"s\":[{\"p\":[-0.001508418,0.005246013,0.1994657],\"r\":[2.427367,177.2078,38.79749],\"s\":[0.1250003,0.1250002,0.1250004],\"c\":[1,1,1]}]}]}"}],"serveTime":5}