{"thingDefinitions":[{"id":"5b493c54119e8d0361eb4437","def":"{\"v\":5,\"a\":[7],\"p\":[{\"b\":3,\"t1\":10,\"t2\":38,\"s\":[{\"p\":[0,0,0],\"r\":[0,0,0],\"s\":[14.27544,0.001000003,15.81609],\"c\":[0.6666667,0.6666667,0.6666667],\"t1\":{\"c\":[0.3333333,0.3333333,0.3333333],\"a\":0},\"t2\":{\"c\":[0.1111111,0.1111111,0.1111111],\"x\":0.5,\"y\":0.5,\"a\":0.8925,\"m\":0,\"n\":0,\"r\":0,\"g\":0,\"o\":0.5,\"t\":0.5,\"e\":0.5}}]}]}"},{"id":"5b493d0b5af97b0f874aeb7d","def":"{\"v\":5,\"p\":[{\"b\":73,\"t\":11,\"a\":[29,30],\"t1\":10,\"t2\":38,\"s\":[{\"p\":[0,0,0],\"r\":[0,0,4.268868E-07],\"s\":[0.2250004,0.2250002,0.2250003],\"c\":[0,1,0.7428571],\"t1\":{\"c\":[0.3333333,0.3333333,0.3333333],\"a\":0},\"t2\":{\"c\":[0.1111111,0.1111111,0.1111111],\"x\":0.5,\"y\":0.5,\"a\":0.8925,\"m\":0,\"n\":0,\"r\":0,\"g\":0,\"o\":0.5,\"t\":0.5,\"e\":0.5}}]}]}"},{"id":"5b493eba0d2af40359328ac8","def":"{\"v\":5,\"p\":[{\"b\":73,\"s\":[{\"p\":[0,0,0],\"r\":[0,0,0],\"s\":[0.2250001,0.2250001,0.2250003],\"c\":[1,1,1]}]}]}"}],"serveTime":8}