{"thingDefinitions":[{"id":"5b1dcb5844d33e1e317eef52","def":"{\"v\":5,\"p\":[{\"b\":14,\"s\":[{\"p\":[-0.03930264,-0.2652026,0.06941485],\"r\":[349.8737,2.509377,356.1658],\"s\":[0.09035779,0.05936902,0.1745395],\"c\":[1,1,1]}]},{\"b\":14,\"s\":[{\"p\":[0.0412453,-0.09408987,0.01052829],\"r\":[352.4895,358.0213,348.5109],\"s\":[0.09035774,0.05936905,0.1745396],\"c\":[1,1,1]}]},{\"b\":14,\"s\":[{\"p\":[0.01545959,0.2729874,-0.06539574],\"r\":[8.647088,3.770045,7.992584],\"s\":[0.0903577,0.05936906,0.1745397],\"c\":[1,1,1]}]},{\"b\":14,\"s\":[{\"p\":[0.04818981,0.05512665,0.0458108],\"r\":[1.008839,349.291,351.9592],\"s\":[0.09035776,0.05936908,0.1745398],\"c\":[1,1,1]}]}]}"}],"serveTime":5}