{"thingDefinitions":[{"id":"59e4f786c1ab7fcb4ea84ee9","def":"{\"n\":\"pools closed\",\"v\":2,\"p\":[{\"b\":5,\"s\":[{\"p\":[0,0,0],\"r\":[0,0,-8.537737E-07],\"s\":[0.1250001,0.1250001,0.1250001],\"c\":[1,1,1]}]},{\"b\":9,\"s\":[{\"p\":[1.009598,0.7471942,-0.4653752],\"r\":[343.0464,132.7578,285.0078],\"s\":[0.1250002,0.1250002,0.1250001],\"c\":[1,1,1]}]},{\"s\":[{\"p\":[0.9973505,0.8241531,-0.5405833],\"r\":[18.24764,140.4812,289.0051],\"s\":[0.1750001,0.1750001,0.1750001],\"c\":[1,1,1]}]}]}"}],"serveTime":5}