{"thingDefinitions":[{"id":"5c09f859c2d717056da95854","def":"{\"v\":7,\"p\":[{\"b\":3,\"s\":[{\"p\":[0,0,0],\"r\":[0,0,0],\"s\":[0.125,0.125,0.125],\"c\":[1,1,1]}]},{\"b\":167,\"s\":[{\"p\":[-0.08876503,0.0462629,0.1194651],\"r\":[65.82592,196.57,203.0817],\"s\":[0.04500001,0.04500001,0.045],\"c\":[1,1,1]}]}]}"}],"serveTime":4}