{"thingDefinitions":[{"id":"5ef91430374deb5a0f0b157e","def":"{\"n\":\"ground\",\"v\":9,\"a\":[1],\"p\":[{\"b\":17,\"s\":[{\"p\":[0,0,0],\"r\":[0,0,0],\"s\":[2.966769,0.01835351,2.559043],\"c\":[0.9019608,0.8509804,0.7215686]}]}]}"}],"serveTime":5}