{"thingDefinitions":[{"id":"5b78525d971a5a05760d504e","def":"{\"v\":6,\"p\":[{\"b\":9,\"s\":[{\"p\":[0,0,0],\"r\":[0,0,1.707547E-06],\"s\":[0.1250005,0.1250003,0.1250002],\"c\":[1,1,1]}]}]}"}],"serveTime":5}