{"thingDefinitions":[{"id":"5c31886c285ab86f59fd67fe","def":"{\"v\":7,\"p\":[{\"s\":[{\"p\":[0,0,0],\"r\":[0,0,-1.480763E-06],\"s\":[0.1750003,0.1750004,0.175],\"c\":[1,1,1]}]},{\"b\":9,\"s\":[{\"p\":[0.004953418,0.2491917,-0.04106351],\"r\":[345.5376,272.2877,80.23919],\"s\":[0.1250001,0.1250002,0.1250001],\"c\":[1,1,1]}]},{\"b\":3,\"s\":[{\"p\":[0.0164262,0.5666119,-0.1614684],\"r\":[338.1156,283.5177,114.5626],\"s\":[0.125,0.1250001,0.1250001],\"c\":[1,1,1]}]},{\"b\":5,\"s\":[{\"p\":[-0.01133521,-0.3464559,-0.07566686],\"r\":[11.5607,359.0678,357.8343],\"s\":[0.1,0.1,0.09999999],\"c\":[1,1,1]}]}]}"}],"serveTime":5}