{"thingDefinitions":[{"id":"5aee1473ef9eb113186012bd","def":"{\"v\":4,\"p\":[{\"b\":175,\"s\":[{\"p\":[-0.5807903,-0.08985144,0.1938071],\"r\":[354.0124,321.7919,354.5187],\"s\":[0.1211832,0.04499999,0.122624],\"c\":[1,1,1]}]},{\"b\":175,\"s\":[{\"p\":[0.5607936,0.29746,-0.6463657],\"r\":[341.7493,84.50515,159.5631],\"s\":[0.07632384,0.2747609,0.08684266],\"c\":[1,1,1]}]}]}"}],"serveTime":3}