{"thingDefinitions":[{"id":"5ccb912dbfde14791842d378","def":"{\"n\":\"ground\",\"v\":9,\"a\":[1],\"p\":[{\"b\":17,\"s\":[{\"p\":[0,0,0],\"r\":[0,0,0],\"s\":[3.363346,0.11062,3.201102],\"c\":[0.9019608,0.8509804,0.7215686]}]}]}"},{"id":"5ccb90cb8ccbfe267d3854cd","def":"{\"v\":9,\"p\":[{\"s\":[{\"p\":[-0.04145825,-0.1512865,-0.07868087],\"r\":[344.9867,33.86338,262.8906],\"s\":[0.1750004,0.1750002,0.1750004],\"c\":[1,1,1]}]},{\"s\":[{\"p\":[0.09745754,-0.1779757,-0.1857235],\"r\":[353.5718,28.08734,353.1715],\"s\":[0.1750003,0.1750001,0.1750003],\"c\":[1,1,1]}]}]}"}],"serveTime":5}