{"thingDefinitions":[{"id":"5ab686cc5779851481e4281d","def":"{\"v\":2,\"p\":[{\"b\":9,\"s\":[{\"p\":[0,0,0],\"r\":[0,0,0],\"s\":[0.1250001,0.1250001,0.125],\"c\":[1,1,1]}]},{\"b\":10,\"s\":[{\"p\":[0.04295045,0.1084017,0.009295817],\"r\":[14.60775,219.8035,40.02499],\"s\":[0.1250001,0.1250001,0.1250001],\"c\":[1,1,1]}]},{\"b\":14,\"s\":[{\"p\":[0.04364147,0.04099356,-0.03348783],\"r\":[341.0254,229.0447,83.64713],\"s\":[0.06000001,0.06000007,0.06000006],\"c\":[1,1,1]}]}]}"}],"serveTime":4}