{"thingDefinitions":[{"id":"5ce687be2403f252984de979","def":"{\"v\":9,\"p\":[{\"s\":[{\"p\":[-0.6458883,-0.04731903,0.3991054],\"r\":[319.9793,16.07938,286.7706],\"s\":[1.28072,0.1750008,0.1750013],\"c\":[1,1,1]}]},{\"s\":[{\"p\":[0.1631651,0.3929397,-0.9268986],\"r\":[312.6371,45.62744,92.86687],\"s\":[1.280715,0.1750009,0.1750006],\"c\":[0.07089939,0.111111,0.03703704]}]}]}"}],"serveTime":4}