{"thingDefinitions":[{"id":"5bc399155bf8d0325f56a3d9","def":"{\"v\":7,\"p\":[{\"b\":9,\"s\":[{\"p\":[0,0,0],\"r\":[0,0,0],\"s\":[0.1250003,0.1250006,0.1250009],\"c\":[1,1,1]}]}]}"}],"serveTime":5}