{"thingDefinitions":[{"id":"5e90dc3e8b8cd01baa43f19d","def":"{\"n\":\"ground\",\"v\":9,\"a\":[1],\"p\":[{\"b\":17,\"s\":[{\"p\":[0,0,0],\"r\":[0,0,0],\"s\":[3.363346,0.11062,3.201102],\"c\":[0.9019608,0.8509804,0.7215686]}]}]}"},{"id":"5e90e16b612ec74a447e75dd","def":"{\"n\":\"snap \",\"v\":9,\"p\":[{\"s\":[{\"p\":[0.0402131,-0.05965147,0.0710626],\"r\":[2.332667,3.001336,88.27826],\"s\":[0.4795474,0.389971,0.2796183],\"c\":[1,1,1]}]},{\"t\":1,\"s\":[{\"p\":[0.03060409,-0.05935512,-0.004377246],\"r\":[3.908657,2.606008,358.9744],\"s\":[0.3363566,0.3386159,0.175003],\"c\":[0.148148,0.2222221,0.2222221]}]},{\"s\":[{\"p\":[-0.02883348,-0.208599,-0.3671056],\"r\":[341.9543,93.56181,277.4355],\"s\":[0.08868104,0.1750006,0.02868797],\"c\":[1,1,1]}]}]}"}],"serveTime":6}