{"thingDefinitions":[{"id":"5e5c432ffcabd90621950093","def":"{\"v\":9,\"p\":[{\"b\":9,\"s\":[{\"p\":[0,0,0],\"r\":[0,0,-8.537735E-07],\"s\":[0.1250003,0.1250004,0.1250002],\"c\":[1,1,1]}]},{\"b\":17,\"s\":[{\"p\":[0.1192319,-0.1071721,-0.2236832],\"r\":[86.03632,108.1233,355.4032],\"s\":[0.06000002,0.06000002,0.06000002],\"c\":[1,1,1]}]},{\"b\":12,\"s\":[{\"p\":[-0.1481014,0.1112442,-0.3274939],\"r\":[331.9676,314.7289,119.9773],\"s\":[0.06000002,0.06000002,0.06000001],\"c\":[1,1,1]}]}]}"}],"serveTime":5}