{"thingDefinitions":[{"id":"5bff52cdc8f9ed644c75186f","def":"{\"v\":7,\"p\":[{\"s\":[{\"p\":[0,0,0],\"r\":[0,0,1.834279E-08],\"s\":[0.1750005,0.02543108,0.1750001],\"c\":[1,1,1]}]},{\"s\":[{\"p\":[0.09288596,-0.09875081,0.1947688],\"r\":[357.4089,271.0561,73.97072],\"s\":[0.1750001,0.175,0.175],\"c\":[1,1,1]}]}]}"}],"serveTime":12}