{"thingDefinitions":[{"id":"5bff76de1171b26459736aa6","def":"{\"v\":7,\"a\":[2,9,14],\"tp_m\": 6,\"p\":[{\"b\":14,\"s\":[{\"p\":[0,0,0],\"r\":[0,0,4.268868E-07],\"s\":[0.001,0.0076635,0.02059123],\"c\":[1,1,1]}]}]}"},{"id":"5bff77431171b26459736aa7","def":"{\"v\":7,\"a\":[2,9],\"p\":[{\"b\":14,\"s\":[{\"p\":[-0.3237087,-0.1184334,-0.4969932],\"r\":[8.407262,243.2794,329.056],\"s\":[0.06000006,0.001,0.1927803],\"c\":[1,1,1]}]}]}"}],"serveTime":6}