{"thingDefinitions":[{"id":"5c72164761b8c205508334a3","def":"{\"v\":7,\"p\":[{\"b\":12,\"s\":[{\"p\":[0,0,0],\"r\":[0,0,0],\"s\":[0.06000019,0.06000003,0.0600002],\"c\":[1,1,1]}]}]}"}],"serveTime":4}