{"thingDefinitions":[{"id":"5c5f1bd4a9c1e8054bbfdbf4","def":"{\"v\":7,\"p\":[{\"b\":10,\"s\":[{\"p\":[0,0,0],\"r\":[0,0,0],\"s\":[0.1250001,0.1250001,0.1250002],\"c\":[1,1,1]}]},{\"b\":10,\"s\":[{\"p\":[0.1451851,0.04233711,0.3004408],\"r\":[325.798,283.3372,53.66217],\"s\":[0.125,0.1250001,0.125],\"c\":[1,1,1]}]}]}"}],"serveTime":14}