{"thingDefinitions":[{"id":"5c745cdb58a140781a5906e9","def":"{\"v\":7,\"p\":[{\"s\":[{\"p\":[-0.7230886,-0.8541766,0.05354035],\"r\":[0.8917135,305.5929,0.954982],\"s\":[102.1278,0.2615852,392.1268],\"c\":[0.4444443,0.430335,0.3456789]}]}]}"},{"id":"5c745d7bb22903781bd5bfbf","def":"{\"v\":7,\"a\":[2,9],\"p\":[{\"s\":[{\"p\":[0,0,0],\"r\":[0,0,-1.067217E-06],\"s\":[0.04647793,1.041288,0.0461081],\"c\":[1,1,1]}]}]}"}],"serveTime":6}