{"thingDefinitions":[{"id":"5c6de412d85ae71c83b0e933","def":"{\"v\":7,\"p\":[{\"s\":[{\"p\":[0,0,0],\"r\":[0,0,7.837376E-07],\"s\":[1.760723,0.2086249,0.1750004],\"c\":[1,1,1]}]}]}"}],"serveTime":4}