{"thingDefinitions":[{"id":"59e10ef89ed69ca8132c04f7","def":"{\"n\":\"kill me\",\"a\":[1],\"p\":[{\"b\":17,\"s\":[{\"p\":[0,0,0],\"r\":[0,0,0],\"s\":[3.363346,0.11062,3.201102],\"c\":[0.9019608,0.8509804,0.7215686]}]},{\"b\":2,\"s\":[{\"p\":[0.7456541,1.503782,0.4059985],\"r\":[356.101,348.5674,76.1117],\"s\":[0.09072828,0.2512633,0.005],\"c\":[1,1,1]}]}]}"}],"serveTime":10}