{"thingDefinitions":[{"id":"5d17d6637ecd3005d3b7d136","def":"{\"n\":\"ground\",\"v\":9,\"a\":[1],\"p\":[{\"b\":17,\"s\":[{\"p\":[0,0,0],\"r\":[0,0,3.73526E-07],\"s\":[3.374523,0.11062,42.40347],\"c\":[0.9019608,0.8509804,0.7215686],\"b\":[\"when 2\"]}]}]}"}],"serveTime":7}