{"thingDefinitions":[{"id":"59b3a17dcf0eb2a413645623","def":"{\"n\":\"thing\",\"p\":[{\"b\":5,\"s\":[{\"p\":[0,0,0],\"r\":[0,0,8.537737E-07],\"s\":[0.125,0.125,0.125],\"c\":[1,1,1]}]},{\"b\":9,\"s\":[{\"p\":[-0.0222737,0.02695022,-0.1052901],\"r\":[359.0387,30.40205,348.0341],\"s\":[0.1250001,0.1250001,0.125],\"c\":[1,1,1]}]},{\"b\":2,\"s\":[{\"p\":[0.1392344,0.1672204,-0.003544405],\"r\":[306.4986,104.2929,318.4702],\"s\":[0.1250001,0.125,0.1250002],\"c\":[1,1,1]}]},{\"b\":12,\"s\":[{\"p\":[-0.2488253,-0.1087622,-0.2816798],\"r\":[28.03583,236.6271,198.8686],\"s\":[0.06000003,0.06000004,0.06000002],\"c\":[1,1,1]}]}]}"}],"serveTime":4}