{"thingDefinitions":[{"id":"5d2cea1603f7e0061f71d558","def":"{\"n\":\"ground\",\"v\":9,\"a\":[1],\"p\":[{\"b\":17,\"s\":[{\"p\":[0,0,0],\"r\":[0,0,0],\"s\":[3.363346,0.11062,3.201102],\"c\":[0.9019608,0.8509804,0.7215686]}]}]}"},{"id":"5d2cf2b4e5c5060762da6e04","def":"{\"n\":\"sword\",\"v\":9,\"p\":[{\"b\":14,\"s\":[{\"p\":[0.01725883,-0.004333302,-0.4129959],\"r\":[7.988131,7.117993,9.985629],\"s\":[0.06000012,0.01877866,0.0354694],\"c\":[1,1,1]}]},{\"b\":14,\"s\":[{\"p\":[0.04430559,-0.0369094,-0.02984303],\"r\":[5.560802,2.988871,286.5513],\"s\":[0.00848825,0.06000017,0.1326611],\"c\":[1,1,1]}]},{\"b\":31,\"s\":[{\"p\":[0.01586926,0.008023813,-0.4194015],\"r\":[311.3555,2.556814,276.6871],\"s\":[0.1250011,0.1250013,0.09794373],\"c\":[1,1,1]}]}]}"}],"serveTime":8}