{"thingDefinitions":[{"id":"58e86db9e2768f9d4b20f511","def":"{\"n\":\"super mushroom\",\"a\":[2],\"p\":[{\"b\":16,\"s\":[{\"p\":[0.006872362,0.01729888,0.003181893],\"r\":[355.6378,35.69455,180.1844],\"s\":[0.06304517,0.1250008,0.06682696],\"c\":[1,0.936508,0.5555556]}]},{\"b\":16,\"t1\":73,\"s\":[{\"p\":[0.02446045,-0.00850386,0.03409064],\"r\":[358.9335,0.113754,357.341],\"s\":[0.125,0.125,0.125],\"c\":[1,0,0],\"b\":[\"when consumed then add crumbles\",\"when consumed then destroy all parts\"],\"t1\":{\"c\":[1,1,1],\"x\":0.5,\"y\":0.5,\"a\":0.8925,\"m\":0,\"n\":0,\"r\":0,\"g\":0,\"o\":0.5,\"t\":0.5,\"e\":0.5},\"pr\":{\"c\":[1,1,1],\"m\":0.25,\"a\":0.25,\"s\":0.15,\"z\":0.25,\"g\":0.5,\"h\":0.25}}]}]}"}],"serveTime":4}