{"thingDefinitions":[{"id":"5af6532dcd5e4c136a2e974c","def":"{\"v\":4,\"p\":[{\"b\":9,\"s\":[{\"p\":[0,0,0],\"r\":[0,0,8.537735E-07],\"s\":[0.125,0.125,0.125],\"c\":[1,1,1]}]},{\"b\":9,\"s\":[{\"p\":[0.1871746,0.114513,0.1277029],\"r\":[11.694,57.60718,340.3873],\"s\":[0.1249999,0.125,0.125],\"c\":[1,1,1]}]},{\"b\":5,\"s\":[{\"p\":[0.1003345,-0.04380246,-0.1588171],\"r\":[344.0484,328.8526,8.874297],\"s\":[0.125,0.125,0.125],\"c\":[1,1,1]}]}]}"}],"serveTime":5}