{"thingDefinitions":[{"id":"5d62e76a528bc031f3bb777b","def":"{\"n\":\"ground\",\"v\":9,\"a\":[1],\"p\":[{\"b\":17,\"s\":[{\"p\":[0,0,0],\"r\":[0,0,2.134434E-07],\"s\":[4.454134,0.2363717,3.201108],\"c\":[0.9019608,0.8509804,0.7215686]}]}]}"}],"serveTime":5}