{"thingDefinitions":[{"id":"5a5300366aa57c1a77b5b565","def":"{\"n\":\"vortex\",\"v\":2,\"p\":[{\"b\":4,\"t\":2,\"pr\":2,\"s\":[{\"p\":[0,0,0],\"r\":[0,0,-4.268868E-07],\"s\":[0.1250004,0.125001,0.1250007],\"c\":[0,0.5777773,0.7777778],\"pr\":{\"c\":[0.1142857,0,1],\"m\":0.25,\"a\":0.25,\"s\":0.15,\"z\":0.25,\"g\":0.5,\"h\":0.25}}]}]}"}],"serveTime":4}