{"thingDefinitions":[{"id":"5ca2f9c7282f953b244f412a","def":"{\"v\":9,\"p\":[{\"b\":12,\"s\":[{\"p\":[0,0,0],\"r\":[0,0,-4.268868E-07],\"s\":[0.06000021,0.0600001,0.06000016],\"c\":[1,1,1]}]},{\"b\":14,\"s\":[{\"p\":[-0.8226805,-0.2565404,0.08263576],\"r\":[288.522,209.9717,98.07175],\"s\":[0.06000022,0.0600002,0.06000018],\"c\":[1,1,1]}]}]}"}],"serveTime":11}