{"thingDefinitions":[{"id":"581905756915b0ff137e6d5a","def":"{\"n\":\"thing\",\"p\":[{\"b\":5,\"s\":[{\"p\":[0,0,0],\"r\":[0,0,0],\"s\":[0.2554721,0.2392295,0.8212796],\"c\":[0.4444444,0.1171075,0.04938265]}]},{\"b\":5,\"s\":[{\"p\":[0.01070073,0.005769461,-0.2802491],\"r\":[359.9082,0.09058897,11.10766],\"s\":[0.1902644,0.1909355,0.1250001],\"c\":[1,1,1]}]},{\"b\":5,\"s\":[{\"p\":[0.02588315,0.009390071,-0.2241724],\"r\":[355.2772,178.9133,42.02145],\"s\":[0.06385878,0.06285337,1.636115],\"c\":[0.2222221,0.1262785,0.02469136]}]},{\"b\":2,\"s\":[{\"p\":[0.1842856,-0.1238776,-0.9224704],\"r\":[5.695974,194.0229,267.3778],\"s\":[0.3355583,0.2823453,0.7432695],\"c\":[0.2857141,1,0]}]}]}"}],"serveTime":4}