{"thingDefinitions":[{"id":"5c1ad1cb39f34d317e595b5f","def":"{\"v\":7,\"p\":[{\"b\":13,\"s\":[{\"p\":[0,0,0],\"r\":[0,0,-6.93691E-07],\"s\":[0.0600001,0.06000011,0.06000001],\"c\":[1,1,1]}]}]}"}],"serveTime":5}