{"thingDefinitions":[{"id":"5a2edefc5602b81810db3fec","def":"{\"n\":\"thing\",\"v\":2,\"p\":[{\"s\":[{\"p\":[0,0,0],\"r\":[0,0,-5.336085E-08],\"s\":[0.2432559,0.2544184,0.3013512],\"c\":[1,1,1]}]}]}"}],"serveTime":4}