{"thingDefinitions":[{"id":"59f31ef3cf22269d13c29ed2","def":"{\"n\":\"y\",\"v\":2,\"p\":[{\"b\":14,\"s\":[{\"p\":[0.07957773,0.1545553,0.1039039],\"r\":[38.75924,205.937,63.49762],\"s\":[0.06000009,0.06000008,0.06000005],\"c\":[1,1,1]}]},{\"b\":76,\"s\":[{\"p\":[-0.09607433,-0.2073057,-0.3368399],\"r\":[56.90524,30.31128,325.9882],\"s\":[0.1821504,0.1943172,0.0750003],\"c\":[1,1,1]}]}]}"}],"serveTime":5}