{"thingDefinitions":[{"id":"5c200a56ea1f546e4855e065","def":"{\"v\":7,\"a\":[22],\"p\":[{\"b\":180,\"s\":[{\"p\":[-0.5811905,0.2630014,0.5067895],\"r\":[351.4865,343.6656,328.067],\"s\":[0.06041636,0.01654873,0.04490215],\"c\":[0,1,0.5714287]}]},{\"b\":194,\"s\":[{\"p\":[-0.5744962,0.2700559,0.5099146],\"r\":[355.1145,342.651,324.675],\"s\":[0.01455658,0.01083685,0.01209482],\"c\":[1,1,1]}]},{\"b\":57,\"s\":[{\"p\":[-0.5494665,0.2869818,0.4744626],\"r\":[10.82745,352.0832,322.9695],\"s\":[0.03855997,0.01946725,0.04055669],\"c\":[0,1,0.5714287]}]},{\"b\":69,\"s\":[{\"p\":[-0.5931535,0.245913,0.5068997],\"r\":[351.1741,341.2407,323.0497],\"s\":[0.02235924,0.01484905,0.01572862],\"c\":[1,0.8380952,0.6666666]}]}]}"}],"serveTime":4}