{"thingDefinitions":[{"id":"5a6383cfdd9c8daa13840c5a","def":"{\"n\":\"thing\",\"v\":2,\"p\":[{\"b\":40,\"s\":[{\"p\":[0,0,0],\"r\":[0,0,0],\"s\":[0.125,0.125,0.1250001],\"c\":[1,1,1]}]},{\"b\":54,\"s\":[{\"p\":[0.141465,0.1626966,-0.4219926],\"r\":[332.6916,135.0835,10.78228],\"s\":[0.3419114,0.125,0.1250001],\"c\":[1,1,1]}]}]}"}],"serveTime":3}