{"thingDefinitions":[{"id":"5a0ba3dc83063c781371fd0d","def":"{\"n\":\"ground\",\"v\":1,\"a\":[1],\"p\":[{\"b\":17,\"s\":[{\"p\":[0,0,0],\"r\":[0,0,0],\"s\":[3.363346,0.11062,3.201102],\"c\":[0.9019608,0.8509804,0.7215686]}]},{\"s\":[{\"p\":[-2.74878,1.456257,-1.144243],\"r\":[353.1201,6.755522,278.6152],\"s\":[0.1750002,0.1750002,0.1750001],\"c\":[1,1,1]}]}]}"}],"serveTime":4}