{"thingDefinitions":[{"id":"5ccb9309981488266be4c52b","def":"{\"v\":9,\"p\":[{\"b\":40,\"s\":[{\"p\":[0,0,0],\"r\":[0,0,1.707547E-06],\"s\":[0.1250002,0.1250001,0.1250002],\"c\":[1,1,1]}]}]}"}],"serveTime":6}