{"thingDefinitions":[{"id":"5c551e59d00c620567e1d1df","def":"{\"v\":7,\"a\":[49],\"p\":[{\"s\":[{\"p\":[0,0,0],\"r\":[0,0,1.707547E-06],\"s\":[0.1750001,0.1750001,0.1750001],\"c\":[1,1,1]}]}]}"},{"id":"5c551e7c513c2b109f8d3a6c","def":"{\"v\":7,\"a\":[49],\"p\":[{\"b\":3,\"s\":[{\"p\":[0,0,0],\"r\":[0,0,-8.537737E-07],\"s\":[0.1250001,0.1250001,0.1250001],\"c\":[1,1,1]}]}]}"}],"serveTime":6}