{"thingDefinitions":[{"id":"5baf08e1ffab866cc1d390c4","def":"{\"v\":7,\"p\":[{\"b\":11,\"s\":[{\"p\":[0,0,0],\"r\":[0,0,0],\"s\":[0.09999999,0.09999999,0.09999997],\"c\":[1,1,1]}]}]}"}],"serveTime":4}