{"thingDefinitions":[{"id":"5a90a787d11d26e50f7923f8","def":"{\"v\":2,\"p\":[{\"b\":12,\"s\":[{\"p\":[0,0,0],\"r\":[0,0,0],\"s\":[0.06000041,0.06000004,0.06000038],\"c\":[0,1,1]}]},{\"b\":14,\"s\":[{\"p\":[0.0851083,0.1595087,0.0879112],\"r\":[272.5771,22.22658,338.5769],\"s\":[0.06000015,0.06000007,0.06000013],\"c\":[0,1,1]}]}]}"}],"serveTime":4}