{"thingDefinitions":[{"id":"5c09f2758480580557fa9bfe","def":"{\"v\":7,\"p\":[{\"s\":[{\"p\":[0.08264349,0.02679386,0.06084453],\"r\":[38.87334,2.741973,83.41676],\"s\":[0.1750005,0.1750006,0.1750005],\"c\":[1,1,1]}]},{\"s\":[{\"p\":[-0.06302878,0.04289469,0.08020127],\"r\":[38.87774,3.850042,351.8588],\"s\":[0.1750012,0.1750014,0.1750012],\"c\":[1,1,1]}]},{\"b\":64,\"s\":[{\"p\":[0.1184596,0.05097344,0.102852],\"r\":[354.8682,268.6246,50.60847],\"s\":[0.1250007,0.1250005,0.1250006],\"c\":[1,1,1]}]}]}"}],"serveTime":5}