{"thingDefinitions":[{"id":"5e67175a5e6cca1c745bd367","def":"{\"v\":9,\"p\":[{\"s\":[{\"p\":[0,0,0],\"r\":[0,0,-1.494104E-06],\"s\":[0.1750002,0.175,0.175],\"c\":[0,0.2285712,1]}]}]}"},{"id":"5e6719984555141c6d3325f9","def":"{\"v\":9,\"p\":[{\"s\":[{\"p\":[0,0,0],\"r\":[0,0,1.707547E-06],\"s\":[0.1750002,0.1750002,0.1750001],\"c\":[1,1,1],\"b\":[\"when touched then propel forward with 20\"]},{\"p\":[0,0,0],\"r\":[0,0,1.707547E-06],\"s\":[0.1750002,0.1750002,0.1750001],\"c\":[1,1,1]},{\"p\":[-0.07622176,0.1168099,-0.02227318],\"r\":[338.3467,309.2815,23.5318],\"s\":[0.1750004,0.1750004,0.1750003],\"c\":[1,1,1]}]}]}"}],"serveTime":5}