{"thingDefinitions":[{"id":"5d752abca1cf1e392b56a5d9","def":"{\"v\":9,\"p\":[{\"b\":3,\"s\":[{\"p\":[0,0,0],\"r\":[0,0,0],\"s\":[0.001000001,0.1250001,0.1250001],\"c\":[0.4444443,0.4444443,0.4444443],\"b\":[\"when touched then become 2 in 0.2s\"]},{\"p\":[0,0,0],\"r\":[0,0,0],\"s\":[0.001000001,0.5377562,0.4866747],\"c\":[0.4444443,0.4444443,0.4444443],\"b\":[\"when touched then become 1 in 0.5s\"]}]}]}"}],"serveTime":4}