{"thingDefinitions":[{"id":"5c43e8b89e61d1567d9c6a06","def":"{\"n\":\"ground\",\"v\":7,\"a\":[1,7],\"p\":[{\"b\":17,\"s\":[{\"p\":[0,0,0],\"r\":[0,0,0],\"s\":[14.96778,0.1628377,19.8169],\"c\":[0.9019608,0.8509804,0.7215686]}]}]}"}],"serveTime":6}