{"thingDefinitions":[{"id":"5ca77d3d735dee4e3215b171","def":"{\"v\":9,\"p\":[{\"b\":9,\"s\":[{\"p\":[0,0,0],\"r\":[0,0,0],\"s\":[0.1250003,0.1250001,0.1250001],\"c\":[1,1,1]}]},{\"b\":9,\"s\":[{\"p\":[0.1325883,-0.2759817,-0.3522236],\"r\":[71.78978,217.685,65.87666],\"s\":[0.05016275,0.2323821,0.2310597],\"c\":[1,1,1]}]}]}"}],"serveTime":6}