{"thingDefinitions":[{"id":"5c47552992b1f66d82acee63","def":"{\"v\":7,\"p\":[{\"b\":9,\"s\":[{\"p\":[0,0,0],\"r\":[0,0,0],\"s\":[0.3928625,0.3581249,0.4126471],\"c\":[1,1,1]}]}]}"}],"serveTime":5}