{"thingDefinitions":[{"id":"5b001ce5e12d7916ea38a0e5","def":"{\"v\":4,\"p\":[{\"b\":153,\"s\":[{\"p\":[0,0,0],\"r\":[0,0,2.001032E-08],\"s\":[372.3051,0.04,53.82847],\"c\":[1,1,1]}]}]}"}],"serveTime":5}