{"thingDefinitions":[{"id":"5d2e2e5ee5c5060762da6e3e","def":"{\"v\":9,\"p\":[{\"s\":[{\"p\":[0,0,0],\"r\":[0,0,0],\"s\":[118.7169,0.301452,59.68037],\"c\":[0.05079354,0.4444443,0]}]}]}"}],"serveTime":3}