{"thingDefinitions":[{"id":"5cf696102ab35a061d6930f4","def":"{\"v\":9,\"p\":[{\"b\":12,\"s\":[{\"p\":[0,0,0],\"r\":[0,0,0],\"s\":[0.06000002,0.06000001,0.06000002],\"c\":[1,1,1]}]}]}"}],"serveTime":5}