{"thingDefinitions":[{"id":"5b4ee1158627de597d6d4eb7","def":"{\"v\":5,\"p\":[{\"b\":9,\"s\":[{\"p\":[0.2531846,-0.2561256,-0.1585561],\"r\":[26.34512,51.82882,212.4407],\"s\":[0.1250001,0.1250002,0.1250001],\"c\":[1,1,1]}]},{\"b\":9,\"s\":[{\"p\":[0.2561015,-0.3751016,-0.2216268],\"r\":[39.16379,37.65557,157.5104],\"s\":[0.1250002,0.1250001,0.1250001],\"c\":[1,1,1]}]},{\"b\":9,\"s\":[{\"p\":[0.1078687,-0.3582271,-0.1084875],\"r\":[15.35268,11.19193,331.4366],\"s\":[0.1250002,0.1250001,0.1250002],\"c\":[1,1,1]}]},{\"b\":7,\"s\":[{\"p\":[-0.0342504,-0.002907605,-0.02236789],\"r\":[18.04995,17.41828,164.19],\"s\":[0.1250002,0.1250002,0.1250001],\"c\":[1,1,1]}]}]}"}],"serveTime":5}