{"thingDefinitions":[{"id":"5cc401359f81e3054ed26d50","def":"{\"v\":9,\"p\":[{\"b\":12,\"s\":[{\"p\":[0.005468361,0.002479658,-0.2327732],\"r\":[354.5655,87.47134,358.8424],\"s\":[0.06000002,0.06000005,0.06000004],\"c\":[1,1,1]}]},{\"b\":12,\"s\":[{\"p\":[-0.006504165,-0.004262628,0.007630294],\"r\":[3.367139,355.8072,4.064455],\"s\":[0.06000016,0.06000014,0.06000019],\"c\":[1,1,1]}]},{\"b\":9,\"s\":[{\"p\":[-0.2183439,0.006357357,-0.1420344],\"r\":[341.2939,223.066,159.4707],\"s\":[0.5058242,0.2669927,0.005552007],\"c\":[1,1,1]}]}]}"}],"serveTime":5}