{"thingDefinitions":[{"id":"5dcdb1d3463cde1159d6a6b2","def":"{\"n\":\"ground\",\"v\":9,\"a\":[1],\"p\":[{\"b\":17,\"t1\":159,\"s\":[{\"p\":[0,0,0],\"r\":[0,0,9.171396E-08],\"s\":[161.0625,0.11062,2376.888],\"c\":[0.08888874,0.7777778,0],\"t1\":{\"c\":[0.4095237,1,0.3333333],\"x\":0.5,\"y\":0.5,\"a\":0.8925,\"m\":0,\"n\":0,\"r\":0,\"g\":0,\"o\":0.5,\"t\":0.5,\"e\":0.5}}]}]}"}],"serveTime":6}