{"thingDefinitions":[{"id":"5c6c871a445ad31c891bfacf","def":"{\"v\":7,\"p\":[{\"s\":[{\"p\":[0,0,0],\"r\":[0,0,0],\"s\":[0.1750003,0.1750002,0.1750003],\"c\":[1,1,1]}]}]}"}],"serveTime":5}