{"thingDefinitions":[{"id":"5cb1f380a34c9c057507f240","def":"{\"n\":\"head\",\"v\":9,\"a\":[22],\"p\":[{\"b\":3,\"s\":[{\"p\":[-0.09198487,-0.3244203,-0.04550579],\"r\":[0,0,45],\"s\":[0.1885785,0.120528,0.08784911],\"c\":[1,0.1714284,0]}]},{\"b\":3,\"s\":[{\"p\":[-0.1342067,-0.393007,0.1244678],\"r\":[315,270,90],\"s\":[0.03250543,0.1250501,0.0435634],\"c\":[0,0,0]}]},{\"b\":3,\"s\":[{\"p\":[-0.02261129,-0.2688348,0.1101745],\"r\":[315,270,90],\"s\":[0.03250431,0.1250574,0.04356639],\"c\":[0,0,0]}]}]}"}],"serveTime":6}