{"thingDefinitions":[{"id":"5c14d745285ab86f59fd619c","def":"{\"v\":7,\"p\":[{\"b\":8,\"s\":[{\"p\":[0,0,0],\"r\":[0,0,8.537735E-07],\"s\":[0.1250007,0.07911488,0.1857084],\"c\":[1,1,1]}]}]}"}],"serveTime":5}