{"thingDefinitions":[{"id":"59bceabf75691d4111904f01","def":"{\"n\":\"thing\",\"p\":[{\"b\":46,\"t\":7,\"s\":[{\"p\":[0.006244829,0.008830829,-0.003277979],\"r\":[2.313489,7.092648,11.68681],\"s\":[0.3599052,0.1109191,0.0623943],\"c\":[0,0.3999996,1]}]},{\"b\":3,\"t\":7,\"s\":[{\"p\":[-0.002600648,0.1039087,0.2187625],\"r\":[14.22248,144.2894,250.6025],\"s\":[0.03913268,0.194177,0.05003969],\"c\":[0,0.3999996,1]}]},{\"b\":61,\"s\":[{\"p\":[-0.0662453,0.07018819,0.08151989],\"r\":[326.8041,84.30415,335.7072],\"s\":[0.125,0.125,0.1250001],\"c\":[1,1,1]}]},{\"b\":38,\"s\":[{\"p\":[0.001507347,0.09298477,0.03626459],\"r\":[48.03016,213.6802,80.56487],\"s\":[0.01812291,0.0226827,0.01438538],\"c\":[1,1,1]}]}]}"}],"serveTime":4}