{"thingDefinitions":[{"id":"5aa49d73a52dec138b89aeeb","def":"{\"v\":2,\"p\":[{\"b\":3,\"s\":[{\"p\":[0,0,0],\"r\":[0,0,-8.537737E-07],\"s\":[0.125,0.125,0.125],\"c\":[0,1,1]}]},{\"s\":[{\"p\":[0.1317344,-0.0459475,-0.03242314],\"r\":[35.23757,351.5297,330.2714],\"s\":[0.175,0.175,0.1750001],\"c\":[0,0,0]}]},{\"b\":2,\"s\":[{\"p\":[0.2760315,-0.1011912,-0.0598055],\"r\":[333.9492,279.9814,55.12063],\"s\":[0.1250001,0.1250002,0.1250002],\"c\":[1,0.3428571,0]}]}]}"}],"serveTime":4}