{"thingDefinitions":[{"id":"5bc3af8ece29a14590e4e4cd","def":"{\"v\":7,\"p\":[{\"b\":173,\"s\":[{\"p\":[0,0,0],\"r\":[0,0,-4.669075E-08],\"s\":[0.1196652,0.02376036,0.1080638],\"c\":[1,1,1]}]},{\"b\":91,\"e\":\"FIERST TEXT\",\"s\":[{\"p\":[-0.2458747,1.141956,-0.4176572],\"r\":[46.69365,295.9438,333.7893],\"s\":[0.003000001,0.003000001,0.003],\"c\":[1,1,1]},{\"p\":[-0.2458747,1.141956,-0.4176572],\"r\":[46.69365,295.9438,333.7893],\"s\":[0.003000001,0.003000001,0.003],\"c\":[1,1,1]},{\"p\":[-0.2458747,1.141956,-0.4176572],\"r\":[46.69365,295.9438,333.7893],\"s\":[0.003000001,0.003000001,0.003],\"c\":[1,1,1]}]}]}"}],"serveTime":5}