{"thingDefinitions":[{"id":"5d0fbb8a8f25512ea6c33d41","def":"{\"n\":\"ground\",\"v\":9,\"a\":[1],\"p\":[{\"b\":17,\"s\":[{\"p\":[0,0,0],\"r\":[0,0,0],\"s\":[75.6623,0.11062,53.17175],\"c\":[0.9019608,0.8509804,0.7215686]}]},{\"b\":5,\"a\":[32],\"s\":[{\"p\":[-6.483498,-130.6083,101.4409],\"r\":[344.6766,7.659853,326.4875],\"s\":[0.4345978,14.92805,4.659794],\"c\":[1,1,1]}]}]}"}],"serveTime":4}