{"thingDefinitions":[{"id":"5adbf8dd753c720323f0bfc9","def":"{\"v\":4,\"p\":[{\"b\":5,\"s\":[{\"p\":[0.1094466,-0.09302941,-0.04311068],\"r\":[30.831,111.1599,3.673872],\"s\":[0.1250004,0.1250002,0.1250004],\"c\":[1,1,1]}]},{\"b\":10,\"s\":[{\"p\":[0.002875423,0.0041238,0.01184802],\"r\":[356.0636,352.2749,5.705531],\"s\":[0.2111242,0.2069183,0.2112386],\"c\":[1,1,1]}]}]}"}],"serveTime":8}