{"thingDefinitions":[{"id":"5bcc18c4cf20f033ade6744c","def":"{\"v\":7,\"a\":[2,9],\"p\":[{\"b\":10,\"t1\":5,\"c\":[[0,2,0,9]],\"s\":[{\"p\":[-0.1174826,0.1130928,0.01362994],\"r\":[0.24749,86.98174,2.91462],\"s\":[0.05713253,0.04530561,0.05142146],\"c\":[0,0,0],\"t1\":{\"c\":[1,1,1],\"x\":0.17,\"y\":0.5794701,\"a\":0.69625,\"m\":0.5,\"n\":0.8509088,\"r\":0,\"g\":0.3696017,\"o\":0.5,\"t\":0.5,\"e\":0.5}}]},{\"b\":10,\"t1\":5,\"c\":[[0,1.7,0,9]],\"s\":[{\"p\":[0.1069293,0.1179858,0.008936126],\"r\":[349.0245,89.86291,2.802912],\"s\":[0.0571325,0.04530562,0.05142145],\"c\":[0,0,0],\"t1\":{\"c\":[1,1,1],\"x\":0.17,\"y\":0.5794701,\"a\":0.69625,\"m\":0.5,\"n\":0.8509088,\"r\":0,\"g\":0.3696017,\"o\":0.5,\"t\":0.5,\"e\":0.5}}]},{\"t1\":5,\"c\":[[0.5,0.5,-1,4,6,11],[-0.5,0.5,-1,5,6,7],[-0.5,0.6,0.5,3,6,8]],\"s\":[{\"p\":[-0.01216991,0.04446129,0.03550197],\"r\":[357.0739,359.3874,356.8169],\"s\":[0.4074613,0.08718068,0.1750007],\"c\":[1,1,1],\"t1\":{\"c\":[0.5555556,0.5555556,0.5555556],\"x\":0.03064911,\"y\":1,\"a\":0.69625,\"m\":0.5,\"n\":0.8509088,\"r\":0.4971786,\"g\":0.3696017,\"o\":0.5,\"t\":0.5,\"e\":0.5}}]}]}"}],"serveTime":6}