{"thingDefinitions":[{"id":"5a16643faab1c8b213c2c245","def":"{\"n\":\"ground\",\"v\":1,\"a\":[1],\"p\":[{\"b\":17,\"s\":[{\"p\":[0,0,0],\"r\":[0,0,0],\"s\":[7.95426,0.11062,9.189644],\"c\":[0.9019608,0.8509804,0.7215686]}]}]}"}],"serveTime":5}