{"thingDefinitions":[{"id":"5af9c4f15dce9a44a5be34de","def":"{\"v\":4,\"p\":[{\"s\":[{\"p\":[0,0,0],\"r\":[0,0,0],\"s\":[0.1750001,0.175,0.1750002],\"c\":[1,1,1]}]},{\"b\":2,\"s\":[{\"p\":[-0.002712534,0.1191419,0.01477574],\"r\":[273.6872,45.2108,312.9741],\"s\":[0.1250003,0.1250002,0.1250002],\"c\":[1,1,1]}]},{\"b\":32,\"s\":[{\"p\":[0.6292742,0.4261865,-0.287729],\"r\":[347.8856,154.1651,226.0676],\"s\":[0.1250002,0.1250001,0.1250001],\"c\":[1,1,1]}]},{\"b\":14,\"s\":[{\"p\":[0.04946194,0.07312124,0.01111677],\"r\":[278.9704,351.1269,7.069176],\"s\":[0.06000022,0.06000013,0.06000012],\"c\":[1,1,1]}]}]}"}],"serveTime":6}