{"thingDefinitions":[{"id":"5d2cfc222841bd79303aa704","def":"{\"v\":9,\"p\":[{\"s\":[{\"p\":[0,0,0],\"r\":[0,0,8.537734E-07],\"s\":[0.1750003,0.1750003,0.1750001],\"c\":[1,1,1]}]},{\"s\":[{\"p\":[0.1476945,-0.1963276,-0.3042967],\"r\":[61.81101,351.6554,74.35083],\"s\":[0.1750001,0.175,0.175],\"c\":[1,1,1]}]}]}"},{"id":"5d2fa59da9cba9353d831275","def":"{\"v\":9,\"p\":[{\"b\":5,\"s\":[{\"p\":[0,0,0],\"r\":[0,0,0],\"s\":[0.1,0.1,0.1],\"c\":[1,1,1]}]}]}"},{"id":"5d2fa5e43a79b7062879a484","def":"{\"v\":9,\"p\":[{\"b\":5,\"s\":[{\"p\":[0,0,0],\"r\":[0,0,1.067217E-07],\"s\":[0.1000001,0.1000001,0.1000001],\"c\":[1,1,1]}]}]}"}],"serveTime":7}