{"thingDefinitions":[{"id":"5a3ec95e718647f765647d79","def":"{\"n\":\"thing\",\"v\":2,\"p\":[{\"s\":[{\"p\":[0,0,0],\"r\":[0,0,0],\"s\":[0.008053293,4.020625,21.97632],\"c\":[1,1,1]}]}]}"}],"serveTime":6}