{"thingDefinitions":[{"id":"5ea4a4b06da6d855ec8c93da","def":"{\"n\":\"ground\",\"v\":9,\"a\":[1],\"p\":[{\"b\":17,\"s\":[{\"p\":[0,0,0],\"r\":[0,0,0],\"s\":[3.363346,0.11062,3.272034],\"c\":[0.9019608,0.8509804,0.7215686]},{\"p\":[0,0,0],\"r\":[0,0,0],\"s\":[3.363346,0.11062,3.272034],\"c\":[0.9019608,0.8509804,0.7215686]}]},{\"b\":173,\"s\":[{\"p\":[2.005854,1.274118,0.9973319],\"r\":[19.8455,265.3918,351.9171],\"s\":[0.04500003,0.045,0.04500003],\"c\":[1,1,1]}]}]}"}],"serveTime":5}