{"thingDefinitions":[{"id":"5b1fd72d852dfa0f98c65ad5","def":"{\"v\":5,\"p\":[{\"b\":10,\"s\":[{\"p\":[0,0,0],\"r\":[0,0,0],\"s\":[0.125001,0.1250001,0.1250009],\"c\":[1,1,1]}]},{\"b\":10,\"s\":[{\"p\":[0.260625,0.2065814,-0.3357247],\"r\":[318.5527,349.9933,177.6808],\"s\":[0.1250008,0.1250002,0.1250006],\"c\":[1,1,1]}]},{\"b\":121,\"e\":\"CCOL\",\"s\":[{\"p\":[0.09679922,-0.339987,-0.8459029],\"r\":[43.15801,146.7113,61.28537],\"s\":[0.003000003,0.003000001,0.003000002],\"c\":[1,1,1]}]}]}"}],"serveTime":5}