{"thingDefinitions":[{"id":"5b54d6f6d2eda50f87703c31","def":"{\"v\":5,\"p\":[{\"b\":9,\"s\":[{\"p\":[0,0,0],\"r\":[0,0,-1.067217E-06],\"s\":[0.1250002,0.1250002,0.125],\"c\":[0,1,1]}]}]}"}],"serveTime":3}