{"thingDefinitions":[{"id":"5e8fc0ed4ea4e72b0fb1f812","def":"{\"n\":\"ground\",\"v\":9,\"a\":[1],\"p\":[{\"b\":17,\"s\":[{\"p\":[0,0,0],\"r\":[0,0,-1.438242E-08],\"s\":[3.363345,0.11062,3.201101],\"c\":[0.9019608,0.8509804,0.7215686]}]},{\"b\":18,\"e\":\"LEAVE IM NEW\",\"s\":[{\"p\":[-0.9111962,1.057688,-0.2393672],\"r\":[51.76146,23.8491,11.9151],\"s\":[0.003,0.003,0.003],\"c\":[1,1,1]}]}]}"}],"serveTime":4}