{"thingDefinitions":[{"id":"5e9d58e700773b3adabdc9e7","def":"{\"v\":9,\"a\":[2,3,13,15,27],\"tp_d\": 0.001,\"p\":[{\"b\":14,\"s\":[{\"p\":[-0.009476293,0.04314667,0.1223729],\"r\":[0,0,0],\"s\":[0.02898053,0.03929583,0.02432783],\"c\":[0,0,0]}]},{\"c\":[[-1.407,0.471,0.435,3,6,8],[-1.54,-0.397,0.444,1,13,2],[-1.41,-0.352,-0.374,7,8,4],[-1.375,0.45,-0.39,5,6,7]],\"s\":[{\"p\":[-0.03584379,-5.554501E-05,0.005548596],\"r\":[0,0,0],\"s\":[0.01396659,0.1094077,0.1750421],\"c\":[1,1,1]}]},{\"b\":13,\"s\":[{\"p\":[-0.004341993,0.008310175,0.01968587],\"r\":[0.7936743,358.2067,1.092083],\"s\":[0.02797583,0.0434048,0.07050332],\"c\":[0.4444443,0.09876532,0.09876532],\"b\":[\"when triggered then emit gravity-free [drop from inventory]\"]}]}]}"}],"serveTime":4}