{"thingDefinitions":[{"id":"5b0c62a1a3c20063cea8efa7","def":"{\"v\":4,\"p\":[{\"s\":[{\"p\":[-0.02678459,0.3700773,0.1777637],\"r\":[321.0527,38.5812,301.8891],\"s\":[0.005,0.0332216,0.7267017],\"c\":[1,1,1]}]},{\"s\":[{\"p\":[-0.05451714,-0.5022768,-0.6411435],\"r\":[15.25265,179.4407,180.9129],\"s\":[0.354839,0.3957939,0.3795342],\"c\":[1,1,1],\"b\":[\"when touched then play button click\"]}]},{\"s\":[{\"p\":[-0.04958788,-0.4673226,-0.2036372],\"r\":[49.19796,191.8775,187.7275],\"s\":[0.3548389,0.3957938,0.3795339],\"c\":[1,1,1]}]}]}"}],"serveTime":5}