{"thingDefinitions":[{"id":"5c0173fe021a9d6779147ac5","def":"{\"v\":7,\"p\":[{\"b\":9,\"s\":[{\"p\":[0,0,0],\"r\":[0,0,-1.707547E-06],\"s\":[0.1250001,0.1250001,0.1250001],\"c\":[1,1,1]}]},{\"b\":9,\"s\":[{\"p\":[-0.1703565,-0.1159617,-0.002931964],\"r\":[353.823,9.265679,352.2852],\"s\":[0.1250001,0.1250003,0.1250001],\"c\":[1,1,1]}]}]}"}],"serveTime":3}