{"thingDefinitions":[{"id":"5f6a2fde55c52b055fd09b97","def":"{\"v\":9,\"p\":[{\"b\":9,\"s\":[{\"p\":[0,0,0],\"r\":[0,0,1.707547E-06],\"s\":[0.125,0.125,0.125],\"c\":[1,1,1]}]},{\"b\":13,\"s\":[{\"p\":[-0.002234312,0.003188421,-0.006471126],\"r\":[54.29624,308.2469,15.20233],\"s\":[0.06000009,0.06000001,0.06000008],\"c\":[1,1,1]}]}]}"}],"serveTime":5}