{"thingDefinitions":[{"id":"5a814a1a3e61f3e20f1f1c5d","def":"{\"n\":\"thing\",\"v\":2,\"p\":[{\"b\":10,\"s\":[{\"p\":[0,0,0],\"r\":[0,0,9.604953E-07],\"s\":[0.125,0.125,0.125],\"c\":[1,1,1]}]},{\"b\":10,\"s\":[{\"p\":[0.2051915,0.1972343,-0.03116938],\"r\":[18.24947,348.2953,349.7948],\"s\":[0.125,0.125,0.125],\"c\":[1,1,1]}]},{\"b\":10,\"s\":[{\"p\":[-0.107604,0.009348758,-0.2487136],\"r\":[35.88253,308.835,349.6137],\"s\":[0.125,0.125,0.1250001],\"c\":[1,1,1]}]},{\"b\":10,\"s\":[{\"p\":[0.1567575,0.2234153,-0.08695201],\"r\":[50.68917,331.9195,303.8461],\"s\":[0.1250001,0.1250001,0.1250001],\"c\":[1,1,1]}]}]}"}],"serveTime":4}