{"thingDefinitions":[{"id":"5ca945a283de1b7d8460b09f","def":"{\"v\":9,\"p\":[{\"s\":[{\"p\":[0,0,0],\"r\":[0,0,1.707548E-06],\"s\":[0.1750004,0.1750002,0.1750002],\"c\":[1,1,1]}]}]}"}],"serveTime":4}