{"thingDefinitions":[{"id":"5efbba394a9578062ed58295","def":"{\"v\":9,\"p\":[{\"b\":175,\"s\":[{\"p\":[0,0,0],\"r\":[0,0,8.004127E-08],\"s\":[0.045,0.04500001,0.045],\"c\":[1,1,1]}]}]}"}],"serveTime":21}