{"thingDefinitions":[{"id":"5a7376eed2a2d7832b1d298f","def":"{\"n\":\"ground\",\"v\":3,\"a\":[1],\"p\":[{\"b\":17,\"s\":[{\"p\":[0,0,0],\"r\":[0,0,0],\"s\":[150,0.11062,150],\"c\":[0.7777778,0.4197528,0.3456789]}]}]}"}],"serveTime":5}