{"thingDefinitions":[{"id":"5cb77a5602726879123b74fc","def":"{\"v\":9,\"a\":[2,13,14,16],\"p\":[{\"b\":9,\"t\":2,\"pr\":8,\"t1\":168,\"t2\":167,\"s\":[{\"p\":[0,0,0],\"r\":[0,0,1.280661E-06],\"s\":[0.1250003,0.1250003,0.1250003],\"c\":[0.05749552,0.01234568,0.111111],\"t1\":{\"c\":[0.2222221,0.7999996,1],\"a\":0.05},\"t2\":{\"c\":[0.4444444,0.9523808,1],\"a\":0.75},\"pr\":{\"c\":[0,0,0],\"a\":0.5517259}}]}]}"},{"id":"5cb776a3bfde14791842cc10","def":"{\"v\":9,\"a\":[2,7,12,13,18],\"p\":[{\"b\":76,\"s\":[{\"p\":[-0.005215526,9.119115E-10,0],\"r\":[-1.001791E-05,1.751587E-12,-1.001791E-05],\"s\":[0.1576613,0.124845,0.162891],\"c\":[1,1,1]}]}]}"}],"serveTime":7}