{"thingDefinitions":[{"id":"5b2f068f37ce8f03496c8573","def":"{\"v\":5,\"p\":[{\"s\":[{\"p\":[0,0,0],\"r\":[0,0,0],\"s\":[0.1750001,0.1750001,0.1750002],\"c\":[1,1,1]}]}]}"}],"serveTime":5}