{"thingDefinitions":[{"id":"5a6e3d58df4953df0fcbacd9","def":"{\"n\":\"thing\",\"v\":2,\"p\":[{\"b\":9,\"s\":[{\"p\":[0.01091719,-0.1023741,-0.3281169],\"r\":[47.0482,329.8627,46.44424],\"s\":[0.1250002,0.1250002,0.1250003],\"c\":[1,1,1]}]},{\"b\":9,\"s\":[{\"p\":[0.0105194,0.005708842,0.002713995],\"r\":[358.7993,0.9786999,358.965],\"s\":[0.1250002,0.1250005,0.1250005],\"c\":[1,1,1]}]},{\"b\":9,\"s\":[{\"p\":[0.009515836,-0.006700561,-0.0008196374],\"r\":[1.323963,2.278528,359.3445],\"s\":[0.1250004,0.1250008,0.1250007],\"c\":[1,1,1]}]},{\"b\":9,\"s\":[{\"p\":[0.0657716,-0.2296536,-0.1356156],\"r\":[336.7173,137.3466,316.4035],\"s\":[0.5379252,0.1250008,0.4875463],\"c\":[1,1,1]}]}]}"}],"serveTime":4}