{"thingDefinitions":[{"id":"5cf48f0ab32c7406270b65e8","def":"{\"n\":\"grass\",\"v\":9,\"a\":[22,18],\"p\":[{\"s\":[{\"p\":[0,0,0],\"r\":[0,0,0],\"s\":[101.333,35.20312,0.1283597],\"c\":[0,1,0.3999999]}]},{\"b\":9,\"t\":3,\"t1\":42,\"s\":[{\"p\":[-0.3882078,-0.1104093,4.754531],\"r\":[20.70481,65.85133,215.9928],\"s\":[0.1250916,0.1250741,0.125067],\"c\":[0.9714286,1,0],\"t1\":{\"c\":[0,0,0],\"x\":0.5,\"y\":0.5,\"a\":0.8925,\"m\":0,\"n\":0,\"r\":0,\"g\":0,\"o\":0.5,\"t\":0.5,\"e\":0.5}}]}]}"},{"id":"5cf48f785d65460634dfea33","def":"{\"v\":9,\"p\":[{\"b\":12,\"s\":[{\"p\":[0,0,0],\"r\":[0,0,0],\"s\":[2.764469,0.1074198,0.568265],\"c\":[1,0.342857,0]}]}]}"}],"serveTime":5}