{"thingDefinitions":[{"id":"5e791d9eb052306f5e6a2bfe","def":"{\"v\":9,\"a\":[7,18,29],\"p\":[{\"s\":[{\"p\":[0.08568573,0.1373968,-0.1060017],\"r\":[0,270,270],\"s\":[0.7827652,0.4325186,0.5711936],\"c\":[1,1,1]}]},{\"s\":[{\"p\":[0,-0.2396937,-2.980232E-08],\"r\":[0,0,1.001791E-05],\"s\":[0.7933574,0.1308144,0.8236579],\"c\":[1,1,1]}]},{\"s\":[{\"p\":[0,0.5414701,5.960464E-08],\"r\":[0,0,0],\"s\":[0.7934222,0.130828,0.8237346],\"c\":[1,1,1]}]},{\"s\":[{\"p\":[0.4513741,0.165438,0.03060158],\"r\":[0,270,180],\"s\":[0.7839953,0.8580735,0.1018877],\"c\":[1,1,1]}]}]}"}],"serveTime":9}