{"thingDefinitions":[{"id":"5e6c033354e0aa0627da0fa8","def":"{\"v\":9,\"p\":[{\"s\":[{\"p\":[0,0,0],\"r\":[0,0,6.403303E-07],\"s\":[0.1750004,0.1750004,0.1750005],\"c\":[1,1,1]}]}]}"}],"serveTime":6}