{"thingDefinitions":[{"id":"5bc33966f44f100585d4a7d2","def":"{\"v\":7,\"p\":[{\"b\":9,\"s\":[{\"p\":[0,0,0],\"r\":[0,0,6.403303E-07],\"s\":[0.1250002,0.1250003,0.1250003],\"c\":[1,1,1]}]},{\"b\":2,\"s\":[{\"p\":[-0.02126183,0.2817825,-0.06559146],\"r\":[346.5314,286.3882,95.13189],\"s\":[0.1250001,0.1250003,0.1250004],\"c\":[1,1,1]}]}]}"}],"serveTime":8}