{"thingDefinitions":[{"id":"5f63d8954283495ad0a4b16d","def":"{\"v\":9,\"p\":[{\"b\":5,\"s\":[{\"p\":[0.01392693,0.006509453,-0.09250709],\"r\":[352.2973,351.118,8.712518],\"s\":[0.1000004,0.1000002,0.1000003],\"c\":[0.1142857,0,1]}]},{\"b\":131,\"e\":\"CUM\",\"s\":[{\"p\":[0.008345306,0.2691537,-0.2562392],\"r\":[0.4030528,293.099,87.1618],\"s\":[0.003000008,0.003000006,0.003000008],\"c\":[0.1142857,0,1]}]}]}"}],"serveTime":7}