{"thingDefinitions":[{"id":"5a9b37566a694a0071ba0cc3","def":"{\"v\":2,\"p\":[{\"b\":9,\"s\":[{\"p\":[0,0,0],\"r\":[0,0,-8.537737E-07],\"s\":[0.1250003,0.1250004,0.1250001],\"c\":[1,1,1]}]},{\"b\":155,\"s\":[{\"p\":[-0.04060199,0.03248829,0.02069714],\"r\":[50.89702,19.37286,67.84904],\"s\":[0.08431803,0.0700001,0.0581847],\"c\":[1,1,1]}]}]}"}],"serveTime":4}