{"thingDefinitions":[{"id":"5d62dc2c48f79b062cf39821","def":"{\"v\":9,\"p\":[{\"s\":[{\"p\":[0,0,0],\"r\":[0,0,0],\"s\":[0.1910129,0.1750009,2.683955],\"c\":[1,1,1]},{\"p\":[0,0,0],\"r\":[0,0,0],\"s\":[0.1910129,0.1750009,2.683955],\"c\":[1,1,1]},{\"p\":[0,0,0],\"r\":[0,0,0],\"s\":[0.1910129,0.1750009,2.683955],\"c\":[1,1,1]}]}]}"}],"serveTime":5}