{"thingDefinitions":[{"id":"5e80a1df888753170ebf8bac","def":"{\"v\":9,\"p\":[{\"b\":179,\"s\":[{\"p\":[0,0,0],\"r\":[0,0,0],\"s\":[0.2150005,0.2150005,0.2150002],\"c\":[1,1,1]}]},{\"b\":179,\"s\":[{\"p\":[0.233113,1.0992,0.1457852],\"r\":[6.04529,42.21474,8.842161],\"s\":[0.2150019,0.2150027,0.2150013],\"c\":[1,1,1]}]},{\"b\":179,\"s\":[{\"p\":[0.08870618,1.057993,0.2748121],\"r\":[5.642264,45.23187,9.1304],\"s\":[0.2150011,0.2150016,0.2150006],\"c\":[1,1,1]}]}]}"}],"serveTime":4}