{"thingDefinitions":[{"id":"5e7035bd5e8faf6f5ffed26b","def":"{\"n\":\"ground\",\"v\":9,\"a\":[1],\"p\":[{\"b\":17,\"s\":[{\"p\":[0,0,0],\"r\":[0,0,2.50129E-08],\"s\":[3.363348,0.1106201,3.201103],\"c\":[0.9019608,0.8509804,0.7215686]}]},{\"b\":175,\"s\":[{\"p\":[-0.6102595,0.2014908,-1.308575],\"r\":[352.0704,151.0069,356.3614],\"s\":[0.04500026,0.04500003,0.04500026],\"c\":[1,1,1]}]},{\"b\":174,\"s\":[{\"p\":[-0.1188259,0.1922265,-0.724073],\"r\":[357.4299,23.96268,358.9571],\"s\":[0.04500008,0.045,0.04500011],\"c\":[1,1,1]}]}]}"}],"serveTime":5}