{"thingDefinitions":[{"id":"5d59d1e4492e5221b107eb7b","def":"{\"v\":9,\"p\":[{\"b\":12,\"s\":[{\"p\":[0,0,0],\"r\":[0,0,0],\"s\":[0.3187996,0.06000002,0.2541463],\"c\":[1,1,1]}]}]}"}],"serveTime":5}