{"thingDefinitions":[{"id":"5df7e209334943062e3c1404","def":"{\"v\":9,\"p\":[{\"s\":[{\"p\":[0,0,0],\"r\":[0,0,1.707547E-06],\"s\":[0.175,0.1750001,0.1750001],\"c\":[1,1,1]}]},{\"s\":[{\"p\":[-0.1940067,-0.2061672,-0.0004046559],\"r\":[357.9349,26.94934,227.0903],\"s\":[0.1750003,0.1750001,0.1750002],\"c\":[1,1,1]}]}]}"}],"serveTime":5}