{"thingDefinitions":[{"id":"5accfea10c11b533961b4ee7","def":"{\"v\":2,\"p\":[{\"b\":3,\"s\":[{\"p\":[1.121329,0.4444271,-0.03407758],\"r\":[334.7988,24.16135,66.38821],\"s\":[0.5254449,0.564705,0.7217489],\"c\":[1,1,1]}]},{\"b\":3,\"s\":[{\"p\":[0.6902553,-0.1628602,0.1995202],\"r\":[2.026157,121.6287,297.5168],\"s\":[0.5457294,0.4999139,0.4666106],\"c\":[1,1,1]}]},{\"b\":3,\"s\":[{\"p\":[0.2285775,-0.5426049,0.2956724],\"r\":[344.863,5.64931,11.7914],\"s\":[0.3269983,0.3159404,0.2811484],\"c\":[1,1,1]}]},{\"b\":14,\"s\":[{\"p\":[0.04070751,-0.3327544,0.1204499],\"r\":[35.23676,45.43444,335.9706],\"s\":[0.06,0.06000001,0.06],\"c\":[1,1,1]}]}]}"}],"serveTime":4}