{"thingDefinitions":[{"id":"5bb78b2d7842520586e8535b","def":"{\"v\":7,\"p\":[{\"b\":5,\"s\":[{\"p\":[-0.2203969,0.3779075,-0.1467318],\"r\":[341.0126,321.7119,318.7875],\"s\":[0.1000002,0.1000001,0.1],\"c\":[1,1,1]}]},{\"b\":5,\"s\":[{\"p\":[-0.2762826,-0.0224036,-0.08597849],\"r\":[359.4359,320.4554,348.1617],\"s\":[0.1000002,0.1000001,0.1],\"c\":[1,1,1]}]},{\"b\":3,\"s\":[{\"p\":[0.153065,0.09553213,0.02629916],\"r\":[324.4872,12.45209,349.1647],\"s\":[0.1250007,0.1250006,0.1250002],\"c\":[1,1,1]}]}]}"}],"serveTime":4}