{"thingDefinitions":[{"id":"5cc3d5a2fb0ce7267153a737","def":"{\"v\":9,\"p\":[{\"s\":[{\"p\":[0,0,0],\"r\":[0,0,0],\"s\":[0.1750006,0.1750006,0.1750008],\"c\":[1,1,1]}]}]}"}],"serveTime":5}