{"thingDefinitions":[{"id":"5c50b9ddf46efe055f616b75","def":"{\"n\":\"no\",\"v\":7,\"p\":[{\"b\":9,\"s\":[{\"p\":[0,0,0],\"r\":[0,0,0],\"s\":[0.1250001,0.1250001,0.1250002],\"c\":[1,1,1]}]},{\"s\":[{\"p\":[0.2646058,0.06351657,-0.1701137],\"r\":[351.3238,344.6611,39.90682],\"s\":[0.1750001,0.1750002,0.1750001],\"c\":[1,1,1]}]}]}"}],"serveTime":4}