{"thingDefinitions":[{"id":"5adac18e890b2751dcf99706","def":"{\"v\":4,\"p\":[{\"b\":3,\"s\":[{\"p\":[0,0,0],\"r\":[-6.830188E-06,-5.088886E-14,8.537735E-07],\"s\":[0.3534145,0.1250003,0.1250004],\"c\":[1,1,1]}]},{\"b\":3,\"s\":[{\"p\":[-0.01142845,0.02911338,0.1193108],\"r\":[352.5578,0.4360858,359.5137],\"s\":[0.3534144,0.1250002,0.1250004],\"c\":[1,1,1]}]},{\"b\":3,\"s\":[{\"p\":[-0.2360675,0.1133469,0.06478903],\"r\":[4.188447,350.4158,331.6141],\"s\":[0.125,0.1250002,0.1250003],\"c\":[1,1,1]}]},{\"b\":3,\"s\":[{\"p\":[0.2236575,0.1141096,0.06051697],\"r\":[353.9149,43.07481,4.637445],\"s\":[0.1250001,0.1250003,0.1250004],\"c\":[1,1,1]}]}]}"}],"serveTime":4}