{"thingDefinitions":[{"id":"5c35129efbe56c6f83fe1d2b","def":"{\"v\":7,\"p\":[{\"b\":9,\"s\":[{\"p\":[0,0,0],\"r\":[0,0,-7.470518E-07],\"s\":[0.125,0.1250001,0.125],\"c\":[1,1,1]}]},{\"b\":12,\"s\":[{\"p\":[0.3230926,0.01188055,-0.2194451],\"r\":[49.49609,124.4823,131.3422],\"s\":[0.06000002,0.06000004,0.06000004],\"c\":[1,1,1]}]}]}"},{"id":"5c35127d285ab86f59fd6901","def":"{\"v\":7,\"p\":[{\"b\":9,\"s\":[{\"p\":[0,0,0],\"r\":[0,0,-7.470518E-07],\"s\":[0.125,0.1250001,0.125],\"c\":[1,1,1]}]}]}"}],"serveTime":6}