{"thingDefinitions":[{"id":"5ec43f477cea1456d0b3e93c","def":"{\"n\":\"ground\",\"v\":9,\"a\":[1],\"p\":[{\"b\":17,\"s\":[{\"p\":[0,0,0],\"r\":[0,0,0],\"s\":[3.363346,0.11062,3.201102],\"c\":[0.9019608,0.8509804,0.7215686]}]},{\"b\":9,\"s\":[{\"p\":[-0.7747417,1.342338,-0.1177375],\"r\":[9.104703,13.97107,340.8977],\"s\":[0.125,0.1250001,0.1250001],\"c\":[1,1,1]}]},{\"b\":9,\"s\":[{\"p\":[-0.6060703,1.345882,-0.1378426],\"r\":[53.27444,6.570613,276.117],\"s\":[0.1250003,0.1250002,0.1250002],\"c\":[1,1,1]}]}]}"}],"serveTime":5}