{"thingDefinitions":[{"id":"5d867777309ea4392c5a7ccf","def":"{\"n\":\"ground\",\"v\":9,\"a\":[1],\"p\":[{\"b\":17,\"s\":[{\"p\":[0,0,0],\"r\":[0,0,0],\"s\":[3.363346,0.11062,3.739186],\"c\":[0.9019608,0.8509804,0.7215686]}]},{\"b\":10,\"s\":[{\"p\":[-2.263991,1.528259,0.5091126],\"r\":[347.2043,64.27847,195.3917],\"s\":[0.1250001,0.1250003,0.1250003],\"c\":[1,1,1]}]}]}"}],"serveTime":4}