{"thingDefinitions":[{"id":"5c9fd073282f953b244f3ee3","def":"{\"v\":9,\"p\":[{\"s\":[{\"p\":[0,0,0],\"r\":[0,0,0],\"s\":[0.1750001,0.1750002,0.1750002],\"c\":[1,1,1]}]}]}"}],"serveTime":4}