{"thingDefinitions":[{"id":"5add4972ece9520f80834a90","def":"{\"v\":4,\"p\":[{\"s\":[{\"p\":[0,0,0],\"r\":[0,0,0],\"s\":[0.1750003,0.1750003,0.1750003],\"c\":[1,1,1]}]},{\"s\":[{\"p\":[-0.5974003,0.4813421,-0.7030733],\"r\":[7.553133,353.4312,295.0173],\"s\":[10.32387,14.26084,0.005000004],\"c\":[1,1,1]}]}]}"}],"serveTime":4}