{"thingDefinitions":[{"id":"5a388c77190121a253871355","def":"{\"n\":\"thing\",\"v\":2,\"a\":[2],\"p\":[{\"b\":3,\"s\":[{\"p\":[0,0,0],\"r\":[0,0,0],\"s\":[0.1250001,0.125,0.1250001],\"c\":[1,0.8920635,0.7777778]}]},{\"b\":3,\"s\":[{\"p\":[0.1560677,0.07427412,0.01967272],\"r\":[359.7981,1.664151,14.03877],\"s\":[0.1250003,0.125,0.1250003],\"c\":[1,0.8920635,0.7777778]}]},{\"b\":5,\"s\":[{\"p\":[-0.06152675,0.2952778,0.1645381],\"r\":[305.2855,313.894,30.51536],\"s\":[0.05270883,0.05577088,0.9077861],\"c\":[1,0.8920635,0.7777778]}]},{\"b\":16,\"s\":[{\"p\":[-0.2143051,0.5902777,0.3028886],\"r\":[34.88963,306.6798,357.5174],\"s\":[0.07290501,0.1422733,0.08666083],\"c\":[0.7679012,0.4320987,0.7777778]}]}]}"}],"serveTime":5}