{"thingDefinitions":[{"id":"57f76b7e86edf8f00fcfe794","def":"{\"n\":\"thing\",\"p\":[{\"b\":5,\"s\":[{\"p\":[0,0,0],\"r\":[0,0,0],\"s\":[0.1250001,0.1250001,0.1250001],\"c\":[1,1,1]}]},{\"b\":5,\"s\":[{\"p\":[0.5112633,0.4938735,-0.6916962],\"r\":[321.4297,120.0099,274.8846],\"s\":[0.1250001,0.1250001,0.1250001],\"c\":[1,1,1]}]}]}"},{"id":"57fcbcc46008ae4f19fdeff9","def":"{\"n\":\"thing\",\"p\":[{\"b\":5,\"t\":6,\"s\":[{\"p\":[0,0,0],\"r\":[0,0,1.300671E-06],\"s\":[0.1322322,0.252255,0.07464293],\"c\":[1,0.5142855,0]}]}]}"}],"serveTime":5}