{"thingDefinitions":[{"id":"5d6a1072acd17a062475cb0b","def":"{\"v\":9,\"a\":[2,15],\"tp_m\": 7,\"p\":[{\"b\":86,\"t1\":3,\"s\":[{\"p\":[0,0,0],\"r\":[0,0,0],\"s\":[0.07500003,0.07500009,0.07500001],\"c\":[0.5555556,0.419753,0.1234567],\"t1\":{\"c\":[0,0,0],\"x\":0.17,\"y\":0.17,\"a\":0.69625,\"m\":0.5,\"n\":0.5,\"r\":0,\"g\":0,\"o\":0.5,\"t\":0.5,\"e\":0.5}}]}]}"}],"serveTime":5}