{"thingDefinitions":[{"id":"5aa06c14a2c88b0fecd52498","def":"{\"n\":\"ground\",\"v\":3,\"a\":[1],\"p\":[{\"b\":17,\"s\":[{\"p\":[0,0,0],\"r\":[0,0,0],\"s\":[24.15034,0.11062,33.26785],\"c\":[0.9019608,0.8509804,0.7215686]}]}]}"}],"serveTime":19}