{"thingDefinitions":[{"id":"5ac2045c9f65d9339547af6f","def":"{\"v\":2,\"p\":[{\"b\":9,\"s\":[{\"p\":[0,0,0],\"r\":[0,0,0],\"s\":[0.1250001,0.1250001,0.125],\"c\":[1,1,1]}]},{\"b\":14,\"s\":[{\"p\":[-0.1162418,0.09310009,-0.1569694],\"r\":[25.14222,37.60651,357.8388],\"s\":[0.06000002,0.06000002,0.06000002],\"c\":[1,1,1]}]}]}"}],"serveTime":5}