{"thingDefinitions":[{"id":"5ecc60695f055943de68f093","def":"{\"n\":\"ground\",\"v\":9,\"a\":[1],\"p\":[{\"b\":17,\"i\":[{\"t\":\"000000000000000000000001\",\"p\":[0,0,0],\"r\":[0,0,0]}],\"s\":[{\"p\":[0,0,0],\"r\":[0,0,0],\"s\":[3.363346,0.11062,3.080653],\"c\":[0.9019608,0.8509804,0.7215686]}]}]}"}],"serveTime":3}