{"thingDefinitions":[{"id":"5c3a1317c03241054e5c11dc","def":"{\"v\":7,\"p\":[{\"b\":14,\"s\":[{\"p\":[-0.274937,0.4013944,-0.380541],\"r\":[304.4745,199.3073,36.40055],\"s\":[0.05999999,0.06000003,0.06000001],\"c\":[1,1,1]}]},{\"b\":9,\"s\":[{\"p\":[-0.1100407,0.1844968,-0.3365377],\"r\":[323.71,237.2884,353.7243],\"s\":[0.1250001,0.1250001,0.1250001],\"c\":[1,1,1]}]},{\"b\":9,\"s\":[{\"p\":[-0.2827871,0.2241258,-0.1459612],\"r\":[325.9456,258.5065,358.0346],\"s\":[0.125,0.1250001,0.1250001],\"c\":[1,1,1]}]},{\"b\":64,\"s\":[{\"p\":[0.7781959,0.3205751,-0.2190631],\"r\":[21.36522,350.1838,85.14841],\"s\":[0.1250001,0.125,0.1250001],\"c\":[1,1,1]}]}]}"}],"serveTime":4}