{"thingDefinitions":[{"id":"5e76d4ad39e75474ab4f478d","def":"{\"n\":\"ground\",\"v\":9,\"a\":[1],\"p\":[{\"b\":17,\"s\":[{\"p\":[0,0,0],\"r\":[0,0,0],\"s\":[3.363346,0.11062,3.201102],\"c\":[0.9019608,0.8509804,0.7215686]}]},{\"s\":[{\"p\":[1.267557,1.526848,2.512582],\"r\":[283.116,184.3259,334.8361],\"s\":[0.1750016,0.1750008,0.1750011],\"c\":[1,1,1]}]}]}"}],"serveTime":6}