{"thingDefinitions":[{"id":"5c8e9fac3d38444bdac84387","def":"{\"n\":\"sun\",\"v\":7,\"p\":[{\"b\":3,\"t\":3,\"s\":[{\"p\":[0,0,0],\"r\":[0,0,2.134434E-07],\"s\":[0.70294,0.7793043,0.6326118],\"c\":[1,0.7555555,0.2222221]}]}]}"},{"id":"5c8e9eeb4305df6d4c382d77","def":"{\"n\":\"planet\",\"v\":7,\"p\":[{\"b\":17,\"s\":[{\"p\":[0,0,0],\"r\":[0,0,3.468455E-07],\"s\":[0.248533,0.2522221,0.2212791],\"c\":[0,0.8888889,0.8126984]}]},{\"b\":57,\"s\":[{\"p\":[0.04261127,0.0130021,0.05320087],\"r\":[357.7171,12.15732,323.371],\"s\":[0.6351335,0.08018078,0.5942039],\"c\":[0.4444443,0.8571426,1]}]}]}"}],"serveTime":8}