{"thingDefinitions":[{"id":"5da3d0fe6e1ad306238ffa0c","def":"{\"n\":\"ground\",\"v\":9,\"a\":[1],\"p\":[{\"b\":17,\"s\":[{\"p\":[0,0,0],\"r\":[0,0,0],\"s\":[3.363346,0.11062,3.201102],\"c\":[0.9019608,0.8509804,0.7215686]}]},{\"b\":12,\"s\":[{\"p\":[-0.5367651,1.22242,0.07804261],\"r\":[0.8573437,4.941957,359.5171],\"s\":[0.06000001,0.06,0.05999999],\"c\":[1,1,1]}]}]}"}],"serveTime":5}