{"thingDefinitions":[{"id":"5cb39d28bfde14791842ca43","def":"{\"v\":9,\"p\":[{\"s\":[{\"p\":[-0.1765235,0.05177443,-0.3042169],\"r\":[312.0706,335.0523,249.145],\"s\":[0.1750008,0.1750008,0.1750008],\"c\":[1,1,1]}]},{\"s\":[{\"p\":[0.1124031,-0.06077963,-0.7262527],\"r\":[326.1346,227.1427,81.79878],\"s\":[0.1750004,0.1750005,0.1750003],\"c\":[1,1,1]}]}]}"}],"serveTime":4}