{"thingDefinitions":[{"id":"5c78e50cfab57b3f676e5299","def":"{\"n\":\"ground\",\"v\":7,\"a\":[1,7,18],\"p\":[{\"b\":12,\"s\":[{\"p\":[0.703043,1.324547,0.4795156],\"r\":[276.1349,108.954,243.2683],\"s\":[0.06000008,0.5048616,0.3035077],\"c\":[1,1,1]}]},{\"b\":17,\"s\":[{\"p\":[1.436957,-0.3404539,3.013994],\"r\":[12.88947,283.4921,318.6556],\"s\":[3.363346,0.11062,3.201103],\"c\":[0.9019608,0.8509804,0.7215686]}]}]}"}],"serveTime":5}