{"thingDefinitions":[{"id":"5c36df248436ee6f7daa71a6","def":"{\"v\":7,\"p\":[{\"b\":9,\"s\":[{\"p\":[0,0,0],\"r\":[0,0,4.268868E-07],\"s\":[0.125,0.1250001,0.125],\"c\":[1,1,1]}]}]}"}],"serveTime":5}