{"thingDefinitions":[{"id":"5d96b03651aa5c062cac7354","def":"{\"v\":9,\"p\":[{\"b\":14,\"s\":[{\"p\":[0,0,0],\"r\":[0,0,0],\"s\":[0.06000016,0.06000011,0.06000014],\"c\":[1,1,1]}]},{\"b\":45,\"s\":[{\"p\":[0.08255669,0.03772382,-0.1241153],\"r\":[40.87333,237.8542,341.013],\"s\":[0.1250002,0.1250002,0.1250002],\"c\":[1,1,1]}]},{\"b\":69,\"s\":[{\"p\":[0.1852523,0.1838197,-0.04351044],\"r\":[352.325,333.6737,316.4964],\"s\":[0.07500017,0.07500014,0.07500012],\"c\":[1,1,1]}]}]}"}],"serveTime":4}