{"thingDefinitions":[{"id":"5b903a30d783f32857ab6de8","def":"{\"v\":6,\"a\":[31],\"p\":[{\"b\":2,\"s\":[{\"p\":[0,0,0],\"r\":[0,0,2.668043E-08],\"s\":[0.2661666,0.2356964,0.2883086],\"c\":[1,1,1]}]},{\"b\":9,\"s\":[{\"p\":[-0.007585444,0.1327263,0.01105049],\"r\":[35.50629,359.3784,344.5543],\"s\":[0.04406701,0.04837017,0.04837016],\"c\":[1,1,1]}]}]}"}],"serveTime":5}