{"thingDefinitions":[{"id":"5ba7cc4fe30015375ab9877a","def":"{\"v\":7,\"p\":[{\"s\":[{\"p\":[-0.3608071,0.2253367,0.1327298],\"r\":[62.59609,307.5825,152.7087],\"s\":[0.1750004,0.1750004,0.1750001],\"c\":[1,1,1]}]},{\"s\":[{\"p\":[-0.186244,0.196454,0.2231406],\"r\":[334.5094,338.6207,351.7037],\"s\":[0.175,0.1750002,0.1750001],\"c\":[1,1,1]}]},{\"b\":11,\"s\":[{\"p\":[-0.1815705,0.3816294,0.3169245],\"r\":[333.0669,342.3076,347.3451],\"s\":[0.1,0.1,0.1000001],\"c\":[1,1,1]}]}]}"}],"serveTime":5}