{"thingDefinitions":[{"id":"5a4b5885c8025cad142d9c10","def":"{\"n\":\"thing\",\"v\":2,\"p\":[{\"b\":9,\"s\":[{\"p\":[0,0,0],\"r\":[0,0,1.280661E-06],\"s\":[0.125,0.125,0.125],\"c\":[1,1,1]}]},{\"b\":14,\"s\":[{\"p\":[-0.2291153,0.04871699,-0.01948284],\"r\":[348.2148,264.1243,50.67101],\"s\":[0.06000001,0.06000002,0.06000005],\"c\":[1,1,1]}]},{\"b\":9,\"s\":[{\"p\":[-0.02096135,0.2520017,0.1108665],\"r\":[10.96434,22.0713,303.6442],\"s\":[0.1250001,0.1250001,0.1250001],\"c\":[1,1,1]}]},{\"b\":9,\"s\":[{\"p\":[-0.114251,-0.2260228,-0.1391147],\"r\":[10.73322,338.6372,50.41103],\"s\":[0.125,0.1250001,0.1250001],\"c\":[1,1,1]}]}]}"}],"serveTime":4}