{"thingDefinitions":[{"id":"5d70fed3a997d87fe66e5b8d","def":"{\"n\":\"ground\",\"v\":9,\"a\":[1],\"p\":[{\"b\":17,\"s\":[{\"p\":[0,0,0],\"r\":[0,0,0],\"s\":[3.363346,0.11062,3.201102],\"c\":[0.9019608,0.8509804,0.7215686]}]},{\"b\":14,\"s\":[{\"p\":[-0.6379853,0.3377489,-0.9223019],\"r\":[282.9275,112.9543,47.04029],\"s\":[0.0600004,0.06000025,0.06000029],\"c\":[1,1,1]}]},{\"b\":14,\"s\":[{\"p\":[-0.7716489,0.3272549,-0.9545017],\"r\":[82.68439,278.637,295.2861],\"s\":[0.06000015,0.06000018,0.06000021],\"c\":[1,1,1]}]},{\"b\":14,\"s\":[{\"p\":[-0.4748555,0.3409632,-0.8491264],\"r\":[276.0186,104.3626,49.77498],\"s\":[0.06000019,0.06000017,0.06000014],\"c\":[1,1,1]}]}]}"}],"serveTime":5}