{"thingDefinitions":[{"id":"5c29f81a8436ee6f7daa6e68","def":"{\"n\":\"ground\",\"v\":7,\"a\":[1],\"p\":[{\"b\":17,\"s\":[{\"p\":[0,0,0],\"r\":[0,0,0],\"s\":[34.12779,0.11062,27.97945],\"c\":[0.9019608,0.8509804,0.7215686]}]}]}"},{"id":"5c2a14f4fbec9a3178ec682b","def":"{\"v\":7,\"p\":[{\"s\":[{\"p\":[0,0,0],\"r\":[0,0,0],\"s\":[0.1750025,0.1750018,0.1750032],\"c\":[1,1,1],\"b\":[\"when starts then allow invisibility\"]}]}]}"}],"serveTime":6}