{"thingDefinitions":[{"id":"5af31db1ad0d150f82ef4218","def":"{\"v\":4,\"p\":[{\"b\":14,\"s\":[{\"p\":[0,0,0],\"r\":[0,0,7.47052E-07],\"s\":[0.06,0.05999998,0.05999999],\"c\":[1,1,1]}]},{\"b\":2,\"s\":[{\"p\":[0.00630397,-0.03083413,-0.1759113],\"r\":[4.514202,188.7235,148.0741],\"s\":[0.125,0.1250001,0.125],\"c\":[1,1,1]}]}]}"}],"serveTime":5}