{"thingDefinitions":[{"id":"5d404023d23f92062b94706e","def":"{\"n\":\"ground\",\"v\":9,\"a\":[1],\"p\":[{\"b\":17,\"s\":[{\"p\":[0,0,0],\"r\":[0,0,0],\"s\":[3.363346,0.11062,3.201102],\"c\":[0.9019608,0.8509804,0.7215686]}]},{\"b\":10,\"s\":[{\"p\":[-2.458341,1.880607,1.700985],\"r\":[1.241146,24.63199,245.2187],\"s\":[0.1250001,0.1250001,0.1250001],\"c\":[1,1,1]}]},{\"b\":10,\"s\":[{\"p\":[-2.665656,1.849654,1.529788],\"r\":[49.10667,282.3999,180.1588],\"s\":[0.1250002,0.1250003,0.1250002],\"c\":[1,1,1]}]},{\"b\":11,\"s\":[{\"p\":[-2.551949,1.576239,1.609014],\"r\":[322.0127,232.845,356.0074],\"s\":[0.1000002,0.1000002,0.1000002],\"c\":[1,1,1]}]}]}"}],"serveTime":9}