{"thingDefinitions":[{"id":"5b2f873689053c040178c640","def":"{\"v\":5,\"a\":[2,9,50],\"tp_m\": 0.1,\"p\":[{\"b\":9,\"t\":1,\"s\":[{\"p\":[0,0,0],\"r\":[0,0,0],\"s\":[0.1250001,0.1250002,0.1250002],\"c\":[1,0,0]}]}]}"},{"id":"5b2f894ba02a9403487a4439","def":"{\"v\":5,\"a\":[7],\"p\":[{\"s\":[{\"p\":[0,0,0],\"r\":[0,0,0],\"s\":[5.041107,0.5160081,7.949969],\"c\":[1,1,1]}]}]}"}],"serveTime":6}