{"thingDefinitions":[{"id":"5cb630ecc70b59056198d62b","def":"{\"v\":9,\"a\":[7,18,31],\"p\":[{\"b\":14,\"s\":[{\"p\":[0,0,0],\"r\":[0,0,0],\"s\":[0.3540961,0.3541031,0.3540952],\"c\":[1,1,1]}]}]}"}],"serveTime":5}