{"thingDefinitions":[{"id":"58ebe51da857d49a132fcea2","def":"{\"n\":\"ground\",\"a\":[1],\"p\":[{\"b\":17,\"s\":[{\"p\":[0,0,0],\"r\":[0,0,0],\"s\":[3.363346,0.11062,3.201102],\"c\":[0.9019608,0.8509804,0.7215686]}]}]}"},{"id":"58ebe66a922349311030bc91","def":"{\"n\":\"thing\",\"a\":[21],\"p\":[{\"b\":16,\"t\":3,\"pr\":57,\"s\":[{\"p\":[-0.3291455,0.2190296,0.3289441],\"r\":[343.0085,271.5586,270.1998],\"s\":[0.1155603,0.185745,0.1870743],\"c\":[1,1,1],\"pr\":{\"c\":[0.4444444,0.8571426,1],\"m\":0.25,\"a\":0.25,\"s\":0,\"z\":0.5,\"g\":0.5,\"h\":0.5}}]},{\"b\":14,\"s\":[{\"p\":[-0.1581028,0.2068571,-0.4979218],\"r\":[3.225961,0.7427492,326.2941],\"s\":[0.09337372,0.05546915,0.3311609],\"c\":[0.3333332,0.2402115,0.03703704]}]}]}"},{"id":"58ebe6d28825289b13a25574","def":"{\"n\":\"cypiea\",\"p\":[{\"b\":3,\"s\":[{\"p\":[0,0,0],\"r\":[0,0,0],\"s\":[0.09391221,0.09247904,0.1365005],\"c\":[1,1,1]}]}]}"}],"serveTime":7}