{"thingDefinitions":[{"id":"5c49446845bd6d74b7acc55b","def":"{\"v\":7,\"p\":[{\"s\":[{\"p\":[0,0,0],\"r\":[0,0,8.537737E-07],\"s\":[0.1750002,0.1750001,0.175],\"c\":[1,1,1]}]}]}"}],"serveTime":6}