{"thingDefinitions":[{"id":"5c84b9f4aba08f0526a8bb06","def":"{\"v\":7,\"p\":[{\"b\":9,\"s\":[{\"p\":[0,0,0],\"r\":[0,0,-1.707547E-06],\"s\":[0.1250003,0.1250002,0.1250002],\"c\":[1,1,1]}]},{\"b\":43,\"s\":[{\"p\":[0.006920874,0.0985865,-0.09297551],\"r\":[57.86182,89.85534,242.06],\"s\":[0.125,0.125,0.125],\"c\":[1,1,1]}]},{\"b\":40,\"s\":[{\"p\":[0.1419258,0.05491272,-0.06858008],\"r\":[42.20086,238.5107,5.28951],\"s\":[0.1250001,0.1250001,0.1250001],\"c\":[1,1,1]}]}]}"}],"serveTime":5}