{"thingDefinitions":[{"id":"5a58f9dd998e989c13945d2d","def":"{\"n\":\"thing\",\"v\":2,\"p\":[{\"b\":9,\"s\":[{\"p\":[0,0,0],\"r\":[0,0,-8.537735E-07],\"s\":[0.1250002,0.125,0.1250002],\"c\":[1,1,1]}]},{\"b\":9,\"s\":[{\"p\":[0.1229081,1.350283,1.361645],\"r\":[75.4824,145.2121,347.1291],\"s\":[0.1250003,0.1250004,0.1250004],\"c\":[1,1,1]}]}]}"}],"serveTime":4}