{"thingDefinitions":[{"id":"5a5a93957568096b13af5e45","def":"{\"n\":\"thing\",\"v\":2,\"p\":[{\"b\":9,\"s\":[{\"p\":[0,0,0],\"r\":[0,0,1.707547E-06],\"s\":[0.125,0.125,0.125],\"c\":[0,1,1]}]},{\"b\":14,\"s\":[{\"p\":[0.2808835,-0.1131865,0.03964951],\"r\":[336.2072,253.9702,54.17684],\"s\":[0.06000001,0.06000002,0.06000002],\"c\":[1,1,1]}]},{\"b\":11,\"s\":[{\"p\":[0.5942452,-0.1804084,0.03807148],\"r\":[336.6208,258.6538,50.66692],\"s\":[0.1250001,0.1250001,0.1250001],\"c\":[1,1,1]}]}]}"}],"serveTime":4}