{"thingDefinitions":[{"id":"5bcb689969eb4f65deec06f4","def":"{\"v\":7,\"p\":[{\"b\":5,\"s\":[{\"p\":[0,0,0],\"r\":[0,0,0],\"s\":[0.1000008,0.1000015,0.1000015],\"c\":[0,0.05714257,1]}]},{\"b\":2,\"s\":[{\"p\":[-0.01246816,-0.006023332,-0.1122886],\"r\":[354.5032,175.3366,351.8053],\"s\":[0.1250002,0.1250001,0.1250002],\"c\":[1,0,0.3428572]}]},{\"b\":175,\"s\":[{\"p\":[-0.01582947,-0.00161694,-0.1357726],\"r\":[75.67535,294.0914,113.7206],\"s\":[0.04500004,0.04500005,0.04500007],\"c\":[0.111111,0.01234568,0.04620804]}]},{\"b\":187,\"s\":[{\"p\":[0.02139852,0.03458947,0.1698958],\"r\":[83.77752,6.306528,5.086738],\"s\":[0.05999999,0.06000017,0.06000013],\"c\":[0.111111,0.01234568,0.04620804]}]}]}"}],"serveTime":4}