{"thingDefinitions":[{"id":"5a4de292e65510a01456a81e","def":"{\"n\":\"thing\",\"v\":2,\"p\":[{\"s\":[{\"p\":[0,0,0],\"r\":[0,0,-6.403303E-07],\"s\":[0.1750001,0.1750002,0.1750001],\"c\":[1,1,1]}]},{\"b\":2,\"s\":[{\"p\":[-0.1367206,-0.02703626,0.01888489],\"r\":[3.704292,269.9041,270.4722],\"s\":[0.1250003,0.1250001,0.1250002],\"c\":[1,1,1]}]}]}"}],"serveTime":3}