{"thingDefinitions":[{"id":"5c71ff21fa31b00e76f9704c","def":"{\"v\":7,\"p\":[{\"b\":163,\"s\":[{\"p\":[0,0,0],\"r\":[0,0,0],\"s\":[0.1000002,0.1000002,0.1000002],\"c\":[1,1,1]}]}]}"}],"serveTime":5}