{"thingDefinitions":[{"id":"5a781c658dbed7e82ed663b7","def":"{\"n\":\"thing\",\"v\":2,\"p\":[{\"b\":5,\"s\":[{\"p\":[0,0,0],\"r\":[0,0,0],\"s\":[0.1250001,0.1250001,0.1250001],\"c\":[1,1,1]}]},{\"b\":5,\"s\":[{\"p\":[-0.3163705,-0.01961327,-0.170683],\"r\":[36.22566,254.4602,357.3881],\"s\":[0.1250002,0.1250002,0.1250002],\"c\":[1,1,1]}]},{\"b\":5,\"s\":[{\"p\":[0.2441849,-0.007695056,-0.08199507],\"r\":[21.45034,121.7178,356.8645],\"s\":[0.1250002,0.1250003,0.1250002],\"c\":[1,1,1]}]},{\"b\":5,\"s\":[{\"p\":[-0.1679248,-0.04543093,-0.3037931],\"r\":[10.93773,345.905,329.1224],\"s\":[0.1250002,0.1250002,0.1250002],\"c\":[1,1,1]}]}]}"}],"serveTime":5}