{"thingDefinitions":[{"id":"5c884b21fcec422ac9527a42","def":"{\"v\":7,\"p\":[{\"s\":[{\"p\":[0,0,0],\"r\":[0,0,1.707547E-06],\"s\":[0.175,0.1750001,0.1750001],\"c\":[1,1,1]}]},{\"b\":39,\"s\":[{\"p\":[0.3210597,-0.3443754,-0.2543349],\"r\":[350.1739,343.2197,346.6255],\"s\":[0.125,0.1250001,0.125],\"c\":[1,1,1]}]}]}"}],"serveTime":5}