{"thingDefinitions":[{"id":"5b065ae5f462081c40d249ac","def":"{\"v\":4,\"p\":[{\"s\":[{\"p\":[0,0,0],\"r\":[0,0,0],\"s\":[0.1750001,0.1750003,0.1750003],\"c\":[1,1,1]}]},{\"s\":[{\"p\":[0.4929028,0.2923553,-0.623569],\"r\":[71.47942,160.4388,87.96361],\"s\":[0.1750003,0.1750003,0.1750001],\"c\":[1,1,1]}]}]}"}],"serveTime":5}