{"thingDefinitions":[{"id":"5cb78630364a29481c936d7b","def":"{\"v\":9,\"p\":[{\"b\":14,\"s\":[{\"p\":[0,0,0],\"r\":[0,0,1.707547E-06],\"s\":[0.06000007,0.06000008,0.06000014],\"c\":[1,1,1]}]},{\"b\":11,\"s\":[{\"p\":[0.7119113,0.4257007,0.5889048],\"r\":[349.5477,298.0045,272.455],\"s\":[0.1000001,0.1,0.1],\"c\":[1,1,1]}]}]}"}],"serveTime":4}