{"thingDefinitions":[{"id":"5be2b7f35237c4053f78dde6","def":"{\"v\":7,\"p\":[{\"b\":11,\"s\":[{\"p\":[0,0,0],\"r\":[0,0,0],\"s\":[0.1000001,0.1000001,0.1000002],\"c\":[1,1,1]}]},{\"b\":9,\"s\":[{\"p\":[-0.04473592,0.04662652,0.087106],\"r\":[70.83113,353.7053,334.3677],\"s\":[0.1250003,0.125,0.1250002],\"c\":[1,1,1]}]},{\"b\":14,\"s\":[{\"p\":[0.0182699,0.03165129,0.3520834],\"r\":[358.1177,10.68045,326.5044],\"s\":[0.06000003,0.06000002,0.06000001],\"c\":[1,1,1]}]}]}"}],"serveTime":4}