{"thingDefinitions":[{"id":"5c795c590a88025010c7a873","def":"{\"v\":7,\"p\":[{\"b\":9,\"s\":[{\"p\":[0,0,0],\"r\":[0,0,-8.537737E-07],\"s\":[0.1250002,0.1250001,0.1250001],\"c\":[1,1,1]}]}]}"}],"serveTime":4}