{"thingDefinitions":[{"id":"5a888a8782d922e30f4ff573","def":"{\"v\":2,\"p\":[{\"b\":4,\"s\":[{\"p\":[-0.1707027,0.08700065,0.06970716],\"r\":[332.3448,289.9392,57.41625],\"s\":[0.125,0.1250001,0.1250001],\"c\":[1,1,1]}]},{\"b\":14,\"s\":[{\"p\":[-0.03161309,0.03663333,-0.09376761],\"r\":[23.66736,0.7162052,17.55254],\"s\":[0.06000001,0.06,0.06000001],\"c\":[1,1,1]}]},{\"b\":9,\"s\":[{\"p\":[-0.005259465,-0.000329368,-0.005344324],\"r\":[0.7173774,3.937773,357.8364],\"s\":[0.1250001,0.1250001,0.125],\"c\":[1,1,1]}]}]}"},{"id":"5a888b8f1ecd2d054ecbd644","def":"{\"n\":\"yo\",\"v\":2,\"p\":[{\"b\":9,\"s\":[{\"p\":[0,0,0],\"r\":[0,0,-4.268869E-07],\"s\":[0.125,0.125,0.125],\"c\":[1,1,1]}]}]}"}],"serveTime":5}