{"thingDefinitions":[{"id":"5aabebc6ce31641b96044593","def":"{\"v\":2,\"p\":[{\"s\":[{\"p\":[0,0,0],\"r\":[0,0,0],\"s\":[0.1750004,0.1750004,0.1750004],\"c\":[1,1,1]}]}]}"}],"serveTime":4}