{"thingDefinitions":[{"id":"5a64c80b1ec2f3a913db12b2","def":"{\"n\":\"thing\",\"v\":2,\"p\":[{\"b\":9,\"s\":[{\"p\":[0,0,0],\"r\":[0,0,-4.268868E-07],\"s\":[0.1250001,0.1250002,0.1250002],\"c\":[1,1,1]}]},{\"b\":42,\"s\":[{\"p\":[0.1382201,0.05811793,0.05144996],\"r\":[36.89667,233.1169,9.69329],\"s\":[0.125,0.125,0.125],\"c\":[1,1,1]}]},{\"b\":43,\"s\":[{\"p\":[-0.1622508,-0.04708071,0.06561299],\"r\":[355.8431,308.1723,32.80816],\"s\":[0.125,0.1250001,0.125],\"c\":[1,1,1]}]}]}"},{"id":"5a64caad5d3287da0ff78744","def":"{\"n\":\"5y5ff\",\"v\":2,\"a\":[2,3,9,39],\"p\":[{\"b\":3,\"a\":[1,5],\"s\":[{\"p\":[0,0,0],\"r\":[0,0,-8.537735E-07],\"s\":[0.1250002,0.1250001,0.1250001],\"c\":[1,1,1]}]}]}"}],"serveTime":5}