{"thingDefinitions":[{"id":"5f3c697156dc833193904dcb","def":"{\"n\":\"ground\",\"v\":9,\"a\":[1],\"p\":[{\"b\":17,\"s\":[{\"p\":[0,0,0],\"r\":[-4.268868E-07,-3.578124E-15,9.604954E-07],\"s\":[3.363349,0.11062,3.201104],\"c\":[0.9019608,0.8509804,0.7215686]}]}]}"}],"serveTime":6}