{"thingDefinitions":[{"id":"5dd7e15f4c549232dd02f615","def":"{\"n\":\"ground\",\"v\":9,\"a\":[1,31],\"p\":[{\"b\":17,\"s\":[{\"p\":[0,0,0],\"r\":[0,0,0],\"s\":[3.363346,0.11062,3.201102],\"c\":[0.9019608,0.8509804,0.7215686]}]},{\"b\":9,\"s\":[{\"p\":[2.374005,1.479147,-2.065026],\"r\":[0.06861439,47.16476,273.054],\"s\":[0.1250001,0.1250002,0.1250001],\"c\":[1,1,1]}]},{\"b\":9,\"s\":[{\"p\":[1.929041,1.440814,-2.131518],\"r\":[17.12091,313.7849,327.636],\"s\":[0.1250001,0.125,0.125],\"c\":[1,1,1]}]}]}"}],"serveTime":5}