{"thingDefinitions":[{"id":"5ca8d3936040515b6de8f912","def":"{\"v\":9,\"p\":[{\"s\":[{\"p\":[0.1612508,0.05172751,-0.009150077],\"r\":[358.9222,2.714214,1.86222],\"s\":[0.1654893,0.1078805,0.1750003],\"c\":[0.7777778,0.3999998,0]}]},{\"s\":[{\"p\":[0.07246394,0.0452673,-0.1779956],\"r\":[357.7484,4.898618,358.9447],\"s\":[0.1654892,0.1078806,0.1750004],\"c\":[0.7777778,0.3999998,0]}]},{\"s\":[{\"p\":[-0.001952397,0.05435111,-0.001479287],\"r\":[356.1644,4.119836,2.683196],\"s\":[0.1654893,0.1078806,0.1750004],\"c\":[0.7777778,0.3999998,0]}]}]}"}],"serveTime":3}