{"thingDefinitions":[{"id":"5bcc8ce721e2b9274f870045","def":"{\"n\":\"ground\",\"v\":7,\"a\":[1],\"p\":[{\"b\":17,\"s\":[{\"p\":[0,0,0],\"r\":[0,0,0],\"s\":[2500,0.11062,2500],\"c\":[0.9019608,0.8509804,0.7215686]}]}]}"},{"id":"5bcc8e22e5cea865e4265fa3","def":"{\"v\":7,\"a\":[7],\"p\":[{\"t1\":161,\"s\":[{\"p\":[0,0,0],\"r\":[0,0,0],\"s\":[0.7910299,0.1750474,0.4109935],\"c\":[0.4444443,0.3047618,0],\"t1\":{\"c\":[0,0,0],\"x\":0.5,\"y\":0.5,\"a\":0.8925,\"m\":0,\"n\":0,\"r\":0,\"g\":0,\"o\":0.5,\"t\":0.5,\"e\":0.5}}]}]}"}],"serveTime":6}