{"thingDefinitions":[{"id":"5c451d148e2c761e01428b0f","def":"{\"v\":7,\"p\":[{\"s\":[{\"p\":[0,0,0],\"r\":[0,0,-8.537737E-07],\"s\":[0.1750001,0.175,0.175],\"c\":[1,1,1]}]}]}"}],"serveTime":6}