{"thingDefinitions":[{"id":"5af6b93ee71193133b1efb45","def":"{\"v\":4,\"p\":[{\"b\":9,\"s\":[{\"p\":[0,0,0],\"r\":[0,0,0],\"s\":[0.1250003,0.1250003,0.1250001],\"c\":[1,1,1]}]},{\"b\":9,\"s\":[{\"p\":[-0.01048016,-0.1254472,-0.2052397],\"r\":[15.24857,344.3537,0.6269669],\"s\":[0.1250003,0.1250002,0.1250001],\"c\":[1,1,1]}]},{\"b\":9,\"s\":[{\"p\":[0.01371585,-0.1996465,-0.5044026],\"r\":[58.24367,309.7305,334.3487],\"s\":[0.1250002,0.1250002,0.1250001],\"c\":[1,1,1]}]}]}"}],"serveTime":5}