{"thingDefinitions":[{"id":"5bb8c39107982523d109d3f8","def":"{\"v\":7,\"p\":[{\"b\":9,\"s\":[{\"p\":[0,0,0],\"r\":[0,0,0],\"s\":[0.125,0.125,0.125],\"c\":[1,1,1]}]},{\"s\":[{\"p\":[-0.1647297,0.06066713,0.07691715],\"r\":[337.0087,303.3358,47.7723],\"s\":[0.1750002,0.1750003,0.1750003],\"c\":[1,1,1]}]},{\"b\":6,\"s\":[{\"p\":[-0.2680086,0.1242146,0.1441705],\"r\":[336.1863,304.3606,43.76585],\"s\":[0.125,0.125,0.1250001],\"c\":[1,1,1]}]}]}"}],"serveTime":4}