{"thingDefinitions":[{"id":"58d21eba5fe41221107ffe53","def":"{\"n\":\"thing\",\"p\":[{\"s\":[{\"p\":[-0.009113725,-0.0308331,-0.1615092],\"r\":[351.9936,11.17221,0.7786804],\"s\":[1.985662,0.9491049,0.03211118],\"c\":[1,1,1]}]},{\"s\":[{\"p\":[-5.215798,-0.06715298,-2.384728],\"r\":[358.1454,323.0211,268.1856],\"s\":[20.64351,8.940979,0.1750029],\"c\":[1,1,1]}]}]}"}],"serveTime":5}