{"thingDefinitions":[{"id":"59386113eae94c1510d120ec","def":"{\"n\":\"thing\",\"p\":[{\"s\":[{\"p\":[0.05339427,0.01571631,0.008026099],\"r\":[358.5286,317.6724,358.7036],\"s\":[0.08241706,0.1065167,0.09525573],\"c\":[0.5555556,0.3156965,0.0617283],\"b\":[\"when touched then do creation part duplicate 0.08 0.0 0.0\"]}]},{\"b\":18,\"e\":\"FENCE MAKER\",\"s\":[{\"p\":[-0.01879584,0.1105503,0.09396528],\"r\":[1.296034,47.63911,358.5282],\"s\":[0.003000457,0.003000062,0.003000465],\"c\":[1,1,1]}]}]}"},{"id":"5938623656c0cd743a06d8d5","def":"{\"n\":\"thing\",\"a\":[7],\"p\":[{\"b\":14,\"t1\":149,\"s\":[{\"p\":[0,0,0],\"r\":[0,0,0],\"s\":[0.06000113,0.06000158,0.1326036],\"c\":[0.5555556,0.3456789,0.1234567],\"t1\":{\"c\":[0.2222221,0.1142856,0],\"x\":0.5,\"y\":0.5,\"a\":0.8925,\"m\":0,\"n\":0,\"r\":0,\"g\":0,\"o\":0.5,\"t\":0.5,\"e\":0.5}}]},{\"b\":14,\"t1\":149,\"s\":[{\"p\":[-0.08000003,6.993825E-09,0],\"r\":[0,0,0],\"s\":[0.06000116,0.06000159,0.1326036],\"c\":[0.5555556,0.3456789,0.1234567]}]}]}"}],"serveTime":6}