{"thingDefinitions":[{"id":"5f163cdcfcedda6055891aaf","def":"{\"v\":9,\"p\":[{\"b\":11,\"s\":[{\"p\":[0,0,0],\"r\":[0,0,0],\"s\":[0.1132062,0.1167636,0.1000006],\"c\":[1,1,1]}]},{\"b\":9,\"s\":[{\"p\":[1.059902,0.7041477,-0.6574056],\"r\":[31.38169,85.69553,65.43956],\"s\":[0.1250004,0.1250004,0.1250007],\"c\":[1,1,1]}]}]}"}],"serveTime":5}