{"thingDefinitions":[{"id":"5deb1225c9b1150622512105","def":"{\"v\":9,\"p\":[{\"b\":2,\"s\":[{\"p\":[-0.1902883,0.2989831,-0.1556388],\"r\":[325.5502,307.8082,297.2486],\"s\":[0.1250003,0.1250004,0.1250005],\"c\":[1,1,1]}]},{\"b\":9,\"s\":[{\"p\":[-0.3960592,0.473798,0.2287187],\"r\":[321.389,308.5115,315.7756],\"s\":[0.1250003,0.1250003,0.1250003],\"c\":[1,1,1]}]}]}"}],"serveTime":5}