{"thingDefinitions":[{"id":"5a55828147c8f860139b4f2c","def":"{\"n\":\"thing\",\"v\":2,\"p\":[{\"b\":9,\"s\":[{\"p\":[0,0,0],\"r\":[0,0,0],\"s\":[0.6257405,0.7376245,0.7885376],\"c\":[1,1,1]}]}]}"}],"serveTime":5}