{"thingDefinitions":[{"id":"5908105b8ade5efc13917f47","def":"{\"n\":\"thing\",\"p\":[{\"b\":9,\"t\":3,\"a\":[2],\"t1\":75,\"s\":[{\"p\":[0,0,0],\"r\":[0,0,0],\"s\":[0.125,0.1250001,0.125],\"c\":[0.8888889,0.8888889,0.8888889],\"t1\":{\"c\":[0.8,0,1],\"x\":0.5,\"y\":0.5,\"a\":0.8925,\"m\":0,\"n\":0,\"r\":0,\"g\":0,\"o\":0.5,\"t\":0.5,\"e\":0.5}}]}]}"}],"serveTime":3}