{"thingDefinitions":[{"id":"5bfa8c8b4fbdc463f3f2483d","def":"{\"n\":\"ground\",\"v\":7,\"a\":[1],\"p\":[{\"b\":17,\"s\":[{\"p\":[0,0,0],\"r\":[0,0,0],\"s\":[3.363346,0.11062,3.201102],\"c\":[0.9019608,0.8509804,0.7215686]}]},{\"s\":[{\"p\":[-2.130992,1.382542,0.9592159],\"r\":[338.2019,296.4613,57.64051],\"s\":[0.1750004,0.1750004,0.1750003],\"c\":[1,1,1]}]}]}"}],"serveTime":5}