{"thingDefinitions":[{"id":"5ada53c2268b260fc3d6d0e9","def":"{\"v\":4,\"p\":[{\"b\":10,\"s\":[{\"p\":[0.2226023,0.01662857,0.04674767],\"r\":[70.46846,337.0565,200.7385],\"s\":[0.1250003,0.1250001,0.1250004],\"c\":[1,1,1]}]},{\"b\":10,\"s\":[{\"p\":[0.7479603,0.2279551,-0.3404363],\"r\":[344.8937,91.73578,352.336],\"s\":[0.1250007,0.1250001,0.1250007],\"c\":[1,1,1]}]}]}"}],"serveTime":5}