{"thingDefinitions":[{"id":"5a4277cc51aca42010d51ba4","def":"{\"n\":\"thing\",\"v\":2,\"p\":[{\"b\":3,\"s\":[{\"p\":[0,0,0],\"r\":[0,0,0],\"s\":[0.1250001,0.125,0.1250002],\"c\":[1,1,1]}]},{\"b\":9,\"s\":[{\"p\":[-0.1179091,0.1423729,0.02331679],\"r\":[330.4384,347.132,352.5594],\"s\":[0.1250002,0.125,0.1250001],\"c\":[1,1,1]}]}]}"}],"serveTime":5}