{"thingDefinitions":[{"id":"5a0286a24a733e3110855f84","def":"{\"n\":\"thing\",\"v\":2,\"p\":[{\"b\":5,\"s\":[{\"p\":[0,0,0],\"r\":[0,0,-1.707547E-06],\"s\":[0.1250002,0.1250001,0.1250001],\"c\":[1,1,1]}]},{\"b\":17,\"s\":[{\"p\":[-0.06489122,0.4137923,-0.101803],\"r\":[338.9441,345.4047,24.99271],\"s\":[0.06000003,0.06000002,0.06000001],\"c\":[1,1,1]}]}]}"}],"serveTime":5}