{"thingDefinitions":[{"id":"5c4326966da22f5835731718","def":"{\"v\":7,\"p\":[{\"b\":17,\"s\":[{\"p\":[0,0,0],\"r\":[0,0,-4.268868E-07],\"s\":[0.06000033,0.06000014,0.06000024],\"c\":[1,1,1]}]},{\"b\":11,\"s\":[{\"p\":[-0.002535511,0.04019229,0.03959234],\"r\":[304.5515,21.4737,296.8228],\"s\":[0.1000002,0.1000003,0.1000002],\"c\":[1,1,1]}]},{\"b\":3,\"s\":[{\"p\":[0.05321129,0.01100808,-0.05674684],\"r\":[11.15079,246.1508,145.302],\"s\":[0.1250001,0.1250001,0.1250001],\"c\":[1,1,1]}]}]}"}],"serveTime":5}