{"thingDefinitions":[{"id":"5caf8f33b73a1832759ab827","def":"{\"v\":9,\"p\":[{\"s\":[{\"p\":[0,0,0],\"r\":[0,0,0],\"s\":[0.1750001,0.1750003,0.1750004],\"c\":[1,1,1]}]},{\"b\":9,\"s\":[{\"p\":[-0.1813091,0.006657481,0.0003695022],\"r\":[7.367744,332.6033,8.578315],\"s\":[0.1250001,0.1250001,0.1250001],\"c\":[1,1,1]}]}]}"}],"serveTime":4}