{"thingDefinitions":[{"id":"5d0e50e80e57947eca2da1f2","def":"{\"v\":9,\"p\":[{\"s\":[{\"p\":[0,0,0],\"r\":[0,0,-2.134434E-07],\"s\":[0.1750003,0.1750003,0.1750001],\"c\":[1,1,1]}]}]}"}],"serveTime":7}