{"thingDefinitions":[{"id":"5b0aa50a02d9bb1eb7a2c7bd","def":"{\"v\":4,\"p\":[{\"b\":9,\"s\":[{\"p\":[0.1324125,0.2458899,0.07028122],\"r\":[334.1273,32.26472,339.338],\"s\":[0.1250002,0.1250002,0.125],\"c\":[1,1,1]}]},{\"b\":9,\"s\":[{\"p\":[-0.1538151,-0.1168663,-0.1512413],\"r\":[56.05903,3.692286,330.5442],\"s\":[0.1250003,0.1250005,0.125],\"c\":[1,1,1]}]},{\"b\":9,\"s\":[{\"p\":[-0.06854822,0.07171845,-0.01395138],\"r\":[32.97964,12.0437,314.7118],\"s\":[0.1250004,0.1250006,0.125],\"c\":[1,1,1]}]}]}"}],"serveTime":4}