{"thingDefinitions":[{"id":"5dfe5d231a60602b999a30a6","def":"{\"v\":9,\"p\":[{\"b\":3,\"s\":[{\"p\":[0,0,0],\"r\":[0,0,0],\"s\":[0.1250002,0.1250001,0.1250001],\"c\":[1,1,1]}]},{\"b\":3,\"s\":[{\"p\":[-0.1356128,-0.03785405,-0.0005136421],\"r\":[3.691327,347.632,346.6559],\"s\":[0.1250003,0.1250003,0.1250003],\"c\":[1,1,1]}]},{\"b\":3,\"s\":[{\"p\":[-0.1379982,0.3851244,-0.1480062],\"r\":[320.4724,335.6786,334.1716],\"s\":[0.1250002,0.1250003,0.1250004],\"c\":[1,1,1]}]}]}"}],"serveTime":5}