{"thingDefinitions":[{"id":"5eb0da58d62ae04c6f98bbe9","def":"{\"v\":9,\"p\":[{\"b\":10,\"s\":[{\"p\":[-0.2421646,0.08091542,-0.1635354],\"r\":[346.636,336.0634,350.1317],\"s\":[0.1250004,0.1250003,0.1250002],\"c\":[0,1,1]}]},{\"b\":12,\"s\":[{\"p\":[-0.3727451,-0.1080079,-0.5193886],\"r\":[62.33235,59.92032,121.1435],\"s\":[0.06000014,0.06000012,0.06000005],\"c\":[0.8888889,0.3950616,0.5643739]}]},{\"b\":12,\"s\":[{\"p\":[0.2136921,0.7989604,-0.4659176],\"r\":[329.9522,312.1857,334.5156],\"s\":[0.06000018,0.06000016,0.06000008],\"c\":[0.8888889,0.3950616,0.5643739]}]},{\"b\":12,\"s\":[{\"p\":[0.03829867,-0.7663789,-0.2278566],\"r\":[27.70636,222.4592,89.28815],\"s\":[0.0653222,0.5176159,0.1279125],\"c\":[0.8888889,0.3950616,0.5643739]}]}]}"}],"serveTime":6}