{"thingDefinitions":[{"id":"5d697c9a51d6f320afb50e0d","def":"{\"n\":\"ground\",\"v\":9,\"a\":[1],\"p\":[{\"b\":17,\"s\":[{\"p\":[0,0,0],\"r\":[0,0,0],\"s\":[3.363346,0.11062,3.201102],\"c\":[0.9019608,0.8509804,0.7215686]}]},{\"b\":11,\"s\":[{\"p\":[-0.6700854,1.446672,0.5630336],\"r\":[4.311881,331.9395,62.08946],\"s\":[0.1000002,0.1,0.1000001],\"c\":[1,1,1]}]},{\"b\":10,\"s\":[{\"p\":[-0.3830606,1.519373,0.3343188],\"r\":[47.13702,52.65987,119.0948],\"s\":[0.1250001,0.1250001,0.1250001],\"c\":[1,1,1]}]}]}"}],"serveTime":4}