{"thingDefinitions":[{"id":"5adbc49414f6900f7b5c705a","def":"{\"v\":4,\"p\":[{\"b\":9,\"s\":[{\"p\":[-0.1176421,0.1415224,0.08303995],\"r\":[329.9075,356.3522,20.53758],\"s\":[0.1250003,0.1250002,0.1250003],\"c\":[1,1,1]}]},{\"b\":9,\"s\":[{\"p\":[-0.1351917,0.1618452,0.05081372],\"r\":[1.928943,12.25013,335.5987],\"s\":[0.1250007,0.1250006,0.1250006],\"c\":[1,1,1]}]},{\"b\":9,\"s\":[{\"p\":[-0.0193917,-0.2889571,-0.197426],\"r\":[72.15884,24.50231,37.07846],\"s\":[0.1250008,0.1250006,0.1250005],\"c\":[1,1,1]}]},{\"b\":9,\"s\":[{\"p\":[-0.2698286,-0.3211862,-0.2388633],\"r\":[50.85234,350.6846,3.005782],\"s\":[0.125001,0.1250008,0.1250007],\"c\":[1,1,1]}]}]}"}],"serveTime":4}