{"thingDefinitions":[{"id":"5b77539be726aa7eaddbb149","def":"{\"v\":6,\"p\":[{\"b\":12,\"s\":[{\"p\":[0,0,0],\"r\":[0,0,0],\"s\":[0.06000007,0.06000001,0.06000009],\"c\":[1,1,1]}]},{\"b\":12,\"s\":[{\"p\":[0.6602921,-0.1104845,-1.189547],\"r\":[6.609891,312.4147,37.88393],\"s\":[2.688754,0.06000009,1.703713],\"c\":[1,1,1]}]}]}"}],"serveTime":7}