{"thingDefinitions":[{"id":"5c2e408d6e3e726e4f8986b9","def":"{\"v\":7,\"p\":[{\"s\":[{\"p\":[0,0,0],\"r\":[0,0,0],\"s\":[0.1517094,37.30718,7.81825],\"c\":[1,1,1]}]}]}"}],"serveTime":6}