{"thingDefinitions":[{"id":"5ef377257a6b700b40e0eb0b","def":"{\"v\":9,\"p\":[{\"b\":3,\"i\":[{\"t\":\"5a1fe2a3f2bd68c913bf2072\",\"p\":[-0.2872296,1.199493,-0.7693685],\"r\":[300.5283,19.29898,133.082]},{\"t\":\"5c0462fbc75fcf650fdfb8a5\",\"p\":[13.4909,-5.211993,-1.822746],\"r\":[19.30631,83.66463,303.9868]}],\"s\":[{\"p\":[0,0,0],\"r\":[0,0,0],\"s\":[0.1250001,0.1250002,0.1250001],\"c\":[1,1,1]}]}]}"}],"serveTime":5}