{"thingDefinitions":[{"id":"5cc4d1bc8ea53c703a7fc141","def":"{\"n\":\"fuck\",\"v\":9,\"p\":[{\"b\":73,\"s\":[{\"p\":[-0.442657,-0.009459913,-0.1286672],\"r\":[353.4902,349.875,296.7651],\"s\":[0.2250009,0.2250009,0.2250001],\"c\":[1,1,1]}]},{\"b\":73,\"s\":[{\"p\":[-0.3350675,-0.0397335,-0.03242227],\"r\":[6.538353,357.3539,315.3461],\"s\":[0.2250008,0.2250009,0.2250002],\"c\":[1,1,1]}]},{\"b\":69,\"s\":[{\"p\":[-0.4894696,-0.03339431,0.03558093],\"r\":[59.36383,230.8937,92.59984],\"s\":[0.07499997,0.07500003,0.07500008],\"c\":[1,1,1]}]},{\"b\":69,\"s\":[{\"p\":[0.0480974,0.07053665,-0.01759029],\"r\":[60.0708,124.6895,320.3139],\"s\":[0.075,0.07500004,0.07500005],\"c\":[1,1,1]}]}]}"}],"serveTime":4}