{"thingDefinitions":[{"id":"59b31bcb6517fa9a13fcb749","def":"{\"n\":\"thing\",\"a\":[24],\"bod\":{},\"p\":[{\"b\":10,\"s\":[{\"p\":[0.3263384,-0.3303813,-0.2568957],\"r\":[54.42923,13.19672,132.9478],\"s\":[0.125,0.125,0.125],\"c\":[1,1,1]}]},{\"b\":10,\"s\":[{\"p\":[-0.04786485,-0.02927939,-0.2804908],\"r\":[42.76286,312.0767,358.9476],\"s\":[0.1250012,0.1250011,0.1250005],\"c\":[1,1,1]}]}]}"}],"serveTime":4}