{"thingDefinitions":[{"id":"58b274a91bdd3b8e136ab6ca","def":"{\"n\":\"ground\",\"a\":[1],\"p\":[{\"b\":17,\"s\":[{\"p\":[0,0,0],\"r\":[0,0,0],\"s\":[3.363346,0.11062,3.201102],\"c\":[0.9019608,0.8509804,0.7215686]}]}]}"},{"id":"586623750156365c24f9bd58","def":"{\"n\":\"thing\",\"a\":[9,13,20],\"p\":[{\"b\":3,\"t\":3,\"s\":[{\"p\":[0,0,0],\"r\":[0,0,0],\"s\":[0.1866361,0.1866362,0.1866366],\"c\":[1,0.9682539,0.7777778]}]}]}"},{"id":"58662f66aab21d19106fb39d","def":"{\"n\":\"iuyibhdghji7654rfgh\",\"a\":[2,9,14,21],\"p\":[{\"b\":10,\"s\":[{\"p\":[0.2463355,-0.1392877,-0.4845392],\"r\":[9.930012,177.4976,10.17149],\"s\":[0.1250006,0.1250003,0.1250004],\"c\":[1,1,1]}]}]}"}],"serveTime":8}