{"thingDefinitions":[{"id":"5ad40ef5ebdb711c725de0f7","def":"{\"v\":3,\"p\":[{\"b\":174,\"s\":[{\"p\":[0,0,0],\"r\":[0,0,0],\"s\":[0.04500004,0.04500001,0.04500003],\"c\":[1,1,1]}]},{\"b\":173,\"s\":[{\"p\":[-0.1822604,-0.0351824,-0.0317454],\"r\":[3.902195,351.2206,12.91732],\"s\":[0.04500002,0.04500002,0.04500002],\"c\":[1,1,1]}]},{\"b\":175,\"s\":[{\"p\":[-0.3388783,-0.0501047,-0.005582154],\"r\":[8.320204,347.2755,31.88954],\"s\":[0.04500003,0.04500001,0.04500003],\"c\":[1,1,1]}]}]}"}],"serveTime":4}