{"thingDefinitions":[{"id":"5c15cae8d5e3a9054df99488","def":"{\"v\":7,\"p\":[{\"s\":[{\"p\":[0,0,0],\"r\":[0,0,0],\"s\":[0.1750004,0.1750002,0.1750003],\"c\":[1,1,1]}]},{\"b\":4,\"s\":[{\"p\":[-0.002157113,0.00402838,0.2180618],\"r\":[359.9821,3.412704,17.09763],\"s\":[0.1250001,0.1250001,0.125],\"c\":[1,1,1]}]}]}"}],"serveTime":5}