{"thingDefinitions":[{"id":"5dc9220e6508a310d89bdb70","def":"{\"n\":\"ground\",\"v\":9,\"a\":[1],\"p\":[{\"b\":17,\"s\":[{\"p\":[0,0,0],\"r\":[0,0,0],\"s\":[3.363346,0.11062,3.201102],\"c\":[0.9019608,0.8509804,0.7215686]}]},{\"b\":5,\"s\":[{\"p\":[-4.806227,0.6710107,-1.533389],\"r\":[18.94648,255.2963,35.27792],\"s\":[0.1484328,0.1827932,0.1327992],\"c\":[1,1,1]}]},{\"b\":5,\"s\":[{\"p\":[-4.734798,0.760116,-1.663924],\"r\":[319.6544,295.5345,92.66022],\"s\":[0.1484327,0.1518814,0.08522055],\"c\":[1,1,1]}]}]}"}],"serveTime":5}