{"thingDefinitions":[{"id":"5a11f40c6f69cd7d131d7bfb","def":"{\"n\":\"ground\",\"v\":1,\"a\":[1,2,3,4,7,8,18],\"p\":[{\"b\":17,\"s\":[{\"p\":[0,0,0],\"r\":[0,0,0],\"s\":[3.363346,0.11062,3.201102],\"c\":[0.9019608,0.8509804,0.7215686]}]},{\"b\":9,\"s\":[{\"p\":[1.034804,0.247856,0.30967],\"r\":[13.28134,122.2167,307.4456],\"s\":[0.1250003,0.1250003,0.1250005],\"c\":[1,1,1]}]},{\"b\":9,\"s\":[{\"p\":[0.9037039,0.2225735,0.501663],\"r\":[31.04221,52.79562,269.7573],\"s\":[0.1250003,0.1250003,0.1250004],\"c\":[1,1,1]}]},{\"b\":26,\"s\":[{\"p\":[0.8229864,1.270387,-0.01295942],\"r\":[1.001791E-05,90,0],\"s\":[0.1250725,0.1250618,0.1250348],\"c\":[1,1,1]}]}]}"}],"serveTime":4}