{"thingDefinitions":[{"id":"5d250154140a26792a82cbc6","def":"{\"n\":\"ground\",\"v\":9,\"a\":[1],\"p\":[{\"b\":17,\"s\":[{\"p\":[0,0,0],\"r\":[0,0,0],\"s\":[3.363346,0.11062,3.201102],\"c\":[0.9019608,0.8509804,0.7215686]}]},{\"b\":9,\"s\":[{\"p\":[0.0148547,0.7824924,-2.084601],\"r\":[349.7334,269.8123,355.7471],\"s\":[0.1250002,0.125,0.1250002],\"c\":[1,1,1]}]},{\"b\":9,\"s\":[{\"p\":[0.002260119,0.8786466,-2.023782],\"r\":[3.439255,273.2578,35.45742],\"s\":[0.1250006,0.1250002,0.1250005],\"c\":[1,1,1]}]}]}"}],"serveTime":5}