{"thingDefinitions":[{"id":"5dbe6013463cde1159d69f61","def":"{\"n\":\"ground\",\"v\":9,\"a\":[2,4,9,21,45,50],\"p\":[{\"b\":17,\"s\":[{\"p\":[0,0,0],\"r\":[0,0,0],\"s\":[3.363346,0.11062,3.201102],\"c\":[0.9019608,0.8509804,0.7215686]}]},{\"b\":3,\"s\":[{\"p\":[-1.10219,1.594596,0.2222841],\"r\":[357.1497,279.0396,77.97296],\"s\":[0.125,0.1250001,0.1250001],\"c\":[1,1,1]}]}]}"}],"serveTime":5}