{"thingDefinitions":[{"id":"5b41aed87f59730f834f8086","def":"{\"n\":\"ground\",\"v\":5,\"a\":[1,7],\"p\":[{\"b\":17,\"s\":[{\"p\":[0,0,0],\"r\":[0,0,0],\"s\":[2500,0.11062,2500],\"c\":[0.9019608,0.8509804,0.7215686]}]}]}"}],"serveTime":4}