{"thingDefinitions":[{"id":"5bc992b0e5cea865e4265eda","def":"{\"n\":\"ground\",\"v\":7,\"a\":[1],\"p\":[{\"b\":17,\"s\":[{\"p\":[0,0,0],\"r\":[0,0,0],\"s\":[3.363346,0.11062,3.201102],\"c\":[0.9019608,0.8509804,0.7215686]}]},{\"s\":[{\"p\":[1.498658,1.713489,2.126237],\"r\":[311.8102,130.9755,56.19619],\"s\":[0.1750007,0.1750002,0.1750006],\"c\":[1,1,1]}]}]}"}],"serveTime":5}