{"thingDefinitions":[{"id":"5dbb4104de53650623798812","def":"{\"n\":\"ground\",\"v\":9,\"a\":[1],\"p\":[{\"b\":17,\"s\":[{\"p\":[0,0,0],\"r\":[0,0,0],\"s\":[3.363355,0.1106202,3.201108],\"c\":[0,0.04444396,0.7777778]}]}]}"}],"serveTime":4}