{"thingDefinitions":[{"id":"5d10fcb553c86c7ec3d2692d","def":"{\"n\":\"ground\",\"v\":9,\"a\":[1],\"p\":[{\"b\":17,\"a\":[31],\"s\":[{\"p\":[0,0,0],\"r\":[0,0,2.134434E-07],\"s\":[3.363347,0.11062,3.201103],\"c\":[0.9019608,0.8509804,0.7215686]}]}]}"}],"serveTime":9}