{"thingDefinitions":[{"id":"5da0a59ae137f8061dd2ab21","def":"{\"n\":\"ground\",\"v\":9,\"a\":[1,2,3,4,12,48,49],\"p\":[{\"b\":17,\"s\":[{\"p\":[0,0,0],\"r\":[0,0,-1.067217E-07],\"s\":[3.363347,0.11062,3.201102],\"c\":[0.9019608,0.8509804,0.7215686]}]}]}"}],"serveTime":5}