{"thingDefinitions":[{"id":"5c153159ea1f546e4855dde7","def":"{\"v\":7,\"p\":[{\"s\":[{\"p\":[0,0,0],\"r\":[0,0,-5.336085E-08],\"s\":[0.175,0.1750001,0.175],\"c\":[1,1,1]}]}]}"}],"serveTime":4}