{"thingDefinitions":[{"id":"588b30924a14fd9f137b9286","def":"{\"n\":\"thing\",\"p\":[{\"b\":3,\"t\":3,\"s\":[{\"p\":[1.14121,0.608971,-0.4797006],\"r\":[291.6478,115.1434,324.7993],\"s\":[0.4565525,0.4297244,0.5595198],\"c\":[1,0.8571429,0]}]}]}"},{"id":"588b3632b99601a413c5f718","def":"{\"n\":\"thing\",\"a\":[2,14,23],\"p\":[{\"b\":6,\"s\":[{\"p\":[0.1095064,0.1438049,-0.1910314],\"r\":[6.113905,193.4214,193.7097],\"s\":[0.04625075,0.1023426,0.176645],\"c\":[1,1,1]}]},{\"b\":6,\"s\":[{\"p\":[0.07294643,0.1726941,-0.2530119],\"r\":[4.722102,3.878316,326.0914],\"s\":[0.04625075,0.03706075,0.1766449],\"c\":[1,1,1]}]},{\"b\":6,\"s\":[{\"p\":[0.07310992,0.1087103,-0.2432426],\"r\":[339.6326,3.462211,31.04901],\"s\":[0.04625083,0.03706065,0.1766451],\"c\":[1,1,1]}]}]}"}],"serveTime":6}