{"thingDefinitions":[{"id":"588be3cc35b5201b10caed65","def":"{\"n\":\"thing\",\"p\":[{\"b\":14,\"s\":[{\"p\":[0,0,0],\"r\":[0,0,0],\"s\":[0.06000015,0.0337193,0.2358755],\"c\":[0,0,0]}]},{\"b\":14,\"s\":[{\"p\":[0.009073194,0.2564062,0.7309968],\"r\":[272.9198,58.26125,305.4488],\"s\":[0.0600001,0.03371928,0.1258532],\"c\":[0,0,0]}]},{\"b\":3,\"t\":3,\"s\":[{\"p\":[0.02161399,0.5282388,0.4935582],\"r\":[57.022,34.87818,210.0553],\"s\":[0.2557257,0.2589741,0.2338025],\"c\":[0.9714286,1,0]}]}]}"}],"serveTime":4}