{"thingDefinitions":[{"id":"580c1a11782b04e30fcb8d07","def":"{\"n\":\"thing\",\"a\":[4],\"p\":[{\"b\":12,\"s\":[{\"p\":[0.596504,-0.04345547,-0.3843295],\"r\":[356.5651,101.6025,341.5539],\"s\":[0.6920227,0.06000005,0.06000084],\"c\":[1,1,1]}]},{\"b\":14,\"s\":[{\"p\":[0.4121074,1.036299,-1.117938],\"r\":[291.365,179.9003,315.5912],\"s\":[0.06000065,0.06000047,0.06000065],\"c\":[0.4938272,0.5502645,0.5555556]}]}]}"}],"serveTime":4}