{"thingDefinitions":[{"id":"5c83ef2455f64926aa6401e4","def":"{\"v\":7,\"p\":[{\"s\":[{\"p\":[0,0,0],\"r\":[0,0,3.201651E-07],\"s\":[0.1750001,0.1750002,0.175],\"c\":[1,1,1]}]}]}"}],"serveTime":5}