{"thingDefinitions":[{"id":"5cf562187892cc062ecf2c2a","def":"{\"n\":\"ground\",\"v\":9,\"a\":[1,2,4,6,19,25,27,32,35,40,44,45,49,50,52,54],\"bod\":{},\"tp_m\": 90,\"tp_m\": 90,\"tp_lr\": [1,1,1],\"p\":[{\"b\":17,\"s\":[{\"p\":[0,0,0],\"r\":[0,0,1.600825E-07],\"s\":[3.363347,0.11062,3.201104],\"c\":[0.9019608,0.8509804,0.7215686]}]},{\"b\":249,\"s\":[{\"p\":[0.2759217,1.293415,-0.06324992],\"r\":[336.435,230.6402,267.4915],\"s\":[0.2200007,0.2200005,0.220001],\"c\":[1,1,1]}]}]}"}],"serveTime":3}