{"thingDefinitions":[{"id":"5c490bb2a9b2d3019c9ae9b9","def":"{\"v\":7,\"a\":[2],\"p\":[{\"b\":9,\"s\":[{\"p\":[0,0,0],\"r\":[0,0,0],\"s\":[0.125,0.125,0.1250001],\"c\":[1,1,1]}]},{\"b\":12,\"s\":[{\"p\":[0.06283027,0.06582823,-0.4624964],\"r\":[5.313732,205.294,171.4758],\"s\":[5.380875,0.06000006,3.247689],\"c\":[1,1,1]}]}]}"}],"serveTime":4}