{"thingDefinitions":[{"id":"5ca543a80f810f32fb1eaa65","def":"{\"v\":9,\"p\":[{\"s\":[{\"p\":[0,0,0],\"r\":[0,0,-2.134434E-07],\"s\":[0.3296728,0.3504582,0.2441768],\"c\":[1,1,1]}]}]}"}],"serveTime":3}