{"thingDefinitions":[{"id":"5b63d18a4cf0ff4accef5944","def":"{\"v\":6,\"a\":[7,18],\"p\":[{\"s\":[{\"p\":[0,0,0],\"r\":[0,0,0],\"s\":[8.251635,9.454515,0.07700258],\"c\":[1,1,1]}]}]}"},{"id":"5b63d26c05fd724b8fdcf863","def":"{\"v\":6,\"a\":[7,18],\"p\":[{\"s\":[{\"p\":[0,0,0],\"r\":[0,0,0],\"s\":[4.759593,1.22734,0.09635796],\"c\":[1,1,1]}]},{\"s\":[{\"p\":[-8.515758E-07,-2.143255,0.4235119],\"r\":[0,0,0],\"s\":[3.676216,1.228081,0.09640841],\"c\":[1,1,1]}]},{\"s\":[{\"p\":[-2.189165E-06,-4.338991,0.9441547],\"r\":[0,0,-1.001791E-05],\"s\":[3.033026,1.197669,0.09644281],\"c\":[1,1,1]}]}]}"}],"serveTime":7}