{"thingDefinitions":[{"id":"5b44fb248ea0db399f4961a6","def":"{\"v\":5,\"p\":[{\"b\":166,\"s\":[{\"p\":[0,0,0],\"r\":[0,0,1.707547E-06],\"s\":[0.03000001,0.03,0.03],\"c\":[1,1,1]}]}]}"}],"serveTime":5}