{"thingDefinitions":[{"id":"5c01ef484fbdc463f3f24974","def":"{\"v\":7,\"p\":[{\"s\":[{\"p\":[0,0,0],\"r\":[0,0,0],\"s\":[0.1750005,0.1750003,0.1750004],\"c\":[1,1,1]}]},{\"b\":3,\"s\":[{\"p\":[0.001901075,0.01774631,-0.1950064],\"r\":[31.65178,14.50557,337.126],\"s\":[0.1250001,0.125,0.1250001],\"c\":[1,1,1]}]},{\"b\":17,\"s\":[{\"p\":[0.01297158,-0.008712828,0.1483441],\"r\":[44.77487,343.7447,322.8251],\"s\":[0.06000027,0.06000005,0.0600002],\"c\":[1,1,1]}]}]}"}],"serveTime":4}