{"thingDefinitions":[{"id":"5b8edfbc27930f5dcb3ef31a","def":"{\"v\":6,\"p\":[{\"b\":9,\"s\":[{\"p\":[0,0,0],\"r\":[0,0,-8.537735E-07],\"s\":[0.1250001,0.1250001,0.125],\"c\":[1,1,1]}]},{\"b\":9,\"s\":[{\"p\":[0.00649711,-0.247707,-0.2776484],\"r\":[63.10189,306.4408,30.21515],\"s\":[0.1250001,0.1250001,0.1250001],\"c\":[1,1,1]}]}]}"}],"serveTime":4}