{"thingDefinitions":[{"id":"5d1f04fe631945786f6b99d2","def":"{\"v\":9,\"p\":[{\"b\":72,\"s\":[{\"p\":[0,0,0],\"r\":[0,0,-3.601857E-07],\"s\":[0.1250001,0.1250001,0.1250001],\"c\":[1,1,1]}]}]}"}],"serveTime":4}