{"thingDefinitions":[{"id":"5b4578612fbb640f84c1f2e2","def":"{\"n\":\"cup\",\"v\":5,\"a\":[2,9,30],\"p\":[{\"b\":7,\"s\":[{\"p\":[0.007806111,0.007217735,0.02336357],\"r\":[344.4526,358.7251,313.787],\"s\":[0.02899328,0.02899495,0.08971017],\"c\":[1,0,0]}]},{\"b\":179,\"s\":[{\"p\":[0.008123951,-0.001465007,-0.008328902],\"r\":[344.3523,358.828,313.6846],\"s\":[0.05262395,0.05261221,0.05262576],\"c\":[0,0,0]}]}]}"},{"id":"5b45796ae907750f5c201546","def":"{\"v\":5,\"a\":[27,31],\"p\":[{\"b\":10,\"s\":[{\"p\":[0,0,0],\"r\":[0,0,-4.268868E-07],\"s\":[0.06467157,0.06467154,0.06467153],\"c\":[1,1,1]}]}]}"}],"serveTime":7}