{"thingDefinitions":[{"id":"5c48ca10038f6528d5d1df16","def":"{\"v\":7,\"a\":[4],\"p\":[{\"b\":166,\"s\":[{\"p\":[0,0,0],\"r\":[0,0,0],\"s\":[0.03000002,0.03000005,0.03000004],\"c\":[1,1,1]}]}]}"},{"id":"5c48cb55df16d60195e0da0d","def":"{\"v\":7,\"p\":[{\"b\":188,\"s\":[{\"p\":[0,0,0],\"r\":[0,0,1.280661E-06],\"s\":[0.05999999,0.06000005,0.06000002],\"c\":[1,1,1]}]}]}"}],"serveTime":6}