{"thingDefinitions":[{"id":"5c338fe5fbec9a3178ec6a73","def":"{\"v\":7,\"p\":[{\"s\":[{\"p\":[0,0,0],\"r\":[0,0,1.067217E-07],\"s\":[0.1750004,0.1750005,0.1750001],\"c\":[1,1,1]}]}]}"}],"serveTime":4}