{"thingDefinitions":[{"id":"5bb57200305ef709a7b9e8b4","def":"{\"v\":7,\"p\":[{\"b\":2,\"s\":[{\"p\":[0,0,0],\"r\":[0,0,0],\"s\":[0.1250001,0.1250001,0.1250003],\"c\":[1,1,1]}]},{\"b\":40,\"s\":[{\"p\":[-0.004207313,0.3132481,0.1671854],\"r\":[350.2672,273.0484,339.1472],\"s\":[0.1250001,0.125,0.125],\"c\":[1,1,1]}]}]}"}],"serveTime":5}