{"thingDefinitions":[{"id":"5b74e59d9fb92f146b7c5f75","def":"{\"v\":6,\"p\":[{\"b\":10,\"s\":[{\"p\":[0,0,0],\"r\":[0,0,-8.537735E-07],\"s\":[0.3546034,0.4971698,0.001],\"c\":[1,1,1]}]}]}"}],"serveTime":5}