{"thingDefinitions":[{"id":"5b4252cdb45e356be846067c","def":"{\"v\":5,\"p\":[{\"s\":[{\"p\":[0,0,0],\"r\":[0,0,0],\"s\":[1.889384,0.001000002,1.43423],\"c\":[1,1,1]}]}]}"},{"id":"5b0f4bf002d9bb1eb7a2c8a3","def":"{\"n\":\"phillip irl\",\"v\":4,\"a\":[2,31],\"p\":[{\"im\":\"904528168693451824/D0859929F2CD31AFFFC5F337B1E8CB2FDA4B3015/\",\"s\":[{\"p\":[0,0,0],\"r\":[0,0,0],\"s\":[0.9111519,0.01,1.220755],\"c\":[1,1,1]}]}]}"}],"serveTime":5}