{"thingDefinitions":[{"id":"5b3346c9fcded536026cc066","def":"{\"v\":5,\"a\":[2,15],\"tp_m\": 4,\"p\":[{\"b\":9,\"s\":[{\"p\":[0,0,0],\"r\":[0,0,6.003096E-07],\"s\":[0.3248366,0.3147596,0.001000001],\"c\":[0,1,1]}]}]}"}],"serveTime":5}