{"thingDefinitions":[{"id":"5c2719138436ee6f7daa6db7","def":"{\"v\":7,\"p\":[{\"b\":174,\"s\":[{\"p\":[-0.04228807,0.007871523,-0.002058719],\"r\":[299.6137,357.361,93.75356],\"s\":[0.04500007,0.04500006,0.04500009],\"c\":[0,1,1]}]},{\"b\":117,\"e\":\"NIGGER\",\"s\":[{\"p\":[-0.2310176,-1.005622,-0.7963842],\"r\":[51.27955,165.9771,257.9126],\"s\":[0.003000006,0.003000005,0.00300001],\"c\":[1,1,1],\"b\":[\"when touched then become soft end \"]}]},{\"b\":148,\"s\":[{\"p\":[0.003436186,0.00835283,0.001231767],\"r\":[0.8156526,2.121863,1.91276],\"s\":[0.09000027,0.09000045,0.09000026],\"c\":[0,1,1]}]}]}"}],"serveTime":3}