{"thingDefinitions":[{"id":"5d7ab86c06579920a9bc88a9","def":"{\"v\":9,\"p\":[{\"b\":9,\"s\":[{\"p\":[0,0,0],\"r\":[0,0,0],\"s\":[0.1250002,0.1250004,0.1250005],\"c\":[1,1,1]}]},{\"b\":11,\"s\":[{\"p\":[0.1105201,-0.04514164,0.08839338],\"r\":[324.1782,318.5868,259.5524],\"s\":[0.1000001,0.1,0.1000001],\"c\":[1,1,1]}]},{\"b\":2,\"s\":[{\"p\":[0.1481479,-0.01970068,0.1941086],\"r\":[340.9576,0.7717077,239.2118],\"s\":[0.1250001,0.1250001,0.1250002],\"c\":[1,1,1]}]}]}"}],"serveTime":4}