{"thingDefinitions":[{"id":"59eec592bea63b29104493c4","def":"{\"n\":\"thing\",\"v\":2,\"p\":[{\"b\":9,\"s\":[{\"p\":[-0.1489718,0.09157261,0.004151519],\"r\":[3.786002,305.5164,38.41869],\"s\":[0.125,0.125,0.125],\"c\":[1,1,1]}]},{\"s\":[{\"p\":[0.2024565,0.04378904,0.05587741],\"r\":[31.10303,70.0611,329.2114],\"s\":[0.1750006,0.1750003,0.1750002],\"c\":[1,1,1]}]},{\"b\":5,\"s\":[{\"p\":[0.06216276,-0.08129217,-0.2838967],\"r\":[20.45774,322.252,15.63919],\"s\":[0.125,0.1250001,0.125],\"c\":[1,1,1]}]},{\"b\":2,\"s\":[{\"p\":[0.01327958,-0.1026691,-0.3493587],\"r\":[299.3565,274.1049,37.27395],\"s\":[0.125,0.1250001,0.1250001],\"c\":[1,1,1]}]}]}"}],"serveTime":4}