{"thingDefinitions":[{"id":"5a2f81ecfc404a2e1067fd04","def":"{\"n\":\"thing\",\"v\":3,\"a\":[7],\"p\":[{\"s\":[{\"p\":[0,0,0],\"r\":[0,0,0],\"s\":[150,150,3.132953],\"c\":[0.04938262,0.4444443,0.342857]}]}]}"}],"serveTime":4}