{"thingDefinitions":[{"id":"5f094fba1ccde54fb5a96ff1","def":"{\"n\":\"floor\",\"v\":9,\"a\":[32],\"p\":[{\"a\":[21],\"s\":[{\"p\":[0,0,0],\"r\":[0,0,0],\"s\":[5.44851,9.19425,0.333956],\"c\":[0.5555556,0.4656082,0.3703702]}]},{\"s\":[{\"p\":[0.4459414,-0.2259665,0.008687377],\"r\":[-9.903774E-05,-1.707521E-06,-3.073585E-05],\"s\":[0.6948768,0.1750002,0.1750003],\"c\":[1,1,1]}]}]}"}],"serveTime":5}