{"thingDefinitions":[{"id":"5ad1dfb217f1760ff96d3587","def":"{\"v\":3,\"p\":[{\"s\":[{\"p\":[0,0,0],\"r\":[0,0,4.268868E-07],\"s\":[0.1750004,0.1750002,0.1750003],\"c\":[1,1,1]}]},{\"s\":[{\"p\":[0.175209,-0.003149014,-0.002799764],\"r\":[0.7376029,359.9455,358.5648],\"s\":[0.175,0.175,0.1749999],\"c\":[1,1,1]}]},{\"s\":[{\"p\":[0.01167822,0.1803181,0.004922975],\"r\":[6.994339,0.485258,356.1168],\"s\":[0.1750002,0.175,0.1750002],\"c\":[1,1,1]}]},{\"s\":[{\"p\":[0.18961,0.1931642,0.00414665],\"r\":[4.873109,358.9779,356.4433],\"s\":[0.1750002,0.175,0.1750002],\"c\":[1,1,1]}]}]}"}],"serveTime":5}