{"thingDefinitions":[{"id":"5cfc47ba97fc54647839ecb5","def":"{\"v\":9,\"p\":[{\"b\":182,\"s\":[{\"p\":[0,0,0],\"r\":[0,0,0],\"s\":[0.06000039,0.06000018,0.06000037],\"c\":[1,1,1]}]}]}"}],"serveTime":5}