{"thingDefinitions":[{"id":"5b0c63735887a93bb8085038","def":"{\"v\":4,\"p\":[{\"b\":32,\"s\":[{\"p\":[0,0,0],\"r\":[6.830189E-06,-3.415095E-06,-1.707548E-06],\"s\":[0.1065712,0.1250005,0.2722175],\"c\":[1,1,1]}]}]}"},{"id":"5b0c63b398d29d3bb03fe01a","def":"{\"v\":4,\"p\":[{\"b\":3,\"s\":[{\"p\":[0,0,0],\"r\":[0,0,0],\"s\":[0.1250002,0.1250001,0.1250002],\"c\":[1,1,1]}]},{\"b\":3,\"s\":[{\"p\":[0.1282026,0.7358255,-0.4282537],\"r\":[7.684577,106.6415,260.5949],\"s\":[0.3055516,0.2973859,0.3198419],\"c\":[1,1,1]}]}]}"}],"serveTime":6}