{"thingDefinitions":[{"id":"5f57ec6cb2758e3481e118fd","def":"{\"v\":9,\"p\":[{\"b\":2,\"s\":[{\"p\":[-0.001892759,-0.006448513,-0.01647429],\"r\":[8.168382,175.5454,185.1524],\"s\":[0.0132492,0.01038072,0.01267243],\"c\":[1,1,1]}]},{\"b\":5,\"s\":[{\"p\":[-0.001450338,0.0006815371,0.0007645806],\"r\":[359.4249,1.020702,359.7725],\"s\":[0.03254154,0.03209157,0.0362053],\"c\":[1,1,1]}]}]}"}],"serveTime":5}