{"thingDefinitions":[{"id":"594050d8c1b2e39e13996d73","def":"{\"n\":\"thing\",\"p\":[{\"b\":8,\"s\":[{\"p\":[0,0,0],\"r\":[0,0,0],\"s\":[0.1250003,0.1250002,0.1250003],\"c\":[1,1,1]}]},{\"b\":8,\"s\":[{\"p\":[-0.02104434,-0.01196946,-0.001289904],\"r\":[322.0601,40.49786,54.99222],\"s\":[0.1250003,0.1250002,0.1250002],\"c\":[1,1,1]}]}]}"},{"id":"5908f6b8285f6623100240b7","def":"{\"n\":\"thing\",\"p\":[{\"b\":21,\"e\":\"TWITTER: [A]SKTOBY\\nSTEAM:ASKTOBY\\nXBL:ASKTOBY\",\"s\":[{\"p\":[0,0,0],\"r\":[0,0,0],\"s\":[0.01833264,0.01833268,0.01833267],\"c\":[0,0,0]}]}]}"}],"serveTime":5}