{"thingDefinitions":[{"id":"5eed732a5c606768a004fd97","def":"{\"v\":9,\"p\":[{\"b\":9,\"s\":[{\"p\":[0,0,0],\"r\":[0,0,0],\"s\":[0.1250006,0.1250001,0.1250006],\"c\":[1,1,1]}]}]}"}],"serveTime":10}