{"thingDefinitions":[{"id":"5a3021ba412cc5ae13d02263","def":"{\"n\":\"mat\",\"v\":2,\"a\":[7,18],\"p\":[{\"b\":12,\"s\":[{\"p\":[0,0,0],\"r\":[0,0,0],\"s\":[0.5521811,0.1420548,0.5842546],\"c\":[0.2222221,0,0.07619045]}]}]}"}],"serveTime":4}