{"thingDefinitions":[{"id":"5c041c106c1c68056460bf6b","def":"{\"n\":\"ground\",\"v\":7,\"a\":[1],\"p\":[{\"b\":17,\"s\":[{\"p\":[0,0,0],\"r\":[0,0,1.067217E-07],\"s\":[15.73767,0.1004658,9.958231],\"c\":[0.9019608,0.8509804,0.7215686]}]}]}"},{"id":"5c041e251171b26459736c9d","def":"{\"v\":7,\"p\":[{\"s\":[{\"p\":[0.2956634,-0.5761545,1.020536],\"r\":[284.3816,193.0847,173.074],\"s\":[1.684971,1.615461,0.1750022],\"c\":[1,1,1]}]},{\"s\":[{\"p\":[0.2510729,-0.009024411,0.1229539],\"r\":[348.6275,3.104472,359.4788],\"s\":[1.600078,1.638908,0.1750036],\"c\":[1,1,1]}]},{\"s\":[{\"p\":[0.2459152,1.564525,-0.2588508],\"r\":[345.9131,1.233535,1.410881],\"s\":[1.600079,1.638909,0.175004],\"c\":[1,1,1]}]}]}"}],"serveTime":6}