{"thingDefinitions":[{"id":"5c7c773e1a77eb4151f06e9a","def":"{\"v\":7,\"p\":[{\"b\":3,\"s\":[{\"p\":[0,0,0],\"r\":[0,0,0],\"s\":[0.1715861,0.2163525,0.1952157],\"c\":[1,1,1]}]},{\"b\":86,\"s\":[{\"p\":[-0.1889901,0.01295991,-0.02201836],\"r\":[81.59686,343.1715,253.8998],\"s\":[0.07500003,0.09114788,0.07956345],\"c\":[1,1,1]}]}]}"}],"serveTime":4}