{"thingDefinitions":[{"id":"5e2988e0edc5ef4f51103ee5","def":"{\"n\":\"ground\",\"v\":9,\"p\":[{\"b\":17,\"s\":[{\"p\":[0,0,0],\"r\":[0,0,0],\"s\":[3.363346,0.11062,3.201102],\"c\":[0.9019608,0.8509804,0.7215686]}]},{\"b\":59,\"s\":[{\"p\":[-0.07032746,1.979213,-0.07965791],\"r\":[339.5732,331.2817,81.17336],\"s\":[0.125,0.125,0.125],\"c\":[1,1,1]}]},{\"b\":163,\"s\":[{\"p\":[-0.1671098,1.903468,-0.1739515],\"r\":[9.482333,113.8996,53.46149],\"s\":[0.1000001,0.1,0.1000001],\"c\":[1,1,1]}]}]}"}],"serveTime":11}