{"thingDefinitions":[{"id":"5ad996bf6ead607c0b1725f2","def":"{\"v\":4,\"p\":[{\"s\":[{\"p\":[0,0,0],\"r\":[0,0,0],\"s\":[0.175,0.1750002,0.175],\"c\":[0.111111,1,1]}]},{\"s\":[{\"p\":[0.2864137,-0.01071613,-0.04526101],\"r\":[25.76715,359.9001,18.83543],\"s\":[0.1749999,0.1750001,0.1749999],\"c\":[0.111111,1,1]}]}]}"}],"serveTime":5}