{"thingDefinitions":[{"id":"5ee53af9f8600c7ff033ee4e","def":"{\"v\":9,\"p\":[{\"b\":186,\"s\":[{\"p\":[0,0,0],\"r\":[0,0,0],\"s\":[0.06000004,0.06000005,0.06000001],\"c\":[1,1,1]}]},{\"b\":197,\"s\":[{\"p\":[0.05473583,-0.05022972,0.07916436],\"r\":[347.074,107.9303,132.7513],\"s\":[0.06000008,0.06000003,0.06000007],\"c\":[1,1,1]}]},{\"b\":197,\"s\":[{\"p\":[-0.0175706,-0.04730956,-0.1245966],\"r\":[17.44346,314.6842,127.6079],\"s\":[0.06000013,0.06000014,0.06000015],\"c\":[1,1,1]}]}]}"}],"serveTime":5}