{"thingDefinitions":[{"id":"5ad23b2b17f1760ff96d3591","def":"{\"n\":\"what\",\"v\":3,\"a\":[4],\"p\":[{\"b\":173,\"t\":2,\"s\":[{\"p\":[0,0,0],\"r\":[0,0,0],\"s\":[0.0450002,0.04499999,0.04500018],\"c\":[0.09876534,0.4444443,0.1777777]}]},{\"b\":175,\"t\":2,\"s\":[{\"p\":[0.1660356,-0.01803599,-0.09210829],\"r\":[4.160586,43.68089,359.8564],\"s\":[0.04500057,0.04500015,0.04500052],\"c\":[0,0.4444443,0.1015872]}]}]}"}],"serveTime":4}