{"thingDefinitions":[{"id":"582e3b7febecac9564f63299","def":"{\"n\":\"thing\",\"p\":[{\"b\":3,\"s\":[{\"p\":[0,0,0],\"r\":[0,0,9.604953E-07],\"s\":[0.1250001,0.1250001,0.125],\"c\":[1,1,1]}]}]}"}],"serveTime":4}