{"thingDefinitions":[{"id":"5b6faf06d0a8e9049fd75440","def":"{\"v\":6,\"p\":[{\"b\":17,\"s\":[{\"p\":[-0.02814789,0.1995895,-0.137128],\"r\":[345.089,357.3444,349.8905],\"s\":[0.06000005,0.06000004,0.06000003],\"c\":[0.6666667,0.6666667,0.6666667]}]},{\"b\":17,\"s\":[{\"p\":[-0.05813387,0.2784079,-0.2747312],\"r\":[329.8732,328.2329,17.97631],\"s\":[0.06000005,0.06000002,0.06000002],\"c\":[0.6666667,0.6666667,0.6666667]}]},{\"b\":17,\"s\":[{\"p\":[-0.006104156,0.07392493,-0.03575446],\"r\":[3.838648,355.768,349.7618],\"s\":[0.06000003,0.06000006,0.06000005],\"c\":[0.6666667,0.6666667,0.6666667]}]}]}"}],"serveTime":5}