{"thingDefinitions":[{"id":"5d07e874eade992adedc965e","def":"{\"n\":\"ground\",\"v\":9,\"a\":[1],\"p\":[{\"b\":17,\"s\":[{\"p\":[0,0,0],\"r\":[0,0,0],\"s\":[16.39526,0.04338846,8.553203],\"c\":[0.9019608,0.8509804,0.7215686]}]}]}"}],"serveTime":5}