{"thingDefinitions":[{"id":"5cdcfc5a516cae604dbb2570","def":"{\"v\":9,\"p\":[{\"s\":[{\"p\":[0,0,0],\"r\":[0,0,-3.735259E-07],\"s\":[0.1750005,0.1750006,0.1750005],\"c\":[1,1,1]}]}]}"}],"serveTime":4}