{"thingDefinitions":[{"id":"5a64088fcdc48ca9133104f8","def":"{\"n\":\"thing\",\"v\":2,\"p\":[{\"b\":9,\"s\":[{\"p\":[0,0,0],\"r\":[-4.268868E-07,-7.951387E-15,2.134434E-06],\"s\":[0.125,0.125,0.1250001],\"c\":[1,1,1]}]}]}"}],"serveTime":4}