{"thingDefinitions":[{"id":"5f695775d7eb3e38ff4d0036","def":"{\"v\":9,\"p\":[{\"b\":9,\"s\":[{\"p\":[0.5457914,1.362747,-0.1083259],\"r\":[82.99112,183.2943,85.5368],\"s\":[0.7318693,0.1250005,0.6777387],\"c\":[1,1,1]}]},{\"b\":198,\"s\":[{\"p\":[0.2056383,0.1002112,0.2171019],\"r\":[65.95357,228.9354,354.1398],\"s\":[0.06000019,0.06000008,0.06000015],\"c\":[1,1,1]}]}]}"}],"serveTime":4}