{"thingDefinitions":[{"id":"5f1e32e0ca2cba6312e86abc","def":"{\"v\":9,\"p\":[{\"s\":[{\"p\":[0,0,0],\"r\":[0,0,0],\"s\":[0.1750003,0.1750004,0.1750004],\"c\":[1,1,1]}]},{\"s\":[{\"p\":[0.002013505,0.1614442,0.002235383],\"r\":[359.8171,269.3448,356.4931],\"s\":[0.1750007,0.1750006,0.1750004],\"c\":[1,1,1]}]}]}"}],"serveTime":5}