{"thingDefinitions":[{"id":"5cedb234a89f2e52a40ff848","def":"{\"n\":\"ground\",\"v\":9,\"a\":[1,7],\"p\":[{\"b\":17,\"s\":[{\"p\":[0,0,0],\"r\":[0,0,0],\"s\":[646.7444,0.1660586,2141.794],\"c\":[0.9019608,0.8509804,0.7215686]}]}]}"}],"serveTime":5}