{"thingDefinitions":[{"id":"5c3e7f065dde69568437423e","def":"{\"v\":7,\"p\":[{\"b\":38,\"s\":[{\"p\":[0.03786871,0.1388859,0.6935014],\"r\":[350.8294,103.6254,340.7578],\"s\":[0.1250009,0.1250002,0.125001],\"c\":[1,1,1]}]},{\"b\":38,\"s\":[{\"p\":[0.002152562,-0.0326398,-0.5483657],\"r\":[342.6874,341.0406,356.7358],\"s\":[0.1250001,0.3591304,0.4428637],\"c\":[1,1,1]}]},{\"b\":38,\"s\":[{\"p\":[-0.2370448,0.1830166,0.07556693],\"r\":[339.9469,24.68555,347.5262],\"s\":[0.1250002,0.4520337,0.5694019],\"c\":[1,1,1]}]}]}"}],"serveTime":5}