{"thingDefinitions":[{"id":"5dd1f3c5a3f82a1c584d9896","def":"{\"v\":9,\"p\":[{\"b\":10,\"s\":[{\"p\":[0,0,0],\"r\":[0,0,0],\"s\":[0.125,0.1250001,0.1250001],\"c\":[1,1,1]}]},{\"b\":9,\"s\":[{\"p\":[-0.05023773,0.07159069,-0.1148712],\"r\":[352.0255,20.58632,339.6843],\"s\":[0.1250001,0.1250001,0.1250001],\"c\":[1,1,1]}]},{\"b\":11,\"s\":[{\"p\":[-0.2073031,-0.2589968,-0.1161645],\"r\":[38.20572,5.594752,18.58375],\"s\":[0.1000001,0.1,0.1000001],\"c\":[1,1,1]}]}]}"}],"serveTime":5}