{"thingDefinitions":[{"id":"5e34c56c9371bd24d77a87cb","def":"{\"n\":\"ground\",\"v\":9,\"a\":[1,2,15],\"p\":[{\"b\":17,\"s\":[{\"p\":[0,0,0],\"r\":[0,0,0],\"s\":[3.972874,0.3413927,4.002989],\"c\":[0.9019608,0.8509804,0.7215686]}]},{\"s\":[{\"p\":[-0.9622726,1.649524,-2.311722],\"r\":[302.8613,99.8641,162.7198],\"s\":[0.175002,0.1750016,0.1750016],\"c\":[1,1,1]}]},{\"b\":9,\"s\":[{\"p\":[-0.9238676,1.716484,-2.075447],\"r\":[342.4677,208.2738,13.22586],\"s\":[0.1250013,0.1250003,0.1250011],\"c\":[1,1,1]}]},{\"b\":3,\"s\":[{\"p\":[-1.372224,1.243887,-2.524648],\"r\":[351.6576,111.893,34.43384],\"s\":[0.1250007,0.1250003,0.1250007],\"c\":[1,1,1]}]}]}"}],"serveTime":5}