{"thingDefinitions":[{"id":"5f1247d37c4afc0634c7c549","def":"{\"v\":9,\"p\":[{\"s\":[{\"p\":[0,0,0],\"r\":[0,0,1.374042E-06],\"s\":[0.175,0.1749999,0.175],\"c\":[1,1,1]}]},{\"s\":[{\"p\":[-0.1577417,0.1478428,-0.05350203],\"r\":[324.4037,6.707363,335.9723],\"s\":[0.1750001,0.1750002,0.175],\"c\":[1,1,1]}]},{\"s\":[{\"p\":[-0.195749,-0.08732826,-0.2137256],\"r\":[322.5721,5.761024,289.5088],\"s\":[0.175,0.175,0.175],\"c\":[1,1,1]}]}]}"}],"serveTime":5}