{"thingDefinitions":[{"id":"5cbe77e102726879123b78f7","def":"{\"n\":\"test\",\"v\":9,\"p\":[{\"b\":9,\"t\":10,\"pr\":15,\"s\":[{\"p\":[0,0,0],\"r\":[0,0,-1.707547E-06],\"s\":[0.1250009,0.1250006,0.1250007],\"c\":[0,1,0.3999999],\"pr\":{\"c\":[1,1,1],\"m\":0.25,\"a\":0.25,\"s\":0.15,\"z\":0.25,\"g\":0.5,\"h\":0.25}}]},{\"b\":12,\"t\":22,\"pr\":3,\"s\":[{\"p\":[0.1375867,0.2364035,0.1043726],\"r\":[305.3077,58.20439,268.3708],\"s\":[0.06000005,0.06000007,0.06000006],\"c\":[0,1,0.3999999],\"pr\":{\"c\":[1,1,1],\"m\":0.25,\"a\":0.25,\"s\":0.15,\"z\":0.25,\"g\":0.5,\"h\":0.25}}]},{\"b\":12,\"t\":22,\"pr\":1,\"s\":[{\"p\":[0.2428086,0.4198337,0.1834375],\"r\":[303.8533,52.91883,274.1238],\"s\":[0.06000004,0.06000003,0.0600001],\"c\":[0,1,0.3999999],\"pr\":{\"c\":[1,1,1],\"m\":0.25,\"a\":0.25,\"s\":0.15,\"z\":0.25,\"g\":0.5,\"h\":0.25}}]},{\"b\":173,\"t\":16,\"s\":[{\"p\":[0.1764628,-0.2126513,0.2713082],\"r\":[15.2184,159.4067,307.6576],\"s\":[0.04500004,0.04500002,0.04500002],\"c\":[0,1,0.3999999]}]}]}"}],"serveTime":5}