{"thingDefinitions":[{"id":"5a084ec6b46e47e313ef0044","def":"{\"n\":\"thing\",\"v\":2,\"p\":[{\"b\":2,\"s\":[{\"p\":[0,0,0],\"r\":[0,0,0],\"s\":[0.1250001,0.125,0.125],\"c\":[1,1,1]}]},{\"b\":4,\"s\":[{\"p\":[0.7540353,-0.2099372,0.1081505],\"r\":[353.8759,0.2197782,33.59285],\"s\":[0.1250001,0.1250001,0.1250001],\"c\":[1,1,1]}]},{\"b\":9,\"s\":[{\"p\":[-0.01483063,-1.561363,0.3858204],\"r\":[326.8917,337.978,150.4736],\"s\":[0.1250005,0.1250003,0.1250001],\"c\":[1,1,1]}]}]}"}],"serveTime":5}