{"thingDefinitions":[{"id":"5873eb45f03de0131014d728","def":"{\"n\":\"thing\",\"p\":[{\"b\":12,\"s\":[{\"p\":[0,0,0],\"r\":[0,0,0],\"s\":[0.4267973,0.05999999,1.268452],\"c\":[1,1,1]}]}]}"},{"id":"5873eba0286b361018d9b5c7","def":"{\"n\":\"thing\",\"p\":[{\"b\":22,\"e\":\"DJ\",\"s\":[{\"p\":[0,0,0],\"r\":[0,0,0],\"s\":[0.03725266,0.03725258,0.03725262],\"c\":[1,1,1]}]}]}"},{"id":"5873ebde01bb646513a0a84c","def":"{\"n\":\"ground\",\"a\":[1],\"p\":[{\"b\":17,\"s\":[{\"p\":[0,0,0],\"r\":[0,0,0],\"s\":[3.363346,0.11062,3.201102],\"c\":[0.9019608,0.8509804,0.7215686]}]}]}"},{"id":"5873ec19e0cbfbf213be04af","def":"{\"n\":\"thing\",\"p\":[{\"b\":11,\"s\":[{\"p\":[0,0,0],\"r\":[0,0,0],\"s\":[0.1741679,0.1250003,0.1965124],\"c\":[0.8,0,1]}]}]}"}],"serveTime":19}