{"thingDefinitions":[{"id":"5a558ae087e0108901890d9d","def":"{\"n\":\"thing\",\"v\":2,\"p\":[{\"b\":9,\"t\":3,\"t2\":4,\"s\":[{\"p\":[0,0,0],\"r\":[0,0,0],\"s\":[0.1250002,0.1250004,0.1250003],\"c\":[0.8031746,0.7777778,1],\"t2\":{\"c\":[0,0,0],\"x\":0.17,\"y\":0.17,\"a\":0.69625,\"m\":0.5,\"n\":0.5,\"r\":0,\"g\":0,\"o\":0.5,\"t\":0.5,\"e\":0.5}}]}]}"},{"id":"5a558b710b06d8820193930c","def":"{\"n\":\"thing\",\"v\":2,\"p\":[{\"b\":14,\"s\":[{\"p\":[0,0,0],\"r\":[0,0,0],\"s\":[0.06000011,0.06000013,0.0600002],\"c\":[1,1,1]}]}]}"},{"id":"5a558e5537214c8801ed0059","def":"{\"n\":\"thing\",\"v\":2,\"p\":[{\"b\":9,\"s\":[{\"p\":[0,0,0],\"r\":[0,0,0],\"s\":[0.1250003,0.1250001,0.1250003],\"c\":[1,1,1]}]}]}"}],"serveTime":6}