{"thingDefinitions":[{"id":"5e98db02222e337c7374dd1d","def":"{\"v\":9,\"p\":[{\"b\":17,\"s\":[{\"p\":[0,0,0],\"r\":[0,0,0],\"s\":[0.06000006,0.06000002,0.06000005],\"c\":[1,1,1]}]},{\"b\":12,\"s\":[{\"p\":[-0.1606078,0.0005195998,-0.04181232],\"r\":[61.74286,348.3919,354.961],\"s\":[0.06000002,0.06000001,0.06000001],\"c\":[1,1,1]}]},{\"b\":12,\"s\":[{\"p\":[-0.3790337,0.01260428,-0.07040484],\"r\":[60.88831,340.9063,348.2538],\"s\":[0.06000001,0.06000001,0.05999998],\"c\":[1,1,1]}]},{\"b\":11,\"s\":[{\"p\":[-0.4338747,0.0195992,-0.06485364],\"r\":[332.0774,324.8358,282.6741],\"s\":[0.1000003,0.1000002,0.1000002],\"c\":[1,1,1]}]}]}"}],"serveTime":5}