{"thingDefinitions":[{"id":"5bb92b791588c710a88a4705","def":"{\"n\":\"ground\",\"v\":7,\"a\":[1],\"p\":[{\"b\":17,\"s\":[{\"p\":[0,0,0],\"r\":[0,0,0],\"s\":[7.134119,0.11062,11.42918],\"c\":[0.9019608,0.8509804,0.7215686]}]}]}"}],"serveTime":6}