{"thingDefinitions":[{"id":"5a9031e629bd11e00f66220f","def":"{\"v\":2,\"a\":[2],\"p\":[{\"b\":3,\"s\":[{\"p\":[0,0,0],\"r\":[0,0,0],\"s\":[0.1250001,0.125,0.1250001],\"c\":[1,1,1]}]}]}"},{"id":"5a9033624b3e749a5c16e2be","def":"{\"v\":2,\"p\":[{\"b\":3,\"s\":[{\"p\":[0,0,0],\"r\":[0,0,1.494104E-06],\"s\":[0.04878351,0.04267791,0.04430114],\"c\":[1,1,1]}]}]}"},{"id":"5a9033cce6e890a65ce22d5d","def":"{\"v\":2,\"a\":[2],\"p\":[{\"b\":3,\"s\":[{\"p\":[0,0,0],\"r\":[0,0,0],\"s\":[0.03620775,0.02957288,0.03717593],\"c\":[1,1,1]}]}]}"},{"id":"5a9034c75017b3be1382b0f9","def":"{\"v\":2,\"a\":[2],\"p\":[{\"b\":3,\"s\":[{\"p\":[0,0,0],\"r\":[0,0,0],\"s\":[0.06918633,0.06848253,0.07186694],\"c\":[1,1,1]}]}]}"}],"serveTime":7}