{"thingDefinitions":[{"id":"5a860b522c0119f34d251981","def":"{\"v\":2,\"p\":[{\"s\":[{\"p\":[0,0,0],\"r\":[0,0,-1.707547E-06],\"s\":[0.1750002,0.1750003,0.1750003],\"c\":[1,1,1]}]},{\"s\":[{\"p\":[-0.2054662,0.344633,0.04194695],\"r\":[333.9384,20.13891,333.4962],\"s\":[0.1750004,0.1750006,0.1750005],\"c\":[1,1,1]}]}]}"},{"id":"5a860b8e1ecd2d054ecbd52b","def":"{\"v\":2,\"p\":[{\"s\":[{\"p\":[0,0,0],\"r\":[0,0,-1.707547E-06],\"s\":[0.1750004,0.1750004,0.1750003],\"c\":[1,1,1]}]}]}"}],"serveTime":5}