{"thingDefinitions":[{"id":"5adbe524e050e704d0854b18","def":"{\"v\":4,\"p\":[{\"b\":10,\"s\":[{\"p\":[0,0,0],\"r\":[0,0,0],\"s\":[0.1250004,0.1250002,0.1250004],\"c\":[1,1,1]}]}]}"}],"serveTime":3}