{"thingDefinitions":[{"id":"5dd1963d2f511010e59af4fe","def":"{\"v\":9,\"p\":[{\"b\":10,\"s\":[{\"p\":[0.1088181,0.2036847,0.2369647],\"r\":[13.35969,14.93838,17.2429],\"s\":[0.125,0.1250001,0.125],\"c\":[1,1,1]}]},{\"s\":[{\"p\":[0.2294519,0.4129066,-0.827158],\"r\":[71.50439,308.5947,331.4902],\"s\":[0.1750002,0.1750003,0.1750001],\"c\":[1,1,1]}]},{\"b\":14,\"s\":[{\"p\":[-0.1461885,0.3857248,0.1839689],\"r\":[319.2441,260.7983,34.26048],\"s\":[0.06,0.06000002,0.06000002],\"c\":[1,1,1]}]}]}"}],"serveTime":5}