{"thingDefinitions":[{"id":"5bc262fb2d12b360fb603430","def":"{\"v\":7,\"p\":[{\"b\":2,\"s\":[{\"p\":[-0.1329171,-0.007542461,0.005777507],\"r\":[358.0442,269.1295,39.24957],\"s\":[0.1250002,0.1250001,0.1250001],\"c\":[1,1,1]}]},{\"s\":[{\"p\":[-0.06773835,-0.008349173,0.007210614],\"r\":[8.90219,1.519063,359.4526],\"s\":[0.1750007,0.1750004,0.1750004],\"c\":[1,1,1]}]}]}"}],"serveTime":4}