{"thingDefinitions":[{"id":"5e999fbd3a7a3206078484e0","def":"{\"v\":9,\"p\":[{\"b\":158,\"s\":[{\"p\":[0,0,0],\"r\":[0,0,-1.067217E-07],\"s\":[0.4837632,0.09,0.4280937],\"c\":[1,1,1]}]}]}"},{"id":"5e99a46a9738971aec73a475","def":"{\"v\":9,\"p\":[{\"b\":251,\"t\":1,\"s\":[{\"p\":[0,0,0],\"r\":[0,0,-5.336085E-08],\"s\":[0.2400026,0.2400035,0.2400018],\"c\":[1,0.3333332,0.9047617],\"b\":[\"when touched then rotate forward with 10\",\"when \"]}]}]}"}],"serveTime":7}