{"thingDefinitions":[{"id":"5a36c6e2190121a2538712ea","def":"{\"n\":\"thing\",\"v\":2,\"a\":[7],\"p\":[{\"t\":3,\"s\":[{\"p\":[0,0,0],\"r\":[0,0,-4.378969E-13],\"s\":[0.1750026,150,150],\"c\":[1,1,1]}]}]}"},{"id":"5a36c830870cbcc11347a3cb","def":"{\"n\":\"thing\",\"v\":3,\"p\":[{\"t\":9,\"s\":[{\"p\":[0.08821273,1.355337,0.07412338],\"r\":[0,0,180],\"s\":[1.021165,0.1750821,0.9718607],\"c\":[1,0,0.3428572],\"b\":[\"when touched then send one nearby to previous\"]}]},{\"b\":18,\"e\":\"YOURE DEAD\",\"s\":[{\"p\":[0.5264586,1.248074,0.4687328],\"r\":[271.0567,234.9576,305.4868],\"s\":[0.01370007,0.01368174,0.01369523],\"c\":[1,1,1]}]},{\"b\":18,\"e\":\"PRESS HERE\",\"s\":[{\"p\":[0.4124571,1.262286,0.2024668],\"r\":[272.3856,205.1974,334.9283],\"s\":[0.009861778,0.009861144,0.00986292],\"c\":[1,1,1]}]}]}"}],"serveTime":5}