{"thingDefinitions":[{"id":"59d3816e497cddaf133f6209","def":"{\"n\":\"thing\",\"a\":[7,18],\"p\":[{\"t\":10,\"s\":[{\"p\":[0,0,0],\"r\":[0,0,0],\"s\":[123.5064,75.08833,0.208454],\"c\":[0,1,0.2285714]}]}]}"}],"serveTime":4}