{"thingDefinitions":[{"id":"5d69a3a0309ea4392c5a7399","def":"{\"v\":9,\"p\":[{\"b\":64,\"s\":[{\"p\":[0.03916637,-0.3132729,-0.03186161],\"r\":[307.6252,46.80266,313.9139],\"s\":[0.05010892,0.03888459,0.05399087],\"c\":[1,1,1]}]},{\"b\":68,\"s\":[{\"p\":[0.01178679,-0.3530212,-0.05407298],\"r\":[52.19972,229.0735,43.37127],\"s\":[0.01855887,0.01206675,0.09435357],\"c\":[1,1,1]}]},{\"b\":69,\"s\":[{\"p\":[0.08702627,-0.2376308,0.007321507],\"r\":[25.83939,355.1336,330.7187],\"s\":[0.03686493,0.06470744,0.01203432],\"c\":[1,1,1]}]}]}"},{"id":"5d69a59d731efb062bbc4bcb","def":"{\"v\":9,\"p\":[{\"b\":69,\"s\":[{\"p\":[0,0,0],\"r\":[0,0,0],\"s\":[0.005447147,0.07500001,0.04432957],\"c\":[0.4444443,0.4444443,0.4444443]}]}]}"}],"serveTime":7}