{"thingDefinitions":[{"id":"5d806d71288c857ffcc85893","def":"{\"n\":\"ground\",\"v\":9,\"a\":[1,21],\"p\":[{\"b\":17,\"s\":[{\"p\":[0,0,0],\"r\":[0,0,0],\"s\":[3.363346,0.11062,3.201102],\"c\":[0.9019608,0.8509804,0.7215686]}]},{\"b\":10,\"s\":[{\"p\":[0.694337,1.498732,1.751711],\"r\":[330.8779,71.67245,315.7874],\"s\":[0.125,0.125,0.1250001],\"c\":[0,1,1]}]},{\"b\":10,\"s\":[{\"p\":[0.7002461,1.704387,1.765336],\"r\":[289.8889,47.82944,346.407],\"s\":[0.5099785,0.1250004,0.1250007],\"c\":[0,1,1]}]}]}"}],"serveTime":5}