{"thingDefinitions":[{"id":"5aead5057d55ba0f845bf001","def":"{\"v\":4,\"p\":[{\"b\":9,\"s\":[{\"p\":[0,0,0],\"r\":[0,0,-8.537735E-07],\"s\":[0.1250001,0.1250001,0.1250001],\"c\":[1,1,1]}]},{\"b\":5,\"s\":[{\"p\":[-0.1439955,0.06943528,0.0717987],\"r\":[338.9467,292.1207,24.81278],\"s\":[0.125,0.125,0.125],\"c\":[1,1,1]}]},{\"b\":5,\"s\":[{\"p\":[-0.2485087,0.1243947,0.1290945],\"r\":[336.0405,291.1815,40.00082],\"s\":[0.125,0.125,0.125],\"c\":[1,1,1]}]}]}"}],"serveTime":4}