{"thingDefinitions":[{"id":"5b087d6398d29d3bb03fdf2c","def":"{\"v\":4,\"p\":[{\"b\":79,\"s\":[{\"p\":[-0.1216077,0.2350554,0.2756725],\"r\":[50.07712,336.2308,193.4208],\"s\":[0.07500011,0.07500011,0.075],\"c\":[1,1,1]}]},{\"b\":11,\"s\":[{\"p\":[-0.03193812,0.07077083,0.1080946],\"r\":[41.15299,0.3670291,8.646362],\"s\":[0.1250001,0.125,0.1250001],\"c\":[1,1,1]}]},{\"b\":9,\"s\":[{\"p\":[-0.02247392,0.02511199,0.02902553],\"r\":[357.384,3.121768,355.8569],\"s\":[0.1250001,0.1250002,0.1250003],\"c\":[1,1,1]}]},{\"b\":13,\"s\":[{\"p\":[0.09329728,-0.002855469,-0.01147228],\"r\":[59.26192,337.9703,252.1789],\"s\":[0.06000005,0.06000007,0.06000003],\"c\":[1,1,1]}]}]}"}],"serveTime":4}