{"thingDefinitions":[{"id":"5c737811e59c5e5b788bc005","def":"{\"v\":7,\"p\":[{\"s\":[{\"p\":[0,0,0],\"r\":[0,0,-3.201651E-07],\"s\":[0.1750001,0.1750002,0.1750001],\"c\":[1,1,1]}]},{\"b\":2,\"s\":[{\"p\":[-0.01897166,0.151781,0.01055574],\"r\":[288.0747,234.1755,34.41499],\"s\":[0.125,0.125,0.125],\"c\":[1,1,1]}]}]}"}],"serveTime":4}