{"thingDefinitions":[{"id":"5d3f23e075c227062acd316e","def":"{\"n\":\"ground\",\"v\":9,\"a\":[1],\"p\":[{\"b\":17,\"s\":[{\"p\":[0,0,0],\"r\":[0,0,-1.067217E-07],\"s\":[3.577919,0.11062,3.258719],\"c\":[0.9019608,0.8509804,0.7215686]}]}]}"}],"serveTime":5}