{"thingDefinitions":[{"id":"5e07b3741b47f3062745d0a8","def":"{\"v\":9,\"p\":[{\"b\":10,\"s\":[{\"p\":[0.4119554,-0.133034,0.1681611],\"r\":[41.68129,70.47498,77.1503],\"s\":[0.125,0.125,0.125],\"c\":[1,1,1]}]}]}"}],"serveTime":5}