{"thingDefinitions":[{"id":"59bfe5fc34557c2710e19b8b","def":"{\"n\":\"thing\",\"p\":[{\"b\":10,\"s\":[{\"p\":[0,0,0],\"r\":[0,0,-1.707547E-06],\"s\":[0.005,0.01212773,0.005],\"c\":[0.8,1,0]}]}]}"},{"id":"59bfe641e7816d9a137a542c","def":"{\"n\":\"thing\",\"p\":[{\"b\":4,\"s\":[{\"p\":[0,0,0],\"r\":[0,0,0],\"s\":[0.01438327,0.02194966,0.01258543],\"c\":[0.8888889,1,0.4444443]}]},{\"b\":9,\"s\":[{\"p\":[0.3398093,0.2394338,-0.6467391],\"r\":[348.6329,194.6129,276.2281],\"s\":[0.005,0.01058187,0.007806793],\"c\":[1,1,1]}]}]}"},{"id":"59bfe7e35c220fc213fe6d05","def":"{\"n\":\"thing\",\"a\":[21],\"p\":[{\"b\":3,\"s\":[{\"p\":[0,0,0],\"r\":[0,0,0],\"s\":[0.01532683,0.01532683,0.01532683],\"c\":[1,1,1]}]}]}"}],"serveTime":6}