{"thingDefinitions":[{"id":"5c45d905415e252f4a0bc307","def":"{\"n\":\"zbran\",\"v\":7,\"a\":[2],\"p\":[{\"b\":14,\"t\":9,\"t1\":4,\"c\":[[-0.234,-0.06,2.799,26,2,12,10],[0.195,0.278,2.447,5,7,12,6],[0.177,-0.301,2.424,11,6,14,20],[0.343,-0.063,2.436,13,16],[-0.48,0.256,2.404,0,22,5,16],[-0.446,-0.415,2.527,8,13,21,6],[-0.07,-0.467,2.498,7,42],[-0.063,0.411,2.487,1,24],[-0.63,-0.239,1.987,18,23]],\"s\":[{\"p\":[-0.23915,0.1029907,-0.03912018],\"r\":[353.6697,33.17773,343.9651],\"s\":[0.06000005,0.06000005,0.06000002],\"c\":[0.6666667,0.5037037,0.148148],\"t1\":{\"c\":[0.2222221,0.1199294,0.09876537],\"x\":0.17,\"y\":0.17,\"a\":0.69625,\"m\":0.5,\"n\":0.5,\"r\":0,\"g\":0,\"o\":0.5,\"t\":0.5,\"e\":0.5}}]},{\"b\":14,\"t\":9,\"s\":[{\"p\":[-0.3487533,0.09679204,-0.1273943],\"r\":[349.5685,340.7734,358.3952],\"s\":[0.001000005,0.06000071,0.01015794],\"c\":[0.6666667,0.5037037,0.148148]}]},{\"b\":14,\"t\":9,\"s\":[{\"p\":[-0.3254558,0.102014,-0.09867047],\"r\":[338.7924,359.8361,76.0061],\"s\":[0.001000002,0.06000039,0.001000004],\"c\":[0.6666667,0.5037037,0.148148]}]}]}"}],"serveTime":5}