{"thingDefinitions":[{"id":"5ca3c7406f42b205590b0c55","def":"{\"v\":9,\"p\":[{\"s\":[{\"p\":[-0.03690734,-0.2219644,-0.05671193],\"r\":[348.5634,8.739794,45.84307],\"s\":[0.1750006,0.1750005,0.1750004],\"c\":[1,1,1]}]},{\"s\":[{\"p\":[0.08269954,-0.3513035,-0.04127574],\"r\":[345.755,10.0782,43.88808],\"s\":[0.1750005,0.1750005,0.1750003],\"c\":[1,1,1]}]},{\"s\":[{\"p\":[0.2182361,-0.174822,0.1913391],\"r\":[343.3884,24.37991,49.85912],\"s\":[0.1750005,0.1750006,0.1750004],\"c\":[1,1,1]}]},{\"s\":[{\"p\":[0.08270164,0.06938009,0.1005397],\"r\":[75.38519,9.555207,267.2102],\"s\":[0.1750006,0.1750006,0.1750003],\"c\":[1,1,1]}]}]}"}],"serveTime":4}