{"thingDefinitions":[{"id":"59e8d4e7e0a7ec3e5b98699a","def":"{\"n\":\"thing\",\"v\":2,\"p\":[{\"b\":9,\"s\":[{\"p\":[0,0,0],\"r\":[0,0,1.707547E-06],\"s\":[0.1250002,0.1250001,0.1250002],\"c\":[1,1,1]}]},{\"b\":5,\"s\":[{\"p\":[-0.1374619,0.02480127,0.02613423],\"r\":[16.09948,99.24922,38.12987],\"s\":[0.1250008,0.1250005,0.1250005],\"c\":[1,1,1]}]},{\"b\":17,\"s\":[{\"p\":[0.2543151,0.2037933,-0.0841375],\"r\":[15.60779,337.7405,9.629799],\"s\":[0.06000008,0.06000013,0.06000014],\"c\":[1,1,1]}]}]}"}],"serveTime":5}