{"thingDefinitions":[{"id":"5b67a9f7db5cd30dc1889640","def":"{\"v\":6,\"p\":[{\"b\":3,\"s\":[{\"p\":[0,0,0],\"r\":[0,0,0],\"s\":[0.4932811,0.2254083,0.6844678],\"c\":[1,1,1]}]},{\"b\":3,\"s\":[{\"p\":[0.01006648,-0.2410947,-0.05105922],\"r\":[21.93402,2.841014,5.56355],\"s\":[0.4932813,0.2254085,0.684468],\"c\":[1,1,1]}]},{\"b\":5,\"s\":[{\"p\":[-0.8267819,0.0623256,-0.6377289],\"r\":[4.499622,79.50809,325.4827],\"s\":[0.1250006,0.1250003,2.246909],\"c\":[1,1,1]}]},{\"b\":16,\"s\":[{\"p\":[-1.578319,0.1747202,-0.8037176],\"r\":[11.32924,347.5793,86.66899],\"s\":[0.2272326,0.2637692,0.2119703],\"c\":[1,1,1]}]}]}"}],"serveTime":3}