{"thingDefinitions":[{"id":"59005c3986f2d89e13a8d97f","def":"{\"n\":\"ground\",\"a\":[1,7,18],\"p\":[{\"b\":17,\"t1\":4,\"s\":[{\"p\":[0,0,0],\"r\":[0,0,0],\"s\":[150,0.11062,150],\"c\":[0.03703704,0.3333332,0.2063491],\"t1\":{\"c\":[0.02469136,0.1111111,0.04444441],\"x\":0.17,\"y\":0.17,\"a\":0.69625,\"m\":0.5,\"n\":0.5,\"r\":0,\"g\":0,\"o\":0.5,\"t\":0.5,\"e\":0.5}}]}]}"}],"serveTime":5}