{"thingDefinitions":[{"id":"5a242c32b7a9e05228c974c5","def":"{\"n\":\"head\",\"v\":2,\"d\":\"IS A HEAD?\",\"a\":[24,33],\"bod\":{},\"p\":[{\"b\":59,\"s\":[{\"p\":[0.000691513,-0.0007932505,0.002549746],\"r\":[357.3323,352.3584,359.8727],\"s\":[0.03768549,0.1250004,0.03699218],\"c\":[0.09876534,0.1439148,0.8888889]}]},{\"b\":3,\"s\":[{\"p\":[0.001696192,0.03512244,0.003558332],\"r\":[1.88922,354.869,270.176],\"s\":[0.00500001,0.01617824,0.01461773],\"c\":[0,0,0]}]},{\"b\":54,\"s\":[{\"p\":[0.0006434871,-0.03246256,0.0007183598],\"r\":[358.3131,17.078,1.606463],\"s\":[0.08518185,0.1250006,0.09074038],\"c\":[1,1,1]}]}]}"}],"serveTime":4}