{"thingDefinitions":[{"id":"5b0dfcb8f7a9a763c1b52caa","def":"{\"v\":4,\"p\":[{\"b\":9,\"s\":[{\"p\":[0,0,0],\"r\":[0,0,2.134434E-07],\"s\":[0.1250003,0.1250002,0.125],\"c\":[1,1,1]}]},{\"b\":16,\"s\":[{\"p\":[-0.08868484,-0.04619922,-0.006846782],\"r\":[5.58116,335.0898,125.5532],\"s\":[0.1250001,0.1250001,0.125],\"c\":[1,1,1]}]}]}"}],"serveTime":4}