{"thingDefinitions":[{"id":"5cf45529064f4d062b78d01a","def":"{\"v\":9,\"a\":[4],\"p\":[{\"s\":[{\"p\":[0,0,0],\"r\":[0,0,1.600826E-06],\"s\":[0.175,0.175,0.175],\"c\":[1,1,1]}]},{\"b\":2,\"s\":[{\"p\":[-0.02054372,0.1414752,0.03438752],\"r\":[271.3231,267.7511,91.5445],\"s\":[0.1250001,0.1250001,0.1250001],\"c\":[1,1,1]}]},{\"b\":3,\"s\":[{\"p\":[0.1561413,0.001911938,0.01402701],\"r\":[347.8722,26.08622,312.146],\"s\":[0.125,0.125,0.125],\"c\":[1,1,1]}]}]}"}],"serveTime":5}