{"thingDefinitions":[{"id":"5cfef1c340e139062398ce4c","def":"{\"n\":\"myass\",\"v\":9,\"a\":[2,3,14,24,27],\"bod\":{},\"p\":[{\"b\":17,\"s\":[{\"p\":[0,0,0],\"r\":[0,0,0],\"s\":[12.65716,6.882755,0.8037124],\"c\":[1,1,1]}]},{\"b\":174,\"t\":3,\"t1\":18,\"t2\":43,\"s\":[{\"p\":[-17.99787,-3.205639,-1.013502],\"r\":[314.3504,39.37614,283.9354],\"s\":[0.045,0.045,0.04500003],\"c\":[0.9746031,1,0.111111],\"t1\":{\"c\":[0.7777778,0,0],\"x\":0.17,\"y\":0.17,\"a\":0.8925,\"m\":0.5,\"n\":0.5,\"r\":0,\"g\":0,\"o\":0.5,\"t\":0.5,\"e\":0.5},\"t2\":{\"c\":[1,0,0],\"x\":0.5,\"y\":0.5,\"a\":0.8925,\"m\":0,\"n\":0,\"r\":0,\"g\":0,\"o\":0.5,\"t\":0.5,\"e\":0.5}}]},{\"b\":159,\"s\":[{\"p\":[-18.09827,-3.238504,-0.9269228],\"r\":[310.8121,37.18599,286.9662],\"s\":[0.0428369,0.177955,0.04697195],\"c\":[1,1,1]}]}]}"}],"serveTime":5}