{"thingDefinitions":[{"id":"5ba94e2eb529eb09ad3e0a91","def":"{\"v\":7,\"p\":[{\"s\":[{\"p\":[0.1368128,-0.01126008,0.01979096],\"r\":[4.665741,75.72063,262.4077],\"s\":[0.175,0.1750001,0.1750001],\"c\":[1,1,1]}]},{\"b\":14,\"s\":[{\"p\":[0.3381449,-0.02412221,0.08173861],\"r\":[4.99829,75.7729,316.0863],\"s\":[0.06000001,0.06000001,0.06000003],\"c\":[1,1,1]}]},{\"b\":13,\"s\":[{\"p\":[0.5406495,-0.056611,0.1347406],\"r\":[6.09423,74.58853,345.7518],\"s\":[0.06,0.05999999,0.05999999],\"c\":[1,1,1]}]},{\"b\":9,\"s\":[{\"p\":[-0.02218516,0.009504249,-0.01987299],\"r\":[358.1613,6.338748,358.4849],\"s\":[0.1250003,0.1250003,0.1250002],\"c\":[1,1,1]}]}]}"}],"serveTime":7}