{"thingDefinitions":[{"id":"5c227db483f66e6e55340116","def":"{\"v\":7,\"p\":[{\"b\":9,\"s\":[{\"p\":[0,0,0],\"r\":[0,0,0],\"s\":[0.1250001,0.1250001,0.1250001],\"c\":[1,1,1]}]},{\"b\":5,\"s\":[{\"p\":[0.117926,0.02807094,0.01000108],\"r\":[12.9088,264.6991,53.43436],\"s\":[0.1000001,0.1,0.1000001],\"c\":[1,1,1]}]},{\"b\":34,\"s\":[{\"p\":[-0.1722879,-0.03634492,-0.01935495],\"r\":[20.91954,277.9868,127.8905],\"s\":[0.1250003,0.1250002,0.1250002],\"c\":[1,1,1]}]},{\"b\":55,\"s\":[{\"p\":[-0.2043212,-0.2588934,-0.5315015],\"r\":[17.4201,281.4561,17.84998],\"s\":[0.1669628,0.09647989,0.1267899],\"c\":[1,1,1]}]}]}"}],"serveTime":5}