{"thingDefinitions":[{"id":"5beddb659cf82a63f97c18e1","def":"{\"n\":\"ground\",\"v\":7,\"a\":[2,7,12,14,18],\"tp_m\": 0,\"tp_ad\": 0,\"tp_m\": 0,\"tp_ad\": 0,\"tp_lr\": [0,0,1],\"p\":[{\"s\":[{\"p\":[-0.4546268,-0.6094814,-0.9061913],\"r\":[282.592,235.3226,117.19],\"s\":[2499.999,0.175001,2500.001],\"c\":[1,1,1]}]}]}"}],"serveTime":4}