{"thingDefinitions":[{"id":"5b520a2a3052bd0f8331fa4c","def":"{\"v\":5,\"p\":[{\"b\":10,\"s\":[{\"p\":[-0.4269297,-0.2383238,-0.1310943],\"r\":[33.18219,351.4711,315.4514],\"s\":[0.2326851,0.2275102,0.1959926],\"c\":[1,1,1]}]},{\"b\":10,\"s\":[{\"p\":[-0.2077962,-0.1599027,-0.004778147],\"r\":[24.93929,13.07995,311.4235],\"s\":[0.2326856,0.227511,0.1959931],\"c\":[1,1,1]}]},{\"b\":10,\"s\":[{\"p\":[-0.4859121,-0.1949709,-0.07102323],\"r\":[23.5428,343.1584,300.1974],\"s\":[0.2326853,0.2275102,0.1959927],\"c\":[1,1,1]}]},{\"b\":10,\"s\":[{\"p\":[-0.2639613,-0.06367987,-0.1119482],\"r\":[26.52222,327.3856,301.0405],\"s\":[0.1250002,0.1250004,0.1250002],\"c\":[1,1,1]}]}]}"}],"serveTime":4}