{"thingDefinitions":[{"id":"5cafb4f47df7a16377e4b560","def":"{\"n\":\"ground\",\"v\":9,\"a\":[1],\"p\":[{\"b\":17,\"s\":[{\"p\":[0,0,0],\"r\":[0,0,0],\"s\":[3.363346,0.11062,3.201102],\"c\":[0.9019608,0.8509804,0.7215686]}]},{\"b\":11,\"s\":[{\"p\":[-1.290934,1.086665,3.757093],\"r\":[0.8624225,292.6049,118.5696],\"s\":[0.1000001,0.1000002,0.1000002],\"c\":[1,1,1]}]}]}"}],"serveTime":4}