{"thingDefinitions":[{"id":"5b8d914c3b16626013788028","def":"{\"v\":6,\"p\":[{\"s\":[{\"p\":[0,0,0],\"r\":[0,0,0],\"s\":[0.1750002,0.1750003,0.1750003],\"c\":[1,1,1]}]},{\"s\":[{\"p\":[0.2477813,0.03647469,0.02928568],\"r\":[354.8272,19.22625,4.946233],\"s\":[0.1750002,0.1750003,0.1750002],\"c\":[1,1,1]}]}]}"}],"serveTime":6}