{"thingDefinitions":[{"id":"5c0bbedede1983318580ff99","def":"{\"v\":7,\"p\":[{\"s\":[{\"p\":[-0.1220923,0.03683331,-0.2270589],\"r\":[3.548194,24.82817,1.509351],\"s\":[0.1750004,0.1750001,0.1750003],\"c\":[1,1,1]}]},{\"b\":4,\"s\":[{\"p\":[0.0714729,0.04056285,-0.3281357],\"r\":[357.1229,115.7149,305.2577],\"s\":[0.1250001,0.125,0.1250001],\"c\":[1,1,1]}]}]}"}],"serveTime":4}