{"thingDefinitions":[{"id":"5b8de835827d0f1b61670170","def":"{\"v\":6,\"p\":[{\"b\":9,\"s\":[{\"p\":[0,0,0],\"r\":[0,0,0],\"s\":[0.125,0.1533183,0.1250001],\"c\":[1,1,1]}]},{\"b\":76,\"s\":[{\"p\":[0.3436462,0.03683788,-0.04058107],\"r\":[19.4549,6.229433,100.5481],\"s\":[0.07499998,0.07500001,0.075],\"c\":[1,1,1]}]}]}"},{"id":"5b8de857c4fbeb600d7b7cca","def":"{\"v\":6,\"p\":[{\"b\":8,\"s\":[{\"p\":[0,0,0],\"r\":[0,0,0],\"s\":[0.125,0.125,0.125],\"c\":[1,1,1]}]}]}"}],"serveTime":6}