{"thingDefinitions":[{"id":"5e881ddcb3bb396c4a8ebe21","def":"{\"n\":\"ground\",\"v\":9,\"a\":[1],\"p\":[{\"b\":17,\"s\":[{\"p\":[0,0,0],\"r\":[0,0,0],\"s\":[3.363346,0.11062,3.201102],\"c\":[0.9019608,0.8509804,0.7215686]}]}]}"},{"id":"5e8820984380dd0628313729","def":"{\"v\":9,\"p\":[{\"b\":5,\"c\":[[-1.1,-0.4,0.4,27,33],[-1.3,0.2,0.5,25,36]],\"s\":[{\"p\":[-0.009209349,-0.01859748,-0.04504671],\"r\":[358.8247,0.1410701,353.7125],\"s\":[0.1000014,0.1000007,0.1000006],\"c\":[0.6567901,0.1728394,0.7777778]}]},{\"b\":5,\"c\":[[1,0.9,-0.8,14,32],[0.6,1.1,-0.8,16,20],[0.2,1.1,-0.8,18,17],[1.3,0.6,-0.8,6,41],[1.5,0.2,-0.8,2,46],[0.2,1.1,-0.3,17,49],[0.6,1.1,-0.2,15,52],[1,0.9,-0.2,7,61],[1.3,0.5,-0.2,3,66,5],[-0.2,1,-0.8,20,17],[-0.3,1,-0.2,19,46],[-0.5,0.7,-0.8,22,16],[-0.5,0.8,-0.3,21,43],[-0.8,0.4,-0.7,24,15],[-0.8,0.4,-0.3,23,40,14],[-0.8,-0.2,-0.8,26,15],[-0.8,-0.2,-0.3,25,36],[-0.7,-0.6,-0.3,27,33],[-0.6,-0.6,-0.8,28,14,9],[-0.4,-0.9,-0.3,29,30],[-0.3,-0.9,-0.8,30,20,-37,19,8,9,5],[-0.4,-1.1,0.2,31,27],[0.2,0.1,-0.1,62,16,-5,3,-21,20]],\"s\":[{\"p\":[-0.04316676,-0.02317298,0.0772501],\"r\":[359.2388,359.4043,7.207544],\"s\":[0.1000021,0.100001,0.1000008],\"c\":[1,0.9206349,0.4444442]}]}]}"}],"serveTime":6}