{"thingDefinitions":[{"id":"5d9cdb63da6029062c3c97fa","def":"{\"n\":\"ground\",\"v\":9,\"a\":[2,7,9,14,27],\"p\":[{\"s\":[{\"p\":[0,0,0],\"r\":[0,0,0],\"s\":[400.5378,0.2032124,75.91254],\"c\":[0.1111109,0.9238093,1]}]}]}"},{"id":"5d9bf457af03aa0623285802","def":"{\"n\":\"ground\",\"v\":9,\"a\":[2,7,9,14,27],\"p\":[{\"s\":[{\"p\":[0,0,0],\"r\":[0,0,0],\"s\":[400.5378,0.2032124,75.91254],\"c\":[0.6063492,1,0.5555556]}]}]}"}],"serveTime":9}