{"thingDefinitions":[{"id":"5d0d4baa83dcb9062ce7e405","def":"{\"v\":9,\"a\":[7,18],\"p\":[{\"s\":[{\"p\":[0,0,0],\"r\":[0,0,0],\"s\":[56.08931,35.90391,0.0103111],\"c\":[1,1,1]}]}]}"},{"id":"5f7b647e2e39b42a35b1e9be","def":"{\"v\":9,\"p\":[{\"a\":[1],\"s\":[{\"p\":[0,0,0],\"r\":[0,0,0],\"s\":[0.5530227,0.001,0.3818486],\"c\":[1,1,1]}]}]}"}],"serveTime":6}