{"thingDefinitions":[{"id":"5c7f91621a77eb4151f07010","def":"{\"n\":\"pistol\",\"v\":7,\"p\":[{\"s\":[{\"p\":[0,0,0],\"r\":[0,0,0],\"s\":[0.1750001,0.1750002,0.1750001],\"c\":[1,1,1]}]}]}"}],"serveTime":6}