{"thingDefinitions":[{"id":"5d61d9a593d4ca523c955e57","def":"{\"n\":\"ground\",\"v\":9,\"a\":[1],\"p\":[{\"b\":17,\"s\":[{\"p\":[0,0,0],\"r\":[0,0,0],\"s\":[3.363346,0.11062,3.201102],\"c\":[0.9019608,0.8509804,0.7215686]}]},{\"b\":10,\"s\":[{\"p\":[-0.6133723,0.8071994,3.770861],\"r\":[324.0914,116.1736,55.99952],\"s\":[0.1250003,0.1250002,0.1250002],\"c\":[1,1,1]}]}]}"}],"serveTime":4}