{"thingDefinitions":[{"id":"5a980f6970816e13eba3272b","def":"{\"v\":2,\"p\":[{\"b\":16,\"s\":[{\"p\":[0,0,0],\"r\":[0,0,0],\"s\":[0.125,0.125,0.1250001],\"c\":[0,0.4444443,0.1777776]}]},{\"b\":7,\"s\":[{\"p\":[-0.009730261,0.201308,-0.08439513],\"r\":[294.6785,183.6443,181.5039],\"s\":[0.125,0.1250001,0.1250001],\"c\":[0,0.4444443,0.1777776]}]}]}"}],"serveTime":4}