{"thingDefinitions":[{"id":"5c4485b31be34e568a15f15e","def":"{\"v\":7,\"p\":[{\"b\":9,\"s\":[{\"p\":[0,0,0],\"r\":[0,0,4.268868E-07],\"s\":[0.1250001,0.1250001,0.125],\"c\":[1,1,1]}]},{\"b\":9,\"s\":[{\"p\":[0.2064028,0.4132534,0.1890344],\"r\":[306.6107,26.74057,6.646044],\"s\":[0.125,0.125,0.1250001],\"c\":[1,1,1]}]}]}"}],"serveTime":7}