{"thingDefinitions":[{"id":"5e9257fce8554b0c412746b5","def":"{\"v\":9,\"p\":[{\"b\":9,\"s\":[{\"p\":[0,0,0],\"r\":[0,0,0],\"s\":[0.1250002,0.1250001,0.1250001],\"c\":[1,1,1]}]},{\"b\":5,\"s\":[{\"p\":[-0.006326699,0.01076574,-0.01429498],\"r\":[343.7077,280.1309,44.39003],\"s\":[0.1000003,0.1000002,0.1000002],\"c\":[1,1,1]}]},{\"b\":12,\"s\":[{\"p\":[-0.105608,0.0382443,0.004288591],\"r\":[15.44435,100.5033,125.125],\"s\":[0.0600004,0.06000042,0.06000035],\"c\":[1,1,1]}]}]}"}],"serveTime":5}