{"thingDefinitions":[{"id":"5a61256d0d1097f10f505f0d","def":"{\"n\":\"thing\",\"v\":2,\"p\":[{\"b\":6,\"s\":[{\"p\":[0,0,0],\"r\":[0,0,3.415094E-06],\"s\":[0.1250001,0.1250002,0.1250002],\"c\":[1,1,1]}]}]}"}],"serveTime":4}