{"thingDefinitions":[{"id":"5c5e3e83e093ef0550ec5e70","def":"{\"v\":7,\"p\":[{\"s\":[{\"p\":[0,0,0],\"r\":[0,0,0],\"s\":[0.1750001,0.228135,0.3332435],\"c\":[1,1,1]}]}]}"}],"serveTime":4}