{"thingDefinitions":[{"id":"5ae3ac8314756b79d0eff9d5","def":"{\"n\":\"ground\",\"v\":4,\"d\":\" CF\",\"a\":[1],\"p\":[{\"b\":17,\"s\":[{\"p\":[0,0,0],\"r\":[0,0,0],\"s\":[3.363346,0.11062,3.201102],\"c\":[0.9019608,0.8509804,0.7215686]},{\"p\":[0,0,0],\"r\":[0,0,0],\"s\":[3.363346,0.11062,3.201102],\"c\":[0.9019608,0.8509804,0.7215686]},{\"p\":[0,0,0],\"r\":[0,0,0],\"s\":[3.363346,0.11062,3.201102],\"c\":[0.9019608,0.8509804,0.7215686]}]},{\"b\":9,\"s\":[{\"p\":[2.604707,1.139856,-0.3089862],\"r\":[323.7914,69.20415,150.3189],\"s\":[0.1250004,0.1250005,0.1250002],\"c\":[1,1,1]}]}]}"}],"serveTime":5}