{"thingDefinitions":[{"id":"5cabc80967137f0560a91bdf","def":"{\"v\":9,\"p\":[{\"b\":150,\"s\":[{\"p\":[0,0,0],\"r\":[0,0,-3.415095E-06],\"s\":[0.06000038,0.06000046,0.06000022],\"c\":[1,1,1]}]}]}"}],"serveTime":11}