{"thingDefinitions":[{"id":"5b3537a554b34e10a497f172","def":"{\"v\":5,\"p\":[{\"b\":13,\"s\":[{\"p\":[0,0,0],\"r\":[0,0,0],\"s\":[0.06000003,0.06000005,0.06000005],\"c\":[1,1,1]}]}]}"}],"serveTime":6}