{"thingDefinitions":[{"id":"5cae67d0b73a1832759ab7c0","def":"{\"v\":9,\"p\":[{\"s\":[{\"p\":[0,0,0],\"r\":[0,0,8.537735E-07],\"s\":[0.1750006,0.8671931,0.175],\"c\":[1,1,1]}]},{\"s\":[{\"p\":[-0.1634062,-0.08772594,0.1186412],\"r\":[359.2507,341.3761,358.3251],\"s\":[0.1750006,0.867193,0.175],\"c\":[1,1,1]}]}]}"}],"serveTime":5}