{"thingDefinitions":[{"id":"58e8bdb4d086c32e10d66154","def":"{\"n\":\"thing\",\"p\":[{\"s\":[{\"p\":[0,0,0],\"r\":[0,0,4.268868E-07],\"s\":[0.1750001,0.1750001,0.1750001],\"c\":[1,1,1]}]},{\"s\":[{\"p\":[-0.2424856,0.133168,0.199525],\"r\":[341.7638,337.0831,350.0091],\"s\":[0.1750001,0.1750001,0.1750002],\"c\":[1,1,1]}]},{\"s\":[{\"p\":[0.6292253,0.2538023,-0.1755183],\"r\":[352.4385,14.47234,59.47578],\"s\":[0.1750001,0.1750003,0.1750002],\"c\":[1,1,1]}]}]}"}],"serveTime":10}