{"thingDefinitions":[{"id":"5bfdc8aa0c7e4e63ff0b4f0a","def":"{\"v\":7,\"p\":[{\"s\":[{\"p\":[0,0,0],\"r\":[0,0,0],\"s\":[0.1750006,0.1750003,0.1750005],\"c\":[1,1,1]}]},{\"s\":[{\"p\":[0.1733808,-0.007249177,-0.006370455],\"r\":[0.3872531,1.208853,359.7545],\"s\":[0.1750006,0.1750005,0.1750005],\"c\":[1,1,1]}]},{\"b\":9,\"s\":[{\"p\":[0.09622157,0.02267258,0.2123762],\"r\":[17.61369,20.63509,356.1271],\"s\":[0.1250001,0.1250001,0.1250001],\"c\":[1,1,1]}]}]}"}],"serveTime":5}