{"thingDefinitions":[{"id":"5b4602025c99fb5113a1e0e9","def":"{\"v\":5,\"p\":[{\"s\":[{\"p\":[0,0,0],\"r\":[0,0,0],\"s\":[0.8479085,0.2066772,0.6920988],\"c\":[1,1,1]}]},{\"b\":54,\"s\":[{\"p\":[0.2340071,0.06528538,0.05805317],\"r\":[0.8295823,78.91557,356.9641],\"s\":[0.1250002,0.1250002,0.1250003],\"c\":[1,1,1]}]},{\"b\":54,\"s\":[{\"p\":[-0.1457247,0.07588021,0.06734087],\"r\":[3.559712,354.1607,358.6685],\"s\":[0.1250001,0.1250002,0.1250002],\"c\":[1,1,1]}]},{\"b\":44,\"s\":[{\"p\":[0.04616523,0.08618747,-0.1823814],\"r\":[1.349538,273.797,358.2193],\"s\":[0.1250001,0.1250001,0.1250001],\"c\":[1,1,1]}]}]}"}],"serveTime":5}