{"thingDefinitions":[{"id":"5c00ffbbc8f9ed644c7518e2","def":"{\"v\":7,\"a\":[2,4,14,29],\"tp_lp\": [0,0,1],\"p\":[{\"b\":13,\"t\":3,\"s\":[{\"p\":[0.3446195,0.7349688,-0.5758737],\"r\":[344.4774,77.08585,220.5154],\"s\":[0.06000006,0.06000023,0.06000021],\"c\":[0.25679,0.4444443,0.09876534]}]},{\"b\":15,\"s\":[{\"p\":[0.4610189,0.5984541,-0.3071426],\"r\":[11.06649,84.13795,252.7087],\"s\":[0.1250001,0.1250001,0.1250001],\"c\":[0.25679,0.4444443,0.09876534]}]},{\"b\":8,\"s\":[{\"p\":[0.01589161,0.6198595,-0.07117799],\"r\":[302.209,60.06606,346.771],\"s\":[0.1250001,0.1250001,0.1250001],\"c\":[0.25679,0.4444443,0.09876534]}]},{\"b\":171,\"s\":[{\"p\":[0.07227308,0.4785719,-0.6748391],\"r\":[310.7142,142.1323,248.9824],\"s\":[0.04500011,0.04500011,0.04500013],\"c\":[0,0.3999996,1]}]}]}"}],"serveTime":4}