{"thingDefinitions":[{"id":"59c08c884d965eaa13cd3104","def":"{\"n\":\"thing\",\"p\":[{\"s\":[{\"p\":[0,0,0],\"r\":[0,0,2.734743E-07],\"s\":[0.1750003,0.1750003,0.1750002],\"c\":[1,1,1]}]},{\"b\":9,\"s\":[{\"p\":[-0.212435,0.09170172,-0.04857318],\"r\":[353.5474,272.8094,81.57059],\"s\":[0.1250001,0.1250002,0.1250002],\"c\":[1,1,1]}]},{\"b\":9,\"s\":[{\"p\":[-0.2080949,-0.1142279,-0.04013963],\"r\":[30.13633,341.6052,146.4475],\"s\":[0.1250003,0.1250004,0.1250003],\"c\":[1,1,1]}]},{\"b\":125,\"e\":\"JEFF\",\"s\":[{\"p\":[0.1383862,-0.2947719,-0.3328061],\"r\":[43.47548,47.51841,120.3825],\"s\":[0.003000002,0.003000001,0.003000001],\"c\":[1,1,1]}]}]}"}],"serveTime":4}