{"thingDefinitions":[{"id":"5d0c2acc3ec26c100c45d534","def":"{\"n\":\"ground\",\"v\":9,\"a\":[1],\"p\":[{\"b\":17,\"s\":[{\"p\":[0,0,0],\"r\":[0,0,1.334021E-08],\"s\":[3.39061,0.11062,2.128818],\"c\":[0.9019608,0.8509804,0.7215686]}]}]}"}],"serveTime":5}