{"thingDefinitions":[{"id":"5b9c65e031aa4871b6e9704f","def":"{\"v\":6,\"p\":[{\"b\":175,\"s\":[{\"p\":[0,0,0],\"r\":[0,0,1.384047E-07],\"s\":[0.04500002,0.04499998,0.04500008],\"c\":[1,1,1]}]}]}"}],"serveTime":6}