{"thingDefinitions":[{"id":"5b84d103ec439053b9f107e2","def":"{\"v\":6,\"p\":[{\"s\":[{\"p\":[0,0,0],\"r\":[0,0,0],\"s\":[0.175,0.175,0.1750001],\"c\":[1,1,1]}]},{\"b\":17,\"s\":[{\"p\":[0.06274167,0.04544142,0.1372239],\"r\":[16.42962,27.02703,353.5],\"s\":[0.06000001,0.06000001,0.06000003],\"c\":[1,1,1]}]}]}"}],"serveTime":4}