{"thingDefinitions":[{"id":"5a47291f1926cc2510588caa","def":"{\"n\":\"thing\",\"v\":2,\"p\":[{\"b\":9,\"s\":[{\"p\":[0,0,0],\"r\":[0,0,0],\"s\":[0.5505605,0.7843815,0.5155671],\"c\":[1,1,1]}]},{\"b\":75,\"s\":[{\"p\":[0.3872488,1.237431,0.4281758],\"r\":[34.21894,336.8828,138.6781],\"s\":[0.1771586,0.4358993,0.1604589],\"c\":[1,1,1]}]},{\"b\":75,\"s\":[{\"p\":[0.9888769,0.5875856,0.536743],\"r\":[57.28104,45.8151,192.9659],\"s\":[0.1732569,0.4358991,0.204047],\"c\":[0.6285716,0,1]}]},{\"b\":159,\"s\":[{\"p\":[0.8248945,0.4333311,0.3188066],\"r\":[28.83626,306.9884,116.6693],\"s\":[0.08999996,0.09,0.08999993],\"c\":[0.6285716,0,1],\"pr\":{\"c\":[0.5555556,0.5555556,0.5555556],\"m\":0.25,\"a\":0.25,\"s\":0.15,\"z\":0.25,\"g\":0.5,\"h\":0.25}}]}]}"}],"serveTime":4}