{"thingDefinitions":[{"id":"5f398d023c5673630c79cf4b","def":"{\"v\":9,\"a\":[7],\"p\":[{\"s\":[{\"p\":[0,0,0],\"r\":[0,0,0],\"s\":[0.03551926,65.13744,11.52598],\"c\":[1,1,1]}]}]}"}],"serveTime":4}