{"thingDefinitions":[{"id":"58e6ee6f757eca0614a10730","def":"{\"n\":\"island\",\"a\":[7,13,20,21],\"p\":[{\"b\":12,\"a\":[3],\"s\":[{\"p\":[0.04135702,-0.06776934,-0.0128029],\"r\":[1.508214,60.25642,356.379],\"s\":[0.5222136,0.0729837,0.6119757],\"c\":[0.9873015,1,0.5555556]}]},{\"b\":16,\"a\":[3],\"t1\":58,\"s\":[{\"p\":[-0.1215471,-0.02939259,-0.1114866],\"r\":[356.3803,330.3518,358.4888],\"s\":[0.2602323,0.1311477,0.3044892],\"c\":[0.9873015,1,0.5555556],\"t1\":{\"c\":[0.984127,1,0.4444444],\"x\":0.5,\"y\":0.5,\"a\":0.8925,\"m\":0,\"n\":0,\"r\":0,\"g\":0,\"o\":0.5,\"t\":0.5,\"e\":0.5}}]},{\"b\":12,\"t\":7,\"a\":[5],\"s\":[{\"p\":[0.1927967,-0.05334194,-0.04018813],\"r\":[356.3803,330.3518,178.4888],\"s\":[0.7122394,0.1172856,0.5902944],\"c\":[0.5555556,0.9619047,1]}]}]}"}],"serveTime":8}