{"thingDefinitions":[{"id":"5ed76e9fff67107ac92bfd1b","def":"{\"v\":9,\"p\":[{\"b\":191,\"s\":[{\"p\":[0,0,0],\"r\":[0,0,0],\"s\":[0.06000001,0.06000001,0.06000001],\"c\":[1,0.6857142,0]}]},{\"b\":189,\"s\":[{\"p\":[0.006648967,0.1114631,-0.01296945],\"r\":[355.6172,353.6387,359.4131],\"s\":[0.06,0.06000001,0.06],\"c\":[1,0.8571429,0]}]},{\"b\":191,\"s\":[{\"p\":[-0.004250746,-0.1101243,0.0149781],\"r\":[3.71955,356.1819,359.1615],\"s\":[0.06000002,0.05999999,0.06],\"c\":[1,0.5142855,0]}]}]}"},{"id":"5bb55d005a6d541c2cd04e26","def":"{\"v\":7,\"a\":[51],\"p\":[{\"t\":2,\"a\":[29],\"im\":\"938329658124295745/61F66C17A724B97851E212A231162C3937860F37/\",\"s\":[{\"p\":[0,0,0],\"r\":[0,0,0],\"s\":[0.7642493,0.001,0.3821247],\"c\":[1,1,1]}]}]}"}],"serveTime":5}