{"thingDefinitions":[{"id":"5b12003d3f3a8c3bc333d81f","def":"{\"v\":4,\"a\":[2],\"p\":[{\"b\":10,\"s\":[{\"p\":[0,0,0],\"r\":[0,0,0],\"s\":[0.1250001,0.1250001,0.1250001],\"c\":[1,1,1]}]}]}"},{"id":"5b12040119c9df1ec81933a5","def":"{\"v\":4,\"p\":[{\"b\":8,\"s\":[{\"p\":[0.1324865,-0.1505169,0.07028393],\"r\":[17.52021,31.93481,20.46118],\"s\":[0.005,0.005,0.005],\"c\":[1,1,1]}]}]}"},{"id":"5b25976630f81f6fd3e6a388","def":"{\"v\":5,\"p\":[{\"s\":[{\"p\":[0,0,0],\"r\":[0,0,0],\"s\":[0.1750001,0.1750001,0.175],\"c\":[1,1,1]}]}]}"}],"serveTime":28}