{"thingDefinitions":[{"id":"5af916fa9499c036d1e37183","def":"{\"v\":4,\"p\":[{\"b\":10,\"s\":[{\"p\":[0,0,0],\"r\":[0,0,0],\"s\":[0.005,0.1250003,0.4900776],\"c\":[1,1,1]}]}]}"}],"serveTime":4}