{"thingDefinitions":[{"id":"5ad55e124581e5373d507c30","def":"{\"n\":\"xh\",\"v\":3,\"p\":[{\"b\":9,\"s\":[{\"p\":[0,0,0],\"r\":[0,0,1.280661E-06],\"s\":[0.1250002,0.1250001,0.1250001],\"c\":[1,1,1]}]},{\"b\":9,\"s\":[{\"p\":[0.07381904,0.3269039,0.1119663],\"r\":[289.9368,348.1509,16.21531],\"s\":[0.1250002,0.1250001,0.125],\"c\":[1,1,1]}]}]}"}],"serveTime":5}