{"thingDefinitions":[{"id":"5ccef248c468b3176ef896e6","def":"{\"n\":\"ground\",\"v\":9,\"a\":[1],\"p\":[{\"b\":17,\"s\":[{\"p\":[0,0,0],\"r\":[0,0,0],\"s\":[3.363346,0.11062,3.201102],\"c\":[0.9019608,0.8509804,0.7215686]}]},{\"b\":9,\"s\":[{\"p\":[-1.253959,1.833988,0.1687163],\"r\":[357.1286,272.9407,50.95781],\"s\":[0.1250002,0.125,0.1250002],\"c\":[1,1,1]}]},{\"b\":9,\"s\":[{\"p\":[-1.31092,1.888169,-0.2880361],\"r\":[9.86205,235.3622,122.3103],\"s\":[0.1250001,0.125,0.1250001],\"c\":[1,1,1]}]},{\"b\":12,\"s\":[{\"p\":[-0.9888235,0.523745,-0.2095261],\"r\":[9.376234,3.034309,102.7559],\"s\":[0.06000005,0.06000005,0.06000001],\"c\":[1,1,1]}]}]}"}],"serveTime":4}