{"thingDefinitions":[{"id":"5bc159de9b52af54af4cb198","def":"{\"v\":7,\"p\":[{\"s\":[{\"p\":[0,0,0],\"r\":[0,0,0],\"s\":[0.175,0.1750003,0.1750004],\"c\":[1,1,1]}]},{\"b\":32,\"s\":[{\"p\":[-0.1908743,-0.0004198756,-0.008909417],\"r\":[357.134,359.8774,1.090829],\"s\":[0.1250002,0.1250002,0.1250002],\"c\":[1,1,1]}]}]}"}],"serveTime":4}