{"thingDefinitions":[{"id":"5ae8ffaabb166730936a9d77","def":"{\"v\":4,\"p\":[{\"b\":9,\"s\":[{\"p\":[0,0,0],\"r\":[0,0,0],\"s\":[0.125,0.1250001,0.1250001],\"c\":[1,1,1]}]},{\"b\":9,\"s\":[{\"p\":[0.12935,0.05600342,0.07944193],\"r\":[340.505,353.8465,13.39513],\"s\":[0.125,0.1250001,0.1250001],\"c\":[1,1,1]}]},{\"b\":9,\"s\":[{\"p\":[-0.3361382,0.09687985,0.08862807],\"r\":[343.4717,2.239124,328.9539],\"s\":[0.2824768,0.2708757,0.1250001],\"c\":[1,1,1]}]},{\"b\":12,\"s\":[{\"p\":[-0.4941105,0.3800427,-0.1540006],\"r\":[327.1436,225.7268,233.2162],\"s\":[0.1829759,0.1538056,0.402706],\"c\":[1,1,1]}]}]}"}],"serveTime":4}