{"thingDefinitions":[{"id":"5ed54f30956f620ad693db96","def":"{\"v\":9,\"p\":[{\"b\":175,\"s\":[{\"p\":[0,0,0],\"r\":[0,0,6.670106E-08],\"s\":[0.04500005,0.04500014,0.04500012],\"c\":[1,1,1]}]}]}"}],"serveTime":5}