{"thingDefinitions":[{"id":"5dfa7acf9153495bbf2e6890","def":"{\"v\":9,\"p\":[{\"s\":[{\"p\":[0,0,0],\"r\":[0,0,-7.470518E-07],\"s\":[0.1750001,0.175,0.1750001],\"c\":[1,1,1]}]},{\"b\":9,\"s\":[{\"p\":[0.2058649,0.01347208,-0.3272946],\"r\":[32.429,2.992074,29.60702],\"s\":[0.1250001,0.1250001,0.1250001],\"c\":[1,1,1]}]}]}"}],"serveTime":5}