{"thingDefinitions":[{"id":"5d3c47fb2a231f29d3c0f801","def":"{\"v\":9,\"p\":[{\"s\":[{\"p\":[0,0,0],\"r\":[0,8.537735E-07,0],\"s\":[0.1750011,0.1750009,0.1750015],\"c\":[1,1,1]}]}]}"}],"serveTime":6}