{"thingDefinitions":[{"id":"5dd4bbb87bc40e060aea86c2","def":"{\"v\":9,\"p\":[{\"s\":[{\"p\":[0,0,0],\"r\":[0,0,0],\"s\":[0.1750007,1.642871,1.258245],\"c\":[1,1,1],\"b\":[\"when touched then destroy all parts\"]}]}]}"},{"id":"5dd5a7b3abcfff061d6d478f","def":"{\"v\":9,\"a\":[31],\"p\":[{\"b\":17,\"s\":[{\"p\":[0,0,0],\"r\":[0,0,0],\"s\":[1.086167,1.086168,1.086167],\"c\":[0.4444443,0.1989416,0.148148]}]}]}"}],"serveTime":6}