{"thingDefinitions":[{"id":"5d3b406c99c6d62b4a57effc","def":"{\"v\":9,\"p\":[{\"s\":[{\"p\":[0,0,0],\"r\":[0,0,0],\"s\":[0.1750001,0.1750002,0.1750004],\"c\":[1,1,1]}]}]}"}],"serveTime":5}