{"thingDefinitions":[{"id":"5ca3b13d03ae9a25334def3d","def":"{\"n\":\"ground\",\"v\":9,\"a\":[1],\"p\":[{\"b\":17,\"a\":[23],\"i\":[{\"t\":\"000000000000000000000001\",\"p\":[0,0,0],\"r\":[-4.268868E-07,1.590277E-15,-4.268868E-07]}],\"s\":[{\"p\":[0,0,0],\"r\":[0,0,0],\"s\":[3.363346,0.11062,3.201102],\"c\":[0.9019608,0.8509804,0.7215686]}]}]}"}],"serveTime":4}