{"thingDefinitions":[{"id":"5ac177cc8616780ff9e1aa2a","def":"{\"v\":2,\"p\":[{\"s\":[{\"p\":[-0.4720075,0.1087493,-0.4613219],\"r\":[62.76597,39.61486,7.494967],\"s\":[0.1750004,0.1750003,0.1750005],\"c\":[1,1,1]}]},{\"s\":[{\"p\":[-0.4599065,0.1133492,-0.4588766],\"r\":[61.39844,40.07968,14.24616],\"s\":[0.1750003,0.1750003,0.1750005],\"c\":[1,1,1]}]},{\"s\":[{\"p\":[-0.4721072,0.1148987,-0.4637713],\"r\":[63.61789,35.60042,12.88102],\"s\":[0.1750004,0.1750003,0.1750004],\"c\":[1,1,1]}]},{\"s\":[{\"p\":[-0.4430025,0.08737853,-0.4591496],\"r\":[51.05162,54.627,300.0255],\"s\":[0.1750006,0.1750006,0.1750004],\"c\":[1,1,1]}]}]}"}],"serveTime":5}