{"thingDefinitions":[{"id":"5c3b6ead20b56305469e30a9","def":"{\"v\":7,\"p\":[{\"b\":12,\"s\":[{\"p\":[0,0,0],\"r\":[-3.415094E-06,-1.707547E-06,-6.830188E-06],\"s\":[0.06000002,0.06,0.06000004],\"c\":[1,1,1]}]}]}"},{"id":"5c3b747ede19833185810abb","def":"{\"v\":7,\"p\":[{\"s\":[{\"p\":[0,0,0],\"r\":[0,0,0],\"s\":[0.1750003,0.1750002,0.1750001],\"c\":[0.03809522,0.3333332,0]}]}]}"}],"serveTime":5}