{"thingDefinitions":[{"id":"5a5c5e620577d2dd0f00d78b","def":"{\"n\":\"thing\",\"v\":2,\"p\":[{\"b\":9,\"s\":[{\"p\":[0,0,0],\"r\":[0,0,0],\"s\":[0.1250002,0.1250001,0.1250002],\"c\":[1,1,1]}]},{\"b\":9,\"s\":[{\"p\":[0.1375913,-0.09503137,-0.2305068],\"r\":[25.49707,34.06991,13.85955],\"s\":[0.1250001,0.1250001,0.1250001],\"c\":[1,1,1]}]},{\"b\":12,\"s\":[{\"p\":[-0.1435575,0.03164428,-0.08148945],\"r\":[66.71974,308.2919,254.4606],\"s\":[0.06000007,0.06000002,0.06000009],\"c\":[1,1,1]}]},{\"b\":17,\"s\":[{\"p\":[-0.03843735,0.1287548,0.1300593],\"r\":[356.0951,320.2798,29.25589],\"s\":[0.06000004,0.06000005,0.06000004],\"c\":[1,1,1]}]}]}"}],"serveTime":4}