{"thingDefinitions":[{"id":"5b1b2c58aee4b71e3898803b","def":"{\"v\":5,\"a\":[22,31],\"p\":[{\"b\":77,\"s\":[{\"p\":[0,0,0],\"r\":[0,0,0],\"s\":[0.0750313,0.0750499,0.07504203],\"c\":[1,1,1]}]},{\"b\":148,\"s\":[{\"p\":[-0.01359121,-0.09762001,-0.00908725],\"r\":[-1.707547E-06,22.49999,270],\"s\":[0.103392,0.0606304,0.06067056],\"c\":[1,1,1]}]},{\"b\":5,\"s\":[{\"p\":[0.007919363,0.02535987,-0.01109066],\"r\":[90,90.00002,0],\"s\":[0.08816691,0.08816263,0.0881646],\"c\":[1,1,1]}]}]}"}],"serveTime":4}