{"thingDefinitions":[{"id":"5e8781b1e4a4a46c4439b13b","def":"{\"v\":9,\"p\":[{\"b\":3,\"s\":[{\"p\":[0,0,0],\"r\":[0,0,3.201651E-07],\"s\":[0.125,0.1250004,0.1250003],\"c\":[1,1,1]}]}]}"}],"serveTime":4}