{"thingDefinitions":[{"id":"59f5d1f1b3120a311581c690","def":"{\"n\":\"thing\",\"v\":2,\"p\":[{\"b\":12,\"s\":[{\"p\":[0,0,0],\"r\":[0,0,0],\"s\":[0.06000011,0.06000016,0.06000021],\"c\":[1,1,1]}]},{\"b\":12,\"s\":[{\"p\":[-0.04782451,-0.1473355,0.1094608],\"r\":[17.26025,186.2443,341.2502],\"s\":[0.06000015,0.06000009,0.06000018],\"c\":[1,1,1]}]},{\"b\":12,\"s\":[{\"p\":[-0.1081871,-0.03634559,-0.03061642],\"r\":[0.6583717,157.3593,25.54097],\"s\":[0.06000004,0.06000001,0.06000014],\"c\":[1,1,1]}]}]}"}],"serveTime":5}