{"thingDefinitions":[{"id":"5bf2289fc75fcf650fdfb3ee","def":"{\"v\":7,\"p\":[{\"s\":[{\"p\":[0,0,0],\"r\":[5.336085E-07,-7.454424E-16,-1.600825E-07],\"s\":[4.008942,0.1749999,2.885789],\"c\":[1,1,1]}]}]}"}],"serveTime":5}