{"thingDefinitions":[{"id":"59755048b29ebbb113d82a5e","def":"{\"n\":\"y5\",\"a\":[2],\"p\":[{\"b\":9,\"s\":[{\"p\":[0,0,0],\"r\":[0,0,2.134434E-07],\"s\":[0.125,0.125,0.125],\"c\":[1,1,1]}]},{\"b\":11,\"s\":[{\"p\":[2.038139,-3.192767,5.685172],\"r\":[13.39709,3.552349,13.82137],\"s\":[0.125,0.125,0.125],\"c\":[1,1,1]}]},{\"b\":5,\"s\":[{\"p\":[0.2599928,-2.425353,7.614594],\"r\":[338.782,352.826,319.584],\"s\":[0.1250003,0.1250002,0.1250001],\"c\":[1,1,1]}]}]}"},{"id":"597562d439d8639b1330b65d","def":"{\"n\":\"thing\",\"p\":[{\"b\":11,\"s\":[{\"p\":[0,0,0],\"r\":[0,0,-1.707547E-06],\"s\":[0.1250001,0.125,0.1250001],\"c\":[1,1,1]}]}]}"}],"serveTime":9}