{"thingDefinitions":[{"id":"5ca92f6983de1b7d8460b08a","def":"{\"v\":9,\"a\":[2,12],\"tp_d\": 8,\"tp_d\": 8,\"tp_lr\": [1,0,0],\"p\":[{\"b\":14,\"s\":[{\"p\":[0.02074069,-0.01795462,0.06167306],\"r\":[282.9093,274.7382,42.61655],\"s\":[0.0600002,0.06000062,0.06000062],\"c\":[1,0.5142855,0]}]},{\"b\":175,\"s\":[{\"p\":[-6.360848,-1.668075,-2.782817],\"r\":[337.892,216.187,199.6021],\"s\":[0.04500011,0.04500002,0.0450001],\"c\":[0.2857141,1,0]}]},{\"b\":152,\"s\":[{\"p\":[-5.451312,-1.485563,-2.360648],\"r\":[8.627946,130.7257,233.4816],\"s\":[0.04000011,0.04000013,0.04000016],\"c\":[1,1,1]}]}]}"}],"serveTime":4}