{"thingDefinitions":[{"id":"580bd54b4dd7374913f80d9f","def":"{\"n\":\"ground\",\"a\":[1],\"p\":[{\"b\":17,\"s\":[{\"p\":[0,0,0],\"r\":[0,0,0],\"s\":[3.363346,0.11062,3.201102],\"c\":[0,0.3999994,1]}]},{\"b\":14,\"s\":[{\"p\":[-1.555181,1.152797,1.624388],\"r\":[327.2444,337.1147,319.9683],\"s\":[0.06000003,0.06000007,0.06000008],\"c\":[0,0.3999994,1]}]}]}"}],"serveTime":4}