{"thingDefinitions":[{"id":"59e8a981b688a6c013e15159","def":"{\"n\":\"thing\",\"v\":2,\"p\":[{\"b\":10,\"s\":[{\"p\":[0,0,0],\"r\":[0,0,8.537738E-07],\"s\":[0.1250002,0.1250001,0.1250001],\"c\":[1,1,1]}]},{\"b\":9,\"s\":[{\"p\":[-0.1542373,-0.1064418,-0.1764416],\"r\":[10.37172,305.9519,9.062085],\"s\":[0.1250002,0.1250002,0.1250002],\"c\":[1,1,1]}]},{\"b\":78,\"s\":[{\"p\":[-0.1716104,0.0442332,-0.2157484],\"r\":[352.3967,309.4922,21.57517],\"s\":[0.07500014,0.07500006,0.07500006],\"c\":[1,1,1]}]},{\"b\":88,\"s\":[{\"p\":[0.01576383,0.04363236,-0.3146722],\"r\":[335.2394,40.7593,352.8819],\"s\":[0.1250002,0.1250002,0.1250003],\"c\":[1,1,1]}]}]}"}],"serveTime":5}