{"thingDefinitions":[{"id":"59b6c808d614cabc134d4c3a","def":"{\"n\":\"thing\",\"p\":[{\"b\":5,\"t\":5,\"s\":[{\"p\":[0,0,0],\"r\":[0,0,0],\"s\":[1.127436,0.1449196,0.07929882],\"c\":[0.9936507,1,0.7777778]}]}]}"}],"serveTime":4}