{"thingDefinitions":[{"id":"5c55dc6e9d5144109ef0f19c","def":"{\"v\":7,\"p\":[{\"s\":[{\"p\":[0,0,0],\"r\":[0,0,0],\"s\":[0.04072171,0.03724586,0.1778262],\"c\":[1,1,1]}]},{\"s\":[{\"p\":[-0.003562659,-0.07003764,0.07422902],\"r\":[271.1369,108.7655,247.3938],\"s\":[0.04072177,0.03724614,0.1778274],\"c\":[1,1,1]}]}]}"}],"serveTime":5}