{"thingDefinitions":[{"id":"5f0b3e5d7baa6e7e9aaa4981","def":"{\"n\":\"ground\",\"v\":9,\"a\":[1],\"p\":[{\"b\":17,\"s\":[{\"p\":[0,0,0],\"r\":[0,0,0],\"s\":[3.363346,0.1106201,3.201103],\"c\":[0.9019608,0.8509804,0.7215686]}]}]}"}],"serveTime":5}