{"thingDefinitions":[{"id":"5a88c51924f8cdc61375b8f0","def":"{\"n\":\"ground\",\"v\":3,\"a\":[1],\"p\":[{\"b\":17,\"s\":[{\"p\":[0,0,0],\"r\":[0,0,0],\"s\":[1.927043,0.1158935,1.830822],\"c\":[0.9019608,0.8509804,0.7215686]}]}]}"},{"id":"5a88c8162dc5cf91134fc9db","def":"{\"v\":2,\"p\":[{\"b\":3,\"t1\":162,\"s\":[{\"p\":[0,0,0],\"r\":[0,0,0],\"s\":[0.2217202,0.00500002,0.005000039],\"c\":[1,0,0.3428572],\"t1\":{\"c\":[1,0,0],\"x\":0.5,\"y\":0.5,\"a\":0.8925,\"m\":0,\"n\":0,\"r\":0,\"g\":0,\"o\":0.5,\"t\":0.5,\"e\":0.5}}]}]}"}],"serveTime":5}