{"thingDefinitions":[{"id":"5b6b5f33021a7020772cb024","def":"{\"n\":\"ground\",\"v\":6,\"a\":[1],\"p\":[{\"b\":17,\"s\":[{\"p\":[0,0,0],\"r\":[0,0,0],\"s\":[10.48097,0.11062,11.89253],\"c\":[0.9019608,0.8509804,0.7215686]}]}]}"}],"serveTime":4}