{"thingDefinitions":[{"id":"5ec1d67e371b7448dd352025","def":"{\"v\":9,\"a\":[2],\"p\":[{\"b\":5,\"s\":[{\"p\":[0,0,0],\"r\":[0,0,0],\"s\":[0.02681288,0.02633926,0.1532918],\"c\":[1,1,1]}]},{\"b\":34,\"s\":[{\"p\":[0.04970142,0.04377181,0.03089966],\"r\":[323.2187,91.08977,358.8882],\"s\":[0.04698494,0.03105721,0.04584885],\"c\":[1,1,1]}]},{\"b\":34,\"s\":[{\"p\":[-0.9203014,0.1451346,0.2591209],\"r\":[80.9734,81.06414,329.2159],\"s\":[0.04698498,0.03105724,0.04584888],\"c\":[1,1,1]}]},{\"b\":34,\"s\":[{\"p\":[0.0461137,0.04113225,-0.02497678],\"r\":[0.8114274,188.0019,311.6423],\"s\":[0.04698513,0.03105725,0.04584893],\"c\":[1,1,1]}]}]}"}],"serveTime":10}