{"thingDefinitions":[{"id":"5d3ae5a901055129cdd86160","def":"{\"v\":9,\"p\":[{\"s\":[{\"p\":[-0.09494933,0.1520279,-0.6861664],\"r\":[65.08626,355.7191,347.1178],\"s\":[0.1750007,0.1750008,0.1750009],\"c\":[1,1,1]}]},{\"s\":[{\"p\":[-0.0338668,-0.04201479,-0.1038969],\"r\":[7.541766,8.259618,0.4319828],\"s\":[0.1638021,0.175001,0.2283119],\"c\":[1,1,1]}]},{\"s\":[{\"p\":[0.02533515,-0.007077128,-0.3791918],\"r\":[336.458,120.4338,53.32957],\"s\":[0.4496431,0.1944725,0.2651731],\"c\":[1,1,1]}]}]}"}],"serveTime":4}