{"thingDefinitions":[{"id":"5af5785406a9ae055b3bcae2","def":"{\"v\":4,\"p\":[{\"s\":[{\"p\":[0,0,0],\"r\":[0,0,0],\"s\":[0.1750002,0.175,0.175],\"c\":[1,1,1]}]},{\"s\":[{\"p\":[0.003289635,0.001765546,0.003394973],\"r\":[86.46343,29.6769,34.39953],\"s\":[0.1750001,0.1750001,0.175],\"c\":[1,1,1]}]}]}"}],"serveTime":5}