{"thingDefinitions":[{"id":"582871921a161afa1368eb6d","def":"{\"n\":\"thing\",\"p\":[{\"b\":9,\"s\":[{\"p\":[-0.5819092,0.4111049,1.960635],\"r\":[20.34545,143.5812,353.3872],\"s\":[2.224042,2.428327,1.707409],\"c\":[1,1,1]}]}]}"}],"serveTime":4}