{"thingDefinitions":[{"id":"5c7343a3f03400055d90a357","def":"{\"v\":7,\"p\":[{\"b\":3,\"s\":[{\"p\":[0,0,0],\"r\":[0,0,0],\"s\":[0.2787939,0.125,0.2571813],\"c\":[1,1,1]}]},{\"b\":54,\"s\":[{\"p\":[-0.3045907,0.1343814,0.2423274],\"r\":[319.4041,337.1526,4.087383],\"s\":[0.1250006,0.1250004,0.1250003],\"c\":[1,1,1]}]},{\"b\":51,\"s\":[{\"p\":[-0.2320622,0.1403022,0.1596757],\"r\":[15.21579,230.9477,35.4893],\"s\":[0.1250001,0.1250001,0.1250001],\"c\":[1,1,1]}]}]}"}],"serveTime":4}