{"thingDefinitions":[{"id":"5a215ff9003dfa2f26431f82","def":"{\"n\":\"thing\",\"v\":3,\"a\":[2,7,18],\"p\":[{\"t\":2,\"t1\":156,\"s\":[{\"p\":[-7.275099E-07,-5.098338,1.174212E-05],\"r\":[0,0,-1.001791E-05],\"s\":[150,10.3375,150],\"c\":[0.1142856,1,0],\"t1\":{\"c\":[0,0,0],\"x\":0.01809207,\"y\":0.01920461,\"a\":1,\"m\":0,\"n\":0,\"r\":0,\"g\":0,\"o\":0.5,\"t\":0.5,\"e\":0.5}}]}]}"}],"serveTime":5}