{"thingDefinitions":[{"id":"5c8ea5794305df6d4c382d80","def":"{\"v\":7,\"p\":[{\"b\":9,\"s\":[{\"p\":[0,0,0],\"r\":[0,0,0],\"s\":[0.1250004,0.1250007,0.1250007],\"c\":[1,1,1]}]},{\"b\":145,\"s\":[{\"p\":[0.05336419,0.2980943,0.2321739],\"r\":[316.7319,209.196,44.58165],\"s\":[0.09000032,0.09000043,0.09000031],\"c\":[1,1,1]}]},{\"b\":145,\"s\":[{\"p\":[-0.1939697,0.4732453,-0.05657385],\"r\":[321.8925,90.56665,102.0878],\"s\":[0.09000032,0.09000039,0.09000032],\"c\":[1,1,1]}]}]}"}],"serveTime":5}