{"thingDefinitions":[{"id":"5a31bf4709223c8c1361a60f","def":"{\"n\":\"ground\",\"v\":3,\"a\":[1,7,18],\"p\":[{\"b\":17,\"s\":[{\"p\":[0,0,0],\"r\":[0,0,0],\"s\":[3.363346,0.11062,3.201102],\"c\":[0.9019608,0.8509804,0.7215686]}]}]}"}],"serveTime":4}