{"thingDefinitions":[{"id":"5ba7e548510cb966cb568286","def":"{\"n\":\"try\",\"v\":7,\"a\":[2],\"p\":[{\"b\":9,\"s\":[{\"p\":[0,0,0],\"r\":[0,0,1.707547E-06],\"s\":[0.125,0.125,0.125],\"c\":[1,1,1]}]},{\"b\":10,\"s\":[{\"p\":[-0.3657904,-0.104251,0.2810333],\"r\":[352.9265,0.637425,342.2771],\"s\":[0.1250002,0.1250003,0.1250004],\"c\":[1,1,1]}]}]}"}],"serveTime":4}