{"thingDefinitions":[{"id":"5d9369f0309ea4392c5a821c","def":"{\"n\":\"ground\",\"v\":9,\"a\":[1],\"p\":[{\"b\":17,\"s\":[{\"p\":[0,0,0],\"r\":[0,0,0],\"s\":[3.363346,0.11062,3.201102],\"c\":[0.9019608,0.8509804,0.7215686]}]}]}"},{"id":"5d936a26c37a927fec8c8c3d","def":"{\"v\":9,\"p\":[{\"b\":2,\"s\":[{\"p\":[-0.3671823,-0.02183849,0.04207352],\"r\":[330.7571,11.77329,327.0213],\"s\":[0.125,0.125,0.125],\"c\":[0.2857141,0,1]}]},{\"b\":2,\"s\":[{\"p\":[0.01006522,-0.0007673204,0.1421265],\"r\":[327.0914,27.19373,335.8152],\"s\":[0.125,0.1250001,0.1250001],\"c\":[0.2857141,0,1]}]}]}"}],"serveTime":5}