{"thingDefinitions":[{"id":"5ec983a213219506255170b0","def":"{\"n\":\"loll\",\"v\":9,\"p\":[{\"b\":2,\"s\":[{\"p\":[0.2471869,0.2586325,0.1811157],\"r\":[319.5561,12.64025,28.44928],\"s\":[0.1250004,0.1250004,0.1250005],\"c\":[1,1,1]}]},{\"b\":2,\"s\":[{\"p\":[0.286561,0.1673992,-0.08340184],\"r\":[355.6788,186.4542,312.3216],\"s\":[0.1582582,0.1250012,0.131957],\"c\":[1,1,1]}]}]}"}],"serveTime":5}