{"thingDefinitions":[{"id":"5ceda732516cae604dbb2a98","def":"{\"n\":\"ground\",\"v\":9,\"a\":[1],\"p\":[{\"s\":[{\"p\":[0.3120573,1.527185,4.187181],\"r\":[1.680613,199.2986,113.8613],\"s\":[0.1750004,0.1750009,0.175001],\"c\":[1,1,1]}]}]}"}],"serveTime":4}