{"thingDefinitions":[{"id":"5f3b2cb03c5673630c79cfac","def":"{\"n\":\"headv1\",\"v\":9,\"p\":[{\"b\":250,\"t\":1,\"t1\":10,\"s\":[{\"p\":[0.07320089,-0.01385422,0.02047631],\"r\":[4.571392,0.2565818,354.5124],\"s\":[0.2216577,0.2216754,0.2216646],\"c\":[0,1,1],\"t1\":{\"c\":[0.1234567,0.2222221,0.5555556],\"a\":0}}]},{\"b\":5,\"t\":20,\"a\":[32,33],\"s\":[{\"p\":[0.02395209,0.08550559,0.05663602],\"r\":[271.9258,358.2764,32.56768],\"s\":[0.01220264,0.02792209,0.01221493],\"c\":[0,0,0]}]},{\"b\":250,\"t\":7,\"t1\":10,\"s\":[{\"p\":[0.07186589,-0.01049724,0.02500518],\"r\":[332.2652,18.45474,72.19436],\"s\":[0.2790988,0.2589683,0.2715088],\"c\":[0.5555556,0.2310404,0.06172827],\"t1\":{\"c\":[0.1234567,0.2222221,0.5555556],\"a\":0}}]},{\"b\":5,\"t\":20,\"a\":[32,33],\"s\":[{\"p\":[0.09162167,0.1101987,0.01502571],\"r\":[283.7772,128.4473,263.8503],\"s\":[0.01220267,0.02791809,0.0122132],\"c\":[0,0,0]}]}]}"}],"serveTime":4}