{"thingDefinitions":[{"id":"5e62d2b3f7a5a87a84a27f84","def":"{\"n\":\"ground\",\"v\":9,\"a\":[1],\"p\":[{\"b\":17,\"a\":[1,4,27,5,35],\"s\":[{\"p\":[0,0,0],\"r\":[0,0,0],\"s\":[3.363346,0.11062,3.201102],\"c\":[0.6049383,0.7777778,0.7777778]},{\"p\":[0,0,0],\"r\":[0,0,0],\"s\":[3.363346,0.11062,3.201102],\"c\":[0.9019608,0.8509804,0.7215686]}]},{\"b\":9,\"t\":3,\"s\":[{\"p\":[-1.907825,1.359281,0.8349507],\"r\":[1.430776,246.2324,58.86304],\"s\":[0.1250002,0.1250001,0.1250003],\"c\":[0,1,0.5714287]}]},{\"b\":3,\"t\":3,\"s\":[{\"p\":[-1.747468,1.372004,0.6862103],\"r\":[3.075794,212.1993,65.23981],\"s\":[0.1250002,0.1250001,0.1250003],\"c\":[1,0.1714285,0]}]}]}"}],"serveTime":5}