{"thingDefinitions":[{"id":"5bf63eaf2e8e60054c135352","def":"{\"v\":7,\"p\":[{\"b\":10,\"s\":[{\"p\":[0,0,0],\"r\":[0,0,8.537735E-07],\"s\":[0.1250001,0.1250002,0.1250001],\"c\":[1,1,1]}]},{\"b\":2,\"s\":[{\"p\":[-0.07788835,0.02142869,0.0922583],\"r\":[347.9285,309.3421,45.54162],\"s\":[0.125,0.1250001,0.1250001],\"c\":[1,1,1]}]},{\"b\":197,\"s\":[{\"p\":[0.07078085,0.06093119,-0.008427529],\"r\":[292.396,166.587,102.1097],\"s\":[0.06000002,0.06000007,0.06000006],\"c\":[1,1,1]}]}]}"}],"serveTime":4}