{"thingDefinitions":[{"id":"5ccca20aa397673aa0965d7a","def":"{\"v\":9,\"p\":[{\"b\":12,\"s\":[{\"p\":[0,0,0],\"r\":[0,0,-8.537737E-07],\"s\":[0.06000033,0.06000017,0.06000033],\"c\":[1,1,1]}]},{\"b\":3,\"s\":[{\"p\":[0.01060294,0.01922561,0.004409187],\"r\":[299.5131,13.97139,352.732],\"s\":[0.1250001,0.1250001,0.125],\"c\":[1,1,1]}]}]}"}],"serveTime":4}