{"thingDefinitions":[{"id":"5b91c7d324aaf4267242c7cc","def":"{\"v\":6,\"p\":[{\"s\":[{\"p\":[0,0,0],\"r\":[0,0,0],\"s\":[0.01845314,0.2205612,0.02796927],\"c\":[1,1,1]}]}]}"}],"serveTime":5}