{"thingDefinitions":[{"id":"5a3ea3c4c2dd2035108ecd5d","def":"{\"n\":\"ground\",\"v\":3,\"a\":[1],\"p\":[{\"b\":17,\"s\":[{\"p\":[0,0,0],\"r\":[0,0,0],\"s\":[150,0.11062,150],\"c\":[0.9019608,0.8509804,0.7215686]}]}]}"},{"id":"5a3ea9ebf4ce34a61344593d","def":"{\"n\":\"thing\",\"v\":2,\"p\":[{\"b\":13,\"s\":[{\"p\":[4.591098,2.064162,1.371488],\"r\":[357.3068,357.6818,276.7783],\"s\":[0.06,0.06000004,0.06000003],\"c\":[1,1,1],\"b\":[\"when touched then tell any pressed \"]}]},{\"b\":14,\"s\":[{\"p\":[0,0,0],\"r\":[0,0,0],\"s\":[9.2375,9.586139,9.834424],\"c\":[0,0,0],\"b\":[\"when told by any pressed then become 2 in 10\"]},{\"p\":[4.590373,2.067439,1.483078],\"r\":[356.5081,3.522256,4.47187],\"s\":[0.04179241,0.04609675,0.03191665],\"c\":[0,0,0],\"b\":[\"when touched then become 1 in 10\"]}]}]}"}],"serveTime":6}