{"thingDefinitions":[{"id":"5caa9b252666825b797ac41a","def":"{\"v\":9,\"p\":[{\"s\":[{\"p\":[0,0,0],\"r\":[0,0,0],\"s\":[0.1750001,0.1750002,0.1750001],\"c\":[1,1,1]}]}]}"},{"id":"5caa9bfc0d820c7d8a9ad4e7","def":"{\"v\":9,\"a\":[1,2,4,48],\"p\":[{\"s\":[{\"p\":[0,0,0],\"r\":[0,0,0],\"s\":[0.1750001,0.1750002,0.1750001],\"c\":[1,1,1]}]}]}"}],"serveTime":6}