{"thingDefinitions":[{"id":"5d86c6e3a1cf1e392b56acdf","def":"{\"n\":\"i\",\"v\":9,\"p\":[{\"b\":10,\"s\":[{\"p\":[0.2655938,-0.3904612,-0.5255505],\"r\":[66.92417,320.6245,84.48226],\"s\":[0.1250001,0.125,0.1250001],\"c\":[1,1,1]}]},{\"b\":10,\"s\":[{\"p\":[-0.2281173,-0.07169622,-0.1113027],\"r\":[20.10584,34.44884,321.6688],\"s\":[0.125,0.1250001,0.125],\"c\":[1,1,1]}]},{\"b\":9,\"s\":[{\"p\":[0.03145632,0.08245301,0.04538827],\"r\":[53.63877,69.60458,291.7228],\"s\":[0.1250004,0.1250004,0.1250002],\"c\":[1,1,1]}]},{\"b\":9,\"s\":[{\"p\":[-0.1789197,-0.2823238,-0.4074022],\"r\":[31.18673,74.69483,12.25908],\"s\":[0.1250006,0.1250004,0.1250003],\"c\":[1,1,1]}]}]}"}],"serveTime":4}