{"thingDefinitions":[{"id":"5bdb21ce627be505e4fbce9e","def":"{\"v\":7,\"p\":[{\"s\":[{\"p\":[0,0,0],\"r\":[0,0,0],\"s\":[0.1750012,0.1750006,0.1750012],\"c\":[1,1,1]}]},{\"b\":10,\"s\":[{\"p\":[-0.08822895,0.1006097,0.1154931],\"r\":[332.7173,343.7062,26.60022],\"s\":[0.1250003,0.1250002,0.1250003],\"c\":[1,1,1]}]},{\"b\":10,\"s\":[{\"p\":[-0.1199617,-0.09795247,0.1328804],\"r\":[355.8661,324.6018,59.02324],\"s\":[0.1250004,0.1250002,0.1250005],\"c\":[1,1,1]}]},{\"b\":14,\"s\":[{\"p\":[0.1658326,0.07303445,-0.27197],\"r\":[17.936,294.6879,54.96706],\"s\":[0.06000009,0.06000007,0.06000008],\"c\":[1,1,1]}]}]}"}],"serveTime":4}