{"thingDefinitions":[{"id":"5c99c0882b58b94a53e756b5","def":"{\"v\":9,\"a\":[2],\"p\":[{\"b\":14,\"s\":[{\"p\":[0,0,0],\"r\":[0,0,-4.268868E-07],\"s\":[0.06000001,0.06000004,0.06000004],\"c\":[1,1,1]}]},{\"b\":12,\"s\":[{\"p\":[-0.001413282,0.02499487,-0.1847609],\"r\":[84.13409,79.25806,80.77277],\"s\":[0.06,0.06000002,0.06000001],\"c\":[1,1,1]}]}]}"}],"serveTime":6}