{"thingDefinitions":[{"id":"58d6d642e0b8b62810111556","def":"{\"n\":\"thing\",\"p\":[{\"s\":[{\"p\":[0,0,0],\"r\":[0,0,0],\"s\":[0.3892635,1.775858,1.096457],\"c\":[1,1,1]}]},{\"s\":[{\"p\":[0.8676226,1.714283,0.2126154],\"r\":[349.3857,348.6323,78.50446],\"s\":[0.7368723,1.781723,150],\"c\":[1,1,1]}]},{\"b\":3,\"s\":[{\"p\":[-0.4128156,-1.653289,5.851177],\"r\":[352.5903,54.43911,41.93776],\"s\":[0.5633927,0.7647433,0.7728324],\"c\":[1,1,1]}]},{\"b\":3,\"s\":[{\"p\":[1.603462,-31.14144,1.556394],\"r\":[298.0317,2.510398,180.2313],\"s\":[0.5811805,0.7647432,20.83836],\"c\":[1,1,1]}]}]}"}],"serveTime":4}