{"thingDefinitions":[{"id":"5ab60e73425c7e139db1c9cb","def":"{\"v\":2,\"p\":[{\"s\":[{\"p\":[0,0,0],\"r\":[0,0,0],\"s\":[0.1750001,0.1750001,0.1750001],\"c\":[1,1,1]}]}]}"},{"id":"5ab60fa7993081138b1db3cc","def":"{\"v\":2,\"p\":[{\"t\":1,\"pr\":3,\"s\":[{\"p\":[0,0,0],\"r\":[0,0,0],\"s\":[1.012562,0.7026526,0.175],\"c\":[0,0,0],\"pr\":{\"c\":[1,1,1],\"m\":0.25,\"a\":0.25,\"s\":0.15,\"z\":0.25,\"g\":0.5,\"h\":0.25}}]},{\"b\":13,\"s\":[{\"p\":[-0.05379957,0.212232,1.127591],\"r\":[51.30575,255.3278,192.0762],\"s\":[0.06000017,0.1119789,0.06000016],\"c\":[1,1,1]}]},{\"b\":136,\"e\":\"MJOLNIR\",\"s\":[{\"p\":[-0.03270754,0.3314804,1.140051],\"r\":[46.9819,259.2953,287.4114],\"s\":[0.003000011,0.003000002,0.00300001],\"c\":[1,1,1],\"b\":[\"when touched then emit [lightning with 100]\"]}]}]}"}],"serveTime":6}