{"thingDefinitions":[{"id":"5f405a71ca2cba6312e87363","def":"{\"v\":9,\"p\":[{\"b\":4,\"s\":[{\"p\":[0,0,0],\"r\":[0,0,0],\"s\":[0.2478531,0.6776942,0.1250001],\"c\":[1,1,1]}]}]}"}],"serveTime":3}