{"thingDefinitions":[{"id":"5c863185251b21055a804839","def":"{\"n\":\"ground\",\"v\":7,\"a\":[1],\"p\":[{\"b\":17,\"s\":[{\"p\":[0,0,0],\"r\":[0,0,0],\"s\":[3.363346,0.11062,3.201102],\"c\":[0.9019608,0.8509804,0.7215686],\"b\":[\"when triggered then \"]},{\"p\":[0,0,0],\"r\":[0,0,0],\"s\":[3.363346,0.11062,3.201102],\"c\":[0.9019608,0.8509804,0.7215686]},{\"p\":[0,0,0],\"r\":[0,0,0],\"s\":[3.363346,0.11062,3.201102],\"c\":[0.9019608,0.8509804,0.7215686]}]},{\"s\":[{\"p\":[1.061985,1.065736,-0.4007487],\"r\":[341.3262,71.00013,1.754088],\"s\":[0.1750003,0.1750002,0.1750001],\"c\":[1,1,1]}]}]}"}],"serveTime":4}