{"thingDefinitions":[{"id":"5be9ce094d8a4828782d0c74","def":"{\"v\":7,\"a\":[2,21],\"p\":[{\"b\":9,\"s\":[{\"p\":[-0.04207749,-0.203538,-0.2640381],\"r\":[52.71205,283.2115,11.32037],\"s\":[0.2183712,0.2183711,0.2183711],\"c\":[1,1,1]}]},{\"b\":9,\"s\":[{\"p\":[0.02601436,-0.08627227,-0.1512009],\"r\":[28.87652,40.80996,342.8438],\"s\":[0.1250002,0.1250001,0.1250001],\"c\":[1,1,1]}]},{\"b\":9,\"s\":[{\"p\":[0.1543291,-0.1205681,-0.3033634],\"r\":[30.46284,49.10787,19.79831],\"s\":[0.1250005,0.1250003,0.1250002],\"c\":[1,1,1]}]},{\"b\":9,\"s\":[{\"p\":[-0.2275719,0.3419423,0.07861011],\"r\":[53.55361,17.69098,294.2215],\"s\":[0.1250006,0.1250004,0.1250002],\"c\":[1,1,1]}]}]}"}],"serveTime":4}