{"thingDefinitions":[{"id":"5b0db8e956788563c8059b90","def":"{\"v\":4,\"p\":[{\"s\":[{\"p\":[0,0,0],\"r\":[0,0,0],\"s\":[0.1750005,0.1750004,0.1750004],\"c\":[1,1,1]}]},{\"s\":[{\"p\":[0.06346682,0.3695571,-0.3414522],\"r\":[293.9071,37.84818,315.4695],\"s\":[0.1750004,0.1750003,0.1750003],\"c\":[1,1,1]}]}]}"}],"serveTime":4}