{"thingDefinitions":[{"id":"5a6b4ec3af9656ea0f761a04","def":"{\"n\":\"thing\",\"v\":2,\"p\":[{\"b\":12,\"s\":[{\"p\":[0,0,0],\"r\":[0,0,0],\"s\":[0.06000003,0.06000002,0.06000001],\"c\":[1,1,1]}]}]}"},{"id":"5a6b4f583a81909f13634601","def":"{\"n\":\"thing\",\"v\":2,\"a\":[7,18,21],\"p\":[{\"t\":3,\"s\":[{\"p\":[0,0,0],\"r\":[0,0,-6.157171E-14],\"s\":[0.1750121,0.1750143,0.1750065],\"c\":[0.8888889,0.4345677,0.1975307]}]},{\"b\":9,\"s\":[{\"p\":[-0.3694824,0.0118936,0.1451916],\"r\":[2.219812E-05,89.99998,270],\"s\":[0.1250032,0.1250024,0.1250032],\"c\":[1,1,1]}]}]}"}],"serveTime":5}