{"thingDefinitions":[{"id":"5ea461086871610c8ecb3e80","def":"{\"n\":\"ground\",\"v\":9,\"a\":[1],\"p\":[{\"b\":17,\"s\":[{\"p\":[0,0,0],\"r\":[0,0,0],\"s\":[3.385863,0.1106201,3.201103],\"c\":[0.9019608,0.8509804,0.7215686]}]},{\"b\":161,\"s\":[{\"p\":[1.026257,1.636787,1.681788],\"r\":[33.58293,294.2494,332.9326],\"s\":[0.1040089,0.09687804,0.1],\"c\":[1,1,1]}]}]}"}],"serveTime":4}