{"thingDefinitions":[{"id":"5d4bf2464e3a0d2b3799e767","def":"{\"v\":9,\"p\":[{\"s\":[{\"p\":[0,0,0],\"r\":[0,0,-1.067217E-06],\"s\":[0.1750001,0.1750001,0.1750001],\"c\":[1,1,1]}]}]}"},{"id":"5d713027309ea4392c5a74df","def":"{\"v\":9,\"p\":[{\"s\":[{\"p\":[0,0,0],\"r\":[0,0,0],\"s\":[0.1750003,0.1750003,0.1750008],\"c\":[1,0,0.5142855]}]}]}"},{"id":"5d4aeb619239ee21b7a9f2ed","def":"{\"v\":9,\"p\":[{\"b\":3,\"s\":[{\"p\":[0,0,0],\"r\":[0,0,1.734227E-07],\"s\":[0.4007342,6.327114,4.253304],\"c\":[1,1,1]}]},{\"b\":3,\"s\":[{\"p\":[0.2462345,-1.250133,0.4802464],\"r\":[312.4758,207.9501,155.4692],\"s\":[0.4007347,6.327125,4.253311],\"c\":[1,1,1]}]}]}"}],"serveTime":9}