{"thingDefinitions":[{"id":"5b78121297b4b06c5e7cd346","def":"{\"v\":6,\"p\":[{\"b\":9,\"s\":[{\"p\":[0,0,0],\"r\":[0,0,-8.537737E-07],\"s\":[0.125,0.125,0.125],\"c\":[1,1,1]}]},{\"b\":9,\"s\":[{\"p\":[-0.2101277,-0.03198387,-0.2544983],\"r\":[7.834968,291.2386,1.998557],\"s\":[0.125,0.1250001,0.125],\"c\":[1,1,1]}]},{\"b\":9,\"s\":[{\"p\":[-0.321288,0.0519919,-0.4156739],\"r\":[351.1142,297.0427,332.9377],\"s\":[0.1250002,0.1250003,0.1250003],\"c\":[1,1,1]}]},{\"b\":9,\"s\":[{\"p\":[-0.2040335,0.2608035,-0.03514118],\"r\":[328.5139,333.441,335.9037],\"s\":[0.1250002,0.1250003,0.1250003],\"c\":[1,1,1]}]}]}"}],"serveTime":6}