{"thingDefinitions":[{"id":"5bd1c36a8b6b1605716fc949","def":"{\"n\":\"ground\",\"v\":7,\"a\":[1],\"p\":[{\"b\":17,\"s\":[{\"p\":[0,0,0],\"r\":[0,0,0],\"s\":[3.363346,0.11062,3.201102],\"c\":[0.9019608,0.8509804,0.7215686],\"b\":[\"when \"]}]},{\"b\":9,\"s\":[{\"p\":[-1.991319,1.703574,0.2299899],\"r\":[17.87135,245.6794,265.7275],\"s\":[0.125,0.125,0.125],\"c\":[1,1,1]}]}]}"}],"serveTime":122}