{"thingDefinitions":[{"id":"5c609641c17138055e0be60c","def":"{\"n\":\"ground\",\"v\":7,\"a\":[1],\"p\":[{\"b\":17,\"s\":[{\"p\":[0,0,0],\"r\":[0,0,0],\"s\":[42.558,0.11062,23.96144],\"c\":[0.9019608,0.8509804,0.7215686]}]}]}"}],"serveTime":4}