{"thingDefinitions":[{"id":"5bae9d5a78e7916cbb38d052","def":"{\"v\":7,\"p\":[{\"b\":5,\"s\":[{\"p\":[0.2085906,0.249155,-0.7093063],\"r\":[346.9194,262.1952,271.1581],\"s\":[0.3188151,0.278358,0.1000005],\"c\":[1,1,1]}]},{\"s\":[{\"p\":[-0.01570466,0.09954584,-0.1917354],\"r\":[21.87942,344.3777,326.022],\"s\":[0.1750008,0.1750013,0.1750007],\"c\":[0.2857141,1,0]}]},{\"b\":9,\"s\":[{\"p\":[0.07246943,0.2949795,-0.1691162],\"r\":[355.5393,262.6378,342.0454],\"s\":[0.1250003,0.1250006,0.1250007],\"c\":[1,1,1]}]}]}"}],"serveTime":5}