{"thingDefinitions":[{"id":"5e6d6bf7b8733e0627b6c470","def":"{\"v\":9,\"p\":[{\"s\":[{\"p\":[0,0,0],\"r\":[0,0,-1.707547E-06],\"s\":[0.1750003,0.1750004,0.1750004],\"c\":[0,1,1]}]}]}"}],"serveTime":5}