{"thingDefinitions":[{"id":"5ad96fff2cb3be0f8a4b33c9","def":"{\"v\":4,\"p\":[{\"s\":[{\"p\":[0.007172767,-0.2641556,-0.2527128],\"r\":[5.591727,4.797911,356.9611],\"s\":[0.1750002,0.1750002,0.1750003],\"c\":[1,1,1]}]},{\"b\":10,\"s\":[{\"p\":[-0.1733034,-0.2216566,-0.2253951],\"r\":[43.25879,268.0311,353.7669],\"s\":[0.1250001,0.1250001,0.1250001],\"c\":[1,1,1]}]},{\"b\":79,\"s\":[{\"p\":[-0.4031486,-0.2419174,-0.2207351],\"r\":[0.4261636,293.9377,2.860119],\"s\":[0.07500002,0.07500003,0.07499999],\"c\":[1,1,1]}]}]}"}],"serveTime":4}