{"thingDefinitions":[{"id":"5cee41ff516cae604dbb2b46","def":"{\"n\":\"ground\",\"v\":9,\"a\":[1],\"p\":[{\"b\":17,\"s\":[{\"p\":[0,0,0],\"r\":[0,0,0],\"s\":[50.96868,0.1928988,1523.566],\"c\":[0.9019608,0.8509804,0.7215686]}]}]}"},{"id":"5cee41254adee50e30245c0b","def":"{\"n\":\"ew\",\"v\":9,\"a\":[7,18],\"p\":[{\"t\":1,\"t1\":4,\"s\":[{\"p\":[-0.05771756,0.761156,-0.0680964],\"r\":[270,0,0],\"s\":[0.1751126,0.6637393,0.1720288],\"c\":[0.1975307,0.4444443,0.3386242],\"t1\":{\"c\":[0.7777778,0.5876543,0.1728395],\"x\":0.17,\"y\":0.17,\"a\":0.69625,\"m\":0.5,\"n\":0.5,\"r\":0,\"g\":0,\"o\":0.5,\"t\":0.5,\"e\":0.5}},{\"p\":[-0.06445169,0.7695072,-0.1260533],\"r\":[270,0,0],\"s\":[0.1750217,0.6633739,0.1720197],\"c\":[1,1,1],\"t1\":{\"c\":[0.2222221,0.1679012,0.04938267],\"x\":0.17,\"y\":0.17,\"a\":0.69625,\"m\":0.5,\"n\":0.5,\"r\":0,\"g\":0,\"o\":0.5,\"t\":0.5,\"e\":0.5}}]},{\"t1\":4,\"s\":[{\"p\":[0.1358511,0.6933848,-0.1596947],\"r\":[270,9.659347E-06,0],\"s\":[0.4137788,0.03906039,0.07646498],\"c\":[1,1,1],\"t1\":{\"c\":[0.2222221,0.1679012,0.04938267],\"x\":0.17,\"y\":0.17,\"a\":0.69625,\"m\":0.5,\"n\":0.5,\"r\":0,\"g\":0,\"o\":0.5,\"t\":0.5,\"e\":0.5}}]}]}"}],"serveTime":5}