{"thingDefinitions":[{"id":"5e423543c85a503800d3e7f1","def":"{\"v\":9,\"a\":[4,29],\"p\":[{\"b\":5,\"s\":[{\"p\":[-0.1071001,-0.9530532,0.3138812],\"r\":[307.8732,270.0673,69.62324],\"s\":[0.03369293,0.1427307,0.453296],\"c\":[0.3333332,0.284656,0.2592592]}]},{\"s\":[{\"p\":[0.05169107,-0.8168759,0.1737978],\"r\":[359.9708,1.492371,308.1817],\"s\":[0.3424464,0.3157844,0.06137149],\"c\":[0.3333332,0.284656,0.2592592]}]},{\"s\":[{\"p\":[0.06472217,-0.7948016,-0.0002303496],\"r\":[358.4312,0.5870876,42.02546],\"s\":[0.04279204,0.06266277,0.3977028],\"c\":[1,1,1]}]},{\"b\":5,\"s\":[{\"p\":[0.05715841,-0.798768,-0.1789608],\"r\":[351.0738,3.129352,55.20824],\"s\":[0.09161176,0.1000005,0.009428659],\"c\":[1,1,1]}]}]}"}],"serveTime":4}