{"thingDefinitions":[{"id":"5d83f2fe6e1f3a0622e1d175","def":"{\"n\":\"ground\",\"v\":9,\"a\":[1],\"p\":[{\"b\":10,\"s\":[{\"p\":[1.88772,1.156713,-2.72293],\"r\":[19.40106,268.6808,210.3489],\"s\":[0.1250005,0.1250007,0.1250006],\"c\":[1,1,1]}]},{\"b\":14,\"s\":[{\"p\":[1.917652,1.001822,-2.733967],\"r\":[273.6982,77.94731,177.1811],\"s\":[0.06000011,0.06000025,0.06000029],\"c\":[1,1,1]}]},{\"b\":17,\"t\":9,\"s\":[{\"p\":[0,0,0],\"r\":[0,0,0],\"s\":[3.363346,0.11062,3.201102],\"c\":[0.9019608,0.8509804,0.7215686]},{\"p\":[0.2410792,0.3660264,0.9028871],\"r\":[339.54,3.731321,27.10644],\"s\":[3.363352,0.1106202,3.201106],\"c\":[1,0,0]}]}]}"}],"serveTime":5}