{"thingDefinitions":[{"id":"5a4ff820f1c5cb5e1475e126","def":"{\"n\":\"thing\",\"v\":2,\"p\":[{\"s\":[{\"p\":[1.08999,0.2471814,-0.4461536],\"r\":[0.9908034,35.13601,44.67364],\"s\":[0.1750001,1.601845,1.638207],\"c\":[1,1,1]}]},{\"s\":[{\"p\":[1.255075,1.052024,0.03348848],\"r\":[338.1309,350.5543,100.4467],\"s\":[0.1750002,1.601847,1.638207],\"c\":[1,1,1]}]},{\"s\":[{\"p\":[1.196634,0.3239374,0.2116803],\"r\":[337.0171,14.57344,8.440481],\"s\":[0.1750002,1.601845,1.638207],\"c\":[1,1,1]}]}]}"}],"serveTime":5}