{"thingDefinitions":[{"id":"5c96f4ba3a06974a41cc6e3a","def":"{\"v\":9,\"a\":[7,18],\"p\":[{\"b\":7,\"c\":[[-1,1,-1.3,6,3,9],[1,1,-1.5,0,5,14],[1,-1,-1.3,3,9,4],[-1.1,-1,-1.2,10,5,2]],\"s\":[{\"p\":[0.09591829,-0.04003886,-0.2340349],\"r\":[279.4531,100.3461,326.9793],\"s\":[0.01274143,0.1990305,0.01064063],\"c\":[1,1,1]}]},{\"b\":162,\"s\":[{\"p\":[0.09188055,-0.05802915,-0.2337692],\"r\":[7.915524,66.96648,354.8155],\"s\":[0.01376532,0.01357359,0.2047486],\"c\":[1,1,1]}]}]}"}],"serveTime":4}