{"thingDefinitions":[{"id":"5cfdfdbe7f1e4138a0d60477","def":"{\"v\":9,\"p\":[{\"b\":10,\"s\":[{\"p\":[-0.002881732,0.1411632,0.01622457],\"r\":[330.0754,347.9171,15.48657],\"s\":[0.125,0.125,0.125],\"c\":[1,1,1]}]},{\"b\":15,\"s\":[{\"p\":[0.02226916,0.3583242,0.07274437],\"r\":[6.868106,356.1447,56.1685],\"s\":[0.1250001,0.1250001,0.125],\"c\":[1,1,1]}]},{\"s\":[{\"p\":[-0.004512352,0.0131418,-0.01692243],\"r\":[5.465271,355.7545,353.1277],\"s\":[0.1750001,0.1749999,0.175],\"c\":[1,1,1]}]}]}"}],"serveTime":4}