{"thingDefinitions":[{"id":"5b21b169efb51e6275a8cc3d","def":"{\"v\":5,\"p\":[{\"s\":[{\"p\":[0.0146608,-0.1553525,-0.08916548],\"r\":[33.39475,333.88,179.4765],\"s\":[0.1750001,0.175,0.175],\"c\":[1,1,1]}]},{\"b\":9,\"s\":[{\"p\":[0.06386174,-0.3052553,-0.2037148],\"r\":[53.45237,199.8103,11.70672],\"s\":[0.1250005,0.1250006,0.1250002],\"c\":[1,1,1]}]}]}"}],"serveTime":5}