{"thingDefinitions":[{"id":"5a0f46deb2ede31b1cddab9a","def":"{\"n\":\"ground\",\"v\":1,\"a\":[1],\"p\":[{\"b\":17,\"s\":[{\"p\":[0,0,0],\"r\":[0,0,0],\"s\":[3.363346,0.11062,3.201102],\"c\":[0.9019608,0.8509804,0.7215686]}]},{\"b\":3,\"s\":[{\"p\":[0.1177881,1.054696,-0.3440668],\"r\":[357.1891,283.4282,275.1133],\"s\":[0.1250003,0.5153266,0.1250002],\"c\":[1,1,1]}]}]}"},{"id":"5a0f469d3a3bd6b41336b4b6","def":"{\"n\":\"thing\",\"v\":2,\"p\":[{\"b\":4,\"s\":[{\"p\":[0,0,0],\"r\":[0,0,0],\"s\":[0.1250009,0.1250006,0.1250005],\"c\":[1,1,1]}]}]}"},{"id":"5a0f47573bcaa1a813f2b3cf","def":"{\"n\":\"thing\",\"v\":2,\"p\":[{\"b\":14,\"s\":[{\"p\":[0,0,0],\"r\":[0,0,0],\"s\":[0.05999999,0.06000002,0.05999999],\"c\":[1,1,1]}]}]}"}],"serveTime":7}