{"thingDefinitions":[{"id":"5b2c4c0e88a35f5dc4590872","def":"{\"v\":5,\"p\":[{\"s\":[{\"p\":[0,0,0],\"r\":[0,0,-1.707547E-06],\"s\":[0.3167694,0.9973383,0.3725909],\"c\":[1,1,1]}]}]}"}],"serveTime":5}