{"thingDefinitions":[{"id":"5b71e474ff384424cb27f744","def":"{\"n\":\"ground\",\"v\":6,\"a\":[1],\"p\":[{\"b\":17,\"s\":[{\"p\":[0,0,0],\"r\":[0,0,0],\"s\":[9.420992,0.11062,13.18921],\"c\":[0.6825397,1,0.5555556]}]}]}"}],"serveTime":7}