{"thingDefinitions":[{"id":"59b84a85d84349a9130e4238","def":"{\"n\":\"cat the cookie\",\"p\":[{\"s\":[{\"p\":[0,0,0],\"r\":[0,0,0],\"s\":[0.1750003,0.1750003,0.1750001],\"c\":[1,1,1]}]},{\"s\":[{\"p\":[-0.09720258,-0.1274989,0.03226372],\"r\":[48.51038,303.5499,334.6241],\"s\":[0.1750002,0.175,0.1750002],\"c\":[1,1,1]}]},{\"s\":[{\"p\":[-0.08636723,0.2528685,-0.1193018],\"r\":[320.178,316.9889,38.64308],\"s\":[0.1750001,0.1750001,0.1750001],\"c\":[1,1,1]}]},{\"s\":[{\"p\":[0.02563328,0.3040925,-0.6030871],\"r\":[294.2754,203.9674,210.9512],\"s\":[0.1750003,0.1750003,0.1750004],\"c\":[1,1,1]}]}]}"}],"serveTime":4}