{"thingDefinitions":[{"id":"5ae64245b9ad946ecd35beef","def":"{\"v\":4,\"p\":[{\"b\":3,\"s\":[{\"p\":[0,0,0],\"r\":[0,0,0],\"s\":[0.1250001,0.1250001,0.1250001],\"c\":[1,1,1]}]},{\"b\":3,\"s\":[{\"p\":[-0.07384922,-0.07865335,-0.1556762],\"r\":[15.82332,342.5961,345.7028],\"s\":[0.125,0.1250001,0.125],\"c\":[1,1,1]}]},{\"b\":14,\"s\":[{\"p\":[-0.2295058,0.02466509,-0.0221988],\"r\":[339.5117,292.1284,19.86403],\"s\":[0.06,0.06000005,0.06000006],\"c\":[1,1,1]}]}]}"},{"id":"5ae6435d38b1be136ffb176a","def":"{\"n\":\"ground\",\"v\":4,\"a\":[1],\"p\":[{\"b\":17,\"s\":[{\"p\":[0,0,0],\"r\":[0,0,0],\"s\":[3.363346,0.11062,3.201102],\"c\":[0.9019608,0.8509804,0.7215686]}]}]}"}],"serveTime":14}