{"thingDefinitions":[{"id":"5e3c3bc686c3fb287e6542b0","def":"{\"v\":9,\"a\":[7,18],\"p\":[{\"t\":3,\"s\":[{\"p\":[0,0,0],\"r\":[0,0,0],\"s\":[0.1022117,0.04486066,0.03405784],\"c\":[1,1,1]}]}]}"},{"id":"5e3c3c5dedc5ef4f51104268","def":"{\"v\":9,\"a\":[7,18],\"p\":[{\"s\":[{\"p\":[-0.1058734,-0.04446639,0.1399038],\"r\":[11.64642,357.0842,356.9097],\"s\":[0.02280084,0.3301501,0.5430967],\"c\":[1,1,1]}]},{\"b\":180,\"s\":[{\"p\":[0.06127782,-0.009728596,-0.1220494],\"r\":[11.64642,357.0842,356.9097],\"s\":[0.1681778,2.207038,0.2061437],\"c\":[1,1,1]}]}]}"}],"serveTime":5}