{"thingDefinitions":[{"id":"5aad81df61d1c21b8b648499","def":"{\"v\":2,\"p\":[{\"s\":[{\"p\":[0,0,0],\"r\":[0,0,0],\"s\":[0.7611262,0.8921533,0.1750003],\"c\":[1,1,1]}]},{\"b\":2,\"s\":[{\"p\":[-0.006174408,0.465042,0.1194186],\"r\":[277.4236,308.5589,56.30434],\"s\":[0.3772,0.1779487,0.1250002],\"c\":[1,1,1]}]}]}"}],"serveTime":9}