{"thingDefinitions":[{"id":"5db5685b463cde1159d699d6","def":"{\"v\":9,\"p\":[{\"b\":5,\"s\":[{\"p\":[-0.2345324,-0.0617355,-0.0784083],\"r\":[351.0644,264.3752,64.36698],\"s\":[0.1000002,0.1000002,0.1000002],\"c\":[1,1,1]}]},{\"b\":14,\"s\":[{\"p\":[-0.05805155,-0.07960886,-0.1247489],\"r\":[347.4027,256.9409,40.00431],\"s\":[0.06000018,0.06000017,0.06000018],\"c\":[1,1,1]}]}]}"}],"serveTime":3}