{"thingDefinitions":[{"id":"5b09ebbd02d9bb1eb7a2c795","def":"{\"v\":4,\"a\":[7,18],\"p\":[{\"s\":[{\"p\":[0,0,0],\"r\":[0,0,-4.378969E-13],\"s\":[0.1779544,32.39688,46.74255],\"c\":[1,1,1]}]}]}"}],"serveTime":5}