{"thingDefinitions":[{"id":"5eadbc003e24a01d3ac9f18d","def":"{\"v\":9,\"a\":[22],\"p\":[{\"s\":[{\"p\":[0,0,0],\"r\":[0,0,0],\"s\":[0.2805671,0.01308399,0.1750048],\"c\":[1,1,1]}]}]}"},{"id":"5eadbc413e24a01d3ac9f18e","def":"{\"v\":9,\"a\":[22],\"p\":[{\"b\":60,\"s\":[{\"p\":[0,0,0],\"r\":[0,0,0],\"s\":[0.01496893,0.01787976,0.2007648],\"c\":[1,1,1]}]}]}"}],"serveTime":5}