{"thingDefinitions":[{"id":"59996ab16ce0015815289331","def":"{\"n\":\"l 2\",\"a\":[2,7,12,16,18],\"p\":[{\"b\":140,\"e\":\"L\",\"s\":[{\"p\":[-0.0409584,0.004619619,0.1045437],\"r\":[90,1.924544E-05,0],\"s\":[0.01598772,0.01599625,0.0159924],\"c\":[0,1,0.2285714]}]},{\"s\":[{\"p\":[0,0,0],\"r\":[0,0,-5.08889E-14],\"s\":[0.08687304,0.007090406,0.130996],\"c\":[0,0,0]}]}]}"},{"id":"59c7ed808cfb77be1359d2b0","def":"{\"n\":\"thing\",\"p\":[{\"b\":9,\"s\":[{\"p\":[0,0,0],\"r\":[0,0,0],\"s\":[0.125,0.1250001,0.1250001],\"c\":[1,1,1]}]}]}"}],"serveTime":6}