{"thingDefinitions":[{"id":"5b22e73e962e8e0f88367fd7","def":"{\"v\":5,\"a\":[7],\"p\":[{\"b\":12,\"s\":[{\"p\":[0,0,0],\"r\":[0,0,0],\"s\":[1199.113,0.0600011,2500],\"c\":[0.7777778,0.5876543,0.1728394]}]}]}"}],"serveTime":3}