{"thingDefinitions":[{"id":"58703f8bad6c5e4b13276721","def":"{\"n\":\"thing\",\"p\":[{\"b\":3,\"s\":[{\"p\":[0,0,0],\"r\":[0,0,0],\"s\":[0.218312,0.2147305,0.2171733],\"c\":[0.4444444,0.2525572,0.04938265]}]}]}"}],"serveTime":5}