{"thingDefinitions":[{"id":"5c68d73c6a83931c8fb3868b","def":"{\"v\":7,\"p\":[{\"s\":[{\"p\":[0,0,0],\"r\":[0,0,1.707547E-06],\"s\":[0.175001,0.1750017,0.1750005],\"c\":[1,1,1]}]},{\"b\":250,\"s\":[{\"p\":[0.0921644,-0.02276297,0.07095575],\"r\":[343.9834,295.3042,31.25587],\"s\":[0.2400006,0.2400008,0.2400005],\"c\":[1,1,1]}]}]}"}],"serveTime":5}