{"thingDefinitions":[{"id":"5c88555602d011054959823d","def":"{\"v\":7,\"p\":[{\"b\":14,\"s\":[{\"p\":[0,0,0],\"r\":[0,0,0],\"s\":[0.06000004,0.06000004,0.06000004],\"c\":[1,1,1]}]},{\"b\":14,\"s\":[{\"p\":[0.1006789,-0.04105038,-0.1622102],\"r\":[359.8862,6.997119,353.9087],\"s\":[0.06000005,0.06000003,0.06000004],\"c\":[1,1,1]}]}]}"}],"serveTime":5}