{"thingDefinitions":[{"id":"589bb4b690f48c8f134ae492","def":"{\"n\":\"floor\",\"a\":[7,18],\"p\":[{\"s\":[{\"p\":[0,0,0],\"r\":[0,0,0],\"s\":[150.0183,0.1350666,150.0007],\"c\":[0,0.7777778,0.1777778]}]}]}"},{"id":"589bb64e930995a413a22432","def":"{\"n\":\"thing\",\"a\":[7,18],\"p\":[{\"b\":5,\"s\":[{\"p\":[0,0,0],\"r\":[0,0,0],\"s\":[0.3188049,0.3256292,0.08910929],\"c\":[0.3333333,0.2285713,0]}]},{\"b\":29,\"s\":[{\"p\":[-0.3845362,-0.06107087,0.1540804],\"r\":[8.964184E-08,-8.964185E-08,89.99998],\"s\":[0.1354255,0.1250264,0.3478539],\"c\":[1,1,1]}]},{\"b\":29,\"s\":[{\"p\":[-0.3845362,0.07434458,0.1540804],\"r\":[-8.964187E-08,-8.964184E-08,270],\"s\":[0.1354325,0.1250336,0.3478592],\"c\":[1,1,1]}]}]}"}],"serveTime":6}