{"thingDefinitions":[{"id":"5b141615fde3ec03d83a116e","def":"{\"v\":4,\"p\":[{\"s\":[{\"p\":[0.03827929,0.05217611,0.009493088],\"r\":[79.22801,1.605184,275.5189],\"s\":[0.1750006,0.1750011,0.1750007],\"c\":[1,1,1]}]},{\"s\":[{\"p\":[0.03677952,-0.1186043,0.04057479],\"r\":[350.3651,351.2289,359.0211],\"s\":[0.1750007,0.175001,0.1750004],\"c\":[1,1,1]}]}]}"}],"serveTime":4}