{"thingDefinitions":[{"id":"58052190fe1f8f0614058a34","def":"{\"n\":\"thing\",\"p\":[{\"s\":[{\"p\":[0.304576,0.05366746,0.09095755],\"r\":[331.0513,66.79128,5.454634],\"s\":[0.1750004,0.1750003,0.1750005],\"c\":[1,1,1]}]},{\"s\":[{\"p\":[-0.02534967,-0.1203606,-0.04191107],\"r\":[2.197066,13.04243,0.3769253],\"s\":[0.1750005,0.1750004,0.1750005],\"c\":[1,1,1]},{\"p\":[-0.02534967,-0.1203606,-0.04191107],\"r\":[2.197066,13.04243,0.3769253],\"s\":[0.1750005,0.1750004,0.1750005],\"c\":[1,1,1]},{\"p\":[-0.02534967,-0.1203606,-0.04191107],\"r\":[2.197066,13.04243,0.3769253],\"s\":[0.1750005,0.1750004,0.1750005],\"c\":[1,1,1]}]}]}"}],"serveTime":4}