{"thingDefinitions":[{"id":"5825829b1003e2e20f33a110","def":"{\"n\":\"thing\",\"p\":[{\"b\":9,\"s\":[{\"p\":[0,0,0],\"r\":[0,0,-1.707547E-06],\"s\":[0.1250003,0.1250002,0.1250003],\"c\":[1,1,1]}]}]}"}],"serveTime":4}