{"thingDefinitions":[{"id":"5c07279775b22a64fb6e0572","def":"{\"v\":7,\"p\":[{\"b\":9,\"s\":[{\"p\":[0,0,0],\"r\":[0,0,0],\"s\":[0.125,0.125,0.125],\"c\":[1,1,1]}]},{\"b\":2,\"s\":[{\"p\":[-0.06220181,0.210707,0.01439536],\"r\":[62.31018,112.369,326.487],\"s\":[0.1250002,0.1250003,0.1250003],\"c\":[1,1,1]}]},{\"s\":[{\"p\":[0.09479596,-0.1801141,-0.02653731],\"r\":[54.29108,112.4581,346.0864],\"s\":[0.1750001,0.1750006,0.1750007],\"c\":[1,1,1]}]}]}"}],"serveTime":4}