{"thingDefinitions":[{"id":"5e2f21886d8eca4f5d1a6f6d","def":"{\"n\":\"ground\",\"v\":9,\"a\":[1],\"p\":[{\"b\":17,\"s\":[{\"p\":[0,0,0],\"r\":[0,0,0],\"s\":[3.363346,0.11062,3.201102],\"c\":[0.9019608,0.8509804,0.7215686]}]},{\"b\":9,\"s\":[{\"p\":[-0.830089,1.562319,-0.004570335],\"r\":[322.582,155.842,82.12243],\"s\":[0.1249999,0.1249999,0.125],\"c\":[1,1,1]}]}]}"}],"serveTime":5}