{"thingDefinitions":[{"id":"5a1d768b41765fb313633806","def":"{\"n\":\"thing\",\"v\":2,\"p\":[{\"b\":9,\"s\":[{\"p\":[0,0,0],\"r\":[0,0,1.707547E-06],\"s\":[0.1250001,0.1250001,0.125],\"c\":[1,1,1]}]},{\"b\":15,\"s\":[{\"p\":[-0.1107959,0.02496973,0.06089238],\"r\":[345.5321,298.7598,37.018],\"s\":[0.125,0.125,0.125],\"c\":[1,1,1]}]}]}"}],"serveTime":6}