{"thingDefinitions":[{"id":"5c635b13fcf7792043504e25","def":"{\"v\":7,\"p\":[{\"s\":[{\"p\":[0,0,0],\"r\":[0,0,0],\"s\":[0.1750002,0.1750002,0.1750002],\"c\":[1,1,1]}]},{\"s\":[{\"p\":[0.02744992,0.3063357,0.2473424],\"r\":[33.48129,181.8255,350.5837],\"s\":[0.1750007,0.1750005,0.1750004],\"c\":[1,1,1]}]}]}"},{"id":"5c635b95b132e16d19f77260","def":"{\"v\":7,\"p\":[{\"s\":[{\"p\":[0,0,0],\"r\":[0,0,0],\"s\":[0.2753364,0.1465002,0.07849115],\"c\":[1,1,1]}]}]}"}],"serveTime":4}