{"thingDefinitions":[{"id":"5a47e505ce03f9fd65178900","def":"{\"n\":\"thing\",\"v\":2,\"p\":[{\"s\":[{\"p\":[0.05421417,-0.0124316,-0.02237276],\"r\":[353.9477,0.6959729,8.146329],\"s\":[0.175,0.1750002,0.1750002],\"c\":[1,1,1]}]},{\"s\":[{\"p\":[-0.1905638,-0.06630614,-0.02173188],\"r\":[1.61988,4.73316,6.830779],\"s\":[0.175,0.1750002,0.1750003],\"c\":[1,1,1]}]},{\"s\":[{\"p\":[0.2805234,0.0181478,-0.03081097],\"r\":[356.8802,0.3636586,10.89911],\"s\":[0.1750001,0.1750003,0.1750005],\"c\":[1,1,1]}]}]}"}],"serveTime":5}