{"thingDefinitions":[{"id":"5ccf20329416ad6b01eb81c7","def":"{\"v\":9,\"a\":[22],\"p\":[{\"s\":[{\"p\":[-0.8944448,0.7009919,-0.5032982],\"r\":[339.7617,357.3282,260.8963],\"s\":[1.044823,1.043942,0.1750828],\"c\":[1,1,1]},{\"p\":[0,0,0],\"r\":[0,0,0],\"s\":[0.1750002,0.1750001,0.1750002],\"c\":[1,1,1]}]}]}"}],"serveTime":4}