{"thingDefinitions":[{"id":"5cc1f14f364a29481c93724f","def":"{\"v\":9,\"p\":[{\"s\":[{\"p\":[-0.07903397,0.2082456,-0.0910909],\"r\":[9.583144,2.877465,283.8582],\"s\":[0.1750002,0.1750004,0.1750003],\"c\":[1,1,1]}]},{\"b\":6,\"s\":[{\"p\":[-0.155485,-0.432787,0.01018557],\"r\":[353.9411,2.012229,343.7044],\"s\":[0.125,0.1250004,0.1250004],\"c\":[1,1,1]}]},{\"b\":2,\"s\":[{\"p\":[-0.05026413,0.1733174,0.04876514],\"r\":[8.357477,3.689708,8.599274],\"s\":[0.1250001,0.125001,0.1250011],\"c\":[1,1,1]}]}]}"}],"serveTime":4}