{"thingDefinitions":[{"id":"5df7d05e1111f63595366aab","def":"{\"n\":\"ground\",\"v\":9,\"a\":[1],\"p\":[{\"b\":17,\"s\":[{\"p\":[0,0,0],\"r\":[0,0,0],\"s\":[3.363346,0.11062,3.201102],\"c\":[0.9019608,0.8509804,0.7215686]}]},{\"b\":9,\"s\":[{\"p\":[0.01263589,0.8016038,0.4584955],\"r\":[297.8997,266.8238,55.77483],\"s\":[0.1250001,0.125,0.1250001],\"c\":[1,1,1]}]},{\"b\":9,\"s\":[{\"p\":[0.4376823,0.8809113,0.9288371],\"r\":[58.08087,57.00813,286.5717],\"s\":[0.1250002,0.1250001,0.1438176],\"c\":[1,1,1]}]},{\"b\":9,\"s\":[{\"p\":[0.2071273,0.7696844,0.7530972],\"r\":[20.33745,48.6333,307.9285],\"s\":[0.1250004,0.1250002,0.1438178],\"c\":[1,1,1]}]}]}"}],"serveTime":4}