{"thingDefinitions":[{"id":"5be2fbcde3e24b0532c67de5","def":"{\"n\":\"ground\",\"v\":7,\"a\":[1],\"p\":[{\"b\":17,\"s\":[{\"p\":[0,0,0],\"r\":[0,0,0],\"s\":[7.788467,0.1247158,8.068192],\"c\":[0.9019608,0.8509804,0.7215686]}]}]}"}],"serveTime":4}