{"thingDefinitions":[{"id":"5e28b101cf649524d1952c6a","def":"{\"n\":\"ground\",\"v\":9,\"a\":[1],\"p\":[{\"b\":17,\"s\":[{\"p\":[0,0,0],\"r\":[0,0,0],\"s\":[3.363346,0.11062,3.201102],\"c\":[0.9019608,0.8509804,0.7215686]}]},{\"b\":9,\"s\":[{\"p\":[-0.07623875,1.289443,-0.4080719],\"r\":[320.9397,17.74105,91.45768],\"s\":[0.1250001,0.1250001,0.125],\"c\":[1,1,1]}]},{\"b\":42,\"s\":[{\"p\":[-0.1414109,1.350024,-0.5587752],\"r\":[34.59116,35.01928,114.3017],\"s\":[0.125,0.125,0.125],\"c\":[1,1,1]}]},{\"b\":3,\"s\":[{\"p\":[-0.2136153,1.490487,-0.573437],\"r\":[22.01476,192.206,203.1903],\"s\":[0.1250005,0.1250003,0.1250004],\"c\":[1,1,1]}]}]}"}],"serveTime":4}