{"thingDefinitions":[{"id":"5aa528ba37b4871386350490","def":"{\"v\":2,\"p\":[{\"b\":5,\"s\":[{\"p\":[0,0,0],\"r\":[0,0,0],\"s\":[0.1250001,0.125,0.1250001],\"c\":[1,1,1]}]}]}"}],"serveTime":4}