{"thingDefinitions":[{"id":"5ae4882d30087d79c0ffd613","def":"{\"v\":4,\"p\":[{\"b\":14,\"s\":[{\"p\":[0,0,0],\"r\":[0,0,0],\"s\":[0.06000001,0.06000001,0.06000003],\"c\":[1,1,1]}]},{\"b\":9,\"s\":[{\"p\":[0.01378237,-0.01984935,0.2593066],\"r\":[49.1236,67.17924,321.1494],\"s\":[0.1250002,0.1250003,0.1250003],\"c\":[1,1,1]}]}]}"},{"id":"5ae488a2a542ac79d640d012","def":"{\"v\":4,\"p\":[{\"b\":16,\"s\":[{\"p\":[0,0,0],\"r\":[0,0,0],\"s\":[0.1250001,0.125,0.1250002],\"c\":[0,0,0]},{\"p\":[0,0,0],\"r\":[0,0,0],\"s\":[0.1250001,0.125,0.1250002],\"c\":[0,0,0]}]}]}"}],"serveTime":5}