{"thingDefinitions":[{"id":"5a77b1b710ad1c7313adcd72","def":"{\"n\":\"thing\",\"v\":3,\"p\":[{\"s\":[{\"p\":[0,0,0],\"r\":[0,0,0],\"s\":[150,150,0.3324009],\"c\":[0,1,0.2285714]}]}]}"},{"id":"5a77b20a413fcd6b1391b9ef","def":"{\"n\":\"thing\",\"v\":2,\"p\":[{\"b\":5,\"s\":[{\"p\":[0.08127747,0.1890359,0.01862858],\"r\":[3.662792,358.1108,359.4969],\"s\":[0.1208727,0.1285441,7.000341],\"c\":[1,1,1]}]},{\"b\":17,\"s\":[{\"p\":[0.1716115,-0.311394,3.958977],\"r\":[8.103091,16.63803,78.11311],\"s\":[1.100035,1.204468,0.8175353],\"c\":[1,1,1]}]}]}"}],"serveTime":5}