{"thingDefinitions":[{"id":"5e0f9851700e65062d20c964","def":"{\"v\":9,\"p\":[{\"b\":9,\"s\":[{\"p\":[0,0,0],\"r\":[0,0,0],\"s\":[0.1250002,0.1250001,0.1250001],\"c\":[1,1,1]}]},{\"b\":9,\"s\":[{\"p\":[0.658008,0.2232811,0.7955201],\"r\":[354.2142,36.8627,278.1008],\"s\":[0.1250001,0.1250001,0.1250001],\"c\":[1,1,1]}]},{\"b\":9,\"s\":[{\"p\":[0.8525388,0.1243077,0.8097203],\"r\":[18.53234,72.85888,288.3674],\"s\":[0.1250002,0.1250001,0.1250001],\"c\":[1,1,1]}]},{\"b\":9,\"s\":[{\"p\":[0.7745677,0.3516934,0.8329573],\"r\":[294.5418,355.6984,8.018119],\"s\":[0.125,0.125,0.1250001],\"c\":[1,1,1]}]}]}"}],"serveTime":4}