{"thingDefinitions":[{"id":"5a764dd5b975196f132dce19","def":"{\"n\":\"thing\",\"v\":2,\"p\":[{\"b\":18,\"e\":\"FUCK YOU!\",\"s\":[{\"p\":[0,0,0],\"r\":[0,0,1.707547E-06],\"s\":[0.003000002,0.003,0.003000002],\"c\":[1,1,1]},{\"p\":[0,0,0],\"r\":[0,0,1.707547E-06],\"s\":[0.003000002,0.003,0.003000002],\"c\":[1,1,1]},{\"p\":[0,0,0],\"r\":[0,0,1.707547E-06],\"s\":[0.003000002,0.003,0.003000002],\"c\":[1,1,1]}]}]}"}],"serveTime":5}