{"thingDefinitions":[{"id":"5a2179c5ac4f23bf13edd5c7","def":"{\"n\":\"thing\",\"v\":2,\"p\":[{\"b\":9,\"s\":[{\"p\":[0,0,0],\"r\":[0,0,0],\"s\":[0.125,0.125,0.125],\"c\":[1,1,1]}]}]}"},{"id":"5a217a26a3b5e73526233e92","def":"{\"n\":\"thing\",\"v\":2,\"p\":[{\"b\":10,\"s\":[{\"p\":[0,0,0],\"r\":[0,0,8.537735E-07],\"s\":[0.1250003,0.09569646,0.125],\"c\":[1,1,1]}]},{\"b\":10,\"s\":[{\"p\":[0.01470138,-0.3024666,-0.1640971],\"r\":[49.63015,346.6021,8.684453],\"s\":[1.153649,0.5890446,0.125],\"c\":[1,1,1]}]}]}"}],"serveTime":6}