{"thingDefinitions":[{"id":"5e6e13fba9100521fc38a9ed","def":"{\"n\":\"gd\",\"v\":9,\"a\":[1],\"p\":[{\"b\":17,\"s\":[{\"p\":[0,0,0],\"r\":[0,0,0],\"s\":[3.363346,0.11062,3.201102],\"c\":[0.9019608,0.8509804,0.7215686]}]},{\"b\":16,\"s\":[{\"p\":[-0.7395855,1.463184,-0.4088954],\"r\":[327.6115,14.61749,20.66759],\"s\":[0.1000001,0.1000001,0.1000001],\"c\":[1,1,1]}]}]}"}],"serveTime":4}