{"thingDefinitions":[{"id":"5b5314aa959a1b0f7d652000","def":"{\"v\":5,\"a\":[31],\"p\":[{\"b\":77,\"s\":[{\"p\":[-0.3786724,0.1317624,-0.3644358],\"r\":[29.73039,326.8231,291.4807],\"s\":[0.07500006,0.07500017,0.07500016],\"c\":[1,1,1]}]},{\"b\":77,\"s\":[{\"p\":[-0.1806481,0.1367375,0.04288154],\"r\":[40.49107,60.07153,278.396],\"s\":[0.07500017,0.07500023,0.07500023],\"c\":[1,0.9682539,0.7777778]}]},{\"b\":77,\"s\":[{\"p\":[-0.1801429,0.09998135,-0.2914932],\"r\":[41.58671,311.5328,302.2122],\"s\":[0.07500035,0.07500049,0.07500039],\"c\":[1,1,1]}]},{\"b\":77,\"s\":[{\"p\":[0.2386879,0.1942068,0.3617709],\"r\":[353.5067,226.1193,30.03852],\"s\":[0.07500029,0.07500039,0.07500033],\"c\":[1,1,1]}]}]}"}],"serveTime":5}