{"thingDefinitions":[{"id":"5be8d9687a908927a135459c","def":"{\"v\":7,\"p\":[{\"b\":9,\"s\":[{\"p\":[0,0,0],\"r\":[0,0,-6.403302E-07],\"s\":[0.125,0.125,0.125],\"c\":[1,1,1]}]}]}"},{"id":"5be8d9aed444da2879f3f934","def":"{\"v\":7,\"tp_m\": 99,\"p\":[{\"b\":9,\"s\":[{\"p\":[0,0,0],\"r\":[0,0,-5.336085E-07],\"s\":[0.125,0.125,0.125],\"c\":[1,1,1]}]},{\"b\":31,\"s\":[{\"p\":[0.111566,0.04276158,-0.09563148],\"r\":[288.4381,17.28115,205.115],\"s\":[0.1250003,0.1250003,0.1250003],\"c\":[1,1,1]}]}]}"}],"serveTime":6}