{"thingDefinitions":[{"id":"5c560711c075311098f1c7f2","def":"{\"v\":7,\"p\":[{\"s\":[{\"p\":[-0.05580331,-1.321409,-1.887898],\"r\":[55.96366,170.5653,164.4028],\"s\":[3.201563,2.186799,0.02603604],\"c\":[1,1,1]}]},{\"s\":[{\"p\":[-0.2160013,-0.2223846,-1.6852],\"r\":[322.1645,179.9575,174.6452],\"s\":[3.201567,2.186803,0.02603607],\"c\":[1,1,1]}]},{\"s\":[{\"p\":[-0.4315901,0.4840201,-0.7110704],\"r\":[271.0741,17.78094,298.3876],\"s\":[3.201569,2.186802,0.02603611],\"c\":[1,1,1]}]},{\"s\":[{\"p\":[0.5033929,-0.5709194,-1.659521],\"r\":[349.0482,94.84177,102.9308],\"s\":[3.201567,2.186805,0.02603611],\"c\":[1,1,1]}]}]}"}],"serveTime":5}