{"thingDefinitions":[{"id":"5dcf3f5c463cde1159d6a720","def":"{\"v\":9,\"p\":[{\"b\":7,\"s\":[{\"p\":[0,0,0],\"r\":[0,0,0],\"s\":[0.125,0.1250006,0.5040264],\"c\":[1,1,1]}]},{\"b\":17,\"s\":[{\"p\":[0.003124919,-0.0007528067,0.2769266],\"r\":[353.4073,218.4899,224.8723],\"s\":[0.06,0.06000002,0.06000001],\"c\":[1,1,1]}]}]}"}],"serveTime":5}