{"thingDefinitions":[{"id":"5f0f32ced5ff73604ee61717","def":"{\"v\":9,\"a\":[22],\"p\":[{\"b\":3,\"s\":[{\"p\":[0.3313475,1.207486,0.1941203],\"r\":[344.5,28.25,4.429984E-07],\"s\":[0.125,0.125,0.125],\"c\":[1,1,1]}]},{\"b\":12,\"s\":[{\"p\":[0.3313475,1.207486,0.1941203],\"r\":[344.5,28.25,4.429984E-07],\"s\":[0.06,0.06,0.06],\"c\":[1,1,1]}]}]}"}],"serveTime":8}