{"thingDefinitions":[{"id":"5c379581638de76f667e945f","def":"{\"v\":7,\"p\":[{\"b\":14,\"s\":[{\"p\":[0,0,0],\"r\":[0,0,0],\"s\":[0.06000001,0.06000001,0.06000003],\"c\":[1,1,1]}]}]}"}],"serveTime":6}