{"thingDefinitions":[{"id":"5cf884bd26d2637d242b67af","def":"{\"v\":9,\"p\":[{\"b\":14,\"s\":[{\"p\":[0,0,0],\"r\":[0,0,-4.268868E-07],\"s\":[0.06000038,0.06000043,0.06000009],\"c\":[1,1,1]}]}]}"}],"serveTime":4}