{"thingDefinitions":[{"id":"5a3f1f1d30e6e6036637b468","def":"{\"n\":\"thing\",\"v\":2,\"p\":[{\"b\":11,\"s\":[{\"p\":[-0.401909,-0.07340062,-0.1492735],\"r\":[25.35111,294.5096,338.5864],\"s\":[0.1250008,0.125001,0.1250003],\"c\":[1,1,1]}]},{\"b\":11,\"s\":[{\"p\":[-0.5323369,0.01334521,-0.343191],\"r\":[26.40473,295.8892,333.3387],\"s\":[0.1250007,0.1250007,0.1250001],\"c\":[1,1,1]}]}]}"}],"serveTime":4}