{"thingDefinitions":[{"id":"5b5638f7ec8c802b3a103c12","def":"{\"v\":5,\"p\":[{\"b\":103,\"e\":\"TRUITE\",\"s\":[{\"p\":[0,0,0],\"r\":[0,0,1.067217E-07],\"s\":[0.04999999,0.05000002,0.05000002],\"c\":[1,1,1]},{\"p\":[0,0,0],\"r\":[0,0,1.067217E-07],\"s\":[0.04999999,0.05000002,0.05000002],\"c\":[1,1,1],\"b\":[\"when touches 3 \"]}]}]}"}],"serveTime":4}