{"thingDefinitions":[{"id":"5ab6d87553dafb148ad1a819","def":"{\"v\":2,\"p\":[{\"s\":[{\"p\":[0,0,0],\"r\":[0,0,-3.415095E-06],\"s\":[0.1750008,0.175001,0.1750012],\"c\":[1,1,1]}]},{\"b\":2,\"s\":[{\"p\":[-0.1394078,0.007205442,0.01374226],\"r\":[359.4333,270.0434,178.372],\"s\":[0.125,0.1250001,0.125],\"c\":[1,1,1]}]}]}"}],"serveTime":5}