{"thingDefinitions":[{"id":"5ebbf84158a68e0629af79f2","def":"{\"v\":9,\"p\":[{\"b\":5,\"s\":[{\"p\":[0,0,0],\"r\":[0,0,0],\"s\":[0.09883901,0.1000001,0.2875475],\"c\":[1,1,1]}]},{\"b\":79,\"t\":10,\"s\":[{\"p\":[-0.01348567,-0.09670556,0.2215438],\"r\":[349.1367,270.1137,82.89845],\"s\":[0.1395151,0.1713219,0.1631682],\"c\":[1,0,0.3428572]}]}]}"}],"serveTime":4}