{"thingDefinitions":[{"id":"5bb29a77b82e8f7568c9bf6d","def":"{\"n\":\"ground\",\"v\":7,\"a\":[1,22,31],\"p\":[{\"b\":17,\"s\":[{\"p\":[0,0,0],\"r\":[0,0,0],\"s\":[3.363346,0.11062,3.201102],\"c\":[0.9019608,0.8509804,0.7215686]}]},{\"s\":[{\"p\":[0.6079224,0.6423939,0.9651781],\"r\":[356.9448,70.37305,273.042],\"s\":[0.9308347,0.930797,0.9307905],\"c\":[0,1,0.2285714]}]},{\"b\":14,\"s\":[{\"p\":[0.4865459,1.537171,0.9095047],\"r\":[274.3103,295.2896,135.1645],\"s\":[0.5694396,0.5694423,0.569442],\"c\":[1,0,0.3428572]}]}]}"}],"serveTime":4}