{"thingDefinitions":[{"id":"5847dd6db072bb3815d21285","def":"{\"n\":\"ground\",\"a\":[1,7,18],\"p\":[{\"s\":[{\"p\":[-0.1836087,0.06130274,-0.3334714],\"r\":[1.001791E-05,270,0],\"s\":[11.97437,0.2037156,8.334024],\"c\":[1,1,1]}]}]}"}],"serveTime":3}