{"thingDefinitions":[{"id":"5d4db2408c31ef1b51dcc637","def":"{\"n\":\"ground\",\"v\":9,\"a\":[1],\"p\":[{\"b\":17,\"a\":[1],\"s\":[{\"p\":[0,0,0],\"r\":[0,0,0],\"s\":[3.249194,0.1106201,3.201104],\"c\":[0.9019608,0.8509804,0.7215686]},{\"p\":[0,0,0],\"r\":[0,0,0],\"s\":[3.249194,0.1106201,3.201104],\"c\":[0.9019608,0.8509804,0.7215686]},{\"p\":[0,0,0],\"r\":[0,0,0],\"s\":[3.249194,0.1106201,3.201104],\"c\":[0.9019608,0.8509804,0.7215686]},{\"p\":[0,0,0],\"r\":[0,0,0],\"s\":[3.249194,0.1106201,3.201104],\"c\":[0.9019608,0.8509804,0.7215686]}]}]}"}],"serveTime":4}