{"thingDefinitions":[{"id":"5bde3ee7e5056e7f76da3d00","def":"{\"v\":7,\"p\":[{\"s\":[{\"p\":[0,0,0],\"r\":[0,0,-1.707547E-06],\"s\":[0.1750002,0.1750001,0.1750001],\"c\":[1,1,1]}]},{\"s\":[{\"p\":[0.01000329,0.1679101,0.01043548],\"r\":[2.85834,6.502968,272.6069],\"s\":[0.1750001,0.175,0.1750001],\"c\":[1,1,1]}]},{\"b\":4,\"s\":[{\"p\":[0.2114347,0.1742244,0.03161062],\"r\":[5.414123,84.99927,302.5671],\"s\":[0.1250001,0.1250001,0.1250001],\"c\":[1,1,1]}]}]}"}],"serveTime":4}