{"thingDefinitions":[{"id":"5b8947f5eda13b334f565efa","def":"{\"v\":6,\"p\":[{\"b\":9,\"s\":[{\"p\":[0,0,0],\"r\":[0,0,-6.403302E-07],\"s\":[0.1250002,0.1250001,0.125],\"c\":[1,1,1]}]},{\"b\":7,\"s\":[{\"p\":[0.1423979,1.113075,-0.3205254],\"r\":[323.118,329.5323,4.172369],\"s\":[0.125,0.1250001,0.1250001],\"c\":[1,1,1]}]},{\"b\":40,\"s\":[{\"p\":[0.1574509,1.170249,-0.3676983],\"r\":[6.275359,65.69925,335.5887],\"s\":[0.125,0.125,0.125],\"c\":[1,1,1]}]}]}"}],"serveTime":4}