{"thingDefinitions":[{"id":"5be04c6deda0af5a390c4686","def":"{\"v\":7,\"p\":[{\"b\":10,\"s\":[{\"p\":[-0.1932447,-0.116628,-0.1168995],\"r\":[19.71555,317.7225,357.9917],\"s\":[0.1250001,0.125,0.125],\"c\":[1,1,1]}]},{\"b\":41,\"s\":[{\"p\":[-0.05006507,0.08223279,-0.1748681],\"r\":[20.21179,248.1177,345.6133],\"s\":[0.1250001,0.125,0.1250001],\"c\":[1,1,1]}]},{\"b\":10,\"s\":[{\"p\":[-0.07737631,0.05907602,-0.07222061],\"r\":[2.187028,337.9721,1.41448],\"s\":[0.1250006,0.1250004,0.1250005],\"c\":[1,1,1]}]},{\"b\":10,\"s\":[{\"p\":[0.07311405,0.1245565,0.003979817],\"r\":[12.67725,32.80531,328.0763],\"s\":[0.1250008,0.1250004,0.1250006],\"c\":[1,1,1]}]}]}"}],"serveTime":5}