{"thingDefinitions":[{"id":"5cc918a7bdfb9370476e186e","def":"{\"n\":\"ground\",\"v\":9,\"a\":[1],\"p\":[{\"b\":17,\"s\":[{\"p\":[0,0,0],\"r\":[0,0,0],\"s\":[3.363348,0.11062,3.201102],\"c\":[0.9019608,0.8509804,0.7215686]}]}]}"},{"id":"5cc91710fb0ce7267153a968","def":"{\"v\":9,\"p\":[{\"b\":150,\"s\":[{\"p\":[0,0,0],\"r\":[0,0,-5.336085E-08],\"s\":[0.06000004,0.06000002,0.06000005],\"c\":[1,1,1]}]}]}"}],"serveTime":5}