{"thingDefinitions":[{"id":"5d2ef4232841bd79303aa780","def":"{\"v\":9,\"p\":[{\"b\":9,\"s\":[{\"p\":[0,0,0],\"r\":[0,0,0],\"s\":[0.1250003,0.1250001,0.1250001],\"c\":[1,1,1]}]},{\"b\":9,\"s\":[{\"p\":[0.4072684,0.1820948,-0.1186399],\"r\":[336.0042,51.54554,356.6035],\"s\":[0.9577991,0.2732894,0.624023],\"c\":[1,1,1]}]},{\"b\":9,\"s\":[{\"p\":[-0.2233102,-0.1691459,0.1839276],\"r\":[38.32534,50.36131,352.2294],\"s\":[0.9577994,0.2732894,0.624023],\"c\":[1,1,1]}]}]}"}],"serveTime":5}