{"thingDefinitions":[{"id":"5c04684c8a41dd65026eb5e3","def":"{\"v\":7,\"p\":[{\"s\":[{\"p\":[-0.2531779,-0.006897427,-0.003101617],\"r\":[14.82889,50.78366,324.83],\"s\":[0.1750017,0.1750011,0.1750012],\"c\":[1,1,1]}]},{\"b\":2,\"s\":[{\"p\":[-0.1108472,-0.004738934,-0.01980642],\"r\":[352.1529,89.66209,348.4697],\"s\":[0.05585447,0.125001,0.1250006],\"c\":[1,1,1]}]},{\"s\":[{\"p\":[-0.229742,0.01301993,-0.00394538],\"r\":[349.8074,349.0629,208.114],\"s\":[0.1750011,0.1750012,0.1750016],\"c\":[1,1,1]}]}]}"}],"serveTime":5}