{"thingDefinitions":[{"id":"5c105c869fccba055888106b","def":"{\"n\":\"sky\",\"v\":7,\"a\":[31],\"p\":[{\"t\":2,\"a\":[29],\"im\":\"934958299689997954/029B52FF84F26B31ECA5BADD61E7351DA3516C10/\",\"s\":[{\"p\":[0,0,0],\"r\":[0,0,0],\"s\":[0.5158591,0.5158591,0.2579296],\"c\":[1,1,1]}]}]}"}],"serveTime":3}