{"thingDefinitions":[{"id":"5c0ac8770f4f68055430af8e","def":"{\"v\":7,\"p\":[{\"b\":5,\"s\":[{\"p\":[0.1432482,0.1201875,-0.8620472],\"r\":[357.6289,359.6494,331.3493],\"s\":[0.1000005,0.1000003,0.3808501],\"c\":[1,1,1]}]}]}"}],"serveTime":4}