{"thingDefinitions":[{"id":"5c56404cc075311098f1c810","def":"{\"v\":7,\"p\":[{\"b\":2,\"s\":[{\"p\":[0,0,0],\"r\":[0,0,0],\"s\":[0.125,0.1250002,0.1250002],\"c\":[1,1,1]}]},{\"b\":2,\"s\":[{\"p\":[-0.3048332,-0.0220404,0.01638603],\"r\":[3.904554,8.430725,0.0113132],\"s\":[0.125,0.1250001,0.1250002],\"c\":[1,1,1]}]},{\"b\":2,\"s\":[{\"p\":[0.4582253,0.3444876,0.04369688],\"r\":[13.65624,347.2158,5.089946],\"s\":[0.1262137,0.1250002,0.1283521],\"c\":[1,1,1]}]}]}"}],"serveTime":5}