{"thingDefinitions":[{"id":"5bea4e5a7be841479ed5b7be","def":"{\"v\":7,\"p\":[{\"s\":[{\"p\":[0,0,0],\"r\":[0,0,0],\"s\":[0.1750001,0.1750005,0.1750004],\"c\":[1,1,1]}]}]}"}],"serveTime":4}