{"thingDefinitions":[{"id":"5a0084453ce1642210e6e511","def":"{\"n\":\"thing\",\"v\":2,\"p\":[{\"b\":107,\"e\":\"LUMINATI\",\"s\":[{\"p\":[-0.09218232,0.1168511,-0.009148553],\"r\":[70.64229,197.7186,199.5018],\"s\":[0.003000001,0.003,0.002999999],\"c\":[1,1,1]}]},{\"b\":2,\"s\":[{\"p\":[-0.02140735,0.1120982,-0.15937],\"r\":[358.8511,356.4457,359.2928],\"s\":[0.125,0.1250001,0.1250002],\"c\":[1,1,1]}]}]}"}],"serveTime":5}