{"thingDefinitions":[{"id":"5d7ae10fa1cf1e392b56a7f1","def":"{\"n\":\"ground\",\"v\":9,\"a\":[1],\"p\":[{\"b\":17,\"s\":[{\"p\":[0,0,0],\"r\":[0,0,0],\"s\":[3.363346,0.11062,3.201102],\"c\":[0.9019608,0.8509804,0.7215686]}]},{\"b\":4,\"s\":[{\"p\":[-3.622925,1.291837,3.180338],\"r\":[290.9955,196.3268,200.9036],\"s\":[0.125,0.1250001,0.1250003],\"c\":[1,1,1]}]}]}"},{"id":"5d7ae160288c857ffcc85641","def":"{\"v\":9,\"p\":[{\"b\":183,\"s\":[{\"p\":[0,0,0],\"r\":[0,0,0],\"s\":[0.06000008,0.05999999,0.06000011],\"c\":[0.2962962,0.6666667,0.6666667]}]}]}"}],"serveTime":6}