{"thingDefinitions":[{"id":"5a765fd035aad8ee2ebd9fc3","def":"{\"n\":\"ground\",\"v\":3,\"a\":[1],\"p\":[{\"b\":17,\"s\":[{\"p\":[0,0,0],\"r\":[0,0,0],\"s\":[3.245284,0.11062,5.744815],\"c\":[0.9019608,0.8509804,0.7215686]}]}]}"},{"id":"5a765f83b370fb8513b28edb","def":"{\"n\":\"thing\",\"v\":3,\"p\":[{\"b\":9,\"s\":[{\"p\":[0,0,0],\"r\":[0,0,-2.668043E-07],\"s\":[1.902315,0.9708596,0.125],\"c\":[1,1,1]}]}]}"},{"id":"5a76605b0307ebb4130516b2","def":"{\"n\":\"thing\",\"v\":3,\"p\":[{\"b\":175,\"s\":[{\"p\":[0,0,0],\"r\":[1.067217E-07,1.067217E-07,-5.336086E-07],\"s\":[0.07447357,0.04499999,0.07679702],\"c\":[1,1,1]}]}]}"}],"serveTime":6}