{"thingDefinitions":[{"id":"5f1492eb43ec5270f3e3cde1","def":"{\"v\":9,\"p\":[{\"s\":[{\"p\":[0.6181578,-0.9847798,0.3957795],\"r\":[26.94321,297.6761,41.38791],\"s\":[0.04292552,0.1750012,0.1750012],\"c\":[1,1,1]}]},{\"b\":9,\"s\":[{\"p\":[0.5028201,-1.082957,0.4690311],\"r\":[63.50012,22.195,185.9017],\"s\":[0.1051485,0.05572551,0.125002],\"c\":[1,1,1]}]},{\"b\":5,\"s\":[{\"p\":[0.7092749,-0.9304793,0.3486552],\"r\":[24.24278,301.4748,44.40481],\"s\":[0.03209262,0.1000003,0.1000004],\"c\":[1,1,1]}]}]}"}],"serveTime":5}