{"thingDefinitions":[{"id":"5c0338fc9c2c18055a50e1e2","def":"{\"v\":7,\"p\":[{\"s\":[{\"p\":[0,0,0],\"r\":[0,0,0],\"s\":[0.1750018,0.1750024,0.175002],\"c\":[1,1,1]}]},{\"s\":[{\"p\":[0.0007391784,-0.150897,0.001933187],\"r\":[357.365,0.9311483,0.8189973],\"s\":[0.175002,0.1750025,0.1750021],\"c\":[1,1,1]}]}]}"}],"serveTime":5}