{"thingDefinitions":[{"id":"5a907355f93cc3db0f8892f7","def":"{\"v\":2,\"p\":[{\"s\":[{\"p\":[0,0,0],\"r\":[0,0,-8.537735E-07],\"s\":[0.1750002,0.1750002,0.1750001],\"c\":[1,1,1]}]},{\"s\":[{\"p\":[0.3117437,0.1146268,-0.04928622],\"r\":[7.12337,37.97886,278.9334],\"s\":[0.1750001,0.1750002,0.1750001],\"c\":[1,1,1]}]}]}"}],"serveTime":5}