{"thingDefinitions":[{"id":"5c4c3eace8e10f0558d0ce82","def":"{\"v\":7,\"p\":[{\"b\":12,\"s\":[{\"p\":[0,0,0],\"r\":[0,0,0],\"s\":[0.06000003,0.06000011,0.06000006],\"c\":[1,1,1]}]}]}"}],"serveTime":4}