{"thingDefinitions":[{"id":"5b0854c5bcd19a63bb65e585","def":"{\"v\":4,\"p\":[{\"b\":9,\"s\":[{\"p\":[0,0,0],\"r\":[0,0,8.537737E-07],\"s\":[0.1250001,0.1250001,0.1250002],\"c\":[1,1,1]}]},{\"s\":[{\"p\":[0.1536561,-0.08566229,0.01652117],\"r\":[353.9119,0.9380682,335.3306],\"s\":[0.1750001,0.175,0.175],\"c\":[1,1,1]}]},{\"b\":10,\"s\":[{\"p\":[0.2321725,-0.006688729,-0.01584582],\"r\":[26.00351,23.59512,309.793],\"s\":[0.125,0.125,0.125],\"c\":[1,1,1]}]}]}"}],"serveTime":4}