{"thingDefinitions":[{"id":"5ce58e007e89af31eee54ccc","def":"{\"n\":\"ground\",\"v\":9,\"a\":[1,2,9,27],\"tp_lp\": [1,1,1],\"tp_lp\": [1,1,1],\"tp_lr\": [1,1,1],\"p\":[{\"b\":3,\"s\":[{\"p\":[-0.7377277,1.015499,0.4839874],\"r\":[71.05692,293.6087,82.30253],\"s\":[0.1250012,0.1250011,0.1250003],\"c\":[1,1,1]}]},{\"b\":17,\"s\":[{\"p\":[0.004557431,0.01271409,0.002497107],\"r\":[354.9552,1.456606,0.2067745],\"s\":[3.363348,0.11062,3.201102],\"c\":[0.9019608,0.8509804,0.7215686]}]}]}"}],"serveTime":4}