{"thingDefinitions":[{"id":"59f62cd07a4559d6137990e7","def":"{\"n\":\"thing\",\"v\":2,\"p\":[{\"b\":9,\"s\":[{\"p\":[0,0,0],\"r\":[0,0,0],\"s\":[0.1250012,0.04805678,0.1250007],\"c\":[1,1,1]}]},{\"b\":17,\"s\":[{\"p\":[1.945045,-0.02944815,0.7919726],\"r\":[284.2242,180.3484,280.3607],\"s\":[3.363346,0.11062,3.201102],\"c\":[0.9019608,0.8509804,0.7215686]}]}]}"}],"serveTime":3}