{"thingDefinitions":[{"id":"5b784b22a370d41e8e1396ef","def":"{\"v\":6,\"p\":[{\"a\":[5],\"t2\":75,\"s\":[{\"p\":[0,0,0],\"r\":[0,0,0],\"s\":[2500.032,2500.038,1.477189],\"c\":[1,1,1],\"t2\":{\"c\":[0,0.3999997,1],\"x\":0.5,\"y\":0.5,\"a\":0.8925,\"m\":0,\"n\":0,\"r\":0,\"g\":0,\"o\":0.5,\"t\":0.5,\"e\":0.5}}]},{\"b\":5,\"t\":22,\"t2\":58,\"s\":[{\"p\":[-4.727616,3.428677,-1.390991],\"r\":[359.9661,0.1521802,206.3053],\"s\":[33.40311,32.4344,7.032989],\"c\":[0,0.3333332,0.1333331],\"t2\":{\"c\":[0,0.3333333,0.1333333],\"x\":0.5,\"y\":0.5,\"a\":0.8925,\"m\":0,\"n\":0,\"r\":0,\"g\":0,\"o\":0.5,\"t\":0.5,\"e\":0.5}},{\"p\":[-4.727616,3.428677,-1.390991],\"r\":[359.9661,0.1521802,206.3053],\"s\":[33.40311,32.4344,7.032989],\"c\":[0,0.3333332,0.1333331],\"b\":[\"when \"],\"t2\":{\"c\":[0,0.3333333,0.1333333],\"x\":0.5,\"y\":0.5,\"a\":0.8925,\"m\":0,\"n\":0,\"r\":0,\"g\":0,\"o\":0.5,\"t\":0.5,\"e\":0.5}}]}]}"}],"serveTime":5}