{"thingDefinitions":[{"id":"5e583c042e4aeb06212ad1b1","def":"{\"v\":9,\"p\":[{\"s\":[{\"p\":[0,0,0],\"r\":[0,0,0],\"s\":[0.1750003,0.1750001,0.1750001],\"c\":[1,1,1]}]},{\"b\":3,\"s\":[{\"p\":[-0.02857552,0.01276131,-0.1772256],\"r\":[322.0146,221.4718,77.97532],\"s\":[0.125,0.125,0.125],\"c\":[1,1,1]}]}]}"}],"serveTime":5}