{"thingDefinitions":[{"id":"5a11effffbeb90b613958f9e","def":"{\"n\":\"gun\",\"v\":2,\"a\":[2,3,12],\"inc\":[[\"bullet\",\"5a11ee2acc117d081e707aa4\"]],\"p\":[{\"b\":5,\"s\":[{\"p\":[0,0,0],\"r\":[0,0,0],\"s\":[0.06812967,0.07018918,0.4355494],\"c\":[1,1,1],\"b\":[\"when triggered then become next in  0.1s\",\"when triggered then emit bullet with 20\"]},{\"p\":[-0.007646452,0.01590699,0.05088018],\"r\":[348.3753,358.0998,357.063],\"s\":[0.06812983,0.07018922,0.2331105],\"c\":[1,1,1],\"b\":[\"when starts then become next in 0.2s\"]}]},{\"b\":14,\"s\":[{\"p\":[0.01394632,0.0435538,-0.01216226],\"r\":[62.20381,276.4897,182.8372],\"s\":[0.06000022,0.06000018,0.02604926],\"c\":[1,1,1]}]}]}"}],"serveTime":3}