{"thingDefinitions":[{"id":"5d7fed5320316006255fc290","def":"{\"v\":9,\"p\":[{\"s\":[{\"p\":[0.132421,0.1471632,0.15992],\"r\":[21.29277,120.323,320.2114],\"s\":[0.1750006,0.1750005,0.1750006],\"c\":[1,1,1]}]},{\"s\":[{\"p\":[-0.7038758,0.2900085,0.02178895],\"r\":[37.87514,133.4052,345.9891],\"s\":[0.1750008,0.1750006,0.1750007],\"c\":[1,1,1]}]},{\"s\":[{\"p\":[0.2129698,-0.01430478,-0.07634221],\"r\":[4.937523,124.7292,7.434395],\"s\":[0.1750001,0.1750002,0.1750002],\"c\":[1,1,1]}]},{\"s\":[{\"p\":[-0.7999802,0.3113153,-0.318515],\"r\":[319.4325,229.3103,15.23108],\"s\":[0.1750004,0.1750003,0.1750006],\"c\":[1,1,1]}]}]}"}],"serveTime":4}