{"thingDefinitions":[{"id":"5ca3b88dcd2c242cc0583ab8","def":"{\"v\":9,\"p\":[{\"b\":2,\"s\":[{\"p\":[0,0,0],\"r\":[0,0,0],\"s\":[0.1250001,0.1250001,0.1250002],\"c\":[1,1,1]}]},{\"b\":3,\"s\":[{\"p\":[0.3291881,0.2605077,0.1579088],\"r\":[45.39452,34.96614,83.34536],\"s\":[0.125,0.1250001,0.1250001],\"c\":[1,1,1]}]}]}"}],"serveTime":6}