{"thingDefinitions":[{"id":"5cf6fd2f5e710d0630a2ce46","def":"{\"n\":\"ground\",\"v\":9,\"a\":[1],\"p\":[{\"b\":17,\"s\":[{\"p\":[0,0,0],\"r\":[0,0,2.334537E-08],\"s\":[3.295333,0.11062,3.184525],\"c\":[0.9019608,0.8509804,0.7215686]}]}]}"}],"serveTime":4}