{"thingDefinitions":[{"id":"5c9a26512b58b94a53e756c4","def":"{\"n\":\"mhvc \",\"v\":9,\"a\":[4,12,39,49],\"p\":[{\"b\":9,\"s\":[{\"p\":[0,0,0],\"r\":[0,0,8.537738E-07],\"s\":[0.125,0.125,0.125],\"c\":[1,1,1]}]},{\"b\":12,\"s\":[{\"p\":[0.132046,-0.02529294,-0.05329564],\"r\":[22.38576,8.738813,71.91496],\"s\":[0.06000003,0.06000007,0.06000008],\"c\":[1,1,1]}]},{\"b\":14,\"s\":[{\"p\":[-0.4192699,0.1419266,0.109138],\"r\":[344.2606,291.9161,59.14135],\"s\":[0.06000002,0.06000003,0.06000002],\"c\":[1,1,1]}]},{\"b\":3,\"s\":[{\"p\":[-0.2032068,0.07818928,0.04400867],\"r\":[342.576,298.69,42.78644],\"s\":[0.1250001,0.1250002,0.1250003],\"c\":[1,1,1]}]}]}"}],"serveTime":4}