{"thingDefinitions":[{"id":"5b99d755add061057aa3f29d","def":"{\"v\":6,\"p\":[{\"b\":14,\"s\":[{\"p\":[-0.2100446,0.01334074,-0.06160477],\"r\":[346.7895,276.82,66.56348],\"s\":[0.06000005,0.06000004,0.06],\"c\":[1,1,1]}]},{\"b\":9,\"s\":[{\"p\":[8.542649E-05,-0.04546691,-0.07248601],\"r\":[8.45541,358.3644,0.4872642],\"s\":[0.1250002,0.125,0.1250002],\"c\":[1,1,1]}]},{\"b\":9,\"s\":[{\"p\":[-0.4432194,0.04944995,-0.006911159],\"r\":[26.4426,297.3304,77.24716],\"s\":[0.1250002,0.1250004,0.1250002],\"c\":[1,1,1]}]}]}"}],"serveTime":4}