{"thingDefinitions":[{"id":"59bec14c2b2302c113b72598","def":"{\"n\":\"thing\",\"p\":[{\"b\":6,\"s\":[{\"p\":[0,0,0],\"r\":[0,0,0],\"s\":[0.1250001,0.1250001,0.1250002],\"c\":[1,1,1]}]}]}"}],"serveTime":4}