{"thingDefinitions":[{"id":"5812ff4b6d5b3f7e131f20d2","def":"{\"n\":\"big green ground\",\"a\":[7],\"p\":[{\"b\":12,\"s\":[{\"p\":[0,0,0],\"r\":[0,0,0],\"s\":[50.01931,0.2438223,49.62429],\"c\":[0.3950614,0.7777778,0.3456787]}]}]}"}],"serveTime":4}