{"thingDefinitions":[{"id":"5cbb4135ef5174481d2df652","def":"{\"v\":9,\"p\":[{\"b\":9,\"s\":[{\"p\":[0,0,0],\"r\":[0,0,0],\"s\":[0.1250005,0.1250002,0.1250004],\"c\":[1,1,1]}]}]}"}],"serveTime":5}