{"thingDefinitions":[{"id":"5d23a6cbfc7c49063767766f","def":"{\"v\":9,\"p\":[{\"s\":[{\"p\":[0,0,0],\"r\":[0,0,-8.537735E-07],\"s\":[0.03399453,0.2819261,0.1750001],\"c\":[1,1,1]}]}]}"}],"serveTime":4}