{"thingDefinitions":[{"id":"5dc0b7544bff4c1c64637129","def":"{\"n\":\"ground\",\"v\":9,\"a\":[1,12,49],\"p\":[{\"b\":17,\"s\":[{\"p\":[0.3281752,0.2306049,-0.3685136],\"r\":[17.09653,350.5652,1.900906],\"s\":[3.143522,0.5371993,3.174144],\"c\":[0.974603,0.111111,1]}]},{\"b\":17,\"s\":[{\"p\":[0.3824483,-0.5227418,0.1540577],\"r\":[0.1968742,344.2267,17.03753],\"s\":[3.143519,0.7022115,3.174145],\"c\":[0.974603,0.111111,1]}]},{\"b\":17,\"a\":[1,3,5,11,12,37,36,38],\"s\":[{\"p\":[0.597358,1.579529,-0.7474824],\"r\":[37.02971,72.1099,101.1266],\"s\":[2.806913,0.8530496,3.400004],\"c\":[0.974603,0.1111109,1]}]}]}"}],"serveTime":307}