{"thingDefinitions":[{"id":"5f6688c5eea00034bc5f8728","def":"{\"v\":9,\"p\":[{\"s\":[{\"p\":[0,0,0],\"r\":[0,0,-1.707547E-06],\"s\":[0.1750002,0.1749999,0.175],\"c\":[1,1,1]}]},{\"s\":[{\"p\":[-0.1593716,0.01396655,0.009742707],\"r\":[345.3895,7.481069,0.8753108],\"s\":[0.1750003,0.1750002,0.175],\"c\":[1,1,1]}]},{\"s\":[{\"p\":[-0.05271944,0.4001767,-0.1990317],\"r\":[308.8213,177.9817,188.1245],\"s\":[0.1750002,0.1750002,0.1750001],\"c\":[1,1,1]}]},{\"s\":[{\"p\":[-0.1453217,0.2099124,-0.1355266],\"r\":[332.319,329.5728,2.99818],\"s\":[0.1750005,0.1750004,0.1750002],\"c\":[1,1,1]}]}]}"}],"serveTime":5}