{"thingDefinitions":[{"id":"5ca54a00a48fa7055df287f3","def":"{\"v\":9,\"p\":[{\"b\":12,\"s\":[{\"p\":[-0.5139955,0.308969,-0.2138939],\"r\":[72.1295,239.9312,235.3771],\"s\":[0.06000004,0.06000007,0.06000002],\"c\":[1,1,1]}]},{\"b\":12,\"s\":[{\"p\":[-0.3909848,0.4316317,-0.8057603],\"r\":[328.2354,250.1497,91.94707],\"s\":[0.2210999,0.1344999,0.1783477],\"c\":[1,1,1]}]},{\"b\":9,\"s\":[{\"p\":[-0.7833403,0.9404236,0.08889568],\"r\":[5.70046,18.11778,260.4042],\"s\":[0.1250003,0.1250004,0.1250003],\"c\":[1,1,1]}]}]}"}],"serveTime":6}