{"thingDefinitions":[{"id":"5d4434c599f0cb0649c8f1eb","def":"{\"n\":\"nbdywho\",\"v\":9,\"a\":[1,48],\"p\":[{\"b\":9,\"s\":[{\"p\":[-0.1631753,0.6868351,0.1508094],\"r\":[295.6943,194.6595,345.0352],\"s\":[0.1250007,0.1250011,0.1250007],\"c\":[1,1,1]}]},{\"s\":[{\"p\":[-0.2203328,0.4238157,0.149851],\"r\":[286.6596,109.7745,318.0467],\"s\":[0.1750011,0.1750005,0.1750009],\"c\":[1,1,1]}]}]}"}],"serveTime":3}