{"thingDefinitions":[{"id":"5b0f2bf4bcd19a63bb65e72c","def":"{\"v\":4,\"p\":[{\"s\":[{\"p\":[0,0,0],\"r\":[0,0,0],\"s\":[0.1750001,0.1750001,0.1750001],\"c\":[1,1,1]}]}]}"},{"id":"5b0f2cb098d29d3bb03fe099","def":"{\"n\":\"yyu\",\"v\":4,\"p\":[{\"b\":76,\"s\":[{\"p\":[0,0,0],\"r\":[0,0,1.000516E-08],\"s\":[0.07500002,0.07500005,0.07500001],\"c\":[1,1,1]}]},{\"b\":78,\"s\":[{\"p\":[-0.2084582,0.002201031,-0.22531],\"r\":[1.569605,359.6619,0.4345695],\"s\":[0.07500003,0.07499997,0.07499998],\"c\":[1,1,1]}]},{\"b\":175,\"s\":[{\"p\":[-0.005404438,0.009264333,0.002868484],\"r\":[2.498363,318.7119,359.6957],\"s\":[0.04500001,0.04500002,0.04441945],\"c\":[1,1,1]}]}]}"}],"serveTime":4}