{"thingDefinitions":[{"id":"5b9d926d55b4d50fa3268a97","def":"{\"v\":6,\"a\":[43],\"p\":[{\"b\":41,\"s\":[{\"p\":[0,0,0],\"r\":[0,0,0],\"s\":[0.1250001,0.125,0.1250001],\"c\":[1,1,1]}]},{\"b\":14,\"s\":[{\"p\":[-0.651085,0.5034023,-0.08574283],\"r\":[331.5282,118.4958,136.925],\"s\":[0.06000023,0.06000017,0.06000011],\"c\":[1,1,1]}]},{\"b\":14,\"a\":[34],\"s\":[{\"p\":[-0.5573281,0.4465388,-0.2854384],\"r\":[305.8594,22.17294,116.7087],\"s\":[0.0600093,0.06001322,0.06001092],\"c\":[1,1,1]}]}]}"}],"serveTime":4}