{"thingDefinitions":[{"id":"5d4ac05f7abdad2b3e8de4c7","def":"{\"v\":9,\"a\":[7,18],\"p\":[{\"t\":2,\"t1\":158,\"c\":[[0.5007684,2.395885,0.5000514,2,6,14],[0.5000287,-0.5025077,0.4999735,0,13,10]],\"s\":[{\"p\":[0,0,0],\"r\":[0,0,0],\"s\":[115.5519,0.7327057,105.1926],\"c\":[0,0,0],\"t1\":{\"c\":[0.1111111,0.1111111,0.1111111],\"x\":0.5,\"y\":0.5,\"a\":0.8925,\"m\":0,\"n\":0,\"r\":0,\"g\":0,\"o\":0.5,\"t\":0.5,\"e\":0.5}}]}]}"}],"serveTime":4}