{"thingDefinitions":[{"id":"5bccdbad3aa97f65ea76a499","def":"{\"v\":7,\"p\":[{\"s\":[{\"p\":[0,0,0],\"r\":[0,0,-8.537735E-07],\"s\":[0.1750002,0.1750003,0.1750001],\"c\":[1,1,1]}]},{\"b\":2,\"s\":[{\"p\":[-0.1438039,-0.00632605,0.01729985],\"r\":[1.301835,266.7323,93.48915],\"s\":[0.1250001,0.1250001,0.1250001],\"c\":[1,1,1]}]},{\"b\":5,\"s\":[{\"p\":[0.1211362,-0.01306699,-0.02125035],\"r\":[5.208788,269.3813,68.68785],\"s\":[0.1000009,0.100001,0.1000004],\"c\":[1,1,1]}]}]}"}],"serveTime":5}