{"thingDefinitions":[{"id":"5a4e3a31fc9903f715813f40","def":"{\"n\":\"thing\",\"v\":2,\"p\":[{\"b\":9,\"s\":[{\"p\":[0,0,0],\"r\":[0,0,-1.067217E-07],\"s\":[0.125,0.125,0.125],\"c\":[1,1,1]}]},{\"b\":10,\"s\":[{\"p\":[0.114908,0.1492112,0.07161774],\"r\":[338.3622,9.990472,352.0686],\"s\":[0.1250002,0.1250002,0.1250001],\"c\":[1,1,1]}]},{\"b\":14,\"s\":[{\"p\":[-0.1009066,0.1552292,0.139102],\"r\":[339.4633,309.5784,24.48548],\"s\":[0.06000001,0.06000004,0.06000002],\"c\":[1,1,1]}]}]}"},{"id":"5a4e3acfb4bfe9bb13b4c0c6","def":"{\"n\":\"thing\",\"v\":2,\"p\":[{\"b\":27,\"s\":[{\"p\":[0,0,0],\"r\":[0,0,-8.537735E-07],\"s\":[0.1250001,0.1250001,0.1250001],\"c\":[1,1,1]}]}]}"}],"serveTime":5}