{"thingDefinitions":[{"id":"5eabb107a369317884167ccf","def":"{\"v\":9,\"p\":[{\"b\":9,\"s\":[{\"p\":[-0.1631221,0.05408734,-0.0008940957],\"r\":[351.5279,347.9021,358.4232],\"s\":[0.1250003,0.1250003,0.1250005],\"c\":[1,1,1]}]},{\"b\":10,\"s\":[{\"p\":[-0.1845579,0.3425367,0.03152266],\"r\":[350.6235,325.4778,346.0587],\"s\":[0.1250007,0.1250006,0.1250008],\"c\":[1,1,1]}]}]}"},{"id":"5eabb22f91d70c192779c143","def":"{\"v\":9,\"p\":[{\"b\":2,\"s\":[{\"p\":[0,0,0],\"r\":[0,0,0],\"s\":[0.1250002,0.1250004,0.1250004],\"c\":[1,1,1]}]}]}"},{"id":"5eabb4696f427078971558d4","def":"{\"n\":\"ground\",\"v\":9,\"a\":[1],\"p\":[{\"b\":17,\"s\":[{\"p\":[0,0,0],\"r\":[0,0,0],\"s\":[3.363346,0.11062,3.201102],\"c\":[0.9019608,0.8509804,0.7215686]}]}]}"}],"serveTime":6}