{"thingDefinitions":[{"id":"5cb12b8921bdca26726f574a","def":"{\"v\":9,\"p\":[{\"t\":1,\"s\":[{\"p\":[0,0,0],\"r\":[0,0,0],\"s\":[0.6164559,0.1750008,0.6974053],\"c\":[1,0.342857,0]}]},{\"t\":1,\"s\":[{\"p\":[-0.0006602146,0.07726059,0.09268539],\"r\":[359.2503,359.8892,358.6015],\"s\":[0.5256385,0.07355792,0.4359507],\"c\":[0,0,0]}]},{\"a\":[1],\"s\":[{\"p\":[-0.01683358,0.2547495,-0.2669613],\"r\":[8.850331,2.741417,6.00783],\"s\":[0.07197551,0.09505109,0.07175305],\"c\":[1,1,1],\"b\":[\"when touched then become next in 1s\"]},{\"p\":[-0.0002027405,0.07687846,-0.189795],\"r\":[7.285086,359.9806,0.5821233],\"s\":[0.07197537,0.09505095,0.07175298],\"c\":[1,1,1],\"b\":[\"when touched then become next in 1s\"]}]}]}"}],"serveTime":14}