{"thingDefinitions":[{"id":"5a0817ffa195eaaf138a3105","def":"{\"n\":\"thing\",\"v\":2,\"p\":[{\"b\":2,\"s\":[{\"p\":[0,0,0],\"r\":[0,0,0],\"s\":[0.1250003,0.1250002,0.1250002],\"c\":[0.1142857,0,1]}]},{\"b\":2,\"s\":[{\"p\":[-0.2926304,0.01995839,0.05366103],\"r\":[341.1457,186.0113,340.3738],\"s\":[0.1250003,0.1250003,0.1250003],\"c\":[0.1142857,0,1]}]},{\"b\":8,\"s\":[{\"p\":[-0.1899936,0.1074653,0.1063988],\"r\":[60.17768,339.9106,11.97572],\"s\":[0.1250001,0.125,0.1250001],\"c\":[0.2962962,0.8888889,0.8888889]}]},{\"b\":8,\"s\":[{\"p\":[-0.3273024,0.1351251,0.07733461],\"r\":[40.83521,269.8734,7.46724],\"s\":[0.1250001,0.1250001,0.1250001],\"c\":[0.2962962,0.8888889,0.8888889]}]}]}"}],"serveTime":5}