{"thingDefinitions":[{"id":"5de33d9ab7676a0d0d0c9e87","def":"{\"v\":9,\"p\":[{\"s\":[{\"p\":[0,0,0],\"r\":[0,0,-3.335053E-09],\"s\":[0.1750001,0.1750001,0.1750002],\"c\":[1,1,1]}]},{\"s\":[{\"p\":[0.1804172,0.007349448,-0.002082318],\"r\":[358.1549,1.654163,1.867221],\"s\":[0.1749997,0.1749999,0.1749998],\"c\":[1,1,1]}]}]}"}],"serveTime":4}