{"thingDefinitions":[{"id":"5a5667ac92356cda0f09e9d3","def":"{\"n\":\"thing\",\"v\":2,\"p\":[{\"b\":16,\"s\":[{\"p\":[0,0,0],\"r\":[0,0,0],\"s\":[0.1250003,0.125,0.1250003],\"c\":[1,1,1]}]},{\"b\":16,\"s\":[{\"p\":[-0.3482087,0.3776884,-0.07829037],\"r\":[30.50018,318.3265,267.0726],\"s\":[0.1250004,0.1250001,0.1250006],\"c\":[1,1,1]}]},{\"b\":16,\"s\":[{\"p\":[-0.3311384,0.3631687,-0.07251155],\"r\":[7.665788,324.4286,91.06534],\"s\":[0.1250006,0.1250002,0.1250006],\"c\":[1,1,1]}]}]}"}],"serveTime":3}