{"thingDefinitions":[{"id":"5a7f4166dfb9f6323bbb6b50","def":"{\"n\":\"thing\",\"v\":2,\"p\":[{\"b\":12,\"s\":[{\"p\":[0,0,0],\"r\":[0,0,-3.201651E-07],\"s\":[0.1412335,0.06000006,0.06000011],\"c\":[1,1,1]}]}]}"},{"id":"5a7f4197859113ef0f34d5fd","def":"{\"n\":\"thing\",\"v\":2,\"p\":[{\"b\":164,\"s\":[{\"p\":[0,0,0],\"r\":[-3.415094E-06,5.088886E-14,-1.707547E-06],\"s\":[0.1000001,0.1000002,1.276724],\"c\":[1,1,1]}]}]}"}],"serveTime":5}