{"thingDefinitions":[{"id":"5b622027931aac4f956508c6","def":"{\"v\":6,\"p\":[{\"s\":[{\"p\":[-0.3119709,0.377122,0.1617804],\"r\":[359.5282,39.38403,287.2126],\"s\":[0.1750007,0.1750009,0.1750012],\"c\":[1,1,1]}]},{\"b\":14,\"s\":[{\"p\":[0.01737536,-0.01980474,-0.03013264],\"r\":[65.02078,38.1465,25.45697],\"s\":[0.06000011,0.06000015,0.06000008],\"c\":[1,1,1]}]},{\"b\":14,\"s\":[{\"p\":[-0.1789846,-0.04802178,0.01508239],\"r\":[11.78978,284.9011,19.69098],\"s\":[0.06000011,0.06000009,0.06000013],\"c\":[1,1,1]}]},{\"b\":14,\"s\":[{\"p\":[0.0979188,0.00856223,-0.03946892],\"r\":[11.61936,281.3843,20.79556],\"s\":[0.06000014,0.06000017,0.0600002],\"c\":[1,1,1]}]}]}"}],"serveTime":4}