{"thingDefinitions":[{"id":"5a665c668e75475c14b41f30","def":"{\"n\":\"thing\",\"v\":2,\"p\":[{\"s\":[{\"p\":[0.2170066,0.05996775,-0.1600119],\"r\":[20.24779,47.53097,314.9412],\"s\":[0.1750001,0.1750001,0.175],\"c\":[1,1,1]}]},{\"b\":9,\"s\":[{\"p\":[0.09475842,0.02178201,-0.02240852],\"r\":[1.618501,359.2901,6.429651],\"s\":[0.1250001,0.1250002,0.1250001],\"c\":[1,1,1]}]},{\"b\":9,\"s\":[{\"p\":[0.296274,0.2233742,-0.1249311],\"r\":[326.7999,61.74464,5.011108],\"s\":[0.1250002,0.1250002,0.1250001],\"c\":[1,1,1]}]}]}"}],"serveTime":4}