{"thingDefinitions":[{"id":"5c298f41ba9eaf05568eb912","def":"{\"v\":7,\"p\":[{\"b\":160,\"s\":[{\"p\":[0.3036436,0.03850336,0.3570856],\"r\":[60.61337,74.95589,357.2357],\"s\":[0.1,0.1,0.1],\"c\":[1,1,1]}]},{\"b\":161,\"s\":[{\"p\":[0.4217805,0.2461354,-0.04648263],\"r\":[41.25852,111.9756,8.668714],\"s\":[0.1,0.1,0.1],\"c\":[1,1,1]}]},{\"b\":40,\"s\":[{\"p\":[0.1661773,0.09504624,0.04375129],\"r\":[28.92735,343.3401,13.36598],\"s\":[0.1250002,0.1250001,0.1250004],\"c\":[1,1,1]}]},{\"b\":46,\"s\":[{\"p\":[0.1549742,0.1359174,0.04779513],\"r\":[25.56213,341.3713,20.86334],\"s\":[0.1250001,0.1250001,0.1250003],\"c\":[1,1,1]}]}]}"}],"serveTime":6}