{"thingDefinitions":[{"id":"5c6e47336a83931c8fb388c3","def":"{\"n\":\"ground\",\"v\":7,\"a\":[1,29],\"tp_lr\": [1,0,0],\"p\":[{\"b\":17,\"s\":[{\"p\":[0,0,0],\"r\":[0,0,0],\"s\":[3.345939,0.11062,3.201102],\"c\":[0.9019608,0.8509804,0.7215686]}]}]}"}],"serveTime":4}