{"thingDefinitions":[{"id":"5a4cf60ba89f60a9132bb8c4","def":"{\"n\":\"thing\",\"v\":2,\"a\":[2,9,14,17,24,33],\"bod\":{},\"p\":[{\"b\":3,\"s\":[{\"p\":[0,0,0],\"r\":[0,0,-1.707547E-06],\"s\":[0.125,0.1250001,0.1250001],\"c\":[1,1,1]}]},{\"b\":3,\"s\":[{\"p\":[-0.05565123,-0.03744111,-0.04499832],\"r\":[355.1345,357.8138,0.2801223],\"s\":[0.125,0.125,0.125],\"c\":[1,1,1]}]}]}"}],"serveTime":4}