{"thingDefinitions":[{"id":"5a6e8d3537f3a45f1372c66b","def":"{\"n\":\"thing\",\"v\":2,\"p\":[{\"s\":[{\"p\":[0,0,0],\"r\":[0,0,0],\"s\":[6.828807,0.1265886,5.814583],\"c\":[0.3950616,0.4444443,0.4444443]}]}]}"}],"serveTime":5}