{"thingDefinitions":[{"id":"5ba8c80b125bf009b3e30a4d","def":"{\"v\":7,\"p\":[{\"b\":3,\"s\":[{\"p\":[0,0,0],\"r\":[0,0,0],\"s\":[0.04228784,0.01706659,0.04997808],\"c\":[0,0,0]}]},{\"b\":3,\"s\":[{\"p\":[0.002079425,0.003498971,0.1507461],\"r\":[4.299675,268.2303,271.8715],\"s\":[0.02144879,0.05224686,0.04627864],\"c\":[0,0,0]}]},{\"b\":3,\"s\":[{\"p\":[0.0009270704,0.02187911,0.002136044],\"r\":[357.2507,165.123,275.5871],\"s\":[0.001000003,0.01052244,0.00969165],\"c\":[0,0.9142855,1]}]},{\"b\":3,\"s\":[{\"p\":[0.002133347,0.030046,0.1506073],\"r\":[354.7137,20.72578,357.1087],\"s\":[0.0117785,0.006632532,0.01081544],\"c\":[0,0.9142855,1]}]}]}"}],"serveTime":12}