{"thingDefinitions":[{"id":"5d5a16a28c31ef1b51dcca00","def":"{\"v\":9,\"p\":[{\"b\":9,\"s\":[{\"p\":[0.3954719,0.02513659,0.3166389],\"r\":[326.3868,341.3507,90.38867],\"s\":[0.1250002,0.1250001,0.1250001],\"c\":[1,1,1]}]},{\"b\":9,\"s\":[{\"p\":[-0.2801666,-0.2480498,0.1028464],\"r\":[331.8376,331.0722,287.7396],\"s\":[0.1250001,0.1250001,0.1250001],\"c\":[1,1,1]}]},{\"b\":9,\"s\":[{\"p\":[0.2960426,-0.4344125,-0.04547933],\"r\":[27.50094,42.31402,37.47856],\"s\":[0.1250003,0.1250001,0.1250002],\"c\":[1,1,1]}]}]}"}],"serveTime":5}