{"thingDefinitions":[{"id":"5b4896f266a37d7a60ae6bad","def":"{\"n\":\"1\",\"v\":5,\"a\":[7,18,41],\"p\":[{\"b\":14,\"t\":2,\"a\":[32],\"s\":[{\"p\":[-0.1404899,0.1512662,-0.01814717],\"r\":[343.6444,189.8702,78.96893],\"s\":[0.0601268,0.06011251,0.06007828],\"c\":[0.7777778,0.5333333,0]}]},{\"t\":9,\"a\":[32],\"s\":[{\"p\":[-0.1554515,0.3341777,0.1265936],\"r\":[16.35564,9.870234,11.03109],\"s\":[0.1755033,0.1755975,0.1757219],\"c\":[0.7777778,0.5333333,0]}]}]}"}],"serveTime":3}