{"thingDefinitions":[{"id":"59da1201d8d6e8b713c8353b","def":"{\"n\":\"thing\",\"p\":[{\"b\":9,\"s\":[{\"p\":[-0.1097671,-0.1030267,0.1155687],\"r\":[7.485522,55.70565,356.6454],\"s\":[0.125,0.1250001,0.1250001],\"c\":[1,1,1]}]},{\"b\":40,\"s\":[{\"p\":[0.1481156,0.1831632,0.173876],\"r\":[11.09978,332.8065,51.40665],\"s\":[0.1250002,0.1250001,0.125],\"c\":[1,1,1]}]},{\"s\":[{\"p\":[0.226029,0.2925991,0.09878224],\"r\":[332.4205,7.97642,47.718],\"s\":[0.175,0.1750003,0.1750003],\"c\":[1,1,1]}]},{\"b\":40,\"s\":[{\"p\":[0.1516954,0.2395328,0.2811792],\"r\":[306.2476,57.3253,11.48452],\"s\":[0.1250002,0.1250002,0.1250001],\"c\":[1,1,1]}]}]}"}],"serveTime":7}