{"thingDefinitions":[{"id":"5d34c5472a708e0628e13596","def":"{\"n\":\"ground\",\"v\":9,\"a\":[1],\"p\":[{\"b\":17,\"s\":[{\"p\":[0,0,0],\"r\":[0,0,0],\"s\":[3.363346,0.11062,3.201102],\"c\":[0.9019608,0.8509804,0.7215686]}]}]}"},{"id":"5d34c5722a708e0628e13597","def":"{\"v\":9,\"p\":[{\"s\":[{\"p\":[0,0,0],\"r\":[3.415094E-06,0,0],\"s\":[0.1750002,0.175,0.1750002],\"c\":[1,1,1]}]}]}"},{"id":"5d34c5a62af5577924a377fe","def":"{\"v\":9,\"p\":[{\"s\":[{\"p\":[0,0,0],\"r\":[3.415094E-06,0,0],\"s\":[0.17492,0.1603204,0.1750002],\"c\":[1,1,1]}]}]}"}],"serveTime":6}