{"thingDefinitions":[{"id":"5b8563c3d442997e7760f389","def":"{\"v\":6,\"p\":[{\"b\":5,\"s\":[{\"p\":[0,0,0],\"r\":[0,0,0],\"s\":[0.125,0.1250001,0.1250001],\"c\":[1,1,1]}]},{\"b\":13,\"s\":[{\"p\":[0.05228198,0.03044628,0.1431321],\"r\":[15.48528,356.9059,359.959],\"s\":[0.06000003,0.06000004,0.06000005],\"c\":[1,1,1]}]}]}"}],"serveTime":5}