{"thingDefinitions":[{"id":"5ce5869876b2330551cf904c","def":"{\"v\":9,\"a\":[48],\"p\":[{\"b\":9,\"s\":[{\"p\":[0,0,0],\"r\":[0,0,1.707547E-06],\"s\":[0.1250006,0.1250004,0.1250003],\"c\":[1,1,1]}]},{\"b\":9,\"s\":[{\"p\":[-0.1982028,0.0246661,-0.829138],\"r\":[288.6416,213.2633,199.0393],\"s\":[0.1250005,0.1250003,0.1250001],\"c\":[1,1,1]}]},{\"b\":9,\"s\":[{\"p\":[-0.001225412,0.06760684,-0.3900898],\"r\":[321.4746,344.8688,5.183103],\"s\":[0.1250005,0.1250004,0.1250001],\"c\":[1,1,1]}]}]}"}],"serveTime":5}