{"thingDefinitions":[{"id":"5ad4f27c8658bf0fecff892c","def":"{\"v\":3,\"p\":[{\"b\":173,\"t\":14,\"a\":[5,31],\"s\":[{\"p\":[-0.03371741,-1.020883,-0.6472496],\"r\":[20.04715,14.67711,10.41958],\"s\":[0.04500044,0.04500026,0.0450003],\"c\":[0.04938257,0.4444443,0.1396824]},{\"p\":[-0.2033801,-0.005535786,-0.1482266],\"r\":[5.326352,338.7977,353.7935],\"s\":[0.04500005,0.04500003,0.04500001],\"c\":[1,1,1]},{\"p\":[-0.2033801,-0.005535786,-0.1482266],\"r\":[5.326352,338.7977,353.7935],\"s\":[0.04500005,0.04500003,0.04500001],\"c\":[1,1,1]}]}]}"}],"serveTime":6}