{"thingDefinitions":[{"id":"5cfe3456a1c03825240c9e7c","def":"{\"v\":9,\"p\":[{\"b\":14,\"s\":[{\"p\":[0,0,0],\"r\":[0,0,0],\"s\":[0.3479036,0.3608159,0.7373646],\"c\":[1,1,1]}]},{\"b\":14,\"s\":[{\"p\":[0.002104029,0.8389168,-0.04349554],\"r\":[3.837892,359.8329,97.89844],\"s\":[0.3479025,0.3608157,0.7373654],\"c\":[1,1,1]}]}]}"}],"serveTime":3}