{"thingDefinitions":[{"id":"5c90ce2fe55944242108f8e0","def":"{\"v\":8,\"p\":[{\"s\":[{\"p\":[0,0,0],\"r\":[0,0,1.707547E-06],\"s\":[0.1750001,0.1750001,0.175],\"c\":[1,1,1]}]},{\"b\":9,\"s\":[{\"p\":[0.167167,-0.2371725,-0.1985346],\"r\":[29.50938,347.2243,35.64382],\"s\":[0.125,0.125,0.125],\"c\":[1,1,1]}]},{\"b\":10,\"s\":[{\"p\":[0.3275723,0.0329321,0.05611907],\"r\":[342.9863,1.932902,46.31093],\"s\":[0.1250001,0.125,0.125],\"c\":[1,1,1]}]}]}"}],"serveTime":4}