{"thingDefinitions":[{"id":"5c847f22c8071105271b74ba","def":"{\"v\":7,\"p\":[{\"b\":2,\"s\":[{\"p\":[-0.02748485,-0.01016687,-0.1454575],\"r\":[358.0966,178.5056,90.14343],\"s\":[0.125,0.1250001,0.1250001],\"c\":[1,1,1]}]},{\"s\":[{\"p\":[0.03024249,0.1678743,-0.2229611],\"r\":[17.4016,180.247,103.0061],\"s\":[0.1750003,0.1750003,0.1750002],\"c\":[1,1,1]}]},{\"b\":9,\"s\":[{\"p\":[0.03266099,0.1303423,-0.3907371],\"r\":[28.03238,236.5772,74.04602],\"s\":[0.1250001,0.1250001,0.1250001],\"c\":[1,1,1]}]},{\"b\":14,\"s\":[{\"p\":[0.1197894,0.1799203,-0.4657323],\"r\":[51.18861,219.6552,94.89093],\"s\":[0.06000003,0.06000002,0.06000003],\"c\":[1,1,1]}]}]}"}],"serveTime":4}