{"thingDefinitions":[{"id":"59b379678802aed3136aaa6e","def":"{\"n\":\"thing\",\"p\":[{\"b\":73,\"s\":[{\"p\":[0,0,0],\"r\":[0,0,0],\"s\":[0.2250001,0.2250002,0.2250001],\"c\":[1,1,1]}]},{\"b\":73,\"s\":[{\"p\":[0.1971119,0.03851297,-0.03273363],\"r\":[4.321455,64.03259,336.3325],\"s\":[0.2250001,0.2250001,0.2250001],\"c\":[1,1,1]}]},{\"b\":69,\"s\":[{\"p\":[0.09928007,0.2730145,0.3323246],\"r\":[55.16782,357.809,179.6976],\"s\":[0.09710231,0.251022,0.07500021],\"c\":[1,1,1]}]}]}"}],"serveTime":4}