{"thingDefinitions":[{"id":"59fabc2d0f0787ae13fda7c1","def":"{\"n\":\"thing\",\"v\":2,\"a\":[2,3],\"p\":[{\"b\":5,\"s\":[{\"p\":[0.02639249,-0.0005524307,-0.0322921],\"r\":[356.6775,3.545495,341.8856],\"s\":[0.007566367,0.01161302,0.1719069],\"c\":[0.7777778,0.7209877,0.691358]}]},{\"s\":[{\"p\":[0.02954973,-0.002123699,0.03472654],\"r\":[356.6775,3.545497,71.88562],\"s\":[0.1112036,0.02636618,0.01016057],\"c\":[1,0.9206349,0.4444443]}]},{\"b\":14,\"s\":[{\"p\":[0.05351522,0.02353126,0.3979254],\"r\":[3.322508,183.5455,198.1144],\"s\":[0.005003596,0.04876417,0.1466638],\"c\":[1,1,1]}]}]}"}],"serveTime":5}