{"thingDefinitions":[{"id":"5df68b0e8dc3d53a3f791dc9","def":"{\"v\":9,\"p\":[{\"b\":9,\"s\":[{\"p\":[0,0,0],\"r\":[0,0,4.268868E-07],\"s\":[0.125,0.1250001,0.1250001],\"c\":[1,1,1]}]},{\"b\":14,\"s\":[{\"p\":[0.07991667,0.03197111,0.2315715],\"r\":[355.4588,15.49114,331.7944],\"s\":[0.02894213,0.06000011,0.004826073],\"c\":[1,1,1]}]}]}"}],"serveTime":5}