{"thingDefinitions":[{"id":"5d4ec2018c31ef1b51dcc696","def":"{\"v\":9,\"p\":[{\"b\":9,\"s\":[{\"p\":[0,0,0],\"r\":[0,0,2.134434E-07],\"s\":[0.1250007,0.1250009,0.1250004],\"c\":[1,1,1]}]},{\"b\":14,\"s\":[{\"p\":[0.07622577,0.1933306,-0.1564992],\"r\":[48.48816,338.0491,201.4619],\"s\":[0.06000014,0.06000011,0.06000008],\"c\":[1,1,1]}]},{\"b\":17,\"s\":[{\"p\":[-0.05101901,0.1193295,-0.1924202],\"r\":[29.18304,313.2156,162.4132],\"s\":[0.06000027,0.06000026,0.06000001],\"c\":[1,1,1]}]}]}"}],"serveTime":5}