{"thingDefinitions":[{"id":"5b9725d0e20b6d52465aeacd","def":"{\"v\":6,\"p\":[{\"b\":166,\"s\":[{\"p\":[-0.101563,0.07645234,0.1467965],\"r\":[43.29654,333.3603,341.3237],\"s\":[0.03,0.02999999,0.03],\"c\":[1,1,1]}]},{\"b\":151,\"s\":[{\"p\":[-0.1814088,-0.03346521,0.05063403],\"r\":[336.083,6.73701,326.2311],\"s\":[0.06000002,0.06000004,0.06000008],\"c\":[1,1,1]}]},{\"b\":151,\"s\":[{\"p\":[-0.01973845,-0.008228986,0.02953346],\"r\":[357.2003,0.6959195,350.1523],\"s\":[0.0600001,0.06000011,0.06000013],\"c\":[1,1,1]}]}]}"}],"serveTime":4}