{"thingDefinitions":[{"id":"5dd5b0921d8c360d572ebf4e","def":"{\"n\":\"ground\",\"v\":9,\"a\":[1],\"p\":[{\"b\":9,\"s\":[{\"p\":[-0.8011486,1.752653,-0.2385441],\"r\":[348.9913,142.3727,284.69],\"s\":[0.1250001,0.1250001,0.1250001],\"c\":[1,1,1]}]},{\"b\":17,\"s\":[{\"p\":[0.2500604,0.4515719,-1.133643],\"r\":[352.9604,39.93246,15.34609],\"s\":[3.363349,0.07860667,3.201104],\"c\":[0.9019608,0.8509804,0.7215686]}]}]}"}],"serveTime":5}