{"thingDefinitions":[{"id":"5aa1778864550f7ef95cca8c","def":"{\"v\":2,\"p\":[{\"b\":3,\"s\":[{\"p\":[0,0,0],\"r\":[0,0,0],\"s\":[0.125,0.1250001,0.125],\"c\":[1,1,1]}]},{\"b\":3,\"s\":[{\"p\":[0.004787296,0.28517,0.1281127],\"r\":[326.567,355.6,8.261143],\"s\":[0.1250002,0.1250002,0.1250003],\"c\":[1,1,1]}]},{\"b\":3,\"s\":[{\"p\":[-0.1440275,-0.142197,-0.2525858],\"r\":[26.99888,359.7398,357.4786],\"s\":[0.1250001,0.1250002,0.125],\"c\":[1,1,1]}]}]}"}],"serveTime":5}