{"thingDefinitions":[{"id":"5df301e51111f635953669dd","def":"{\"v\":9,\"p\":[{\"b\":73,\"s\":[{\"p\":[0,0,0],\"r\":[0,0,3.415095E-06],\"s\":[0.2250001,0.2250002,0.2250001],\"c\":[1,1,1]}]}]}"},{"id":"5df30e31dda0003402360b86","def":"{\"v\":9,\"p\":[{\"b\":9,\"c\":[[-0.298,0.374,-0.086,28,16,97,3,47,1],[0.098,0.38,0.338,54,88,36,16,45],[-0.937,-0.47,0.484,59,129,2,3,43,1],[-5.282,-2.131,-0.149,43,64,2,3,74,3],[0.581,1.523,-0.602,40,103,2,3,29,3],[1.222,0.944,0.768,56,123,2,3,43,1],[-0.051,0.088,0.741,55,167,3,8,2,3],[-6.216,-3.403,1.297,57,49,52,29,16],[-0.037,1.207,-1.024,29,69,2,3,43,1],[-1.773,0.38,-1.156,27,15,28,27,16],[-4.017,-3.437,2.003,58,139,2,3,29,3],[1.497,1.757,0.012,25,16,91,3,47,1],[0.713,0.193,1.203,52,161,3,8,2,3],[-0.77,-0.9,1.464,196,9,9,9,9],[-6.092,-3.394,1.234,18,15,28,25,45],[-4.141,-3.398,2.015,19,16,79,3,47,1],[0.612,0.172,1.199,34,91,2,3,29,3],[0.488,0.438,0.397,22,16,85,3,47,1],[-0.712,-0.163,0.242,23,57,2,3,43,1],[0.394,0.514,0.196,21,15,43,16,45],[-0.043,0.388,-0.278,7,4,67,3,11,1],[0.316,0.743,-0.255,26,63,2,3,43,1],[0.644,0.679,0.218,37,97,2,3,29,3],[-0.151,0.691,-0.651,10,4,73,3,11,1],[-0.358,0.481,-0.505,0,6,3,3,65],[-0.514,-0.001,-0.287,1,7,52,3,20,1],[-0.728,-0.025,-0.447,2,3,60,1,8,1],[-0.518,0.514,-0.727,13,58,2,3,20,3],[0.498,0.348,0.678,53,117,2,3,43,1],[-0.191,-0.09,0.628,48,76,36,16,45],[-0.267,-0.185,0.745,50,111,2,3,43,1],[0.234,-0.088,0.934,49,155,3,8,2,3],[0.683,0.553,0.458,51,82,36,16,45],[-0.881,-0.273,-0.019,20,42,2,3,52,1],[-0.964,-0.483,0.369,31,85,2,3,29,3],[-1.003,-0.291,-0.345,3,12,15,38,54],[-0.708,-0.481,0.681,45,70,36,16,45],[-0.215,-0.394,0.95,46,149,3,8,2,3],[-0.761,-0.378,0.609,47,105,2,3,43,1]],\"s\":[{\"p\":[0,0,0],\"r\":[1.707548E-06,-1.272222E-14,-8.537738E-07],\"s\":[0.1250003,0.1250007,0.1250005],\"c\":[1,1,1]}]}]}"}],"serveTime":8}