{"thingDefinitions":[{"id":"5c319a2c5496586f5aa0cecd","def":"{\"v\":7,\"p\":[{\"b\":75,\"s\":[{\"p\":[-0.375762,0.5068049,-0.2471764],\"r\":[315.1006,334.9085,354.8843],\"s\":[0.07500003,0.07500002,0.07500008],\"c\":[1,1,1]}]},{\"b\":75,\"s\":[{\"p\":[-0.07427215,-0.0598179,-0.02256106],\"r\":[43.40932,79.15731,325.4245],\"s\":[0.0750002,0.07500011,0.07500015],\"c\":[1,1,1]}]}]}"}],"serveTime":6}