{"thingDefinitions":[{"id":"5e2337ff01cc824f508f870e","def":"{\"n\":\"ground\",\"v\":9,\"a\":[1],\"p\":[{\"b\":17,\"s\":[{\"p\":[0,0,0],\"r\":[0,0,0],\"s\":[3.363346,0.11062,3.201102],\"c\":[0.9019608,0.8509804,0.7215686]}]},{\"b\":7,\"s\":[{\"p\":[-1.219421,1.535588,0.3217022],\"r\":[272.6785,76.33654,225.6737],\"s\":[0.125,0.125,0.125],\"c\":[1,1,1]}]}]}"}],"serveTime":5}