{"thingDefinitions":[{"id":"5bc003a7b5ea9c058e32808d","def":"{\"n\":\"ground\",\"v\":7,\"a\":[1],\"p\":[{\"b\":17,\"s\":[{\"p\":[0,0,0],\"r\":[0,0,0],\"s\":[2500,0.5730857,2500],\"c\":[0.9019608,0.8509804,0.7215686]}]}]}"}],"serveTime":5}