{"thingDefinitions":[{"id":"5a57c2abc2e2896b13122647","def":"{\"n\":\"thing\",\"v\":2,\"p\":[{\"s\":[{\"p\":[-0.3255941,-0.4291413,-1.576201],\"r\":[330.3781,164.0979,216.8524],\"s\":[4.782796,3.411901,0.005000035],\"c\":[1,1,1]}]},{\"s\":[{\"p\":[-2.117914,-0.08267355,0.4053548],\"r\":[358.4233,0.449863,349.4025],\"s\":[4.785821,3.414766,0.005003628],\"c\":[1,1,1]}]},{\"s\":[{\"p\":[-1.712809,1.565192,-1.333307],\"r\":[279.825,84.56194,275.6562],\"s\":[4.782812,3.411911,0.005000061],\"c\":[1,1,1]}]},{\"s\":[{\"p\":[-2.139411,-0.06001961,-3.120795],\"r\":[3.888953,359.9542,350.1492],\"s\":[4.782812,3.411914,0.005000053],\"c\":[1,1,1]}]}]}"}],"serveTime":4}