{"thingDefinitions":[{"id":"5811b8550c18e5e80f40c8af","def":"{\"n\":\"thing\",\"a\":[7,18],\"p\":[{\"s\":[{\"p\":[0,0,0],\"r\":[0,0,-4.378969E-13],\"s\":[1.003468,0.05210293,0.02441871],\"c\":[0.8691358,0.8888889,0.7901235]}]}]}"}],"serveTime":4}