{"thingDefinitions":[{"id":"5c96d28c2496704a47ee90e2","def":"{\"v\":9,\"p\":[{\"s\":[{\"p\":[0,0,0],\"r\":[0,0,1.280661E-06],\"s\":[0.1750009,0.138836,0.6992785],\"c\":[1,1,1]}]},{\"s\":[{\"p\":[0.07802313,0.2184875,-0.1917826],\"r\":[355.7879,331.6428,53.66383],\"s\":[0.1750008,0.1388359,0.6992783],\"c\":[1,1,1]}]},{\"s\":[{\"p\":[-0.3480108,-0.1487977,-0.0336091],\"r\":[27.00686,31.04169,71.38699],\"s\":[0.1750009,0.138836,0.6992792],\"c\":[1,1,1]}]}]}"}],"serveTime":5}