{"thingDefinitions":[{"id":"5b1e22e2de19ef1e646df97e","def":"{\"v\":5,\"a\":[7],\"p\":[{\"s\":[{\"p\":[0,0,0],\"r\":[0,0,7.656432E-20],\"s\":[33.53341,0.04237815,44.0603],\"c\":[0.1820104,0.4444443,0.148148]}]}]}"}],"serveTime":4}