{"thingDefinitions":[{"id":"5c0589f79cf82a63f97c1d58","def":"{\"v\":7,\"p\":[{\"b\":13,\"s\":[{\"p\":[0,0,0],\"r\":[0,0,0],\"s\":[0.06000002,0.06,0.06000002],\"c\":[1,1,1]}]},{\"b\":5,\"s\":[{\"p\":[-0.007118635,-0.0314303,-0.399891],\"r\":[54.39754,317.6824,347.1228],\"s\":[0.1,0.1,0.1],\"c\":[1,1,1]}]},{\"b\":14,\"s\":[{\"p\":[-0.454911,-0.1336201,-0.003054991],\"r\":[52.60617,39.68621,281.7424],\"s\":[0.06000002,0.06000002,0.06000001],\"c\":[1,1,1]}]},{\"b\":175,\"s\":[{\"p\":[-0.2373617,0.4816122,0.3369698],\"r\":[297.1485,236.7348,304.2767],\"s\":[0.04500001,0.04500001,0.04500001],\"c\":[1,1,1]}]}]}"}],"serveTime":5}