{"thingDefinitions":[{"id":"5b05f2795e7165667998d9ec","def":"{\"v\":4,\"p\":[{\"b\":5,\"s\":[{\"p\":[0,0,0],\"r\":[0,0,0],\"s\":[0.02482904,0.02504664,1.87481],\"c\":[1,1,1]}]}]}"}],"serveTime":4}