{"thingDefinitions":[{"id":"5a0e23208e1eadac13cbab72","def":"{\"n\":\"thing\",\"v\":2,\"p\":[{\"b\":3,\"s\":[{\"p\":[-0.3815802,-0.5472252,0.4119527],\"r\":[11.19608,19.45195,288.1894],\"s\":[0.009460114,0.02923603,0.02625061],\"c\":[0,0.9142855,1]}]},{\"b\":3,\"s\":[{\"p\":[-0.3273495,-0.5138806,0.3678149],\"r\":[36.50415,303.7686,267.6975],\"s\":[0.009460112,0.02923604,0.02625059],\"c\":[0,0.9142855,1]}]},{\"b\":3,\"s\":[{\"p\":[-0.3850582,-0.4283538,0.4306944],\"r\":[330.2369,221.3804,119.1774],\"s\":[0.1250001,0.1250002,0.1250002],\"c\":[0,0.7428569,1]}]},{\"b\":14,\"s\":[{\"p\":[-0.2343104,-0.3985209,0.6261932],\"r\":[10.54118,216.612,151.7772],\"s\":[0.1338054,0.06000016,0.06000017],\"c\":[1,0.8571429,0]}]}]}"}],"serveTime":4}