{"thingDefinitions":[{"id":"5c526150ad820c23772b25f3","def":"{\"v\":7,\"p\":[{\"b\":9,\"s\":[{\"p\":[0,0,0],\"r\":[0,0,-8.537737E-07],\"s\":[0.125,0.125,0.125],\"c\":[1,1,1]}]}]}"},{"id":"5c5261e97ff73843ae9f36f8","def":"{\"v\":7,\"p\":[{\"b\":172,\"s\":[{\"p\":[0,0,0],\"r\":[0,0,-1.707547E-06],\"s\":[0.001,0.04500007,0.1309269],\"c\":[1,1,1]}]}]}"}],"serveTime":4}