{"thingDefinitions":[{"id":"5b89a2c01d4ef47e760e89b0","def":"{\"n\":\"cadence weber is a sister icon\",\"v\":6,\"a\":[2],\"tp_lr\": [1,1,0],\"p\":[{\"b\":16,\"s\":[{\"p\":[0.6365927,0.4300055,0.1063887],\"r\":[21.78142,92.19433,82.46178],\"s\":[0.1250004,0.1250003,0.1250005],\"c\":[1,1,1]}]},{\"s\":[{\"p\":[0.6271512,0.2983377,0.2426063],\"r\":[321.8729,335.7406,127.2997],\"s\":[0.1750005,0.1750005,0.1750004],\"c\":[1,1,1]}]},{\"b\":11,\"s\":[{\"p\":[0.4271337,0.2881932,0.4281006],\"r\":[25.4187,106.9265,247.4135],\"s\":[0.1250007,0.1250007,0.1250008],\"c\":[1,1,1]}]}]}"}],"serveTime":6}