{"thingDefinitions":[{"id":"5a47c23d782f9f97136f94fb","def":"{\"n\":\"45ttfe3yutg\",\"v\":2,\"a\":[1,2,3,4,7,8,18],\"p\":[{\"b\":2,\"s\":[{\"p\":[0,0,0],\"r\":[0,0,0],\"s\":[0.1250001,0.125,0.125],\"c\":[1,1,1]}]},{\"b\":9,\"s\":[{\"p\":[-0.02105045,-0.01536545,0.1784938],\"r\":[19.31771,295.4176,312.1382],\"s\":[0.125,0.125,0.125],\"c\":[1,1,1]}]},{\"b\":4,\"s\":[{\"p\":[-0.05910446,-0.04598761,0.5870876],\"r\":[3.661765,3.422059,322.3043],\"s\":[0.125,0.125,0.1250001],\"c\":[1,1,1]}]},{\"b\":16,\"s\":[{\"p\":[-0.06500953,-0.04274124,0.278503],\"r\":[3.369421,269.5413,263.9293],\"s\":[0.1250075,0.125003,0.125008],\"c\":[1,1,1]}]}]}"}],"serveTime":4}