{"thingDefinitions":[{"id":"5c0d72ee6c564505444209ef","def":"{\"v\":7,\"p\":[{\"b\":9,\"s\":[{\"p\":[0,0,0],\"r\":[0,0,-1.707547E-06],\"s\":[0.1250004,0.153084,0.2841305],\"c\":[1,1,1]}]},{\"b\":38,\"s\":[{\"p\":[0.08708168,-0.02749577,-0.2734315],\"r\":[345.9973,6.331029,128.4928],\"s\":[0.1250001,0.125,0.1250001],\"c\":[1,1,1]}]}]}"}],"serveTime":4}