{"thingDefinitions":[{"id":"5a90b3ef4b3e749a5c16e2ff","def":"{\"v\":2,\"p\":[{\"b\":175,\"s\":[{\"p\":[0,0,0],\"r\":[-2.134434E-07,-3.415095E-06,1.067217E-07],\"s\":[0.04500011,0.04500007,0.04500005],\"c\":[1,1,1]}]},{\"b\":151,\"s\":[{\"p\":[-0.004585147,-0.03309317,0.00201062],\"r\":[313.607,292.78,307.4365],\"s\":[0.06000003,0.06000001,0.06000002],\"c\":[1,1,1]}]}]}"}],"serveTime":4}