{"thingDefinitions":[{"id":"5b55297f1b942567cb8e0e8d","def":"{\"v\":5,\"p\":[{\"b\":14,\"s\":[{\"p\":[0.1404498,-0.07222466,0.06471227],\"r\":[327.9174,308.676,32.81844],\"s\":[0.06000005,0.06000005,0.0600001],\"c\":[0,1,0.2285714]}]},{\"b\":9,\"s\":[{\"p\":[0.2057623,-0.1805338,-0.1066297],\"r\":[12.60055,10.87868,30.97482],\"s\":[0.1250003,0.1250003,0.1250005],\"c\":[1,0.5142855,0]}]},{\"b\":9,\"s\":[{\"p\":[0.1343045,-0.1551979,-0.04201064],\"r\":[13.60309,14.82701,35.95204],\"s\":[0.1250002,0.1250003,0.1250005],\"c\":[1,0.5142855,0]}]},{\"b\":9,\"s\":[{\"p\":[0.02847633,-0.08811745,0.04958468],\"r\":[26.61925,43.38113,328.8738],\"s\":[0.1250001,0.1250001,0.1250002],\"c\":[1,0.5142855,0]}]}]}"}],"serveTime":4}