{"thingDefinitions":[{"id":"5db4ffc8c0ebb7062a298577","def":"{\"v\":9,\"p\":[{\"b\":198,\"s\":[{\"p\":[0,0,0],\"r\":[0,0,0],\"s\":[0.06000016,0.06000011,0.06000013],\"c\":[1,1,1]}]},{\"b\":193,\"s\":[{\"p\":[-0.4631061,-0.215733,-0.09671313],\"r\":[7.87136,243.733,300.5577],\"s\":[0.06000007,0.06000003,0.06000003],\"c\":[1,1,1]}]},{\"b\":193,\"s\":[{\"p\":[0.4825341,0.01472574,-0.08822155],\"r\":[14.04511,47.99437,351.754],\"s\":[0.06000005,0.06000002,0.06000004],\"c\":[1,1,1]}]},{\"b\":193,\"s\":[{\"p\":[0.08928335,0.3393164,-0.7522542],\"r\":[330.6946,220.8457,92.04814],\"s\":[0.06000018,0.0600002,0.06000013],\"c\":[1,1,1]}]}]}"}],"serveTime":5}