{"thingDefinitions":[{"id":"5b9ce59ae9dd3f04ab225898","def":"{\"v\":6,\"p\":[{\"b\":14,\"s\":[{\"p\":[0,0,0],\"r\":[0,0,0],\"s\":[0.05999999,0.06000003,0.06000004],\"c\":[1,1,1]}]},{\"b\":14,\"s\":[{\"p\":[0.09697431,-0.004455205,0.002225401],\"r\":[358.795,1.930438,11.21926],\"s\":[0.06000004,0.06000012,0.06000015],\"c\":[1,1,1]}]},{\"b\":14,\"s\":[{\"p\":[-0.1011109,-0.009087615,0.008348383],\"r\":[357.6961,356.1848,5.890067],\"s\":[0.06000007,0.06000014,0.0600002],\"c\":[1,1,1]}]}]}"}],"serveTime":4}