{"thingDefinitions":[{"id":"5b82e6b9df21ed289c23171d","def":"{\"v\":6,\"a\":[2],\"p\":[{\"b\":12,\"s\":[{\"p\":[-0.001102254,-0.002532761,-0.009768927],\"r\":[1.438804,358.2566,358.653],\"s\":[0.183747,0.06000026,0.07272451],\"c\":[1,1,1]}]},{\"b\":12,\"s\":[{\"p\":[-0.0005727638,-0.0268039,0.1865025],\"r\":[18.73611,1.935988,1.692206],\"s\":[0.183747,0.06000029,0.05437208],\"c\":[1,1,1]}]},{\"b\":12,\"s\":[{\"p\":[0.01592245,-0.1044614,0.3366476],\"r\":[29.45462,4.674844,5.064636],\"s\":[0.1837471,0.06000032,0.05437209],\"c\":[1,1,1]}]},{\"b\":12,\"s\":[{\"p\":[0.04651187,-0.2312077,0.4825523],\"r\":[37.19614,8.130949,8.005294],\"s\":[0.183747,0.06000027,0.05437208],\"c\":[1,1,1]}]}]}"}],"serveTime":4}