{"thingDefinitions":[{"id":"5cae8c947d834b327c02f1b7","def":"{\"v\":9,\"p\":[{\"b\":69,\"s\":[{\"p\":[0,0,0],\"r\":[0,0,-8.804541E-07],\"s\":[0.07500008,0.07500006,0.07500003],\"c\":[1,1,1]}]}]}"},{"id":"5cae8cd493302c10b58189c6","def":"{\"v\":9,\"p\":[{\"b\":129,\"e\":\"HIHHFHVF\",\"s\":[{\"p\":[0,0,0],\"r\":[0,0,0],\"s\":[0.003000001,0.003,0.003],\"c\":[1,1,1]}]}]}"}],"serveTime":6}