{"thingDefinitions":[{"id":"5c45481e27012425550d30e1","def":"{\"v\":7,\"p\":[{\"b\":13,\"s\":[{\"p\":[0,0,0],\"r\":[0,0,-8.537737E-07],\"s\":[0.06000005,0.0600001,0.06000008],\"c\":[1,1,1]}]}]}"}],"serveTime":5}