{"thingDefinitions":[{"id":"5d04a603eade992adedc9574","def":"{\"v\":9,\"p\":[{\"b\":9,\"s\":[{\"p\":[-0.1266437,0.003034338,0.2122219],\"r\":[350.4379,326.6908,356.4197],\"s\":[0.125,0.125,0.125],\"c\":[1,1,1]}]},{\"b\":9,\"s\":[{\"p\":[0.2668542,0.1974782,-0.2819731],\"r\":[354.0092,63.1018,11.64963],\"s\":[0.1250004,0.1250004,0.1250002],\"c\":[1,1,1]}]}]}"}],"serveTime":4}