{"thingDefinitions":[{"id":"5817bbb038416d4f13e85ccd","def":"{\"n\":\"thing\",\"p\":[{\"b\":12,\"s\":[{\"p\":[0,0,0],\"r\":[0,0,0],\"s\":[49.86796,0.06834249,50.00008],\"c\":[0.5555556,0.5555556,0.5555556]}]}]}"},{"id":"5817be9188fbf34e13a04da8","def":"{\"n\":\"thing\",\"p\":[{\"t\":1,\"s\":[{\"p\":[-0.04957134,1.239568,-0.03636432],\"r\":[1.672338,3.852713,225.1197],\"s\":[0.9968148,0.06048347,2.149853],\"c\":[0,0,0],\"b\":[\"when neared then open\"]},{\"p\":[-0.04957134,1.239568,-0.03636432],\"r\":[1.672338,3.852713,225.1197],\"s\":[0.9968148,0.06048347,2.149853],\"c\":[0,0,0]}]},{\"t\":1,\"s\":[{\"p\":[-0.7643871,0.5290073,-0.0007965863],\"r\":[1.093773,3.391766,225.0248],\"s\":[0.9968237,0.06048423,2.149872],\"c\":[0,0,0],\"b\":[\"when neared then open\"]}]}]}"}],"serveTime":5}