{"thingDefinitions":[{"id":"5b53fdee23f75867cc3731a3","def":"{\"v\":5,\"p\":[{\"b\":175,\"s\":[{\"p\":[0,0,0],\"r\":[0,0,-4.268869E-07],\"s\":[0.04500005,0.04500001,0.04500006],\"c\":[1,1,1]}]},{\"b\":175,\"s\":[{\"p\":[0.181507,0.08266843,-0.2647971],\"r\":[2.045099,8.057608,28.24365],\"s\":[0.04500005,0.04499998,0.04500005],\"c\":[1,1,1]}]},{\"b\":175,\"s\":[{\"p\":[-0.0701842,-0.9792851,-0.768305],\"r\":[38.74837,328.5658,15.91457],\"s\":[0.2071277,0.04499995,0.1641225],\"c\":[1,1,1]}]}]}"}],"serveTime":5}