{"thingDefinitions":[{"id":"5a8c92290372a1da57c0406c","def":"{\"v\":2,\"p\":[{\"s\":[{\"p\":[0,0,0],\"r\":[0,0,1.707547E-06],\"s\":[0.1750001,0.1750001,0.175],\"c\":[1,1,1]}]}]}"}],"serveTime":4}