{"thingDefinitions":[{"id":"5a414d8619a9a9021452b081","def":"{\"n\":\"thing\",\"v\":2,\"a\":[21],\"p\":[{\"s\":[{\"p\":[0.08298752,0.1906245,0.1048617],\"r\":[352.485,114.6667,264.4441],\"s\":[0.1581761,0.1416371,0.1299719],\"c\":[0,0,0]}]},{\"b\":9,\"s\":[{\"p\":[-0.07510676,-0.1448046,-0.346929],\"r\":[59.54303,58.06943,26.8122],\"s\":[0.125,0.125,0.125],\"c\":[1,0.342857,0]}]},{\"s\":[{\"p\":[0.06481469,0.03434898,-0.1912727],\"r\":[26.10889,10.75357,353.4682],\"s\":[0.0443191,0.04431914,0.044319],\"c\":[0,0,0]}]},{\"b\":2,\"s\":[{\"p\":[-0.009012274,0.1706763,0.1617255],\"r\":[9.06574,302.3619,65.13569],\"s\":[0.1250001,0.1250002,0.1250003],\"c\":[1,1,1]}]}]}"}],"serveTime":4}