{"thingDefinitions":[{"id":"5e0bb1c6aa4484061a0109e2","def":"{\"n\":\"ground\",\"v\":9,\"a\":[1],\"p\":[{\"b\":17,\"s\":[{\"p\":[0,0,0],\"r\":[0,0,0],\"s\":[0.4546772,0.11062,0.4528089],\"c\":[0.9019608,0.8509804,0.7215686]}]}]}"}],"serveTime":4}