{"thingDefinitions":[{"id":"5cbcac5421bdca26726f5d63","def":"{\"v\":9,\"a\":[12],\"p\":[{\"b\":119,\"e\":\"LOL\",\"s\":[{\"p\":[0,0,0],\"r\":[0,0,1.707547E-06],\"s\":[0.003,0.003000001,0.003000001],\"c\":[1,1,1]}]}]}"}],"serveTime":4}