{"thingDefinitions":[{"id":"5b71911acb3b6a3689b4b64c","def":"{\"n\":\"ground\",\"v\":6,\"a\":[1],\"p\":[{\"b\":17,\"s\":[{\"p\":[0,0,0],\"r\":[0,0,0],\"s\":[3.363346,0.11062,3.201102],\"c\":[0.9019608,0.8509804,0.7215686]}]}]}"}],"serveTime":5}