{"thingDefinitions":[{"id":"5b15cadda283e350bfc4bd2a","def":"{\"v\":4,\"p\":[{\"b\":9,\"s\":[{\"p\":[0,0,0],\"r\":[0,0,0],\"s\":[0.125,0.1250001,0.1250001],\"c\":[1,1,1]}]},{\"s\":[{\"p\":[0.02887161,0.05646476,0.1339673],\"r\":[340.847,10.82753,6.35566],\"s\":[0.175,0.1750001,0.175],\"c\":[1,1,1]}]},{\"b\":12,\"s\":[{\"p\":[0.04921468,0.1794551,0.3008785],\"r\":[6.170703,282.6092,212.8249],\"s\":[0.06000005,0.06000005,0.06000005],\"c\":[1,1,1]}]}]}"}],"serveTime":5}