{"thingDefinitions":[{"id":"5b9e60e0bebf82057e4138c4","def":"{\"v\":6,\"p\":[{\"b\":14,\"s\":[{\"p\":[0,0,0],\"r\":[0,0,-8.537735E-07],\"s\":[0.06000037,0.06000013,0.2225436],\"c\":[1,1,1]}]}]}"}],"serveTime":4}