{"thingDefinitions":[{"id":"5c941a3e19e139055cdfd70d","def":"{\"n\":\"ground\",\"v\":9,\"a\":[1],\"p\":[{\"b\":17,\"s\":[{\"p\":[0,0,0],\"r\":[0,0,0],\"s\":[14.58284,0.2791137,4.798947],\"c\":[0.9019608,0.8509804,0.7215686]}]}]}"}],"serveTime":7}