{"thingDefinitions":[{"id":"5a2356bc9e1523ae130cd4b3","def":"{\"n\":\"hi jo\",\"v\":2,\"p\":[{\"b\":2,\"s\":[{\"p\":[0,0,0],\"r\":[0,0,0],\"s\":[0.1250005,0.1250004,0.1250004],\"c\":[1,1,1]}]},{\"b\":11,\"s\":[{\"p\":[0.08158147,0.0004632063,-0.1225913],\"r\":[358.5687,45.02843,89.78884],\"s\":[0.1250009,0.125001,0.1250005],\"c\":[1,1,1]}]},{\"b\":40,\"s\":[{\"p\":[0.1376326,0.06454515,0.00548508],\"r\":[359.1038,135.0111,354.5279],\"s\":[0.1250003,0.1250002,0.1250003],\"c\":[1,1,1]}]},{\"b\":13,\"s\":[{\"p\":[-0.2358447,0.07013242,-0.05910917],\"r\":[356.3379,228.8822,353.9055],\"s\":[0.06000013,0.06000016,0.06000014],\"c\":[1,1,1]}]}]}"}],"serveTime":5}