{"thingDefinitions":[{"id":"5bd257afb0a34b0567982f1f","def":"{\"v\":7,\"p\":[{\"b\":9,\"s\":[{\"p\":[0,0,0],\"r\":[0,0,0],\"s\":[0.125,0.125,0.1329008],\"c\":[1,1,1]}]},{\"b\":8,\"s\":[{\"p\":[-0.2710888,0.5048637,-0.7020198],\"r\":[358.9536,2.792361,354.9154],\"s\":[0.1209175,0.125,0.1250002],\"c\":[1,1,1]}]}]}"}],"serveTime":4}