{"thingDefinitions":[{"id":"5ce991e99ed3230e31081103","def":"{\"v\":9,\"p\":[{\"s\":[{\"p\":[-0.1164566,0.2255083,-0.3089549],\"r\":[291.9804,211.7262,343.8065],\"s\":[0.1750007,0.1750004,0.1750003],\"c\":[1,1,1]}]},{\"s\":[{\"p\":[-0.07813239,0.05219898,-0.07674052],\"r\":[11.12837,351.5334,342.7899],\"s\":[0.1750006,0.1750005,0.1750004],\"c\":[1,1,1]}]},{\"s\":[{\"p\":[-0.03608198,-0.08058463,0.1714837],\"r\":[346.2108,1.631129,353.3456],\"s\":[0.1750006,0.1750005,0.1750004],\"c\":[1,1,1]}]},{\"s\":[{\"p\":[-0.2275579,0.07946338,0.03329855],\"r\":[344.6729,8.051579,337.8817],\"s\":[0.1750008,0.1750007,0.1750005],\"c\":[1,1,1]}]}]}"}],"serveTime":4}