{"thingDefinitions":[{"id":"5b2f6e3ba9b0070342418f46","def":"{\"v\":5,\"p\":[{\"b\":12,\"s\":[{\"p\":[0,0,0],\"r\":[0,0,0],\"s\":[3.168635,0.06000024,3.489397],\"c\":[1,1,1]}]}]}"}],"serveTime":5}