{"thingDefinitions":[{"id":"5e4813da9371bd24d77a8b11","def":"{\"v\":9,\"p\":[{\"s\":[{\"p\":[0,0,0],\"r\":[0,0,1.707547E-06],\"s\":[0.1750002,0.1750003,0.1750003],\"c\":[1,1,1]}]},{\"b\":11,\"s\":[{\"p\":[-0.01540506,0.05031754,-0.1520911],\"r\":[358.3299,259.4676,88.37029],\"s\":[0.1000005,0.1000004,0.1000005],\"c\":[1,1,1]}]},{\"b\":11,\"s\":[{\"p\":[0.02355224,-0.3067684,-0.1078796],\"r\":[15.73892,296.821,95.9112],\"s\":[0.1000006,0.1000005,0.1000006],\"c\":[1,1,1]}]},{\"b\":11,\"s\":[{\"p\":[0.3183103,-0.5226116,-0.1283848],\"r\":[78.26309,321.8026,133.9117],\"s\":[0.1000004,0.1000003,0.1000005],\"c\":[1,1,1]}]}]}"}],"serveTime":5}