{"thingDefinitions":[{"id":"5f309d0e56dc833193904aeb","def":"{\"v\":9,\"a\":[7],\"p\":[{\"s\":[{\"p\":[0,0,0],\"r\":[-3.415095E-06,-1.707547E-06,-3.415095E-06],\"s\":[0.175,0.1750001,0.1750001],\"c\":[1,1,1]}]},{\"s\":[{\"p\":[0.2947864,-0.1175744,0.04972477],\"r\":[352.2835,347.736,57.1186],\"s\":[0.1750001,0.1750002,0.1750002],\"c\":[1,1,1]}]},{\"a\":[1],\"s\":[{\"p\":[-4.606901,-0.8077552,-0.2126567],\"r\":[356.2835,358.342,212.0492],\"s\":[2.511779,0.1824019,1.872731],\"c\":[1,1,1],\"b\":[\"when touched then play doorbell\"]}]}]}"}],"serveTime":5}