{"thingDefinitions":[{"id":"5af06a60b22a4243962f8e16","def":"{\"v\":4,\"p\":[{\"s\":[{\"p\":[0,0,0],\"r\":[0,0,1.067217E-07],\"s\":[0.1750012,0.1750002,0.1750006],\"c\":[1,1,1]}]},{\"b\":14,\"s\":[{\"p\":[0.00436529,-0.2201696,0.001866826],\"r\":[276.5409,243.8885,124.7892],\"s\":[0.06000007,0.06000012,0.06000006],\"c\":[1,1,1]}]}]}"}],"serveTime":3}