{"thingDefinitions":[{"id":"5aac55b71baae113e9724127","def":"{\"v\":2,\"p\":[{\"s\":[{\"p\":[0,0,0],\"r\":[0,0,0],\"s\":[0.1750003,0.1750005,0.1750004],\"c\":[1,1,1]}]},{\"b\":2,\"s\":[{\"p\":[-0.01067338,0.4573002,-0.07064933],\"r\":[2.408715,265.263,107.4326],\"s\":[0.1250003,0.1250003,0.1250004],\"c\":[1,1,1]}]}]}"}],"serveTime":5}