{"thingDefinitions":[{"id":"5e1ee2e9f349cf24dd87b005","def":"{\"n\":\"ground\",\"v\":9,\"a\":[1],\"p\":[{\"b\":17,\"s\":[{\"p\":[0,0,0],\"r\":[0,0,0],\"s\":[3.363346,0.11062,3.232394],\"c\":[0.9019608,0.8509804,0.7215686]},{\"p\":[0,0,0],\"r\":[0,0,0],\"s\":[3.363346,0.11062,3.201102],\"c\":[0.9019608,0.8509804,0.7215686]}]},{\"s\":[{\"p\":[0.04587662,1.547494,-0.2143132],\"r\":[273.7491,305.9052,117.6499],\"s\":[0.1750004,0.1508515,0.1750004],\"c\":[1,1,1]}]}]}"}],"serveTime":6}