{"thingDefinitions":[{"id":"5ba98e9c0540571c39d1a128","def":"{\"v\":7,\"p\":[{\"b\":9,\"s\":[{\"p\":[-0.2139564,0.06942563,-0.1673925],\"r\":[8.200085,348.0135,334.7233],\"s\":[0.1250003,0.1250008,0.1250004],\"c\":[1,1,1]}]},{\"b\":9,\"s\":[{\"p\":[-0.0248521,-0.03849607,-0.03370503],\"r\":[2.477363,16.4509,335.3971],\"s\":[0.1250003,0.1250012,0.1250008],\"c\":[1,1,1]}]},{\"b\":9,\"s\":[{\"p\":[-0.1775534,-0.0687851,-0.1117237],\"r\":[8.48683,0.06914292,335.2111],\"s\":[0.1250002,0.1250008,0.1250004],\"c\":[1,1,1]}]},{\"b\":9,\"s\":[{\"p\":[-0.07641613,0.1007951,-0.1198559],\"r\":[49.64373,273.5205,126.9687],\"s\":[0.1250001,0.1250001,0.1250001],\"c\":[1,1,1]}]}]}"}],"serveTime":9}