{"thingDefinitions":[{"id":"5a0781c328e402d013a09b2c","def":"{\"n\":\"thing\",\"v\":2,\"a\":[21],\"p\":[{\"b\":17,\"s\":[{\"p\":[0.2861528,0.3113407,0.01894501],\"r\":[18.31369,283.8997,72.64203],\"s\":[0.06000013,0.06000032,0.4825696],\"c\":[1,1,1]}]},{\"b\":17,\"s\":[{\"p\":[0.2366334,0.2216538,-0.005128108],\"r\":[47.67484,139.4477,265.7248],\"s\":[0.06000014,0.06000041,0.4825702],\"c\":[1,1,1]}]},{\"b\":9,\"s\":[{\"p\":[-0.3295508,0.220552,-0.0350131],\"r\":[348.9568,84.28591,310.0368],\"s\":[0.125,0.1250001,0.1250001],\"c\":[1,1,1]}]}]}"}],"serveTime":4}