{"thingDefinitions":[{"id":"5a4acc0cb7382909662560a5","def":"{\"n\":\"wat\",\"v\":2,\"p\":[{\"b\":9,\"s\":[{\"p\":[0,0,0],\"r\":[0,0,-1.28066E-06],\"s\":[0.1250001,0.1250001,0.1250001],\"c\":[1,1,1]}]},{\"b\":13,\"s\":[{\"p\":[0.06125283,-0.2108844,-0.006289907],\"r\":[12.26118,349.2743,9.573293],\"s\":[0.06000007,0.06000009,0.06000002],\"c\":[1,1,1]}]},{\"b\":13,\"s\":[{\"p\":[0.0729828,-0.4265016,-0.08338687],\"r\":[32.6887,32.10859,246.9679],\"s\":[0.06000008,0.06000007,0.06000011],\"c\":[1,1,1]}]}]}"}],"serveTime":4}