{"thingDefinitions":[{"id":"5a2384cfabf2986428f0361c","def":"{\"n\":\"thing\",\"v\":2,\"p\":[{\"b\":9,\"s\":[{\"p\":[0,0,0],\"r\":[0,0,-8.537737E-07],\"s\":[0.1250001,0.1250001,0.1250001],\"c\":[1,1,1]}]},{\"b\":9,\"s\":[{\"p\":[-0.1465364,-0.03229269,0.01627393],\"r\":[4.429646,343.9554,22.26088],\"s\":[0.1250001,0.1250002,0.1250001],\"c\":[1,1,1]}]},{\"b\":9,\"s\":[{\"p\":[-0.04474902,0.1065548,0.1105676],\"r\":[359.7396,22.35634,332.4356],\"s\":[0.1250002,0.1250002,0.1250001],\"c\":[1,1,1]}]},{\"b\":17,\"s\":[{\"p\":[0.1014308,-0.02773411,-0.06556237],\"r\":[358.1527,347.9056,22.24908],\"s\":[0.06000002,0.06000001,0.06000004],\"c\":[1,1,1]}]}]}"}],"serveTime":5}