{"thingDefinitions":[{"id":"5c2513ca677fb8055247b913","def":"{\"v\":7,\"p\":[{\"s\":[{\"p\":[0,0,0],\"r\":[0,0,0],\"s\":[0.1750001,0.1750003,0.1750003],\"c\":[1,1,1]}]},{\"b\":9,\"s\":[{\"p\":[0.0263738,0.01203646,0.1863008],\"r\":[36.19245,344.6796,303.4609],\"s\":[0.1250001,0.1250003,0.1250004],\"c\":[1,1,1]}]}]}"},{"id":"5c251405a1593e055fe40724","def":"{\"v\":7,\"p\":[{\"b\":10,\"s\":[{\"p\":[0,0,0],\"r\":[0,0,0],\"s\":[0.125,0.1250002,0.1250002],\"c\":[1,1,1]}]},{\"b\":5,\"s\":[{\"p\":[-0.1258234,-0.1793015,-0.1326612],\"r\":[37.18815,345.9884,36.3027],\"s\":[0.1000001,0.1000001,0.1000001],\"c\":[1,1,1]}]}]}"}],"serveTime":5}