{"thingDefinitions":[{"id":"5ae792ec6e81cd23f3fa31d0","def":"{\"v\":4,\"p\":[{\"b\":9,\"s\":[{\"p\":[-0.182081,0.2562892,0.2738996],\"r\":[333.5052,268.3,101.3451],\"s\":[0.1250001,0.1250002,0.1250001],\"c\":[1,1,1]}]},{\"b\":9,\"s\":[{\"p\":[-0.5557944,-0.2145948,-0.2465397],\"r\":[28.69098,311.9834,266.8593],\"s\":[0.1250002,0.1250002,0.125],\"c\":[1,1,1]}]},{\"b\":9,\"s\":[{\"p\":[0.1017896,0.03259252,0.1024591],\"r\":[343.3131,33.84052,350.6141],\"s\":[0.1250001,0.1250001,0.125],\"c\":[1,1,1]}]}]}"}],"serveTime":3}