{"thingDefinitions":[{"id":"5e016728d902aa062f0ce0d3","def":"{\"v\":9,\"p\":[{\"b\":10,\"s\":[{\"p\":[0,0,0],\"r\":[0,0,-1.707547E-06],\"s\":[0.1250001,0.1250001,0.1250001],\"c\":[1,1,1]}]},{\"b\":5,\"s\":[{\"p\":[-0.2112798,0.02727993,-0.02322603],\"r\":[6.399544,89.7274,305.5741],\"s\":[0.1000001,0.1,0.1000001],\"c\":[1,1,1]}]}]}"}],"serveTime":6}