{"thingDefinitions":[{"id":"5bf0c6573a3469676d44431d","def":"{\"n\":\"yum\",\"v\":7,\"p\":[{\"s\":[{\"p\":[0,0,0],\"r\":[0,0,-4.268868E-07],\"s\":[0.3784056,0.1750005,0.3054341],\"c\":[1,1,1]}]},{\"b\":92,\"a\":[3,5,11,36],\"e\":\"Y6Y\",\"s\":[{\"p\":[-0.1113961,0.4710934,-0.1341015],\"r\":[38.02155,289.8466,312.3534],\"s\":[0.003000004,0.003000003,0.003000003],\"c\":[1,1,1]}]}]}"}],"serveTime":4}