{"thingDefinitions":[{"id":"5e7d6c7d6a50120632a90184","def":"{\"n\":\"ground\",\"v\":9,\"a\":[1],\"p\":[{\"b\":17,\"s\":[{\"p\":[0,0,0],\"r\":[0,0,0],\"s\":[105.9092,0.11062,2500],\"c\":[0.9019608,0.8509804,0.7215686]}]}]}"},{"id":"5e7d716c8b82ef062c89de2e","def":"{\"v\":9,\"p\":[{\"b\":68,\"t1\":3,\"s\":[{\"p\":[0.4431807,-0.1198067,-0.06943557],\"r\":[2.269722,48.25871,255.5587],\"s\":[0.2809972,0.3069643,0.1701092],\"c\":[0.09735436,0.111111,0.07407395],\"t1\":{\"c\":[0.2158729,0.2222221,0],\"x\":0.17,\"y\":0.17,\"a\":0.69625,\"m\":0.5,\"n\":0.5,\"r\":0,\"g\":0,\"o\":0.5,\"t\":0.5,\"e\":0.5}}]},{\"b\":68,\"s\":[{\"p\":[0.3402182,-0.1267152,-0.147939],\"r\":[0.911242,50.15874,255.7459],\"s\":[0.1962365,0.255248,0.07353485],\"c\":[1,1,1]}]},{\"b\":7,\"t1\":3,\"s\":[{\"p\":[0.5695536,-0.1853706,0.06305376],\"r\":[11.08839,45.13515,72.23257],\"s\":[0.1250005,0.1250004,0.1250005],\"c\":[0.09735436,0.111111,0.07407395],\"t1\":{\"c\":[0.2158729,0.2222221,0],\"x\":0.17,\"y\":0.17,\"a\":0.69625,\"m\":0.5,\"n\":0.5,\"r\":0,\"g\":0,\"o\":0.5,\"t\":0.5,\"e\":0.5}}]}]}"}],"serveTime":6}