{"thingDefinitions":[{"id":"59c7031bbf3f1a21108e0549","def":"{\"n\":\"thing\",\"p\":[{\"s\":[{\"p\":[0,0,0],\"r\":[0,0,-8.537735E-07],\"s\":[0.1750003,0.1750008,0.1750005],\"c\":[1,1,1]}]},{\"s\":[{\"p\":[-0.2828346,0.1982416,-0.239892],\"r\":[19.99965,332.6917,48.46728],\"s\":[0.1750003,0.1750004,0.1750004],\"c\":[1,1,1]}]}]}"}],"serveTime":4}