{"thingDefinitions":[{"id":"5a42cab1b738290966255e00","def":"{\"n\":\"thing\",\"v\":2,\"p\":[{\"s\":[{\"p\":[0,0,0],\"r\":[0,0,0],\"s\":[0.175,0.175,0.175],\"c\":[1,1,1]}]}]}"},{"id":"5a42cb2d07e602a513467326","def":"{\"n\":\"thing\",\"v\":2,\"p\":[{\"s\":[{\"p\":[0,0,0],\"r\":[0,0,0],\"s\":[0.1750002,0.1750001,0.1750003],\"c\":[1,1,1]}]}]}"},{"id":"5a42cc07ce03f9fd65178771","def":"{\"n\":\"thing\",\"v\":2,\"p\":[{\"s\":[{\"p\":[0,0,0],\"r\":[0,0,-3.415095E-06],\"s\":[0.175,0.1750001,0.1750002],\"c\":[1,1,1]}]}]}"}],"serveTime":7}