{"thingDefinitions":[{"id":"5d008a6ba225bb0629da0392","def":"{\"v\":9,\"a\":[1],\"p\":[{\"s\":[{\"p\":[0,0,0],\"r\":[0,0,0],\"s\":[0.1750001,0.175,0.1750001],\"c\":[1,1,1]}]},{\"b\":5,\"s\":[{\"p\":[-0.9235407,-0.7504066,1.319245],\"r\":[318.6051,16.5911,123.5395],\"s\":[0.1000002,0.1000001,0.1000001],\"c\":[1,1,1]}]},{\"b\":64,\"s\":[{\"p\":[-0.8856579,-0.6370987,1.402289],\"r\":[39.09788,191.7589,232.2005],\"s\":[0.1014165,0.1250002,0.1001501],\"c\":[1,1,1]}]}]}"}],"serveTime":4}