{"thingDefinitions":[{"id":"59e9f31f8bfba3fe5c29c20e","def":"{\"n\":\"thing\",\"v\":2,\"p\":[{\"b\":9,\"s\":[{\"p\":[0.209312,0.5507529,-0.4919167],\"r\":[308.8225,267.845,259.5695],\"s\":[0.1250001,0.1250003,0.1250004],\"c\":[1,1,1]}]},{\"b\":106,\"a\":[1,4,2,3,5],\"e\":\"YFDIS\",\"s\":[{\"p\":[0,0,0],\"r\":[0,0,0],\"s\":[0.003000007,0.003000004,0.003000007],\"c\":[1,1,1]},{\"p\":[0.3952388,0.5805889,-0.3095559],\"r\":[282.1838,263.5868,237.4672],\"s\":[0.003000004,0.003000003,0.003000003],\"c\":[1,1,1]},{\"p\":[0.3952388,0.5805889,-0.3095559],\"r\":[282.1837,263.5868,237.4672],\"s\":[0.003000004,0.003000003,0.003000003],\"c\":[1,1,1]}]}]}"}],"serveTime":5}