{"thingDefinitions":[{"id":"5c9a82ee3e6d690563bff6c9","def":"{\"n\":\"ground\",\"v\":9,\"a\":[1],\"p\":[{\"b\":17,\"s\":[{\"p\":[0,0,0],\"r\":[0,0,0],\"s\":[3.363346,0.11062,3.201102],\"c\":[0.9019608,0.8509804,0.7215686]}]}]}"},{"id":"5c9a82bb4c940026dd64c4e5","def":"{\"v\":9,\"p\":[{\"s\":[{\"p\":[0,0,0],\"r\":[0,0,0],\"s\":[3.727592,3.336164,0.9729378],\"c\":[1,1,1]}]}]}"}],"serveTime":5}