{"thingDefinitions":[{"id":"5b6604c5b0f3af0dc7b1c970","def":"{\"v\":6,\"p\":[{\"b\":9,\"s\":[{\"p\":[0,0,0],\"r\":[0,0,1.494104E-06],\"s\":[0.3954084,0.313358,0.1984333],\"c\":[1,1,1]}]},{\"b\":9,\"s\":[{\"p\":[0.7083092,0.0431267,-0.01595378],\"r\":[0.5994365,19.14692,32.76221],\"s\":[0.3954088,0.3133585,0.1984334],\"c\":[1,1,1]}]},{\"b\":9,\"s\":[{\"p\":[0.3398944,0.544091,0.008491106],\"r\":[325.7648,330.2824,56.26027],\"s\":[0.3954091,0.3133586,0.1984335],\"c\":[1,1,1]}]}]}"}],"serveTime":4}