{"thingDefinitions":[{"id":"5ddfb0966a16870d5eababef","def":"{\"n\":\"ground\",\"v\":9,\"a\":[1],\"p\":[{\"b\":3,\"t\":10,\"pr\":12,\"t2\":4,\"s\":[{\"p\":[0,0,0],\"r\":[0,0,-1.574145E-06],\"s\":[0.1250005,0.1250003,0.1250001],\"c\":[0.8888889,0.7760141,0.09876534],\"t2\":{\"c\":[0,0,0],\"x\":0.17,\"y\":0.17,\"a\":0.69625,\"m\":0.5,\"n\":0.5,\"r\":0,\"g\":0,\"o\":0.5,\"t\":0.5,\"e\":0.5},\"pr\":{\"c\":[0,0,0],\"m\":0.25,\"a\":0.25,\"s\":0.15,\"z\":0.025,\"g\":0.5,\"h\":0.25}}]}]}"}],"serveTime":4}