{"thingDefinitions":[{"id":"5c92ad5e74dc9d62876d0b34","def":"{\"v\":9,\"a\":[24,27],\"bod\":{},\"p\":[{\"b\":34,\"s\":[{\"p\":[0,0,0],\"r\":[0,0,0],\"s\":[0.1250001,0.1250002,0.1250004],\"c\":[1,1,1]}]}]}"},{"id":"5c92adcdc9f2690e43fd28e1","def":"{\"v\":9,\"p\":[{\"b\":14,\"s\":[{\"p\":[0,0,0],\"r\":[0,0,0],\"s\":[0.06000003,0.06000005,0.06000004],\"c\":[1,1,1]}]},{\"b\":6,\"s\":[{\"p\":[-0.1247696,0.1975909,-0.2407197],\"r\":[20.33491,4.750813,329.2192],\"s\":[0.125,0.1250001,0.1250001],\"c\":[1,1,1]}]},{\"b\":6,\"s\":[{\"p\":[0.2744471,0.217791,-0.2087056],\"r\":[18.63464,13.53629,22.7807],\"s\":[0.1250001,0.1250001,0.1250001],\"c\":[1,1,1]}]}]}"}],"serveTime":6}