{"thingDefinitions":[{"id":"59d9274a56c2e71d10c24d9c","def":"{\"n\":\"thing\",\"p\":[{\"s\":[{\"p\":[0,0,0],\"r\":[0,0,0],\"s\":[0.3961506,0.02918553,0.6483036],\"c\":[1,1,1]}]}]}"}],"serveTime":5}