{"thingDefinitions":[{"id":"5e111095694a7a061f9e9af4","def":"{\"n\":\"ground\",\"v\":9,\"a\":[1],\"p\":[{\"b\":17,\"s\":[{\"p\":[0.2960047,0.03047669,-0.1097481],\"r\":[0.05440508,14.52104,5.622267],\"s\":[3.195906,0.11062,3.201103],\"c\":[0.9019608,0.8509804,0.7215686]},{\"p\":[0,0,0],\"r\":[0,0,0],\"s\":[3.363346,0.11062,3.201102],\"c\":[0.9019608,0.8509804,0.7215686]}]}]}"}],"serveTime":4}