{"thingDefinitions":[{"id":"5ed41d71ea555009dffa009f","def":"{\"v\":9,\"p\":[{\"b\":9,\"s\":[{\"p\":[0,0,0],\"r\":[0,0,0],\"s\":[0.125,0.125,0.125],\"c\":[1,1,1]}]}]}"},{"id":"5ed41dd5ea555009dffa00a0","def":"{\"v\":9,\"p\":[{\"b\":14,\"s\":[{\"p\":[0,0,0],\"r\":[0,0,0],\"s\":[0.06000001,0.06000001,0.05999999],\"c\":[1,1,1]}]},{\"b\":173,\"s\":[{\"p\":[1.343695,-5.402545,-17.73755],\"r\":[9.970898,179.1576,254.3432],\"s\":[0.04500003,0.04500003,0.04500002],\"c\":[1,1,1]}]}]}"}],"serveTime":7}