{"thingDefinitions":[{"id":"5ccf7e864773413aad2ed61d","def":"{\"n\":\"ground\",\"v\":9,\"a\":[1],\"p\":[{\"b\":17,\"s\":[{\"p\":[0,0,0],\"r\":[0,0,0],\"s\":[3.417086,0.11062,1.138845],\"c\":[0.9019608,0.8509804,0.7215686]}]},{\"b\":10,\"s\":[{\"p\":[-0.06600851,1.239921,4.290253],\"r\":[329.0194,64.27825,73.65488],\"s\":[0.1250001,0.1250001,0.1250001],\"c\":[1,1,1]}]},{\"b\":10,\"s\":[{\"p\":[-0.5539464,1.385933,3.832676],\"r\":[279.8674,61.38836,179.9136],\"s\":[0.1250006,0.1250003,0.1250004],\"c\":[1,1,1]}]}]}"}],"serveTime":5}