{"thingDefinitions":[{"id":"5c4b5566f2406a487ad681eb","def":"{\"v\":7,\"p\":[{\"s\":[{\"p\":[0.1109322,0.2562597,-0.03786863],\"r\":[34.63575,288.722,71.44913],\"s\":[0.001000002,0.06141364,0.4424178],\"c\":[1,1,1]}]},{\"s\":[{\"p\":[0.2912708,0.3780407,-0.1017404],\"r\":[23.19044,343.5282,19.15023],\"s\":[0.1750002,0.05818583,0.1750003],\"c\":[1,1,1]}]}]}"}],"serveTime":4}