{"thingDefinitions":[{"id":"5ad93eb05621756f7327c11e","def":"{\"n\":\"ground\",\"v\":4,\"a\":[1],\"p\":[{\"b\":17,\"s\":[{\"p\":[0,0,0],\"r\":[0,0,0],\"s\":[3.363346,0.11062,3.201102],\"c\":[0.9019608,0.8509804,0.7215686]}]}]}"}],"serveTime":5}