{"thingDefinitions":[{"id":"5b182615e84d8d0f6c211bee","def":"{\"n\":\"ground\",\"v\":4,\"a\":[1],\"p\":[{\"b\":17,\"s\":[{\"p\":[0,0,0],\"r\":[0,0,0],\"s\":[3.363346,0.11062,3.201102],\"c\":[0.9019608,0.8509804,0.7215686]}]}]}"},{"id":"5b182717edbf4b0f946dc86b","def":"{\"v\":4,\"p\":[{\"b\":118,\"e\":\"GRANNY\",\"s\":[{\"p\":[0,0,0],\"r\":[0,0,2.001032E-08],\"s\":[0.0311761,0.0311761,0.03117609],\"c\":[1,1,1]},{\"p\":[0,0,0],\"r\":[0,0,2.001032E-08],\"s\":[0.0311761,0.0311761,0.03117609],\"c\":[1,1,1]}]}]}"}],"serveTime":11}