{"thingDefinitions":[{"id":"5d1eb12e932a087870ea4015","def":"{\"v\":9,\"a\":[2,15],\"p\":[{\"b\":180,\"s\":[{\"p\":[0,0,0],\"r\":[0,0,4.268868E-07],\"s\":[0.1250003,0.1250001,0.1250001],\"c\":[1,1,1]}]}]}"}],"serveTime":4}