{"thingDefinitions":[{"id":"5d749ad5565d5720a3a6aac4","def":"{\"v\":9,\"p\":[{\"s\":[{\"p\":[0.2234854,-0.2053528,0.2804198],\"r\":[28.00154,227.8793,150.9784],\"s\":[0.2629631,0.237687,0.2324725],\"c\":[1,1,1]}]},{\"s\":[{\"p\":[-0.008858367,0.003654945,0.002000028],\"r\":[359.1934,2.62024,0.3449124],\"s\":[0.2629632,0.2376878,0.2324729],\"c\":[1,1,1]}]},{\"b\":13,\"s\":[{\"p\":[0.2777678,0.1877557,-0.04180312],\"r\":[17.94978,285.5925,59.24348],\"s\":[0.06000005,0.06000005,0.06000008],\"c\":[1,1,1]}]}]}"}],"serveTime":5}