{"thingDefinitions":[{"id":"5dbe0eeb6508a310d89bd50a","def":"{\"v\":9,\"p\":[{\"s\":[{\"p\":[0,0,0],\"r\":[0,0,0],\"s\":[0.3075506,0.3875241,0.0009999678],\"c\":[0.8888889,0.6095237,0]}]},{\"s\":[{\"p\":[0.1539091,0.0003420115,0.1542089],\"r\":[0,270,180],\"s\":[0.3076096,0.3875806,0.001000155],\"c\":[0.6666667,0.4571426,0]}]}]}"}],"serveTime":11}