{"thingDefinitions":[{"id":"5b327196808baf0f825549bd","def":"{\"v\":5,\"p\":[{\"s\":[{\"p\":[0,0,0],\"r\":[0,0,8.537735E-07],\"s\":[0.1750001,0.1750001,0.175],\"c\":[1,1,1]}]}]}"},{"id":"5b3271f8d87882668af9b828","def":"{\"v\":5,\"p\":[{\"s\":[{\"p\":[0,0,0],\"r\":[0,0,0],\"s\":[0.1085001,0.1085001,0.1085],\"c\":[1,1,1]}]},{\"s\":[{\"p\":[0.03682892,0.1393259,0.03437574],\"r\":[358.9438,0.8629547,358.4316],\"s\":[0.1625663,0.1942355,0.1750002],\"c\":[1,1,1]}]}]}"}],"serveTime":5}