{"thingDefinitions":[{"id":"5a6ce71121bdc87f13f83c3b","def":"{\"n\":\"thing\",\"v\":2,\"p\":[{\"b\":5,\"s\":[{\"p\":[0,0,0],\"r\":[0,0,8.537735E-07],\"s\":[0.125,0.125,0.125],\"c\":[1,1,1]}]}]}"},{"id":"5a6ce775bdb9a2ec1fae9a03","def":"{\"n\":\"thing\",\"v\":2,\"p\":[{\"b\":175,\"s\":[{\"p\":[0,0,0],\"r\":[0,0,-6.403303E-07],\"s\":[0.045,0.04500002,0.04499999],\"c\":[1,1,1]}]}]}"},{"id":"5a6ce96130e8ccde0fad58b4","def":"{\"n\":\"thing\",\"v\":2,\"p\":[{\"b\":3,\"s\":[{\"p\":[0,0,0],\"r\":[0,0,-7.470518E-07],\"s\":[0.1250004,0.1250002,0.1250001],\"c\":[1,1,1]}]}]}"}],"serveTime":7}