{"thingDefinitions":[{"id":"5b5c534cdf8b7307384c676a","def":"{\"v\":6,\"a\":[21],\"p\":[{\"b\":17,\"s\":[{\"p\":[0,0,0],\"r\":[0,0,-2.668043E-08],\"s\":[10.17749,2.354786,6.919606],\"c\":[0.3703702,0.6666667,0.4380952]}]},{\"b\":17,\"s\":[{\"p\":[0.3883325,-0.8079278,-2.694197],\"r\":[358.9438,1.31754,1.912881],\"s\":[10.46984,1.432876,6.919604],\"c\":[0.984127,1,0.4444443]}]}]}"},{"id":"5b5c53f5c2d232189a24a5e7","def":"{\"v\":6,\"a\":[21],\"p\":[{\"b\":17,\"s\":[{\"p\":[0,0,0],\"r\":[0,0,0],\"s\":[19.45908,6.296827,12.84995],\"c\":[0.3703701,0.6666667,0.4380951]}]}]}"}],"serveTime":5}