{"thingDefinitions":[{"id":"5c6c7c5d1507e9054d00aa24","def":"{\"v\":7,\"a\":[2,14,16],\"p\":[{\"b\":152,\"s\":[{\"p\":[0.462965,-0.0004614592,1.286234],\"r\":[314.4649,223.2771,73.86609],\"s\":[0.04000001,0.04000018,0.04000016],\"c\":[1,1,1]}]},{\"b\":152,\"s\":[{\"p\":[0.8688669,0.2517034,1.348006],\"r\":[319.6353,259.516,91.77527],\"s\":[0.04,0.04000018,0.04000013],\"c\":[1,1,1]}]},{\"b\":3,\"s\":[{\"p\":[0.527389,0.0791893,1.40132],\"r\":[4.888669,8.412233,14.48963],\"s\":[0.125,0.1250001,0.1250001],\"c\":[1,1,1]}]},{\"b\":3,\"s\":[{\"p\":[0.8725817,0.2200462,1.526772],\"r\":[339.0904,28.08194,32.81553],\"s\":[0.1250001,0.1250004,0.1250004],\"c\":[1,1,1]}]}]}"}],"serveTime":8}