{"thingDefinitions":[{"id":"5b68dd6eb0f3af0dc7b1ca3d","def":"{\"n\":\"ground\",\"v\":6,\"a\":[1],\"p\":[{\"b\":17,\"s\":[{\"p\":[0,0,0],\"r\":[0,0,0],\"s\":[2500,0.1270798,955.3137],\"c\":[0.9019608,0.8509804,0.7215686]}]}]}"},{"id":"5b68ddbea801422065b1cb29","def":"{\"v\":6,\"a\":[22],\"p\":[{\"t1\":168,\"s\":[{\"p\":[0,0,0],\"r\":[0,0,0],\"s\":[0.8293365,0.07921801,0.9350008],\"c\":[1,0.8571429,0],\"t1\":{\"c\":[1,0.8571429,0],\"a\":0.3038718}}]},{\"b\":94,\"t\":2,\"e\":\"THIS AREA IS WIP.\",\"s\":[{\"p\":[-0.3293219,0.07289574,0.3130019],\"r\":[90,4.829673E-06,0],\"s\":[0.006775375,0.006775783,0.006775491],\"c\":[1,1,1]}]},{\"b\":94,\"t\":2,\"e\":\"JUST HERE TO CLAIM THE AREA NAME.\\nTHIS PROJECT WILL BEGIN SOON, THO.\\n\\n- FERNY\",\"s\":[{\"p\":[-0.3570324,0.05575979,0.1776646],\"r\":[90,4.829673E-06,0],\"s\":[0.003672305,0.003672766,0.003672396],\"c\":[1,1,1]}]}]}"}],"serveTime":5}