{"thingDefinitions":[{"id":"5c0f13a77863da6f76f38546","def":"{\"v\":7,\"p\":[{\"b\":9,\"s\":[{\"p\":[0.02352406,0.1535726,0.08333277],\"r\":[328.0313,1.849132,317.5952],\"s\":[0.1250003,0.1250002,0.1250001],\"c\":[1,1,1]}]},{\"b\":9,\"s\":[{\"p\":[0.2297601,0.05872362,0.1440116],\"r\":[345.9666,17.43749,1.162667],\"s\":[0.125,0.125,0.1250001],\"c\":[1,1,1]}]},{\"b\":9,\"s\":[{\"p\":[0.4070799,-0.07543957,0.1899105],\"r\":[1.716478,36.60968,2.89806],\"s\":[0.125,0.125,0.1250001],\"c\":[1,1,1]}]},{\"b\":9,\"s\":[{\"p\":[0.9105407,0.2836212,0.6276386],\"r\":[287.4749,97.99405,20.58491],\"s\":[0.6289372,0.7061768,0.2415208],\"c\":[1,1,1]}]}]}"}],"serveTime":4}