{"thingDefinitions":[{"id":"5d3f7eacd28edd29c6685485","def":"{\"n\":\"ground\",\"v\":9,\"a\":[1],\"p\":[{\"b\":17,\"s\":[{\"p\":[0,0,0],\"r\":[0,0,0],\"s\":[3.363346,0.11062,3.201102],\"c\":[0.9019608,0.8509804,0.7215686]},{\"p\":[0,0,0],\"r\":[0,0,0],\"s\":[3.363346,0.11062,3.201102],\"c\":[0.9019608,0.8509804,0.7215686]}]},{\"b\":9,\"s\":[{\"p\":[0.06741619,1.581473,-0.2352112],\"r\":[352.0196,271.5799,64.81573],\"s\":[0.1250002,0.125,0.1250001],\"c\":[1,1,1]}]},{\"b\":9,\"s\":[{\"p\":[-0.1454313,1.563359,-0.4098605],\"r\":[23.59744,252.5886,84.98274],\"s\":[0.1250002,0.1250001,0.1250001],\"c\":[1,1,1]}]}]}"}],"serveTime":4}