{"thingDefinitions":[{"id":"5cd647d87e42753a268bf821","def":"{\"v\":9,\"p\":[{\"b\":10,\"s\":[{\"p\":[0.08901593,0.04980486,0.07190621],\"r\":[359.3961,33.62605,343.2423],\"s\":[0.1250001,0.1250002,0.1250002],\"c\":[1,1,1]}]},{\"b\":10,\"s\":[{\"p\":[0.04912493,-0.1094639,-0.01731159],\"r\":[26.67197,349.2592,327.9864],\"s\":[0.1250001,0.1250004,0.1250004],\"c\":[1,1,1]}]}]}"},{"id":"5cd647e45a43ec3a2c3da8b8","def":"{\"v\":9,\"p\":[{\"b\":5,\"s\":[{\"p\":[0,0,0],\"r\":[0,1.707547E-06,0],\"s\":[0.1000002,0.1,0.1],\"c\":[1,1,1]}]}]}"}],"serveTime":5}