{"thingDefinitions":[{"id":"5e7bf6aa6b88867a1da7bf08","def":"{\"v\":9,\"p\":[{\"s\":[{\"p\":[0,0,0],\"r\":[0,0,8.537737E-07],\"s\":[0.1750001,0.1750001,0.1750003],\"c\":[1,1,1]}]}]}"},{"id":"5e7bf6f26b88867a1da7bf09","def":"{\"v\":9,\"p\":[{\"b\":10,\"s\":[{\"p\":[0,0,0],\"r\":[0,0,0],\"s\":[0.1250002,0.1250002,0.1250006],\"c\":[1,1,1]}]},{\"b\":10,\"s\":[{\"p\":[-0.1158074,0.2187741,0.0584648],\"r\":[329.3742,305.511,48.73458],\"s\":[0.1250003,0.1250003,0.1250006],\"c\":[1,1,1]}]}]}"},{"id":"5e7bf78ef1712c51a3e5a8f1","def":"{\"v\":9,\"p\":[{\"s\":[{\"p\":[0,0,0],\"r\":[0,0,0],\"s\":[0.1750004,0.1750003,0.1750004],\"c\":[1,1,1]}]}]}"}],"serveTime":8}