{"thingDefinitions":[{"id":"5915e74fa45096ab137aa2d6","def":"{\"n\":\"thing\",\"p\":[{\"b\":17,\"t1\":13,\"s\":[{\"p\":[0.2671193,-0.05910139,0.01700582],\"r\":[347.2279,339.037,43.80491],\"s\":[0.1577612,0.1468396,0.06669511],\"c\":[1,1,1],\"t1\":{\"c\":[0.9841269,0.4444444,1],\"x\":0.17,\"y\":0.3168415,\"a\":0.8925,\"m\":0.5,\"n\":0.5,\"r\":0,\"g\":0,\"o\":0.5,\"t\":0.5,\"e\":0.5}}]},{\"b\":17,\"t1\":4,\"s\":[{\"p\":[0.001477906,-0.3379878,-0.0734801],\"r\":[354.1489,326.0331,41.06145],\"s\":[0.1577613,0.1468397,0.06669514],\"c\":[1,1,1],\"t1\":{\"c\":[0.9714285,0,1],\"x\":0.17,\"y\":0.17,\"a\":0.69625,\"m\":0.5,\"n\":0.5,\"r\":0,\"g\":0,\"o\":0.5,\"t\":0.5,\"e\":0.5}}]},{\"b\":17,\"t1\":4,\"s\":[{\"p\":[-0.3571702,0.393532,-0.2828448],\"r\":[313.4648,71.29848,246.2662],\"s\":[0.6100363,0.2448121,0.1703609],\"c\":[1,1,1],\"t1\":{\"c\":[0.9714285,0,1],\"x\":0.17,\"y\":0.17,\"a\":0.69625,\"m\":0.5,\"n\":0.5,\"r\":0,\"g\":0,\"o\":0.5,\"t\":0.5,\"e\":0.5}}]}]}"}],"serveTime":4}