{"thingDefinitions":[{"id":"5acfd5d303e0fe0ffc0bbe15","def":"{\"v\":2,\"p\":[{\"b\":9,\"s\":[{\"p\":[0.379984,-0.2443585,-0.1353111],\"r\":[61.22091,86.95951,358.9378],\"s\":[0.1250002,0.1250001,0.1250001],\"c\":[1,1,1]}]},{\"b\":9,\"s\":[{\"p\":[0.5660769,-0.2578318,-0.5243782],\"r\":[15.56644,94.77883,59.43384],\"s\":[0.1250001,0.125,0.1250001],\"c\":[1,1,1]}]}]}"}],"serveTime":4}