{"thingDefinitions":[{"id":"5ea783b02f676c3b87980285","def":"{\"n\":\"ground\",\"v\":9,\"a\":[1],\"p\":[{\"b\":17,\"s\":[{\"p\":[0,0,0],\"r\":[0,0,0],\"s\":[45.68813,0.11062,93.02341],\"c\":[0.2680774,0.4444443,0.1975307]}]}]}"},{"id":"5ea7844146004c062030e946","def":"{\"v\":9,\"a\":[7,18],\"p\":[{\"b\":14,\"s\":[{\"p\":[0,0,0],\"r\":[0,0,0],\"s\":[0.1457795,0.1457874,0.4452917],\"c\":[1,1,1]}]}]}"}],"serveTime":6}