{"thingDefinitions":[{"id":"5c03488b021a9d6779147be4","def":"{\"v\":7,\"p\":[{\"b\":247,\"s\":[{\"p\":[0,0,0],\"r\":[0,0,8.537737E-07],\"s\":[0.23,0.2300001,0.2300001],\"c\":[0.8,0,1]}]},{\"b\":247,\"s\":[{\"p\":[0.06624804,0.09850708,0.07044435],\"r\":[333.0352,29.17303,36.8371],\"s\":[0.2300002,0.2300003,0.2300002],\"c\":[0.8,0,1]}]}]}"}],"serveTime":4}