{"thingDefinitions":[{"id":"5c3b8d9de0b8db3184f26c68","def":"{\"v\":7,\"p\":[{\"b\":9,\"s\":[{\"p\":[0,0,0],\"r\":[0,0,5.336085E-08],\"s\":[0.1250001,0.1250002,0.1250002],\"c\":[1,1,1]}]},{\"b\":11,\"s\":[{\"p\":[0.2447779,0.008944852,0.1870232],\"r\":[77.57618,321.6642,147.845],\"s\":[0.1,0.1,0.1000001],\"c\":[1,1,1]}]}]}"}],"serveTime":4}