{"thingDefinitions":[{"id":"5a3eff49983bc6b813813967","def":"{\"n\":\"thing\",\"v\":2,\"p\":[{\"s\":[{\"p\":[0,0,0],\"r\":[0,0,0],\"s\":[0.175,0.1750001,0.175],\"c\":[1,1,1]}]},{\"s\":[{\"p\":[-0.00694815,0.0009182096,0.1580842],\"r\":[6.063947,4.826588,6.504681],\"s\":[0.175,0.1750001,0.1750001],\"c\":[1,1,1]}]}]}"}],"serveTime":4}