{"thingDefinitions":[{"id":"5f23518d56dc833193904516","def":"{\"v\":9,\"p\":[{\"b\":173,\"s\":[{\"p\":[-0.05004112,0.553744,-0.4118129],\"r\":[348.3676,233.3646,10.29087],\"s\":[0.04500007,0.04500006,0.04500007],\"c\":[1,1,1]}]},{\"b\":12,\"s\":[{\"p\":[0.2741455,0.3533231,0.253591],\"r\":[345.2526,31.72835,57.36459],\"s\":[0.06000008,0.06000007,0.06000005],\"c\":[1,1,1]}]}]}"}],"serveTime":7}