{"thingDefinitions":[{"id":"57ff1e0817a7ccb313a9ac49","def":"{\"n\":\"thing\",\"p\":[{\"b\":14,\"s\":[{\"p\":[-0.1070103,0.3405177,0.07001962],\"r\":[334.7009,359.6624,312.2449],\"s\":[0.06000012,0.0600003,0.06000029],\"c\":[1,1,1]}]}]}"},{"id":"57ff224ad7529eb213a71ea8","def":"{\"n\":\"thing\",\"p\":[{\"b\":3,\"t\":7,\"s\":[{\"p\":[-0.07107431,0.2083305,0.1641995],\"r\":[329.2411,8.745073,346.976],\"s\":[0.1553759,0.1892952,0.1472097],\"c\":[0,0,0]}]},{\"b\":16,\"t\":7,\"s\":[{\"p\":[0.1751254,0.108268,-0.363197],\"r\":[69.61803,25.77059,50.36656],\"s\":[0.1045216,0.3211468,0.1134915],\"c\":[0,0,0]}]}]}"}],"serveTime":5}