{"thingDefinitions":[{"id":"5b5a1f07d814dc07225cc827","def":"{\"v\":6,\"a\":[50],\"p\":[{\"b\":27,\"s\":[{\"p\":[-0.4858597,0.337667,-0.129834],\"r\":[37.79278,38.53954,331.313],\"s\":[0.2785152,0.2785153,0.2785159],\"c\":[0.7777778,0.3802468,0.1728394]}]},{\"b\":27,\"s\":[{\"p\":[-0.6233331,0.4997104,-0.2925861],\"r\":[335.2064,330.1467,315.9464],\"s\":[0.2785158,0.2785156,0.2785162],\"c\":[0.7777778,0.3802468,0.1728394]}]},{\"b\":3,\"s\":[{\"p\":[-0.2993442,0.1905878,-0.01892483],\"r\":[18.74138,253.0841,24.74997],\"s\":[0.1065011,0.07856867,0.1019194],\"c\":[0,1,0.2285714]}]}]}"}],"serveTime":5}