{"thingDefinitions":[{"id":"5de3027d7d882c0d5d532dc2","def":"{\"v\":9,\"tp_lp\": [1,1,1],\"p\":[{\"b\":9,\"s\":[{\"p\":[0,0,0],\"r\":[0,0,-2.134434E-07],\"s\":[0.001,0.125001,0.04245698],\"c\":[1,1,1]}]}]}"},{"id":"5de302ac6a16870d5eabac33","def":"{\"v\":9,\"p\":[{\"b\":4,\"s\":[{\"p\":[0,0,0],\"r\":[0,0,0],\"s\":[0.1250003,0.1250002,0.1250003],\"c\":[1,1,1]}]}]}"}],"serveTime":5}