{"thingDefinitions":[{"id":"5eb2a6fd37358e3faf6d1e37","def":"{\"n\":\"ground\",\"v\":9,\"a\":[1],\"p\":[{\"b\":17,\"s\":[{\"p\":[0,0,0],\"r\":[0,0,0],\"s\":[3.363346,0.01239125,3.201102],\"c\":[0.9019608,0.8509804,0.7215686]}]},{\"s\":[{\"p\":[-3.018161,1.357832,2.242088],\"r\":[357.2397,16.33886,256.2367],\"s\":[0.1750004,0.1750002,0.1750001],\"c\":[1,1,1]}]}]}"}],"serveTime":5}