{"thingDefinitions":[{"id":"5b05f9cb696c8e6684fb7b59","def":"{\"n\":\"ground\",\"v\":4,\"a\":[1],\"p\":[{\"b\":17,\"s\":[{\"p\":[0,0,0],\"r\":[0,0,0],\"s\":[5.748355,0.11062,7.60935],\"c\":[0.9019608,0.8509804,0.7215686]}]}]}"},{"id":"5b05f8dd881d851f77a048ca","def":"{\"n\":\"ground\",\"v\":4,\"a\":[1],\"p\":[{\"b\":17,\"s\":[{\"p\":[0,0,0],\"r\":[0,0,0],\"s\":[14.21901,2.57836,3.201102],\"c\":[0.9019608,0.8509804,0.7215686]}]}]}"},{"id":"5b05fa59696c8e6684fb7b5a","def":"{\"n\":\"ground\",\"v\":4,\"a\":[1],\"p\":[{\"b\":17,\"s\":[{\"p\":[-0.6212451,0.1915281,-0.2146461],\"r\":[3.748464,6.540585,351.8698],\"s\":[3.407236,2.045435,3.229369],\"c\":[0.9019608,0.8509804,0.7215686]}]}]}"},{"id":"5b05f98e696c8e6684fb7b58","def":"{\"n\":\"ground\",\"v\":4,\"a\":[1],\"p\":[{\"b\":17,\"i\":[{\"t\":\"000000000000000000000001\",\"p\":[-0.275023,0.1472801,6.191095],\"r\":[357.9523,35.99012,0.4282256]}],\"s\":[{\"p\":[0,0,0],\"r\":[0,0,0],\"s\":[4.525064,0.11062,4.257172],\"c\":[0.9019608,0.8509804,0.7215686]}]}]}"}],"serveTime":13}