{"thingDefinitions":[{"id":"5d7beeb9309ea4392c5a78aa","def":"{\"v\":9,\"p\":[{\"b\":134,\"e\":\"abc\",\"s\":[{\"p\":[0,0,0],\"r\":[0,0,0],\"s\":[0.00300001,0.003000002,0.003000008],\"c\":[1,1,1]}]}]}"},{"id":"5d7c34b22067ba393233931f","def":"{\"v\":9,\"p\":[{\"s\":[{\"p\":[0,0,0],\"r\":[0,0,0],\"s\":[14.64152,63.97517,0.1750009],\"c\":[1,1,1]}]}]}"},{"id":"5d7db04bc37a927fec8c834a","def":"{\"v\":9,\"p\":[{\"s\":[{\"p\":[0,0,0],\"r\":[0,0,0],\"s\":[16.82421,8.750504,0.1750006],\"c\":[1,1,1]}]}]}"}],"serveTime":6}