{"thingDefinitions":[{"id":"5eaefd46cf32ac0c45cd09ee","def":"{\"v\":9,\"p\":[{\"s\":[{\"p\":[-0.004196105,-0.002076967,-0.006110068],\"r\":[4.155165,357.9622,357.2779],\"s\":[0.175001,0.1750013,0.1750006],\"c\":[1,1,1]}]},{\"b\":14,\"s\":[{\"p\":[-0.2639054,0.1744281,0.02125879],\"r\":[357.9155,271.7408,87.05732],\"s\":[0.06000013,0.06000021,0.06000018],\"c\":[1,1,1]}]},{\"s\":[{\"p\":[0.00741171,0.1660604,0.008186985],\"r\":[6.256401,359.9386,357.7841],\"s\":[0.1750014,0.1750017,0.1750006],\"c\":[1,1,1]}]}]}"}],"serveTime":5}