{"thingDefinitions":[{"id":"5d7675e551d6f320afb5110f","def":"{\"n\":\"ground\",\"v\":9,\"a\":[1],\"p\":[{\"b\":17,\"s\":[{\"p\":[0,0,0],\"r\":[0,0,0],\"s\":[3.363346,0.11062,3.201102],\"c\":[0.9019608,0.8509804,0.7215686]}]},{\"b\":9,\"s\":[{\"p\":[0.2864636,1.04272,-0.8924652],\"r\":[323.328,288.895,83.97518],\"s\":[0.125,0.1250001,0.125],\"c\":[1,1,1]}]}]}"},{"id":"5d76760d06579920a9bc8782","def":"{\"v\":9,\"p\":[{\"b\":14,\"s\":[{\"p\":[0,0,0],\"r\":[0,0,0],\"s\":[0.06000002,0.06000003,0.06000003],\"c\":[1,1,1]}]}]}"}],"serveTime":6}