{"thingDefinitions":[{"id":"59ceace302af42b713b1c2da","def":"{\"n\":\"gun\",\"p\":[{\"b\":40,\"s\":[{\"p\":[0,0,0],\"r\":[0,0,0],\"s\":[0.1250001,0.125,0.125],\"c\":[1,1,1]}]},{\"b\":40,\"s\":[{\"p\":[-0.2827142,0.03272071,-0.1721476],\"r\":[342.5595,188.0065,246.5852],\"s\":[0.1250004,0.1250006,0.1250004],\"c\":[1,1,1]}]}]}"}],"serveTime":26}