{"thingDefinitions":[{"id":"5ad6dcf630880d0f7f227d97","def":"{\"v\":3,\"p\":[{\"b\":3,\"s\":[{\"p\":[0.5731851,0.1624108,-0.6191708],\"r\":[55.14243,53.78291,6.425183],\"s\":[0.1250002,0.125,0.1250002],\"c\":[0.001053694,0.9907802,0.2356838],\"b\":[\"when touched then become next in 1s\"]},{\"p\":[0.2544174,0.002389006,-0.1008535],\"r\":[19.91081,358.6999,343.2685],\"s\":[0.1250002,0.125,0.1250001],\"c\":[0,1,0.2285714],\"b\":[\"when touched then become next in 0.5s\"]}]}]}"},{"id":"5ad92f3078c32d6f8059cfbf","def":"{\"v\":4,\"p\":[{\"s\":[{\"p\":[0,0,0],\"r\":[0,0,0],\"s\":[0.1750003,1.406656,0.1750003],\"c\":[0.1142857,0,1]}]}]}"},{"id":"5ad92f6d20217a7c11161332","def":"{\"v\":4,\"p\":[{\"b\":76,\"s\":[{\"p\":[0,0,0],\"r\":[0,0,1.067217E-07],\"s\":[0.07607985,0.2471336,0.07500003],\"c\":[1,1,1]}]}]}"}],"serveTime":7}