{"thingDefinitions":[{"id":"5d3c94573ac7ce2b4bbc951a","def":"{\"v\":9,\"a\":[30,31],\"p\":[{\"s\":[{\"p\":[0,0,0],\"r\":[0,0,7.656432E-20],\"s\":[3.054416,0.3425676,0.7660533],\"c\":[0.08924153,0.111111,0.08641965]}]}]}"},{"id":"5d3c94abc5f9c93d4e40579a","def":"{\"v\":9,\"a\":[7],\"p\":[{\"s\":[{\"p\":[0,0,0],\"r\":[0,0,0],\"s\":[2.929403,0.4634717,0.167035],\"c\":[0.07830674,0.111111,0.07407398]}]}]}"}],"serveTime":5}