{"thingDefinitions":[{"id":"5c05a6d875b22a64fb6e0517","def":"{\"v\":7,\"p\":[{\"s\":[{\"p\":[0,0,0],\"r\":[0,0,0],\"s\":[0.175,0.175,0.1750001],\"c\":[1,1,1]}]},{\"s\":[{\"p\":[-0.1729912,-0.005076416,-0.007642075],\"r\":[0.5180669,357.3716,358.6247],\"s\":[0.1750001,0.1750002,0.1750002],\"c\":[1,1,1]}]}]}"}],"serveTime":4}