{"thingDefinitions":[{"id":"5c2d09e8fbe56c6f83fe1af8","def":"{\"v\":7,\"p\":[{\"s\":[{\"p\":[0,0,0],\"r\":[0,0,1.707547E-06],\"s\":[0.1750002,0.1750002,0.1750001],\"c\":[1,1,1]}]},{\"s\":[{\"p\":[-0.01662804,0.3619324,0.02303246],\"r\":[19.16444,21.86191,264.1411],\"s\":[0.1750005,0.1750005,0.1750002],\"c\":[1,1,1]}]},{\"s\":[{\"p\":[0.03757485,-0.3499712,-0.05189338],\"r\":[8.963708,7.408696,104.6034],\"s\":[0.1750004,0.1750003,0.1750002],\"c\":[1,1,1]}]}]}"}],"serveTime":5}