{"thingDefinitions":[{"id":"5c3bca16de19833185810add","def":"{\"v\":7,\"p\":[{\"b\":2,\"s\":[{\"p\":[0,0,0],\"r\":[0,0,5.802992E-07],\"s\":[0.235838,0.2346969,0.1250001],\"c\":[1,1,1]}]}]}"}],"serveTime":5}