{"thingDefinitions":[{"id":"5c3a4fd5573d946f774191ac","def":"{\"v\":7,\"p\":[{\"b\":9,\"s\":[{\"p\":[0,0,0],\"r\":[0,0,8.537737E-07],\"s\":[0.1250003,0.1250003,0.1250004],\"c\":[1,1,1]}]},{\"b\":5,\"s\":[{\"p\":[-0.009415898,0.005324364,-0.01058296],\"r\":[340.2032,284.3233,44.34607],\"s\":[0.1,0.1,0.1],\"c\":[1,1,1]}]}]}"}],"serveTime":5}