{"thingDefinitions":[{"id":"59b328eea5fd52a113e26362","def":"{\"n\":\"thing\",\"a\":[7,18],\"p\":[{\"s\":[{\"p\":[0,0,0],\"r\":[0,0,0],\"s\":[110.8811,0.1750087,41.34374],\"c\":[0.2694884,0.4444443,0.2469135]}]}]}"}],"serveTime":4}