{"thingDefinitions":[{"id":"5a4fd4a26aa57c1a77b5b454","def":"{\"n\":\"thing\",\"v\":2,\"p\":[{\"s\":[{\"p\":[0,0,0],\"r\":[0,0,0],\"s\":[0.1750001,0.1750001,0.1750002],\"c\":[1,1,1]}]},{\"s\":[{\"p\":[-0.09877251,0.03335277,0.02737407],\"r\":[355.2509,348.009,347.6698],\"s\":[0.1750003,0.1750004,0.1750005],\"c\":[1,1,1]}]},{\"s\":[{\"p\":[-0.03998619,-0.05404191,-0.1268566],\"r\":[34.43761,347.8048,8.328712],\"s\":[0.1750004,0.1750004,0.1750006],\"c\":[1,1,1]}]}]}"}],"serveTime":5}