{"thingDefinitions":[{"id":"59bf13a9fed09b2610104740","def":"{\"n\":\"thing\",\"p\":[{\"b\":3,\"t1\":12,\"s\":[{\"p\":[0,0,0],\"r\":[0,0,0],\"s\":[0.1250004,0.1250003,0.1250006],\"c\":[1,1,1],\"t1\":{\"c\":[0,0,0],\"x\":0.17,\"y\":0.17,\"a\":0.8925,\"m\":0.5,\"n\":0.5,\"r\":0,\"g\":0,\"o\":0.5,\"t\":0.5,\"e\":0.5}}]}]}"},{"id":"59bf1438341be7c713eee35a","def":"{\"n\":\"thing\",\"p\":[{\"b\":2,\"s\":[{\"p\":[0,0,0],\"r\":[0,0,0],\"s\":[0.1250005,0.1250005,0.1250004],\"c\":[1,1,1]}]},{\"b\":2,\"s\":[{\"p\":[-0.3879953,0.1005955,-0.1051258],\"r\":[4.494286,345.3177,303.9399],\"s\":[0.1250006,0.1250008,0.1250007],\"c\":[1,1,1]}]},{\"b\":2,\"s\":[{\"p\":[-0.5492215,0.2691589,0.03436923],\"r\":[9.668058,16.96255,267.2796],\"s\":[0.1250005,0.1250007,0.1250006],\"c\":[1,1,1]}]}]}"}],"serveTime":7}