{"thingDefinitions":[{"id":"5b1933e606d7e31042f24377","def":"{\"v\":5,\"a\":[2],\"p\":[{\"b\":12,\"s\":[{\"p\":[-0.003413242,-0.004162485,-0.005266255],\"r\":[28.08147,28.80007,84.67059],\"s\":[0.06,0.06,0.05999999],\"c\":[1,1,1]}]},{\"b\":9,\"s\":[{\"p\":[0.01005654,-0.0002612011,0.004603242],\"r\":[355.4443,2.79341,358.0212],\"s\":[0.1250003,0.1250002,0.1250001],\"c\":[1,1,1]}]}]}"}],"serveTime":5}