{"thingDefinitions":[{"id":"5c242d3e432a0705509250f6","def":"{\"v\":7,\"p\":[{\"s\":[{\"p\":[0,0,0],\"r\":[0,0,1.093897E-06],\"s\":[0.1750002,0.1750003,0.175],\"c\":[1,1,1]}]},{\"s\":[{\"p\":[-0.1295693,0.008615479,-0.0518803],\"r\":[6.366469,255.7639,355.4174],\"s\":[0.1750004,0.1750002,0.1750002],\"c\":[1,1,1]}]},{\"s\":[{\"p\":[-0.1446633,0.006789058,0.002628129],\"r\":[3.374616,273.6014,358.8339],\"s\":[0.1750005,0.1750002,0.1750002],\"c\":[1,1,1]}]}]}"},{"id":"5c242f5dad6b9c6e49e2c4e8","def":"{\"v\":7,\"p\":[{\"s\":[{\"p\":[0,0,0],\"r\":[0,0,0],\"s\":[0.1750001,0.1750001,0.175],\"c\":[1,1,1]}]}]}"}],"serveTime":7}