{"thingDefinitions":[{"id":"5e4590285acb892877a40db3","def":"{\"n\":\"ground\",\"v\":9,\"a\":[1],\"p\":[{\"b\":17,\"s\":[{\"p\":[0,0,0],\"r\":[0,0,0],\"s\":[3.363346,0.11062,3.201102],\"c\":[0.9019608,0.8509804,0.7215686]}]},{\"s\":[{\"p\":[2.838027,1.190706,-3.591815],\"r\":[327.7776,186.6222,88.61789],\"s\":[0.175,0.175,0.175],\"c\":[1,1,1]}]},{\"b\":10,\"s\":[{\"p\":[2.865551,0.8935908,-3.67689],\"r\":[341.9236,203.7725,40.47293],\"s\":[0.1250002,0.1250001,0.1250002],\"c\":[1,1,1]}]},{\"b\":16,\"s\":[{\"p\":[2.97511,1.013484,-3.862387],\"r\":[24.72435,246.6601,52.91422],\"s\":[0.1000001,0.1,0.1000001],\"c\":[1,1,1]}]}]}"}],"serveTime":4}