{"thingDefinitions":[{"id":"5a64ec4e5b18e75e14206813","def":"{\"n\":\"thing\",\"v\":2,\"p\":[{\"b\":69,\"s\":[{\"p\":[0,0,0],\"r\":[0,0,-8.537735E-07],\"s\":[0.07500014,0.07500014,0.07500006],\"c\":[1,1,1]}]}]}"}],"serveTime":3}