{"thingDefinitions":[{"id":"5bdcd284ba909a5a45a6c3f0","def":"{\"v\":7,\"p\":[{\"s\":[{\"p\":[0,0,0],\"r\":[0,0,0],\"s\":[0.1750001,0.1750001,0.1750001],\"c\":[1,1,1]}]}]}"},{"id":"5bdcd322ba909a5a45a6c3f2","def":"{\"v\":7,\"p\":[{\"b\":9,\"s\":[{\"p\":[0,0,0],\"r\":[0,0,-8.537735E-07],\"s\":[0.125,0.125,0.125],\"c\":[1,1,1]}]},{\"b\":14,\"s\":[{\"p\":[-0.2782506,0.1265753,0.003844678],\"r\":[319.1395,316.6768,352.6647],\"s\":[0.06000003,0.06000004,0.06000008],\"c\":[1,1,1]}]}]}"}],"serveTime":7}