{"thingDefinitions":[{"id":"59c06e7d680b6423102fd58c","def":"{\"n\":\"thing\",\"p\":[{\"b\":2,\"s\":[{\"p\":[-0.123557,0.02714956,0.1113728],\"r\":[339.09,302.5726,59.52006],\"s\":[0.1250002,0.1250004,0.1250004],\"c\":[1,1,1]}]},{\"b\":9,\"s\":[{\"p\":[-0.1628721,0.03090847,0.1524919],\"r\":[6.961664,345.1773,15.19772],\"s\":[0.1250002,0.1250002,0.1250002],\"c\":[1,1,1]}]}]}"}],"serveTime":4}