{"thingDefinitions":[{"id":"5b059367925d860f8f568486","def":"{\"v\":4,\"p\":[{\"s\":[{\"p\":[0,0,0],\"r\":[0,0,0],\"s\":[0.1750001,0.175,0.1750001],\"c\":[1,1,1]}]},{\"s\":[{\"p\":[-0.004470365,0.01553072,0.07937946],\"r\":[63.65845,347.3452,77.34303],\"s\":[0.1750006,0.1750006,0.1750007],\"c\":[1,1,1]}]}]}"}],"serveTime":5}