{"thingDefinitions":[{"id":"5dee8bc0d0675a5bb3f3128f","def":"{\"v\":9,\"p\":[{\"b\":5,\"s\":[{\"p\":[0,0,0],\"r\":[0,0,0],\"s\":[0.1000001,0.1000001,0.1000001],\"c\":[1,1,1]}]}]}"},{"id":"5dee8c1edda0003402360aff","def":"{\"v\":9,\"p\":[{\"b\":5,\"s\":[{\"p\":[0,0,0],\"r\":[0,0,0],\"s\":[0.1,0.1000002,0.1000002],\"c\":[1,1,1]}]}]}"}],"serveTime":5}