{"thingDefinitions":[{"id":"5c00838275b22a64fb6e0360","def":"{\"v\":7,\"p\":[{\"b\":9,\"s\":[{\"p\":[0,0,0],\"r\":[0,0,0],\"s\":[0.1250002,0.1295429,0.3274611],\"c\":[1,1,1]}]}]}"}],"serveTime":6}