{"thingDefinitions":[{"id":"5d1e990cf3b7ba7888fab75b","def":"{\"n\":\"ground\",\"v\":9,\"a\":[1],\"p\":[{\"b\":17,\"s\":[{\"p\":[0,0,0],\"r\":[0,0,0],\"s\":[3.363346,0.11062,3.201102],\"c\":[0.9019608,0.8509804,0.7215686]}]},{\"b\":11,\"s\":[{\"p\":[0.9923583,1.704338,2.518605],\"r\":[310.2454,17.83995,158.2503],\"s\":[0.1000006,0.1000006,0.1000001],\"c\":[1,1,1]}]}]}"}],"serveTime":4}