{"thingDefinitions":[{"id":"5b2dc2bb3dd91c0351edac20","def":"{\"v\":5,\"p\":[{\"b\":9,\"s\":[{\"p\":[0,0,0],\"r\":[0,0,-4.268868E-07],\"s\":[0.1250002,0.1250002,0.1250001],\"c\":[1,1,1]}]},{\"b\":9,\"s\":[{\"p\":[0.1844122,0.0384301,-0.1355722],\"r\":[73.37741,115.4449,331.7477],\"s\":[0.1250003,0.1250003,0.1250001],\"c\":[1,1,1]}]},{\"b\":14,\"s\":[{\"p\":[0.08718871,0.1936992,-0.01244111],\"r\":[291.3422,6.085033,33.71259],\"s\":[0.06000002,0.06000001,0.06000004],\"c\":[1,1,1]}]},{\"b\":5,\"s\":[{\"p\":[0.1436438,0.3470863,0.06891975],\"r\":[286.802,3.238495,41.9372],\"s\":[0.1250001,0.1250001,0.1250002],\"c\":[1,1,1]}]}]}"}],"serveTime":5}