{"thingDefinitions":[{"id":"5e5db2cb1038f82bdc5ac95b","def":"{\"v\":9,\"p\":[{\"b\":174,\"pr\":3,\"t1\":76,\"t2\":76,\"s\":[{\"p\":[0,0,0],\"r\":[0,0,5.336085E-08],\"s\":[38.91252,0.0414374,22.28824],\"c\":[1,1,1],\"t1\":{\"c\":[0,0.2285713,1],\"x\":0.0141468,\"y\":0.01524591,\"a\":0.8925,\"m\":0,\"n\":0,\"r\":0,\"g\":0,\"o\":0.5,\"t\":0.5,\"e\":0.5},\"t2\":{\"c\":[1,1,1],\"x\":0.01533866,\"y\":0.01361114,\"a\":0.8925,\"m\":0,\"n\":0,\"r\":0,\"g\":0,\"o\":0.5,\"t\":0.5,\"e\":0.5},\"pr\":{\"c\":[1,1,1],\"m\":0,\"a\":0.25,\"s\":0.15,\"z\":0.25,\"g\":0.5,\"h\":0.25}}]}]}"}],"serveTime":5}