{"thingDefinitions":[{"id":"5efe0e12b5cb32702fd1e68b","def":"{\"n\":\"ground\",\"v\":9,\"a\":[1,4],\"p\":[{\"b\":17,\"c\":[[-0.571,3.519,0.91,612,3,66,5]],\"s\":[{\"p\":[0,0,0],\"r\":[0,0,0],\"s\":[3.363346,0.11062,3.201102],\"c\":[0.9019608,0.8509804,0.7215686]},{\"p\":[0,0,0],\"r\":[0,0,0],\"s\":[3.363346,0.11062,3.201102],\"c\":[0.9019608,0.8509804,0.7215686]}]},{\"s\":[{\"p\":[-2.278136,0.1866787,2.381397],\"r\":[81.249,144.4308,201.3546],\"s\":[0.1750001,0.1750004,0.1750004],\"c\":[0.222222,0,0.7777778]}]}]}"}],"serveTime":4}