{"thingDefinitions":[{"id":"5a7398dd0d362b80138f73cc","def":"{\"n\":\"ground\",\"v\":3,\"a\":[1],\"p\":[{\"b\":17,\"s\":[{\"p\":[0,0,0],\"r\":[0,0,0],\"s\":[5.624484,0.08326571,6.985124],\"c\":[0.9019608,0.8509804,0.7215686]}]}]}"}],"serveTime":5}