{"thingDefinitions":[{"id":"5c2905af7863da6f76f38abd","def":"{\"n\":\"sword\",\"v\":7,\"p\":[{\"s\":[{\"p\":[-0.007285707,0.1368949,0.2969586],\"r\":[311.7784,272.9829,158.1301],\"s\":[0.1750004,0.1750008,0.1750007],\"c\":[0.3456789,0.7777778,0.7777778]}]},{\"s\":[{\"p\":[-0.04810345,0.1119477,0.1783307],\"r\":[329.4807,65.05928,17.93139],\"s\":[0.1750004,0.1750007,0.1750008],\"c\":[0.3456789,0.7777778,0.7777778]}]},{\"c\":[[-0.635,-0.193,0.954,3,6,8]],\"s\":[{\"p\":[-0.1389443,0.05354935,0.3392421],\"r\":[41.79321,87.69174,187.4889],\"s\":[0.1750007,0.1750012,0.1750011],\"c\":[0.3456789,0.7777778,0.7777778],\"b\":[\"when touched then emit [light with 100%]\"]}]},{\"b\":163,\"s\":[{\"p\":[-0.1834472,-0.09499849,-0.1788327],\"r\":[350.906,175.0427,7.378188],\"s\":[0.1000003,0.1,0.1000003],\"c\":[0.3456789,0.7777778,0.7777778]}]}]}"}],"serveTime":5}