{"thingDefinitions":[{"id":"5cbd19298ccbfe267d384f83","def":"{\"v\":9,\"p\":[{\"b\":12,\"s\":[{\"p\":[0,0,0],\"r\":[0,0,0],\"s\":[0.06000009,0.06,0.06000007],\"c\":[1,1,1]}]}]}"},{"id":"5cbd1a28346d3c790675d803","def":"{\"v\":9,\"p\":[{\"b\":5,\"s\":[{\"p\":[0,0,0],\"r\":[0,0,0],\"s\":[0.1000001,0.1000001,0.1000001],\"c\":[1,1,1]}]}]}"},{"id":"5cbd1f7b0a02770558eeddd9","def":"{\"v\":9,\"p\":[{\"b\":4,\"s\":[{\"p\":[0,0,0],\"r\":[0,0,0],\"s\":[0.125,0.125,0.125],\"c\":[1,1,1]}]}]}"}],"serveTime":9}