{"thingDefinitions":[{"id":"5de90a0328df3b1febaecc4b","def":"{\"n\":\"ground\",\"v\":9,\"a\":[1,7],\"p\":[{\"b\":17,\"s\":[{\"p\":[0,0,0],\"r\":[0,0,0],\"s\":[3.363346,0.11062,10.2397],\"c\":[0.9019608,0.8509804,0.7215686]}]}]}"}],"serveTime":4}