{"thingDefinitions":[{"id":"5b5d47d7dfd0e1072b42a28f","def":"{\"v\":6,\"p\":[{\"s\":[{\"p\":[0,0,0],\"r\":[0,0,0],\"s\":[1.188985,0.1750001,1.202815],\"c\":[1,1,1]}]}]}"},{"id":"5b5d488c52a9361894da0297","def":"{\"v\":6,\"p\":[{\"s\":[{\"p\":[0,0,0],\"r\":[0,0,0],\"s\":[1.159695,0.175,1.075713],\"c\":[1,1,1]}]},{\"s\":[{\"p\":[-0.02175344,-0.01552862,0.6812496],\"r\":[2.023188,355.041,359.6311],\"s\":[1.159698,0.1750005,1.075715],\"c\":[1,1,1]}]}]}"}],"serveTime":5}