{"thingDefinitions":[{"id":"5abdbbd1a649940fe37978be","def":"{\"v\":2,\"p\":[{\"s\":[{\"p\":[0,0,0],\"r\":[0,0,0],\"s\":[0.1750003,0.1750003,0.1750003],\"c\":[1,1,1]}]}]}"}],"serveTime":4}