{"thingDefinitions":[{"id":"59e284f8c8b757aa14e2934e","def":"{\"n\":\"thing\",\"v\":2,\"a\":[2,9,17,27],\"p\":[{\"b\":10,\"s\":[{\"p\":[0,0,0],\"r\":[0,0,0],\"s\":[0.05652039,0.06654991,0.05775596],\"c\":[0.6666667,0,0.2285714]}]}]}"}],"serveTime":11}