{"thingDefinitions":[{"id":"5c3cd949aa9f2e255600342c","def":"{\"n\":\"ground\",\"v\":7,\"a\":[1],\"p\":[{\"b\":17,\"s\":[{\"p\":[0,0,0],\"r\":[0,0,0],\"s\":[7.984498,0.11062,6.806571],\"c\":[0.9019608,0.8509804,0.7215686]}]}]}"},{"id":"5c3cd84bfd40c81dfb5e957a","def":"{\"v\":7,\"p\":[{\"s\":[{\"p\":[0,0,0],\"r\":[0,0,0],\"s\":[0.1750001,0.1750002,0.1750004],\"c\":[1,1,1]}]}]}"}],"serveTime":6}