{"thingDefinitions":[{"id":"5a7dca24ae4af37c13de68cd","def":"{\"n\":\"thing\",\"v\":2,\"p\":[{\"b\":6,\"s\":[{\"p\":[-0.03896406,0.09004745,0.2099505],\"r\":[358.0422,180.0366,356.4124],\"s\":[0.1657434,0.005000011,0.1851744],\"c\":[1,1,1]}]},{\"s\":[{\"p\":[0.000812076,-0.003921268,-0.002898778],\"r\":[359.9737,0.8554174,2.661095],\"s\":[0.3688557,0.1867707,0.6002127],\"c\":[0,0,0]}]},{\"b\":14,\"s\":[{\"p\":[-0.001390401,0.09506819,0.2692588],\"r\":[359.9818,270.8089,87.748],\"s\":[0.00500001,0.0534788,0.01739665],\"c\":[0,0,0]}]},{\"b\":6,\"s\":[{\"p\":[0.1316324,0.09622416,0.1240573],\"r\":[354.0262,0.2944414,355.925],\"s\":[0.03815833,0.006688183,0.03463928],\"c\":[1,1,1]}]}]}"}],"serveTime":4}