{"thingDefinitions":[{"id":"5ba6830e939996499559f1e4","def":"{\"n\":\"island 2\",\"v\":7,\"a\":[7],\"p\":[{\"b\":3,\"s\":[{\"p\":[0,0,0],\"r\":[0,0,0],\"s\":[2.654043,3.534699,0.3598313],\"c\":[0,0.8888889,0.3555554]}]}]}"}],"serveTime":4}