{"thingDefinitions":[{"id":"5c5ca8c53e04870552d41dc4","def":"{\"v\":7,\"p\":[{\"s\":[{\"p\":[0,0,0],\"r\":[0,0,-1.067217E-06],\"s\":[0.1750001,0.1750001,0.175],\"c\":[1,1,1]}]},{\"s\":[{\"p\":[0.08449432,0.5278984,-0.2641799],\"r\":[281.2344,96.18509,275.6532],\"s\":[0.175,0.1750001,0.175],\"c\":[1,1,1]}]}]}"}],"serveTime":9}