{"thingDefinitions":[{"id":"5ad924b3744e9e7c0571698f","def":"{\"n\":\"ground\",\"v\":4,\"a\":[1],\"p\":[{\"b\":17,\"s\":[{\"p\":[0,0,0],\"r\":[0,0,0],\"s\":[3.363346,0.11062,3.201102],\"c\":[0.1216928,0.333333,0.03703704]}]}]}"}],"serveTime":9}