{"thingDefinitions":[{"id":"5f67ac8c30e9206e0fd39408","def":"{\"v\":9,\"p\":[{\"a\":[1,4],\"s\":[{\"p\":[0,0,0],\"r\":[0,0,0],\"s\":[1.283054,0.1750003,1.570217],\"c\":[0.6666667,0.6433862,0.5925926]}]}]}"}],"serveTime":4}