{"thingDefinitions":[{"id":"5d555b43fa70c6061e46ba64","def":"{\"v\":9,\"p\":[{\"b\":70,\"s\":[{\"p\":[0,0,0],\"r\":[0,0,-8.537737E-07],\"s\":[0.1250001,0.1250001,0.125],\"c\":[1,1,1]}]}]}"},{"id":"5d555ba227781d0625d52936","def":"{\"v\":9,\"p\":[{\"b\":82,\"s\":[{\"p\":[0,0,0],\"r\":[0,0,-2.134434E-07],\"s\":[0.08840048,0.1064644,0.09934283],\"c\":[1,1,1]}]},{\"b\":82,\"s\":[{\"p\":[-0.00235416,-0.008895755,-0.2380222],\"r\":[39.18969,288.6345,353.33],\"s\":[0.08840042,0.1064643,0.09934282],\"c\":[1,1,1]},{\"p\":[-0.00235416,-0.008895755,-0.2380222],\"r\":[39.18969,288.6345,353.33],\"s\":[0.08840042,0.1064643,0.09934282],\"c\":[1,1,1]}]}]}"}],"serveTime":9}