{"thingDefinitions":[{"id":"5e24eba00d37d23816f73378","def":"{\"v\":9,\"p\":[{\"b\":11,\"s\":[{\"p\":[-0.1135196,0.0422232,-0.0868969],\"r\":[33.07354,300.254,62.26092],\"s\":[0.1,0.09999996,0.1],\"c\":[1,1,1]}]},{\"b\":9,\"s\":[{\"p\":[0.005873685,0.01445758,-0.03065247],\"r\":[357.9161,352.7555,359.557],\"s\":[0.1250002,0.1250002,0.1297561],\"c\":[1,1,1]}]}]}"}],"serveTime":5}