{"thingDefinitions":[{"id":"581c6d00f74733f20f915592","def":"{\"n\":\"thing\",\"p\":[{\"b\":3,\"s\":[{\"p\":[-0.1196899,-0.02836191,-0.07043093],\"r\":[9.663759,15.38474,0.3565896],\"s\":[0.125,0.125,0.125],\"c\":[1,1,1]}]},{\"b\":3,\"s\":[{\"p\":[-0.1316859,-0.04258636,-0.07374682],\"r\":[63.01616,306.3906,16.85104],\"s\":[0.125,0.125,0.125],\"c\":[1,1,1]}]},{\"b\":3,\"s\":[{\"p\":[-0.09941371,-0.034169,-0.09002922],\"r\":[41.22852,52.07698,337.4907],\"s\":[0.1250002,0.1250002,0.1250001],\"c\":[1,1,1]}]},{\"b\":10,\"s\":[{\"p\":[-0.1062377,-0.001863942,-0.0782313],\"r\":[20.60777,11.31461,357.7981],\"s\":[0.125,0.125,0.125],\"c\":[0.8,1,0]}]}]}"}],"serveTime":5}