{"thingDefinitions":[{"id":"5adfcb67e06bb23447cb66ff","def":"{\"v\":4,\"p\":[{\"b\":9,\"s\":[{\"p\":[0,0,0],\"r\":[0,0,0],\"s\":[0.1250001,0.1250001,0.1250001],\"c\":[1,1,1]}]},{\"b\":9,\"s\":[{\"p\":[0.05505665,-0.1708838,-0.1178958],\"r\":[351.1378,342.0456,54.23491],\"s\":[0.1250001,0.1250001,0.1250003],\"c\":[1,1,1]}]},{\"b\":9,\"s\":[{\"p\":[-0.04411997,0.2382125,0.0779428],\"r\":[62.24269,47.33801,315.0154],\"s\":[0.1250001,0.125,0.1250001],\"c\":[1,1,1]}]}]}"}],"serveTime":5}