{"thingDefinitions":[{"id":"5a57852845505991136bc8e9","def":"{\"n\":\"thing\",\"v\":2,\"p\":[{\"b\":9,\"s\":[{\"p\":[0,0,0],\"r\":[0,0,1.547465E-06],\"s\":[0.1250001,0.1250002,0.125],\"c\":[1,1,1]}]},{\"b\":14,\"s\":[{\"p\":[0.1821082,0.06888595,0.007940024],\"r\":[22.0871,253.4873,102.9207],\"s\":[0.06000001,0.06000002,0.06000004],\"c\":[1,1,1]}]},{\"b\":3,\"s\":[{\"p\":[0.3506817,0.135133,0.04384309],\"r\":[358.2677,38.48112,349.4987],\"s\":[0.1250002,0.1250003,0.125],\"c\":[1,1,1]}]}]}"}],"serveTime":4}