{"thingDefinitions":[{"id":"58d93d20423272082de492fc","def":"{\"n\":\"thing\",\"a\":[7],\"p\":[{\"s\":[{\"p\":[0,0,0],\"r\":[0,0,0],\"s\":[44.16645,0.05977268,45.81483],\"c\":[0.3209875,0.5555556,0.1234567]}]}]}"},{"id":"58d93d990baf86ad13fedcd5","def":"{\"n\":\"thing\",\"a\":[7],\"p\":[{\"s\":[{\"p\":[0,0,0],\"r\":[0,0,-7.656432E-20],\"s\":[11.7897,0.03891953,5.604392],\"c\":[1,0.8888889,0.2222221]}]}]}"},{"id":"58d93e86423272082de492fd","def":"{\"n\":\"thing\",\"a\":[7],\"p\":[{\"s\":[{\"p\":[0,0,0],\"r\":[0,0,0],\"s\":[0.02873547,9.460191,11.76444],\"c\":[1,1,1]}]}]}"},{"id":"58d93f87b2e66ced13ea2ba4","def":"{\"n\":\"thing\",\"a\":[7],\"p\":[{\"s\":[{\"p\":[0,0,0],\"r\":[0,0,-7.656432E-20],\"s\":[0.09884843,9.371718,5.72631],\"c\":[1,1,1]}]}]}"}],"serveTime":8}