{"thingDefinitions":[{"id":"5c0cb29fde1983318580ffc9","def":"{\"v\":7,\"a\":[4],\"tp_m\": 8888,\"tp_d\": 458,\"tp_ad\": 888,\"tp_m\": 8888,\"tp_d\": 458,\"tp_ad\": 888,\"tp_lp\": [1,1,0],\"tp_m\": 8888,\"tp_d\": 458,\"tp_ad\": 888,\"tp_m\": 8888,\"tp_d\": 458,\"tp_ad\": 888,\"tp_lp\": [1,1,0],\"tp_lr\": [0,1,0],\"p\":[{\"s\":[{\"p\":[0,0,0],\"r\":[0,0,-8.537735E-07],\"s\":[0.1750004,0.1750008,0.1750007],\"c\":[0.1142857,0,1]}]},{\"b\":3,\"s\":[{\"p\":[0.03917084,-0.01955796,0.04222691],\"r\":[23.0905,344.1102,1.413747],\"s\":[0.125001,0.125001,0.1250004],\"c\":[1,0,0.8571426]}]}]}"}],"serveTime":4}