{"thingDefinitions":[{"id":"5afd326cbb00e70f7072857b","def":"{\"v\":4,\"p\":[{\"b\":163,\"s\":[{\"p\":[0,0,0],\"r\":[0,0,-8.671139E-08],\"s\":[0.09999996,0.09999998,0.1],\"c\":[1,1,1]}]}]}"},{"id":"5afd3294006bfb2cd59a5308","def":"{\"v\":4,\"p\":[{\"s\":[{\"p\":[0,0,0],\"r\":[0,0,0],\"s\":[0.1750001,0.1750004,0.1750002],\"c\":[1,1,1]}]}]}"}],"serveTime":5}