{"thingDefinitions":[{"id":"5c1f2546d1e2e20557358df0","def":"{\"n\":\"ground\",\"v\":7,\"a\":[1],\"p\":[{\"b\":17,\"s\":[{\"p\":[0,0,0],\"r\":[0,0,0],\"s\":[3.363346,0.11062,3.201102],\"c\":[0,0.6666667,0.2666665]}]}]}"},{"id":"5c1f247344ccc305636471a3","def":"{\"v\":7,\"p\":[{\"b\":144,\"s\":[{\"p\":[0,0,0],\"r\":[0,0,1.707547E-06],\"s\":[0.09000003,0.09000004,0.09],\"c\":[1,1,1]}]}]}"},{"id":"5c1f24c08436ee6f7daa6bce","def":"{\"v\":7,\"p\":[{\"s\":[{\"p\":[0,0,0],\"r\":[0,0,4.268868E-07],\"s\":[0.1750001,0.175,0.1750002],\"c\":[0,1,1],\"b\":[\"when touches hand then become 2 in 0.2s\"]},{\"p\":[-0.01193274,-0.1183222,-0.01481399],\"r\":[1.808236,359.7947,359.0372],\"s\":[0.1750002,0.02692503,0.1750003],\"c\":[0,0.1777775,0.7777778],\"b\":[\"when starts then become 1 in 0.5s\"]}]}]}"}],"serveTime":6}