{"thingDefinitions":[{"id":"5c5446a2c8e3e3055f6801bd","def":"{\"v\":7,\"p\":[{\"b\":5,\"s\":[{\"p\":[0,0,0],\"r\":[0,0,0],\"s\":[0.1,0.1,0.1000001],\"c\":[0.4345678,0.4444443,0.3950616]}]}]}"},{"id":"5c5b1659513c2b109f8d3c68","def":"{\"v\":7,\"p\":[{\"b\":73,\"t\":2,\"s\":[{\"p\":[0,0,0],\"r\":[0,0,0],\"s\":[0.2250005,0.2250008,0.225001],\"c\":[0.7753087,0.7777778,0.691358]}]}]}"}],"serveTime":6}