{"thingDefinitions":[{"id":"5c38b3e2fbec9a3178ec6bc7","def":"{\"n\":\"this is the way i am typing -00000-\",\"v\":7,\"p\":[{\"s\":[{\"p\":[0,0,0],\"r\":[0,0,1.120578E-06],\"s\":[0.9220251,0.480571,0.4208838],\"c\":[1,1,1]}]},{\"b\":9,\"s\":[{\"p\":[-0.2266381,0.4226491,-0.8837774],\"r\":[350.4709,294.4967,326.6324],\"s\":[0.1250001,0.1250001,0.125],\"c\":[1,1,1]}]}]}"}],"serveTime":4}