{"thingDefinitions":[{"id":"5a1abd2b961660261058d5ab","def":"{\"n\":\"ground\",\"v\":1,\"a\":[1],\"p\":[{\"b\":17,\"s\":[{\"p\":[0,0,0],\"r\":[0,0,0],\"s\":[3.363346,0.11062,3.201102],\"c\":[0.9019608,0.8509804,0.7215686]}]},{\"b\":3,\"s\":[{\"p\":[-0.9809744,1.297539,-0.1424285],\"r\":[342.5247,13.00481,285.9751],\"s\":[0.1250003,0.1250004,0.1250001],\"c\":[1,1,1]}]}]}"}],"serveTime":4}