{"thingDefinitions":[{"id":"57f90200a946396c66d7f899","def":"{\"n\":\"thing\",\"a\":[7],\"p\":[{\"s\":[{\"p\":[0,0,0],\"r\":[0,0,0],\"s\":[50.00332,0.1832262,50.01307],\"c\":[1,1,1]}]}]}"}],"serveTime":5}