{"thingDefinitions":[{"id":"5a2c2e47a01049d813f018d2","def":"{\"n\":\"thing\",\"v\":2,\"p\":[{\"b\":12,\"s\":[{\"p\":[0,0,0],\"r\":[0,0,0],\"s\":[2.824718,0.06000023,0.2670582],\"c\":[1,1,1]}]},{\"b\":153,\"s\":[{\"p\":[-4.66274,1.251698,1.122588],\"r\":[85.48091,161.9958,74.9947],\"s\":[0.2807356,0.2769159,0.6521431],\"c\":[1,1,1]}]}]}"}],"serveTime":5}