{"thingDefinitions":[{"id":"59039322793a66ad13e9e796","def":"{\"n\":\"ground\",\"a\":[1],\"p\":[{\"b\":17,\"s\":[{\"p\":[0,0,0],\"r\":[0,0,0],\"s\":[3.363346,0.11062,3.201102],\"c\":[0.9019608,0.8509804,0.7215686]}]}]}"},{"id":"5903946b5cb798ba13c655f3","def":"{\"n\":\"thing\",\"a\":[7,18],\"p\":[{\"s\":[{\"p\":[0.008652955,-0.2940644,-0.07717437],\"r\":[14.7026,0.09036882,1.653232],\"s\":[0.175012,0.1750124,0.1750305],\"c\":[1,1,1]}]},{\"s\":[{\"p\":[0.7622039,0.1858286,-0.03335135],\"r\":[14.7026,0.09036882,1.653232],\"s\":[1.041061,0.1751339,0.17526],\"c\":[1,1,1]}]}]}"}],"serveTime":4}