{"thingDefinitions":[{"id":"5c30bfbd39f34d317e596040","def":"{\"v\":7,\"p\":[{\"b\":10,\"s\":[{\"p\":[0,0,0],\"r\":[0,0,0],\"s\":[0.1250001,0.1250001,0.1250001],\"c\":[1,1,1]}]},{\"b\":163,\"s\":[{\"p\":[0.1205996,0.1530529,0.198526],\"r\":[55.67947,18.29656,23.75511],\"s\":[0.1,0.1,0.1],\"c\":[1,1,1]}]}]}"}],"serveTime":4}