{"thingDefinitions":[{"id":"5b6b3a0beaa85a070ff11bbe","def":"{\"n\":\"hi\",\"v\":6,\"p\":[{\"b\":9,\"s\":[{\"p\":[0,0,0],\"r\":[0,0,0],\"s\":[0.1250001,0.125,0.1250001],\"c\":[1,1,1]}]},{\"b\":9,\"s\":[{\"p\":[0.1406124,-0.0617213,-0.1443995],\"r\":[28.46627,328.9627,28.98576],\"s\":[0.1250001,0.1250001,0.1250001],\"c\":[1,1,1]}]}]}"}],"serveTime":5}