{"thingDefinitions":[{"id":"5cbfc0083497af055be4a09c","def":"{\"v\":9,\"p\":[{\"s\":[{\"p\":[0.1780209,0.06384814,0.01499391],\"r\":[349.7195,3.932891,16.39988],\"s\":[0.1750004,0.1750004,0.1750004],\"c\":[0.3950616,0.8888889,0.5079363]}]},{\"b\":9,\"s\":[{\"p\":[0.1868748,-0.01936761,-0.3047866],\"r\":[27.76543,24.94272,6.123596],\"s\":[0.1250001,0.1250001,0.1250001],\"c\":[0.3950616,0.8888889,0.5079363]}]}]}"},{"id":"5cbfc265ef5174481d2df862","def":"{\"v\":9,\"p\":[{\"b\":116,\"e\":\"KHHJK\",\"s\":[{\"p\":[0,0,0],\"r\":[0,0,0],\"s\":[0.003000015,0.003000002,0.003000015],\"c\":[1,1,1]}]},{\"b\":116,\"e\":\"KHHJK\",\"s\":[{\"p\":[-0.6763989,0.1839513,0.009048343],\"r\":[354.8267,332.4333,15.02379],\"s\":[0.02866773,0.02866765,0.02866774],\"c\":[1,1,1]}]}]}"}],"serveTime":5}