{"thingDefinitions":[{"id":"5e7508bbb026ad74b1570211","def":"{\"n\":\"ground\",\"v\":9,\"a\":[7],\"p\":[{\"b\":12,\"s\":[{\"p\":[0,0,0],\"r\":[0,0,0],\"s\":[12.3784,0.1198751,7.316685],\"c\":[0.385185,0.6666667,0.148148]}]}]}"}],"serveTime":9}