{"thingDefinitions":[{"id":"5afe30eb845fad3d59f506dc","def":"{\"v\":4,\"p\":[{\"b\":150,\"s\":[{\"p\":[0.2273779,-0.1001507,-0.2916557],\"r\":[28.52505,40.60087,323.8804],\"s\":[0.06000001,0.06000004,0.06],\"c\":[1,1,1]}]}]}"},{"id":"5afe330fed6c541b38aac4bb","def":"{\"v\":4,\"a\":[4],\"p\":[{\"b\":9,\"s\":[{\"p\":[0,0,0],\"r\":[0,0,-5.336085E-08],\"s\":[0.125,0.125,0.1250001],\"c\":[1,1,1]},{\"p\":[0,0,0],\"r\":[0,0,-5.336085E-08],\"s\":[0.125,0.125,0.1250001],\"c\":[1,1,1]},{\"p\":[0,0,0],\"r\":[0,0,-5.336085E-08],\"s\":[0.125,0.125,0.1250001],\"c\":[1,1,1]}]}]}"}],"serveTime":5}