{"thingDefinitions":[{"id":"5c17379afbe56c6f83fe16bf","def":"{\"v\":7,\"a\":[2,3,15,27],\"p\":[{\"b\":75,\"s\":[{\"p\":[0.004645508,-0.005183458,-0.265448],\"r\":[82.60236,33.98447,218.5242],\"s\":[0.02834483,0.08296768,0.02887945],\"c\":[1,1,1]}]},{\"b\":144,\"s\":[{\"p\":[0.01306629,-0.007835388,-0.3763255],\"r\":[9.269106,266.4722,183.0545],\"s\":[0.2415284,0.01681517,0.01683673],\"c\":[1,1,1]}]},{\"b\":14,\"s\":[{\"p\":[0.006909799,-0.007871956,0.009104432],\"r\":[0.6954224,1.563885,356.1453],\"s\":[0.006524362,0.06000013,0.1363457],\"c\":[1,1,1]}]}]}"}],"serveTime":4}