{"thingDefinitions":[{"id":"5c7300dfc72f895b72b49e4c","def":"{\"v\":7,\"p\":[{\"b\":17,\"s\":[{\"p\":[0,0,0],\"r\":[0,0,-8.537737E-07],\"s\":[0.06000002,0.06000002,0.06000002],\"c\":[1,1,1]}]},{\"b\":4,\"s\":[{\"p\":[-0.2050525,-0.07050768,-0.03338128],\"r\":[19.61032,255.4748,50.92859],\"s\":[0.125,0.125,0.1250001],\"c\":[1,1,1]}]}]}"}],"serveTime":3}