{"thingDefinitions":[{"id":"5cec7247db3a9b31f4215354","def":"{\"v\":9,\"p\":[{\"b\":9,\"s\":[{\"p\":[0,0,0],\"r\":[0,0,-8.537735E-07],\"s\":[0.125,0.125,0.125],\"c\":[0,1,1]}]},{\"b\":9,\"s\":[{\"p\":[0.2585818,0.1903316,-0.177938],\"r\":[330.9428,43.46077,303.5823],\"s\":[0.1250001,0.125,0.125],\"c\":[0,1,1]}]}]}"},{"id":"5cec7371db3a9b31f4215355","def":"{\"v\":9,\"p\":[{\"b\":14,\"s\":[{\"p\":[0,0,0],\"r\":[0,0,3.415094E-06],\"s\":[0.06000017,0.06000021,0.06000013],\"c\":[1,1,1]}]}]}"}],"serveTime":9}