{"thingDefinitions":[{"id":"598382718775e82a10ec51b2","def":"{\"n\":\"thing\",\"a\":[2,9,14,15],\"p\":[{\"b\":3,\"s\":[{\"p\":[2.674689E-05,0.008165481,0.002125817],\"r\":[346.8821,29.82984,330.4441],\"s\":[0.07029633,0.07356498,0.07239108],\"c\":[0,1,0.3999999]}]},{\"b\":9,\"s\":[{\"p\":[-0.00397604,0.001530482,-0.002529995],\"r\":[359.0584,358.9736,3.192072],\"s\":[0.1250004,0.005000001,0.1250003],\"c\":[0,1,1]}]}]}"}],"serveTime":4}