{"thingDefinitions":[{"id":"59055f203b1316c713e93b7e","def":"{\"n\":\"thing\",\"p\":[{\"a\":[1,2],\"s\":[{\"p\":[0,0,0],\"r\":[0,0,0],\"s\":[0.4759049,0.175,0.359334],\"c\":[1,1,1]}]}]}"},{"id":"59055f69a5e75a231067f1a5","def":"{\"n\":\"thing\",\"p\":[{\"a\":[1,2],\"s\":[{\"p\":[0,0,0],\"r\":[0,0,0],\"s\":[0.6497108,0.1750002,0.5343904],\"c\":[1,1,1]}]}]}"}],"serveTime":5}