{"thingDefinitions":[{"id":"5cb13266245c5e0556dc6247","def":"{\"v\":9,\"p\":[{\"t\":1,\"a\":[1],\"s\":[{\"p\":[0.08385398,-0.02648855,-0.0461836],\"r\":[358.1333,2.62042,350.5441],\"s\":[0.44442,0.03481171,0.3341405],\"c\":[0,0,0]}]},{\"t\":1,\"s\":[{\"p\":[0.08902492,-0.04033793,-0.09906054],\"r\":[358.5877,4.482269,350.2964],\"s\":[0.5041714,0.04619585,0.490421],\"c\":[0,1,1]}]},{\"s\":[{\"p\":[0.1761267,-0.03094146,-0.2631657],\"r\":[1.585314,1.968975,352.1219],\"s\":[0.05598789,0.008712518,0.06831218],\"c\":[1,1,1]}]}]}"}],"serveTime":5}