{"thingDefinitions":[{"id":"59d0415ddbc5d52510f936a3","def":"{\"n\":\"thing\",\"a\":[15],\"p\":[{\"s\":[{\"p\":[0,0,0],\"r\":[0,0,0],\"s\":[2.338366,2.823828,0.1750002],\"c\":[0.5555556,0.5114636,0.2469135]}]}]}"}],"serveTime":6}