{"thingDefinitions":[{"id":"5becd946df8db3479dd017d0","def":"{\"v\":7,\"p\":[{\"b\":12,\"s\":[{\"p\":[0,0,0],\"r\":[0,0,0],\"s\":[0.06000015,0.06000015,0.06000018],\"c\":[1,1,1]}]}]}"},{"id":"5becd98218f1172791b57b2a","def":"{\"v\":7,\"p\":[{\"b\":71,\"s\":[{\"p\":[0,0,0],\"r\":[0,0,1.707547E-06],\"s\":[0.1250002,0.1250001,0.1250001],\"c\":[1,1,1]}]},{\"b\":251,\"s\":[{\"p\":[-0.2811137,-0.08310594,-0.1660921],\"r\":[36.16163,331.676,299.7489],\"s\":[0.2400003,0.2400003,0.2400004],\"c\":[1,1,1]}]}]}"}],"serveTime":5}