{"thingDefinitions":[{"id":"5cb81d2e9060ce05605d228e","def":"{\"n\":\"ground\",\"v\":9,\"a\":[1],\"p\":[{\"b\":17,\"s\":[{\"p\":[0,0,0],\"r\":[0,0,0],\"s\":[3.363351,0.1106201,3.201107],\"c\":[0.9019608,0.8509804,0.7215686]}]}]}"}],"serveTime":5}