{"thingDefinitions":[{"id":"5a39341196b0f71510cd7d25","def":"{\"n\":\"thing\",\"v\":2,\"a\":[2,4,16],\"p\":[{\"b\":10,\"s\":[{\"p\":[-0.2332126,-0.3497786,0.2868642],\"r\":[61.28494,331.9421,231.8581],\"s\":[0.7827765,0.7735531,0.49115],\"c\":[1,1,1]}]},{\"b\":10,\"s\":[{\"p\":[-0.2502632,0.1121495,-0.3402225],\"r\":[38.8641,333.9511,249.623],\"s\":[0.1250007,0.1250006,0.1250001],\"c\":[1,1,1]}]}]}"}],"serveTime":5}