{"thingDefinitions":[{"id":"5db81799acab050634367125","def":"{\"n\":\"ground\",\"v\":9,\"a\":[1],\"p\":[{\"b\":10,\"s\":[{\"p\":[3.00624,2.065999,-2.844686],\"r\":[346.9747,80.76283,68.82925],\"s\":[0.125001,0.1250009,0.1250009],\"c\":[1,0,0]}]},{\"b\":17,\"s\":[{\"p\":[-0.2322318,3.558415,-0.7117698],\"r\":[324.036,258.2539,171.3446],\"s\":[3.363352,0.1106208,3.201114],\"c\":[0,0,0]}]}]}"},{"id":"5db817cc463cde1159d69b65","def":"{\"v\":9,\"p\":[{\"b\":16,\"s\":[{\"p\":[0,0,0],\"r\":[0,0,3.201651E-07],\"s\":[0.1,0.1,0.09999996],\"c\":[1,0,0]}]}]}"}],"serveTime":6}