{"thingDefinitions":[{"id":"5da17ccefd93eb061e525296","def":"{\"n\":\"ground\",\"v\":9,\"a\":[1],\"p\":[{\"b\":17,\"s\":[{\"p\":[0,0,0],\"r\":[0,0,0],\"s\":[3.363346,0.11062,3.201102],\"c\":[0.9019608,0.8509804,0.7215686]}]},{\"b\":9,\"s\":[{\"p\":[3.485213,0.9129026,1.683772],\"r\":[1.060344,248.5279,344.6792],\"s\":[0.1250001,0.125,0.1250001],\"c\":[1,1,1]}]},{\"b\":9,\"s\":[{\"p\":[3.321207,0.9681201,1.790631],\"r\":[23.95818,281.8721,318.4579],\"s\":[0.1250003,0.1250002,0.1250003],\"c\":[1,1,1]}]}]}"}],"serveTime":4}