{"thingDefinitions":[{"id":"5a58a531df985f4413a469aa","def":"{\"n\":\"thing\",\"v\":2,\"a\":[1,2,7,9,18],\"p\":[{\"b\":122,\"e\":\"8JAHHGFASKTITIYTJUYDDFE\",\"s\":[{\"p\":[0,0,0],\"r\":[0,0,0],\"s\":[0.001,0.001,0.001],\"c\":[1,1,1]}]}]}"},{"id":"5a58a56dbc74c4c0062a0ca4","def":"{\"n\":\"thing\",\"v\":2,\"p\":[{\"b\":11,\"s\":[{\"p\":[0,0,0],\"r\":[0,0,0],\"s\":[0.1250002,0.1250001,0.1250002],\"c\":[1,1,1]}]},{\"b\":9,\"s\":[{\"p\":[-0.0287624,-0.09632524,0.279901],\"r\":[320.5384,190.9737,75.99928],\"s\":[0.1250004,0.1250004,0.1250004],\"c\":[1,1,1]}]}]}"}],"serveTime":5}