{"thingDefinitions":[{"id":"5c73580897ee906da5891520","def":"{\"v\":7,\"p\":[{\"s\":[{\"p\":[0,0,0],\"r\":[0,0,0],\"s\":[0.1750004,0.1750005,0.1750003],\"c\":[1,1,1]}]},{\"s\":[{\"p\":[-0.2478037,0.2421371,-1.187447],\"r\":[65.20884,278.8679,343.4376],\"s\":[0.08686967,0.1824984,0.4416375],\"c\":[1,1,1]}]},{\"b\":5,\"s\":[{\"p\":[1.805199,-2.425919,-2.320894],\"r\":[37.57553,292.5266,38.30543],\"s\":[0.1,0.1000001,0.1000001],\"c\":[1,1,1]}]},{\"b\":5,\"s\":[{\"p\":[1.992948,-2.327885,-2.538273],\"r\":[54.56231,0.5753989,28.83789],\"s\":[0.1000001,0.1000002,0.1000002],\"c\":[1,1,1]}]}]}"}],"serveTime":5}