{"thingDefinitions":[{"id":"5d8c11ae309ea4392c5a7f41","def":"{\"v\":9,\"p\":[{\"b\":12,\"s\":[{\"p\":[0,0,0],\"r\":[0,0,-7.47052E-07],\"s\":[0.06000017,0.06000014,0.06000014],\"c\":[1,1,1]}]}]}"}],"serveTime":4}