{"thingDefinitions":[{"id":"5d237a5b568eae06163c7f35","def":"{\"n\":\"ground\",\"v\":9,\"a\":[1],\"p\":[{\"b\":17,\"s\":[{\"p\":[0.02045941,-0.05487293,-0.03079218],\"r\":[359.4196,358.7629,1.900343],\"s\":[4.516928,0.2387078,2.747575],\"c\":[0.9019608,0.8509804,0.7215686],\"b\":[\"when triggered then become next in 0.2s\"]},{\"p\":[0,0,0],\"r\":[0,0,0],\"s\":[3.363346,0.11062,3.201102],\"c\":[0.9019608,0.8509804,0.7215686]},{\"p\":[0,0,0],\"r\":[0,0,0],\"s\":[3.363346,0.11062,3.201102],\"c\":[0.9019608,0.8509804,0.7215686]},{\"p\":[0,0,0],\"r\":[0,0,0],\"s\":[3.363346,0.11062,3.201102],\"c\":[0.9019608,0.8509804,0.7215686]}]}]}"}],"serveTime":5}