{"thingDefinitions":[{"id":"5b21c1872d0bfc4d119bb3c1","def":"{\"v\":5,\"p\":[{\"b\":9,\"s\":[{\"p\":[0,0,0],\"r\":[0,0,0],\"s\":[0.1250009,0.1250002,0.1250009],\"c\":[1,1,1]}]}]}"}],"serveTime":4}