{"thingDefinitions":[{"id":"5ed701b2d227877ad60400ee","def":"{\"v\":9,\"a\":[43],\"p\":[{\"b\":9,\"s\":[{\"p\":[0,0,0],\"r\":[0,0,8.537735E-07],\"s\":[0.1367052,0.3587748,0.176392],\"c\":[1,1,1]}]},{\"b\":251,\"s\":[{\"p\":[0.2247876,0.0288399,-0.2420273],\"r\":[58.54268,37.94153,329.0611],\"s\":[0.2400327,0.2400306,0.240041],\"c\":[1,1,1]}]}]}"}],"serveTime":4}