{"thingDefinitions":[{"id":"59f2c819aff4ec33109849c3","def":"{\"n\":\"thing\",\"v\":2,\"p\":[{\"b\":9,\"s\":[{\"p\":[0,0,0],\"r\":[0,0,1.494104E-06],\"s\":[0.1250002,0.1250002,0.1250001],\"c\":[1,1,1]}]},{\"b\":58,\"s\":[{\"p\":[0.05777736,0.02031454,-0.04772975],\"r\":[74.55708,40.8838,257.4498],\"s\":[0.125,0.1250001,0.125],\"c\":[1,1,1]}]},{\"b\":32,\"s\":[{\"p\":[0.1300058,-0.08159645,-0.1351255],\"r\":[7.773251,120.023,289.4019],\"s\":[0.125,0.1250001,0.1250001],\"c\":[1,1,1]}]}]}"}],"serveTime":5}