{"thingDefinitions":[{"id":"5a443cb41af37fc413b0b3d8","def":"{\"n\":\"ground\",\"v\":3,\"a\":[1,7,18],\"p\":[{\"b\":17,\"s\":[{\"p\":[0,0,0],\"r\":[0,0,-6.157171E-14],\"s\":[69.87714,0.1106213,150.0014],\"c\":[0,0.3333332,0.3333332]}]}]}"}],"serveTime":4}