{"thingDefinitions":[{"id":"5ad0408d46245b497b0b6032","def":"{\"v\":2,\"p\":[{\"s\":[{\"p\":[0.02198036,0.09534687,-0.1396832],\"r\":[13.48729,7.630712,7.263642],\"s\":[0.4200927,0.2839471,0.175001],\"c\":[1,1,1]}]},{\"b\":3,\"s\":[{\"p\":[0.05046414,0.02476653,-0.008844746],\"r\":[53.2075,316.4676,339.7595],\"s\":[0.1250001,0.1250001,0.1250001],\"c\":[1,1,1]}]}]}"}],"serveTime":4}