{"thingDefinitions":[{"id":"5ca7f628008c8770b4a9e3ba","def":"{\"v\":9,\"p\":[{\"b\":14,\"s\":[{\"p\":[-0.3149038,-0.02813587,0.09822136],\"r\":[10.30468,324.5591,346.8856],\"s\":[0.05999999,0.05999998,0.05999999],\"c\":[1,1,1]}]},{\"b\":3,\"s\":[{\"p\":[-0.2553742,0.07159761,-0.1409993],\"r\":[61.68604,331.5254,241.3005],\"s\":[0.1250005,0.1250005,0.1250001],\"c\":[1,1,1]}]},{\"b\":12,\"s\":[{\"p\":[0.6791691,0.1307378,-0.3415639],\"r\":[7.177492,154.217,118.0167],\"s\":[0.06000004,0.06000003,0.06000003],\"c\":[1,1,1]}]},{\"b\":3,\"s\":[{\"p\":[-0.09980171,0.02482068,-0.04116135],\"r\":[11.12349,9.276397,347.2319],\"s\":[0.1250002,0.1250002,0.1250004],\"c\":[1,1,1]}]}]}"}],"serveTime":4}