{"thingDefinitions":[{"id":"5f1aedfa11766f3186f93241","def":"{\"v\":9,\"p\":[{\"b\":12,\"s\":[{\"p\":[0,0,0],\"r\":[0,0,0],\"s\":[0.06000002,0.06000001,0.06000004],\"c\":[1,1,1]}]}]}"},{"id":"5f1aeda1bc1b58604f6abbc5","def":"{\"v\":9,\"p\":[{\"b\":12,\"s\":[{\"p\":[0,0,0],\"r\":[0,0,2.668043E-08],\"s\":[0.06,0.05999999,0.06],\"c\":[1,1,1]}]}]}"}],"serveTime":6}