{"thingDefinitions":[{"id":"5c390cc3fbec9a3178ec6be9","def":"{\"v\":7,\"p\":[{\"s\":[{\"p\":[-0.05414899,-0.2342613,-0.2145014],\"r\":[24.6215,331.4247,349.4726],\"s\":[0.1750001,0.1750001,0.1750001],\"c\":[1,1,1]}]},{\"b\":9,\"s\":[{\"p\":[-0.2108949,-0.1968385,-0.2751441],\"r\":[63.20455,9.856294,352.5785],\"s\":[0.1250006,0.1250005,0.1250003],\"c\":[1,1,1]}]},{\"b\":9,\"s\":[{\"p\":[-0.04167596,-0.1906554,-0.176853],\"r\":[28.18431,359.5445,354.8141],\"s\":[0.1250001,0.125,0.125],\"c\":[1,1,1]}]}]}"}],"serveTime":6}