{"thingDefinitions":[{"id":"5a2a00cfe771e5c932966ebb","def":"{\"n\":\"thing\",\"v\":2,\"a\":[1,2,3,4,7,8,18],\"p\":[{\"b\":9,\"s\":[{\"p\":[0,0,0],\"r\":[0,0,0],\"s\":[0.1250001,0.1250002,0.1250001],\"c\":[1,1,1]}]},{\"b\":12,\"s\":[{\"p\":[0.1961004,-0.2381802,-0.2452842],\"r\":[17.72209,164.7259,133.0128],\"s\":[0.06000022,0.06000024,0.06000019],\"c\":[1,1,1]}]}]}"}],"serveTime":5}