{"thingDefinitions":[{"id":"5dc6f05a2f511010e59af06c","def":"{\"v\":9,\"p\":[{\"b\":3,\"s\":[{\"p\":[-0.3637185,0.04420342,0.1890952],\"r\":[347.7006,259.5295,5.621636],\"s\":[0.1250005,0.1250006,0.1250007],\"c\":[1,1,1]}]},{\"b\":3,\"s\":[{\"p\":[-0.2639822,-0.08470624,0.1327354],\"r\":[15.61641,251.7733,324.0796],\"s\":[0.1250004,0.1250004,0.1250004],\"c\":[1,1,1]}]},{\"b\":3,\"s\":[{\"p\":[-0.2544726,-0.04549089,0.09741098],\"r\":[68.09261,10.75039,283.4696],\"s\":[0.1250005,0.1250004,0.1250004],\"c\":[1,1,1]}]},{\"b\":3,\"s\":[{\"p\":[0.009136844,0.1556809,0.02782503],\"r\":[20.48478,80.59559,326.3236],\"s\":[0.1250006,0.1250005,0.1250004],\"c\":[1,1,1]}]}]}"}],"serveTime":4}