{"thingDefinitions":[{"id":"5b0365568634a94b91274264","def":"{\"v\":4,\"p\":[{\"b\":4,\"s\":[{\"p\":[0,0,0],\"r\":[0,0,0],\"s\":[0.125,0.1250001,0.1250002],\"c\":[1,1,1]}]},{\"b\":3,\"s\":[{\"p\":[0.001878887,-0.007358462,-0.1879532],\"r\":[354.3948,25.65588,351.6058],\"s\":[0.1250001,0.1250002,0.1250001],\"c\":[1,1,1]}]},{\"b\":54,\"s\":[{\"p\":[-0.6332651,0.7646983,-0.5737231],\"r\":[85.22439,262.4515,190.5386],\"s\":[0.1097742,0.1250001,0.1250001],\"c\":[1,1,1]}]}]}"}],"serveTime":4}