{"thingDefinitions":[{"id":"5af1057736a6b555fd14311b","def":"{\"v\":4,\"p\":[{\"b\":12,\"s\":[{\"p\":[0,0,0],\"r\":[0,0,0],\"s\":[0.05832338,0.0638906,0.06000007],\"c\":[1,1,1]}]}]}"},{"id":"5af105f73b0a3a6b3537af0e","def":"{\"v\":4,\"p\":[{\"b\":136,\"t\":8,\"a\":[3,5,6,7,8,9,10,11,14,15,16,17,18,21,22,24,25,26,29,30],\"e\":\"BUTT\",\"s\":[{\"p\":[0,0,0],\"r\":[0,0,0],\"s\":[0.003000001,0.003,0.003],\"c\":[1,1,1]}]}]}"}],"serveTime":6}