{"thingDefinitions":[{"id":"5d94cc7dc37a927fec8c8cfa","def":"{\"v\":9,\"a\":[49],\"p\":[{\"s\":[{\"p\":[0,0,0],\"r\":[0,0,0],\"s\":[0.1750003,0.1750006,0.1750006],\"c\":[1,1,1]}]},{\"s\":[{\"p\":[0.1692361,0.1395643,0.004809543],\"r\":[12.3545,9.309157,10.22023],\"s\":[0.1750001,0.1750002,0.1750002],\"c\":[1,1,1]}]}]}"}],"serveTime":8}