{"thingDefinitions":[{"id":"5dd20cac6508a310d89bde57","def":"{\"n\":\"ground\",\"v\":9,\"a\":[1],\"p\":[{\"b\":17,\"s\":[{\"p\":[0,0,0],\"r\":[0,0,0],\"s\":[3.363346,0.11062,3.201102],\"c\":[0.9019608,0.8509804,0.7215686]}]},{\"b\":14,\"s\":[{\"p\":[-3.94437,1.563076,1.228413],\"r\":[287.9783,170.6401,356.7238],\"s\":[0.06000002,0.06000008,0.06000011],\"c\":[1,1,1]}]},{\"b\":3,\"s\":[{\"p\":[-3.950723,1.539899,1.218531],\"r\":[321.073,191.0203,309.9654],\"s\":[0.1250007,0.1250003,0.1250005],\"c\":[1,1,1]}]}]}"}],"serveTime":4}