{"thingDefinitions":[{"id":"5d7ae017288c857ffcc8563f","def":"{\"v\":9,\"p\":[{\"s\":[{\"p\":[0,0,0],\"r\":[0,0,1.280661E-06],\"s\":[0.6658084,0.6082752,1.632186],\"c\":[1,1,1]}]},{\"b\":11,\"s\":[{\"p\":[-0.3852062,-0.005710393,-0.144755],\"r\":[359.3072,271.4858,88.94218],\"s\":[0.3014041,0.446666,0.1000003],\"c\":[1,1,1]}]}]}"}],"serveTime":6}