{"thingDefinitions":[{"id":"5a13512666ba7729107cfaa2","def":"{\"n\":\"thing\",\"v\":2,\"p\":[{\"b\":9,\"s\":[{\"p\":[0.3417555,0.2985697,-0.01289886],\"r\":[0.7861111,41.98598,246.6941],\"s\":[0.1250004,0.1250004,0.1250001],\"c\":[1,1,1]}]},{\"b\":9,\"s\":[{\"p\":[-0.06418705,0.166995,0.112391],\"r\":[349.4075,0.06096521,353.6047],\"s\":[0.1250003,0.1250002,0.1250001],\"c\":[1,1,1]}]},{\"b\":79,\"s\":[{\"p\":[0.2083166,0.1126578,0.1247339],\"r\":[306.8326,93.98634,275.9038],\"s\":[0.07500003,0.07500004,0.075],\"c\":[1,1,1]}]}]}"}],"serveTime":5}