{"thingDefinitions":[{"id":"5e557aeaa68ddc054d54dd88","def":"{\"n\":\"ground\",\"v\":9,\"p\":[{\"b\":17,\"s\":[{\"p\":[0,0,0],\"r\":[0,0,0],\"s\":[3.363346,0.11062,3.201102],\"c\":[0.9019608,0.8509804,0.7215686]}]},{\"b\":3,\"s\":[{\"p\":[-0.3539775,1.647501,-0.4182863],\"r\":[339.7154,94.90871,119.1956],\"s\":[0.1250002,0.1250001,0.1250001],\"c\":[1,1,1]}]}]}"}],"serveTime":5}