{"thingDefinitions":[{"id":"5aedf78aa5d9ce131eb80fc5","def":"{\"v\":4,\"p\":[{\"b\":17,\"s\":[{\"p\":[0,0,0],\"r\":[0,0,-2.134434E-07],\"s\":[0.06000001,0.06000001,0.06000002],\"c\":[1,1,1]}]},{\"b\":12,\"s\":[{\"p\":[-0.136698,0.01455035,-0.007315563],\"r\":[54.05476,346.1455,347.0895],\"s\":[0.06,0.06,0.06],\"c\":[1,1,1]}]}]}"}],"serveTime":5}