{"thingDefinitions":[{"id":"5ca4fc98c112b50564ea5243","def":"{\"v\":9,\"p\":[{\"s\":[{\"p\":[0,0,0],\"r\":[0,0,0],\"s\":[0.1750001,0.175001,0.1750009],\"c\":[1,1,1]}]},{\"s\":[{\"p\":[0.3432323,0.6054195,-0.9604828],\"r\":[310.2774,91.29344,94.78962],\"s\":[0.5196188,0.8107854,0.1905515],\"c\":[1,1,1]}]},{\"s\":[{\"p\":[-0.5318642,0.1115912,-0.801357],\"r\":[2.082362,1.581276,330.6006],\"s\":[0.1750002,0.1750019,1.158742],\"c\":[1,1,1]}]}]}"}],"serveTime":4}