{"thingDefinitions":[{"id":"5aaf91b2c270d90fed6db9b3","def":"{\"n\":\"ground\",\"v\":3,\"a\":[1],\"p\":[{\"b\":17,\"s\":[{\"p\":[0,0,0],\"r\":[0,0,0],\"s\":[138.0254,0.11062,21.92016],\"c\":[0.9019608,0.8509804,0.7215686]}]}]}"}],"serveTime":4}