{"thingDefinitions":[{"id":"5b6f8a95c3f7be2dfaff7349","def":"{\"v\":6,\"a\":[1],\"tp_m\": 67777,\"p\":[{\"b\":71,\"s\":[{\"p\":[-0.3023148,-0.03178905,0.1127509],\"r\":[337.683,255.8127,139.1652],\"s\":[0.125,0.1250001,0.1250001],\"c\":[1,1,1]}]},{\"b\":149,\"s\":[{\"p\":[-0.3011588,0.4460177,-0.003864527],\"r\":[358.2362,289.1074,351.4452],\"s\":[0.09000017,0.09000009,0.09000012],\"c\":[1,1,1]}]},{\"b\":74,\"s\":[{\"p\":[-0.2296014,-0.1314433,-0.2990837],\"r\":[329.1764,52.91028,239.2767],\"s\":[0.07500004,0.07500008,0.07500005],\"c\":[1,1,1]}]},{\"b\":78,\"s\":[{\"p\":[-0.1483789,-0.02814008,-0.2706472],\"r\":[321.8806,86.18083,231.0372],\"s\":[0.075,0.075,0.075],\"c\":[1,1,1]}]}]}"}],"serveTime":5}