{"thingDefinitions":[{"id":"5aa47ae021664c13b070dae6","def":"{\"v\":2,\"p\":[{\"s\":[{\"p\":[0,0,0],\"r\":[0,0,0],\"s\":[0.2784294,0.5436383,0.5709672],\"c\":[1,1,1]}]}]}"},{"id":"5aa6c91abf3c071362b61298","def":"{\"v\":2,\"a\":[2,15],\"p\":[{\"b\":13,\"s\":[{\"p\":[0,0,0],\"r\":[0,0,0],\"s\":[0.06000005,0.06000005,0.06000009],\"c\":[1,1,1]}]}]}"},{"id":"5aa6c9972602f013b605a857","def":"{\"v\":2,\"a\":[2,9,17],\"p\":[{\"b\":9,\"s\":[{\"p\":[0,0,0],\"r\":[0,0,0],\"s\":[0.125,0.125,0.125],\"c\":[1,1,1]}]}]}"}],"serveTime":6}