{"thingDefinitions":[{"id":"5c4806eb92b1f66d82aceea1","def":"{\"n\":\"ground\",\"v\":7,\"a\":[1],\"p\":[{\"b\":17,\"a\":[31],\"s\":[{\"p\":[0,0,0],\"r\":[0,0,0],\"s\":[3.363346,0.11062,3.201102],\"c\":[0.9019608,0.8509804,0.7215686]}]},{\"b\":9,\"s\":[{\"p\":[-0.7843232,1.454628,1.630969],\"r\":[323.5091,55.42908,293.6439],\"s\":[0.1250001,0.1250001,0.1250001],\"c\":[1,1,1]}]},{\"b\":5,\"s\":[{\"p\":[-0.7892803,1.604101,1.6206],\"r\":[273.5898,165.3977,200.7794],\"s\":[0.1,0.1000001,0.1000001],\"c\":[1,1,1]}]},{\"b\":179,\"s\":[{\"p\":[-0.9767954,1.304636,1.459767],\"r\":[16.26597,333.614,136.9434],\"s\":[0.2150001,0.2150001,0.2150001],\"c\":[1,1,1]}]}]}"}],"serveTime":4}