{"thingDefinitions":[{"id":"5c4b2fddf2406a487ad681e8","def":"{\"v\":7,\"p\":[{\"b\":3,\"s\":[{\"p\":[0,0,0],\"r\":[0,0,0],\"s\":[0.2837973,0.2708015,0.2902074],\"c\":[1,1,1]}]}]}"}],"serveTime":4}