{"thingDefinitions":[{"id":"59ee259f395b293663ae2256","def":"{\"n\":\"thing\",\"v\":2,\"p\":[{\"b\":9,\"s\":[{\"p\":[0,0,0],\"r\":[0,0,0],\"s\":[0.1250001,0.1250001,0.1250001],\"c\":[1,1,1]}]},{\"b\":17,\"s\":[{\"p\":[0.1628052,0.2237556,-0.02736777],\"r\":[346.3292,15.38441,16.07805],\"s\":[0.06000007,0.06000006,0.06000002],\"c\":[1,1,1]}]}]}"}],"serveTime":4}