{"thingDefinitions":[{"id":"5c32faa18436ee6f7daa70b1","def":"{\"v\":7,\"p\":[{\"b\":5,\"s\":[{\"p\":[-0.06402607,0.06272964,0.1348578],\"r\":[3.249685,356.9789,321.1877],\"s\":[0.1000002,0.1000002,0.1000001],\"c\":[1,1,1]}]},{\"b\":5,\"s\":[{\"p\":[-0.08983009,-0.2140003,0.05591277],\"r\":[26.8735,353.6843,356.4111],\"s\":[0.1000002,0.1000002,0.1000001],\"c\":[1,1,1]}]},{\"b\":5,\"s\":[{\"p\":[0.007898472,0.3337463,0.09533761],\"r\":[337.6779,2.612772,341.9897],\"s\":[0.1000003,0.1000003,0.1000002],\"c\":[1,1,1]}]},{\"b\":175,\"s\":[{\"p\":[0.8370333,0.2654263,0.07742214],\"r\":[333.4027,54.37566,77.28793],\"s\":[0.04500006,0.04500008,0.04500007],\"c\":[1,1,1]}]}]}"}],"serveTime":4}