{"thingDefinitions":[{"id":"5e20f22f0d37d23816f732b3","def":"{\"v\":9,\"p\":[{\"s\":[{\"p\":[0,0,0],\"r\":[0,0,0],\"s\":[0.1750001,0.1750001,0.175],\"c\":[1,1,1]}]}]}"}],"serveTime":5}