{"thingDefinitions":[{"id":"5a75bcbbe8058eed0f6db58b","def":"{\"n\":\"thing\",\"v\":2,\"p\":[{\"b\":9,\"s\":[{\"p\":[-0.5365282,-0.1793944,-0.1828962],\"r\":[8.349316,281.0239,277.2466],\"s\":[0.1250001,0.125,0.1250001],\"c\":[0.6285716,1,0]}]},{\"b\":76,\"s\":[{\"p\":[-0.52147,-0.1081744,-0.2277223],\"r\":[25.4795,219.9149,204.5073],\"s\":[0.0750001,0.07500001,0.07500014],\"c\":[0.3333332,0.2857142,0]}]},{\"b\":9,\"s\":[{\"p\":[-0.7429414,-0.05759047,0.008650646],\"r\":[323.7282,288.8333,214.9565],\"s\":[0.1250028,0.125001,0.1250023],\"c\":[0,0,0]}]},{\"b\":2,\"s\":[{\"p\":[-0.7559438,-0.2414735,0.1425419],\"r\":[306.6635,170.382,281.5255],\"s\":[0.1250004,0.1250003,0.1250001],\"c\":[0,0,0]}]}]}"}],"serveTime":4}