{"thingDefinitions":[{"id":"5b1040ce6ea50b1ec2c120f3","def":"{\"v\":4,\"p\":[{\"b\":153,\"s\":[{\"p\":[0,0,0],\"r\":[0,0,3.415094E-06],\"s\":[0.04000013,0.04000025,0.04000026],\"c\":[0,1,0.3999999]}]}]}"}],"serveTime":5}