{"thingDefinitions":[{"id":"5b1e2a93d4bfc91e47ae4ed2","def":"{\"n\":\"65ui\",\"v\":5,\"p\":[{\"b\":3,\"s\":[{\"p\":[0,0,0],\"r\":[0,0,0],\"s\":[0.1250004,0.1250001,0.1250003],\"c\":[1,1,1]}]},{\"b\":3,\"s\":[{\"p\":[-0.2723464,0.549132,-0.8723483],\"r\":[349.3305,298.0036,276.5939],\"s\":[0.1250001,0.1250001,0.125],\"c\":[1,1,1]}]},{\"b\":9,\"s\":[{\"p\":[-0.392084,0.2894449,-0.7741301],\"r\":[289.0049,249.0379,39.1635],\"s\":[0.125,0.125,0.125],\"c\":[1,1,1]}]}]}"},{"id":"5b1e2b046aa2911e2a2adf03","def":"{\"v\":5,\"a\":[1,2,4,12,23,32,48,49],\"p\":[{\"b\":10,\"s\":[{\"p\":[0,0,0],\"r\":[0,0,1.600826E-06],\"s\":[0.1250007,0.1250006,0.1250001],\"c\":[1,1,1]}]}]}"}],"serveTime":7}