{"thingDefinitions":[{"id":"5a74d16a53b394e40fe0132a","def":"{\"n\":\"thing\",\"v\":2,\"p\":[{\"b\":12,\"s\":[{\"p\":[0,0,0],\"r\":[0,0,0],\"s\":[0.06000021,0.06000024,0.06000026],\"c\":[1,1,1]}]}]}"}],"serveTime":4}