{"thingDefinitions":[{"id":"5b58203e90ce4e41df8d6188","def":"{\"v\":5,\"a\":[2],\"p\":[{\"b\":10,\"s\":[{\"p\":[0.3637121,0.02856743,0.2136248],\"r\":[19.75781,90.46625,23.64014],\"s\":[0.1250006,0.1250007,0.125001],\"c\":[1,1,1]}]},{\"b\":17,\"s\":[{\"p\":[0.3256401,0.04108826,0.3014858],\"r\":[22.12257,341.914,22.35332],\"s\":[0.06000011,0.06000008,0.0600001],\"c\":[1,1,1]}]},{\"b\":14,\"s\":[{\"p\":[0.4840276,0.1101254,0.3848077],\"r\":[340.9489,26.74134,17.90374],\"s\":[0.06000014,0.06000021,0.06000022],\"c\":[1,1,1]}]},{\"b\":14,\"s\":[{\"p\":[0.1677725,0.01015911,0.2293289],\"r\":[5.01738,279.269,19.27872],\"s\":[0.06000008,0.06000011,0.06000007],\"c\":[1,1,1]}]}]}"}],"serveTime":4}