{"thingDefinitions":[{"id":"5aa18ab95912b67ef33f7dc7","def":"{\"v\":2,\"p\":[{\"b\":4,\"s\":[{\"p\":[-0.02697375,0.006343111,0.1651244],\"r\":[359.3247,351.5128,348.9595],\"s\":[0.1250001,0.125,0.1250001],\"c\":[1,1,1]}]},{\"b\":7,\"s\":[{\"p\":[-0.003392372,0.03252092,-0.0002710889],\"r\":[358.6685,348.8916,357.785],\"s\":[0.1250003,0.1250001,0.1250003],\"c\":[1,1,1]}]}]}"}],"serveTime":5}