{"thingDefinitions":[{"id":"59de7daf958b6aab43ff7b33","def":"{\"n\":\"thing\",\"p\":[{\"b\":9,\"s\":[{\"p\":[0,0,0],\"r\":[0,0,-8.537737E-07],\"s\":[0.125,0.125,0.125],\"c\":[1,1,1]}]},{\"b\":14,\"s\":[{\"p\":[0.1496912,0.002415493,-0.11176],\"r\":[356.9201,298.1848,48.54607],\"s\":[0.05999999,0.06000008,0.06000008],\"c\":[1,1,1]}]}]}"}],"serveTime":8}