{"thingDefinitions":[{"id":"5c60bac6cf2f36055601ebbd","def":"{\"v\":7,\"p\":[{\"s\":[{\"p\":[-0.05650999,-0.09583598,0.1802514],\"r\":[358.6993,358.8864,354.6453],\"s\":[0.1750002,0.1750002,0.1750003],\"c\":[1,1,1]}]},{\"s\":[{\"p\":[-0.09450639,0.28673,0.09745324],\"r\":[333.8189,358.9156,0.6357656],\"s\":[0.6900095,0.1912099,0.1264272],\"c\":[1,1,1]}]}]}"},{"id":"5c60baf51d6b91055c0729e7","def":"{\"v\":7,\"p\":[{\"t\":2,\"s\":[{\"p\":[-0.05650999,-0.09583598,0.1802514],\"r\":[358.6993,358.8864,354.6453],\"s\":[0.1750002,0.1750002,0.1750003],\"c\":[0.1142856,1,0]}]},{\"t\":2,\"i\":[{\"t\":\"5c60bac6cf2f36055601ebbd\",\"p\":[0.108062,0.1842888,0.04293704],\"r\":[337.8531,4.980551,357.9974]}],\"s\":[{\"p\":[-0.09450639,0.28673,0.09745324],\"r\":[333.8189,358.9156,0.6357656],\"s\":[0.6900095,0.1912099,0.1264272],\"c\":[0.1142856,1,0]}]}]}"}],"serveTime":6}