{"thingDefinitions":[{"id":"5adad7283864d60f89954d8a","def":"{\"v\":4,\"p\":[{\"b\":3,\"s\":[{\"p\":[0,0,0],\"r\":[1.707548E-06,0,0],\"s\":[0.1250001,0.125,0.1250001],\"c\":[1,1,1]}]},{\"b\":3,\"s\":[{\"p\":[-0.4696067,0.05190476,-0.2210223],\"r\":[2.461215,310.2559,18.37507],\"s\":[0.1250001,0.1250001,0.1250001],\"c\":[1,1,1]}]}]}"}],"serveTime":8}