{"thingDefinitions":[{"id":"5cb1777def5174481d2df12b","def":"{\"n\":\"ground\",\"v\":9,\"a\":[1],\"p\":[{\"b\":17,\"s\":[{\"p\":[0,0,0],\"r\":[0,0,0],\"s\":[3.363346,0.11062,3.201102],\"c\":[0.9019608,0.8509804,0.7215686]}]}]}"},{"id":"5cb177b8a13360482344a70c","def":"{\"v\":9,\"p\":[{\"s\":[{\"p\":[1.002168,0.2153519,0.04835051],\"r\":[13.43363,277.7354,14.64849],\"s\":[0.1750006,0.1750007,0.1750002],\"c\":[1,1,1]}]},{\"s\":[{\"p\":[0.8604606,0.1847728,0.0644667],\"r\":[346.0853,3.974695,13.23705],\"s\":[0.1750009,0.1750006,0.1750003],\"c\":[1,1,1]}]},{\"s\":[{\"p\":[0.7008172,0.1480044,0.08243003],\"r\":[13.55607,276.3055,13.35432],\"s\":[0.1750004,0.1750003,0.1750004],\"c\":[1,1,1]}]}]}"}],"serveTime":4}