{"thingDefinitions":[{"id":"5efecad7b5cb32702fd1e6b3","def":"{\"v\":9,\"p\":[{\"s\":[{\"p\":[0,0,0],\"r\":[0,0,-1.600826E-06],\"s\":[0.1750004,0.1750002,0.1750002],\"c\":[1,1,1]}]},{\"b\":13,\"s\":[{\"p\":[-0.07231484,0.1763723,0.06605583],\"r\":[4.382205,321.7131,1.408287],\"s\":[0.06000004,0.06000001,0.06000003],\"c\":[1,1,1]}]}]}"}],"serveTime":4}