{"thingDefinitions":[{"id":"5d27c4d8bb4e967c30032b0b","def":"{\"v\":9,\"a\":[2,3,12],\"p\":[{\"id\":\"5d27c354f0793e4fd08e2938\",\"c\":[[0.5,4.913,-0.5,4,6,11],[0.5,3.913,-0.5,6,6,8],[0.5,3.913,0.5,0,13,10],[0.5,4.913,0.5,2,6,14],[-0.5000001,4.913,0.5,3,6,8],[-0.5000001,3.913,0.5,1,13,2],[-0.5000001,3.913,-0.5,7,8,4],[-0.5000001,4.913,-0.5,5,6,7]],\"s\":[{\"p\":[0,0,0],\"r\":[0,0,0],\"s\":[0.02112339,0.02112142,0.02112155],\"c\":[1,1,1],\"b\":[\"when triggered then play bounce boing springboard 4\"]}]},{\"a\":[37],\"ac\":{\"id\":\"5d27c354f0793e4fd08e2938\",\"c\":99},\"v\":0,\"s\":[{\"p\":[-5.210804E-15,9.110858E-22,5.960464E-08],\"r\":[8.878103E-06,1.819477E-06,11],\"s\":[0.02112347,0.02112142,0.02112163],\"c\":[1,1,1],\"b\":[\"when starts then project with 1% reach\"]}]}]}"}],"serveTime":4}