{"thingDefinitions":[{"id":"5d83a0a8c37a927fec8c856e","def":"{\"n\":\"ground\",\"v\":9,\"a\":[1],\"p\":[{\"b\":17,\"s\":[{\"p\":[0,0,0],\"r\":[0,0,0],\"s\":[3.363346,0.11062,3.201102],\"c\":[0.9019608,0.8509804,0.7215686]},{\"p\":[0,0,0],\"r\":[0,0,0],\"s\":[3.363346,0.11062,3.201102],\"c\":[0.9019608,0.8509804,0.7215686]}]},{\"s\":[{\"p\":[-1.892698,0.2470476,-0.6607465],\"r\":[3.119993,312.5262,2.031176],\"s\":[0.1750003,0.1750001,0.1750005],\"c\":[1,1,1]}]}]}"}],"serveTime":5}