{"thingDefinitions":[{"id":"5c6be5d4d85ae71c83b0e873","def":"{\"v\":7,\"p\":[{\"b\":2,\"s\":[{\"p\":[0,0,0],\"r\":[0,0,0],\"s\":[0.1250002,0.1250004,0.1250004],\"c\":[1,1,1]}]}]}"}],"serveTime":4}