{"thingDefinitions":[{"id":"5c255341e0b8db3184f266ae","def":"{\"v\":7,\"p\":[{\"b\":14,\"s\":[{\"p\":[0,0,0],\"r\":[0,0,0],\"s\":[0.06000001,0.06000002,0.06000005],\"c\":[1,1,1]}]},{\"b\":14,\"s\":[{\"p\":[-0.1359848,-0.002512465,-0.1377971],\"r\":[3.173885,268.3178,2.578527],\"s\":[0.06000023,0.06000002,0.06000023],\"c\":[1,1,1]}]},{\"b\":14,\"s\":[{\"p\":[-0.1406467,-0.006595159,0.1272888],\"r\":[3.330902,274.8473,269.7632],\"s\":[0.06000026,0.06000006,0.06000027],\"c\":[1,1,1]}]}]}"}],"serveTime":5}