{"thingDefinitions":[{"id":"5b94adf183ae3d525154c259","def":"{\"v\":6,\"p\":[{\"b\":9,\"s\":[{\"p\":[0,0,0],\"r\":[0,0,0],\"s\":[0.1250001,0.1250001,0.125],\"c\":[1,1,1]}]},{\"b\":9,\"s\":[{\"p\":[-0.1078411,-0.2689106,-0.1356339],\"r\":[22.48292,349.1748,4.525277],\"s\":[0.1250003,0.1250002,0.125],\"c\":[1,1,1]}]},{\"b\":9,\"s\":[{\"p\":[-0.3504244,-0.05760017,0.1178442],\"r\":[5.744953,347.4889,15.31386],\"s\":[0.1250002,0.1250002,0.125],\"c\":[1,1,1]}]},{\"b\":9,\"s\":[{\"p\":[-0.1798264,0.1806244,0.1361489],\"r\":[340.6562,2.882623,335.1062],\"s\":[0.1250003,0.1250003,0.125],\"c\":[1,1,1]}]}]}"}],"serveTime":4}