{"thingDefinitions":[{"id":"5c969388955b900553419553","def":"{\"v\":9,\"p\":[{\"b\":5,\"s\":[{\"p\":[0,0,0],\"r\":[0,0,0],\"s\":[0.07059579,0.07271795,0.06102198],\"c\":[0.8888889,0.09876534,0.369665]}]},{\"b\":5,\"s\":[{\"p\":[0.003299221,0.003800072,-0.03486698],\"r\":[357.1681,0.7840284,258.7382],\"s\":[0.1000218,0.1000171,0.1000201],\"c\":[0.111111,0.08641965,0.09488524]}]}]}"}],"serveTime":5}