{"thingDefinitions":[{"id":"5bb7333b1588c710a88a4664","def":"{\"v\":7,\"p\":[{\"b\":10,\"s\":[{\"p\":[0.3083049,-0.4210672,-0.211117],\"r\":[28.37293,28.7491,79.54543],\"s\":[0.1250003,0.1250005,0.125],\"c\":[1,1,1]}]},{\"b\":10,\"s\":[{\"p\":[0.3739454,-0.240657,0.05698762],\"r\":[359.885,28.57419,47.99567],\"s\":[0.1250004,0.1250005,0.1250001],\"c\":[1,1,1]}]},{\"b\":10,\"s\":[{\"p\":[0.6609697,-0.4094406,-0.09986748],\"r\":[359.0377,47.27343,98.87573],\"s\":[0.1250005,0.1250005,0.1250001],\"c\":[1,1,1]}]},{\"b\":10,\"s\":[{\"p\":[0.3051264,-0.2807185,-0.227508],\"r\":[339.2654,84.32578,69.2874],\"s\":[0.1250009,0.125001,0.1250002],\"c\":[1,1,1]}]}]}"}],"serveTime":4}