{"thingDefinitions":[{"id":"5cd76b2b47c6530ead231cf9","def":"{\"n\":\"ground\",\"v\":9,\"a\":[2,3,48,49],\"p\":[{\"b\":17,\"s\":[{\"p\":[0,0,0],\"r\":[0,0,0],\"s\":[3.363346,0.11062,3.201102],\"c\":[0.9019608,0.8509804,0.7215686]}]}]}"}],"serveTime":4}