{"thingDefinitions":[{"id":"5df28cea9f233b33fb093b3e","def":"{\"n\":\"ground\",\"v\":9,\"a\":[1],\"p\":[{\"b\":17,\"s\":[{\"p\":[0,0,0],\"r\":[0,0,-1.28066E-06],\"s\":[4.51037,0.1142791,3.201104],\"c\":[0.9019608,0.8509804,0.7215686]}]},{\"b\":3,\"s\":[{\"p\":[6.042918,0.9546024,-0.3081133],\"r\":[63.85549,177.7686,285.678],\"s\":[0.1250003,0.125,0.1250002],\"c\":[1,1,1]}]},{\"b\":3,\"s\":[{\"p\":[6.278169,0.9357321,-0.06422186],\"r\":[22.06859,218.6493,24.60894],\"s\":[0.1250007,0.125,0.1250005],\"c\":[1,1,1]}]},{\"b\":5,\"s\":[{\"p\":[6.011263,0.7204254,0.2576557],\"r\":[78.96004,279.6457,94.20765],\"s\":[0.1000003,0.1000002,0.1000002],\"c\":[1,1,1]}]}]}"}],"serveTime":4}