{"thingDefinitions":[{"id":"5cb8746d51580a056312dcaa","def":"{\"v\":9,\"p\":[{\"b\":12,\"s\":[{\"p\":[0,0,0],\"r\":[0,0,0],\"s\":[0.06000004,0.06000004,0.06000003],\"c\":[1,1,1]}]},{\"b\":11,\"s\":[{\"p\":[-0.02861311,-0.07578842,0.1963087],\"r\":[358.9162,0.771956,271.37],\"s\":[0.1000001,0.1000001,0.1000001],\"c\":[1,1,1]}]}]}"}],"serveTime":5}