{"thingDefinitions":[{"id":"5a38351fff8c878514b73abc","def":"{\"n\":\"hi\",\"v\":2,\"p\":[{\"b\":9,\"s\":[{\"p\":[0.2327961,0.08259492,-1.236246],\"r\":[350.3009,131.4772,206.1675],\"s\":[0.1250006,0.1250004,0.1250004],\"c\":[1,1,1]}]},{\"b\":9,\"s\":[{\"p\":[0.244351,0.08518334,-1.040365],\"r\":[53.68494,180.4345,233.7603],\"s\":[0.1250007,0.1250004,0.1250005],\"c\":[1,1,1]}]},{\"b\":12,\"s\":[{\"p\":[0.9506294,-0.105946,0.07073258],\"r\":[357.2879,38.32478,145.7782],\"s\":[0.0600001,0.06000013,0.06000013],\"c\":[1,1,1]}]},{\"b\":9,\"s\":[{\"p\":[0.9748902,0.223549,-0.2325742],\"r\":[296.1548,142.9761,5.211902],\"s\":[0.1250005,0.1250006,0.1250003],\"c\":[1,1,1]}]}]}"}],"serveTime":4}