{"thingDefinitions":[{"id":"5c4cbbf9a9b2d3019c9aea7f","def":"{\"v\":7,\"p\":[{\"b\":12,\"s\":[{\"p\":[0,0,0],\"r\":[0,0,-4.335569E-08],\"s\":[0.06000002,0.0600001,0.06000004],\"c\":[1,1,1]}]}]}"}],"serveTime":5}