{"thingDefinitions":[{"id":"5f1b8607cca47b0633d191e9","def":"{\"n\":\"ground\",\"v\":9,\"a\":[20,45],\"p\":[{\"b\":17,\"s\":[{\"p\":[0,0,0],\"r\":[0,0,0],\"s\":[3.363346,0.11062,3.201102],\"c\":[0.9019608,0.8509804,0.7215686]}]}]}"},{"id":"5f1b8591a5bc7c70e7e45255","def":"{\"v\":9,\"a\":[2,9,20,45,50],\"p\":[{\"b\":73,\"s\":[{\"p\":[0,0,0],\"r\":[0,0,-1.707547E-06],\"s\":[0.2250001,0.2250002,0.2250002],\"c\":[1,1,1]}]}]}"}],"serveTime":5}