{"thingDefinitions":[{"id":"5d33c8c82af5577924a377d0","def":"{\"n\":\"ground\",\"v\":9,\"a\":[1],\"p\":[{\"b\":17,\"s\":[{\"p\":[0,0,0],\"r\":[0,0,0],\"s\":[3.363346,0.11062,3.201102],\"c\":[0.9019608,0.8509804,0.7215686]}]},{\"s\":[{\"p\":[0.004001796,1.34956,1.918146],\"r\":[15.21677,40.15166,95.18244],\"s\":[0.1750001,0.1750003,0.1750002],\"c\":[0.4444443,0.6666667,0.6666667]}]},{\"b\":3,\"s\":[{\"p\":[0.08544171,1.456374,1.515244],\"r\":[341.5446,53.85855,39.90571],\"s\":[0.1250001,0.1250001,0.1250001],\"c\":[1,1,1]}]}]}"}],"serveTime":5}