{"thingDefinitions":[{"id":"5a75264c03b46da913a067a5","def":"{\"n\":\"thing\",\"v\":2,\"p\":[{\"b\":10,\"s\":[{\"p\":[0,0,0],\"r\":[0,0,0],\"s\":[0.125,0.1250001,0.125],\"c\":[1,1,1]}]},{\"b\":17,\"s\":[{\"p\":[-0.06864047,0.07231808,0.09085463],\"r\":[9.595695,351.389,14.51357],\"s\":[0.06000001,0.06000001,0.06000001],\"c\":[1,1,1]}]}]}"}],"serveTime":5}