{"thingDefinitions":[{"id":"5e065f4c78b10a2b936e3fa7","def":"{\"v\":9,\"a\":[4],\"p\":[{\"b\":9,\"s\":[{\"p\":[0,0,0],\"r\":[0,0,0],\"s\":[0.1250006,0.1250002,0.1250008],\"c\":[0,0,0]}]}]}"}],"serveTime":4}