{"thingDefinitions":[{"id":"5bf09926ad1ae56453856bf3","def":"{\"v\":7,\"p\":[{\"s\":[{\"p\":[-0.01646588,-0.2256966,0.01877385],\"r\":[14.49537,0.2780626,0.692933],\"s\":[0.1750001,0.1750001,0.1749999],\"c\":[1,1,1]}]},{\"b\":9,\"s\":[{\"p\":[-0.4449877,-0.240177,-0.08480133],\"r\":[21.57238,302.5426,308.5413],\"s\":[0.125,0.125,0.125],\"c\":[1,1,1]}]},{\"b\":2,\"s\":[{\"p\":[-0.01764912,-0.09260161,0.06116127],\"r\":[278.7803,11.26905,347.0478],\"s\":[0.1250001,0.1250002,0.1250002],\"c\":[1,1,1]}]}]}"}],"serveTime":4}