{"thingDefinitions":[{"id":"5c70cba597ee906da589138b","def":"{\"v\":7,\"p\":[{\"s\":[{\"p\":[0,0,0],\"r\":[0,0,0],\"s\":[0.1750001,0.175,0.1750001],\"c\":[1,1,1]}]}]}"}],"serveTime":4}