{"thingDefinitions":[{"id":"5aba5c460b423c1369e4a34a","def":"{\"v\":2,\"p\":[{\"b\":17,\"s\":[{\"p\":[0,0,0],\"r\":[0,0,2.134434E-07],\"s\":[0.05999999,0.06000001,0.05999999],\"c\":[1,1,1]}]},{\"b\":86,\"s\":[{\"p\":[-0.3194905,-0.05194223,-0.004547607],\"r\":[13.01628,345.4466,326.2028],\"s\":[0.07499999,0.07500001,0.07500002],\"c\":[1,1,1]}]}]}"}],"serveTime":5}