{"thingDefinitions":[{"id":"5c3f5823069c9e1e05baaf81","def":"{\"n\":\"ground\",\"v\":7,\"a\":[1],\"p\":[{\"b\":17,\"s\":[{\"p\":[0,0,0],\"r\":[0,0,0],\"s\":[3.363346,0.11062,3.201102],\"c\":[0.9019608,0.8509804,0.7215686]}]},{\"b\":40,\"s\":[{\"p\":[-0.3067886,1.093944,3.708344],\"r\":[352.8932,348.4993,357.3409],\"s\":[0.1250001,0.1250001,0.1250001],\"c\":[1,1,1]}]}]}"},{"id":"5c3f58c5cdad5c0562efedac","def":"{\"v\":7,\"p\":[{\"b\":12,\"s\":[{\"p\":[0,0,0],\"r\":[0,0,0],\"s\":[0.06000025,0.05999999,0.0600002],\"c\":[1,1,1]}]},{\"b\":12,\"s\":[{\"p\":[-0.40662,-0.0256678,-0.1259196],\"r\":[0.6797189,319.5088,358.8288],\"s\":[0.0600003,0.05999995,0.06000032],\"c\":[1,1,1]}]}]}"}],"serveTime":6}