{"thingDefinitions":[{"id":"5d863facc37a927fec8c869b","def":"{\"v\":9,\"p\":[{\"b\":15,\"s\":[{\"p\":[0,0,0],\"r\":[0,0,0],\"s\":[0.1250002,0.1250002,0.1250001],\"c\":[1,1,1]}]},{\"b\":14,\"s\":[{\"p\":[-0.2374412,-0.04931921,-0.3907188],\"r\":[25.36242,145.8591,13.29483],\"s\":[0.06000003,0.06000003,0.06000003],\"c\":[1,1,1]}]}]}"}],"serveTime":4}