{"thingDefinitions":[{"id":"5a422f5da1349a2f109ab8b6","def":"{\"n\":\"thing\",\"v\":2,\"p\":[{\"s\":[{\"p\":[0.005577356,-0.01550219,-0.004375754],\"r\":[359.7271,359.4244,0.07091171],\"s\":[0.2109412,0.2018039,1.603],\"c\":[1,1,1]}]},{\"b\":16,\"s\":[{\"p\":[-0.002808243,-0.01661754,0.7975434],\"r\":[85.86232,252.1739,253.0388],\"s\":[0.05278534,0.02984389,0.0625057],\"c\":[1,0,0]}]}]}"}],"serveTime":4}