{"thingDefinitions":[{"id":"5df68ce99f233b33fb093c01","def":"{\"v\":9,\"a\":[7,18],\"p\":[{\"b\":14,\"s\":[{\"p\":[0,0,0],\"r\":[0,0,0],\"s\":[0.1096011,0.09308618,0.06812159],\"c\":[0.4571431,0,1]}]},{\"b\":3,\"s\":[{\"p\":[-0.02362587,0.0467856,0.02556562],\"r\":[0,0,0],\"s\":[0.02202208,0.01471133,0.01691518],\"c\":[1,1,1]}]},{\"b\":3,\"s\":[{\"p\":[-0.02257265,0.06168485,0.02560067],\"r\":[0,0,-1.001791E-05],\"s\":[0.01487683,0.001000708,0.01359676],\"c\":[0,0,0]}]}]}"}],"serveTime":5}