{"thingDefinitions":[{"id":"5d3c4cd8e4356d3815bcbce7","def":"{\"n\":\"ground\",\"v\":9,\"a\":[1],\"p\":[{\"b\":17,\"s\":[{\"p\":[0,0,0],\"r\":[0,0,0],\"s\":[3.462959,0.11062,3.194981],\"c\":[0.9019608,0.8509804,0.7215686]}]},{\"b\":9,\"s\":[{\"p\":[-1.177549,0.8935099,-0.9859722],\"r\":[315.4131,278.0909,321.9244],\"s\":[0.1250009,0.1250004,0.1250009],\"c\":[0,0.2285712,1]}]},{\"b\":3,\"t\":2,\"s\":[{\"p\":[-0.9802858,0.902011,-1.066495],\"r\":[312.4793,238.6292,284.0928],\"s\":[0.1250003,0.1250001,0.1250003],\"c\":[0.2857141,1,0]}]}]}"}],"serveTime":4}