{"thingDefinitions":[{"id":"5edb7f1f616c6112de7d5b34","def":"{\"v\":9,\"a\":[2,49],\"p\":[{\"b\":60,\"a\":[38],\"s\":[{\"p\":[0,0,0],\"r\":[0,0,0],\"s\":[0.1250018,0.1250011,0.1250016],\"c\":[1,1,1],\"b\":[\"when starts then become next in 1s\"]},{\"p\":[0.2069257,0.02113175,-1.242103],\"r\":[67.88081,72.76081,81.09797],\"s\":[0.1250024,0.1250015,0.1250021],\"c\":[1,1,1]}]},{\"b\":60,\"a\":[38],\"s\":[{\"p\":[-0.224872,0.002365313,-0.0146403],\"r\":[353.567,355.1619,349.8125],\"s\":[0.125002,0.1250012,0.1250018],\"c\":[1,1,1],\"b\":[\"when starts then become next in 1s\"]},{\"p\":[-0.0008250214,-0.06070316,-1.24907],\"r\":[59.1164,67.05721,70.88765],\"s\":[0.1250021,0.1250013,0.1250019],\"c\":[1,1,1]}]}]}"}],"serveTime":4}