{"thingDefinitions":[{"id":"5c7a5db4b8c6375009b09199","def":"{\"v\":7,\"a\":[1,2,4,29],\"p\":[{\"b\":156,\"s\":[{\"p\":[0,0,0],\"r\":[0,0,0],\"s\":[0.08000012,0.08000001,0.08000007],\"c\":[1,1,1]}]}]}"}],"serveTime":5}