{"thingDefinitions":[{"id":"5d337b8dcf98917c2ad78699","def":"{\"n\":\"ground\",\"v\":9,\"a\":[1],\"p\":[{\"b\":17,\"i\":[{\"t\":\"000000000000000000000001\",\"p\":[0,0,0],\"r\":[1.366038E-05,-3.415096E-06,-8.537737E-06]}],\"s\":[{\"p\":[0,0,0],\"r\":[0,0,0],\"s\":[3.363346,0.001,3.029905],\"c\":[0.9019608,0.8509804,0.7215686]}]}]}"}],"serveTime":5}