{"thingDefinitions":[{"id":"5b4b11271af8b2027188773b","def":"{\"v\":5,\"p\":[{\"b\":5,\"s\":[{\"p\":[0.1528306,-0.0574235,-0.01573967],\"r\":[331.842,275.7262,38.35928],\"s\":[0.125,0.125,0.125],\"c\":[1,1,1]}]},{\"b\":9,\"s\":[{\"p\":[0.147386,-0.05360395,-0.02181493],\"r\":[7.588723,15.95235,14.64836],\"s\":[0.1250003,0.1250002,0.1250001],\"c\":[1,1,1]}]}]}"}],"serveTime":4}