{"thingDefinitions":[{"id":"5add068ba2f3c21321bb640e","def":"{\"v\":4,\"p\":[{\"b\":14,\"s\":[{\"p\":[0,0,0],\"r\":[0,0,0],\"s\":[0.06000007,0.0600001,0.2361908],\"c\":[1,1,1]}]},{\"b\":14,\"s\":[{\"p\":[0.1333814,0.1610271,-0.1628138],\"r\":[0.2782004,0.6241039,3.339448],\"s\":[0.0600001,0.06000013,0.2361909],\"c\":[1,1,1]}]}]}"}],"serveTime":5}