{"thingDefinitions":[{"id":"5ca30f6dd7b72d3b2abdacd6","def":"{\"v\":9,\"a\":[31],\"p\":[{\"b\":3,\"s\":[{\"p\":[0.2493407,0.1900031,-0.003282996],\"r\":[1.856146,3.866431,42.74388],\"s\":[0.1132084,0.1132082,0.1113581],\"c\":[0.8888889,0.7957672,0.5925926]}]},{\"b\":78,\"s\":[{\"p\":[0.2783717,0.1839103,-0.009965321],\"r\":[59.07491,327.9377,46.08752],\"s\":[0.09665109,0.07633102,0.07633107],\"c\":[0.8349207,1,0.5555556]}]},{\"b\":78,\"s\":[{\"p\":[0.2917334,0.1774784,-0.01532645],\"r\":[54.32061,333.6161,52.48838],\"s\":[0.1047645,0.08444429,0.08444445],\"c\":[0.09876531,0.2222221,0.148148]}]}]}"}],"serveTime":4}