{"thingDefinitions":[{"id":"5cbcae3f9d69377040904416","def":"{\"v\":9,\"p\":[{\"s\":[{\"p\":[0,0,0],\"r\":[0,0,0],\"s\":[0.1750005,0.1750004,0.1750004],\"c\":[1,1,1]}]}]}"}],"serveTime":5}