{"thingDefinitions":[{"id":"5a0979805e78a7850eec882d","def":"{\"n\":\"thing\",\"v\":2,\"a\":[2,3,6,9],\"p\":[{\"b\":9,\"t\":3,\"s\":[{\"p\":[0,0,0],\"r\":[0,0,-6.403303E-07],\"s\":[0.1250002,0.1250002,0.125],\"c\":[0.5555556,0.5555556,0.5555556]}]}]}"}],"serveTime":4}