{"thingDefinitions":[{"id":"5de9c218ce32d9061f620409","def":"{\"n\":\"ground\",\"v\":9,\"a\":[1],\"p\":[{\"b\":17,\"s\":[{\"p\":[0,0,0],\"r\":[0,0,0],\"s\":[4.204393,0.2754694,3.211964],\"c\":[0.9019608,0.8509804,0.7215686]}]}]}"},{"id":"5de9c27ace32d9061f62040a","def":"{\"n\":\"ground\",\"v\":9,\"a\":[1],\"p\":[{\"b\":17,\"s\":[{\"p\":[0,0,0],\"r\":[0,0,0],\"s\":[4.204389,0.2754692,3.211963],\"c\":[0.9019608,0.8509804,0.7215686]}]}]}"}],"serveTime":6}