{"thingDefinitions":[{"id":"5f0f89e7d5ff73604ee61740","def":"{\"v\":9,\"p\":[{\"s\":[{\"p\":[0.3392848,-0.009589136,0.07773799],\"r\":[27.87116,74.49277,213.9646],\"s\":[0.1750001,0.1750003,0.1750004],\"c\":[1,1,1]}]},{\"s\":[{\"p\":[0.6356298,0.06330162,-0.1501688],\"r\":[333.312,48.38007,267.5347],\"s\":[0.1750005,0.1750004,0.1750001],\"c\":[1,1,1]}]},{\"b\":9,\"s\":[{\"p\":[0.3259455,0.03490441,-0.1992844],\"r\":[341.8409,89.87123,245.151],\"s\":[0.1250001,0.1250001,0.1250001],\"c\":[1,1,1]}]}]}"}],"serveTime":3}