{"thingDefinitions":[{"id":"5c85aeae0b9a3a306219088e","def":"{\"n\":\"ground idfk\",\"v\":7,\"a\":[1],\"p\":[{\"b\":17,\"s\":[{\"p\":[0,0,0],\"r\":[0,0,0],\"s\":[3.428982,0.11062,2.958296],\"c\":[0.9019608,0.8509804,0.7215686]}]},{\"b\":11,\"s\":[{\"p\":[-1.081217,1.383209,-0.4465535],\"r\":[282.0367,233.1765,2.050538],\"s\":[0.1000003,0.1000001,0.1000002],\"c\":[1,1,1]}]}]}"}],"serveTime":5}