{"thingDefinitions":[{"id":"5ca542399e547a0aa63b81c0","def":"{\"v\":9,\"p\":[{\"s\":[{\"p\":[0.0759616,-0.09600531,-0.03425984],\"r\":[3.22686,0.9954743,4.453645],\"s\":[0.001000014,0.7061285,0.2488768],\"c\":[1,1,1]}]},{\"s\":[{\"p\":[0.8014682,0.9485932,-0.9388564],\"r\":[66.98365,285.8983,169.1526],\"s\":[0.001000005,0.2468459,0.2481333],\"c\":[1,1,1]}]}]}"}],"serveTime":4}