{"thingDefinitions":[{"id":"5f58836d1fadc06072211055","def":"{\"n\":\"ground\",\"v\":9,\"a\":[7],\"p\":[{\"b\":12,\"t1\":146,\"t2\":148,\"c\":[[1.5,1.8,2,506,3,118,36],[2,1.9,2,505,118,5],[2,1.9,1.5,619,7,3,3],[1.4,1.8,1.6,630,1,33,3],[1,1.8,1.9,510,3,149,29],[0.9,1.8,2,380,3,124,5],[1,1.9,1.5,665,1,26,3],[0.5,2,2,514,3,173,32,-338,3,124,5],[2,1.8,1,615,7,11,3],[1.6,1.8,0.9,634,1,33,3],[1,1.4,1,669,1,26,3],[0.5,1.4,1.5,693,1,29,3],[2.1,1.3,0.5,611,7,19,3],[-1,-0.2,1.1,791,1,26,3],[-1,-0.3,1.5,787,1,26,3],[-1,-0.3,1.9,526,3,255,29,-543,3,120,5],[-1,-0.4,2.1,396,3,124,5],[-0.5,-0.2,0.5,764,1,29,3],[-1,-0.2,0.5,795,1,26,3],[-0.5,-0.2,0,768,1,29,3],[-1,-0.2,0.1,799,1,26,3],[0,-0.3,0,736,1,30,3],[0,-0.4,-0.4,740,1,30,3],[0.5,-0.5,-0.5,709,1,29,3],[1.1,-0.3,-0.9,681,1,30],[1.4,-0.4,-1.6,657,1,26,3],[1.5,-0.4,-2,587,7,67,27,-225,7,118,5,-258,7,122,5],[2,-0.5,-2,591,7,62,-193,7,118,5,-258,7,122,5,-443,310,5]],\"s\":[{\"p\":[0,0,0],\"r\":[0,0,-4.07111E-13],\"s\":[2.851659,0.2947932,2.499483],\"c\":[0.6666667,0.2285713,0],\"t1\":{\"c\":[0.6666667,0.2285714,0],\"x\":0.5,\"y\":0.5,\"a\":0.8925,\"m\":0,\"n\":0,\"r\":0,\"g\":0,\"o\":0.5,\"t\":0.5,\"e\":0.5},\"t2\":{\"c\":[0.6666667,0.2285714,0],\"x\":0.5,\"y\":0.5,\"a\":0.8925,\"m\":0,\"n\":0,\"r\":0,\"g\":0,\"o\":0.5,\"t\":0.5,\"e\":0.5}}]}]}"},{"id":"5f587f81b2758e3481e11913","def":"{\"v\":9,\"a\":[22],\"p\":[{\"b\":61,\"t\":2,\"s\":[{\"p\":[0,0,0],\"r\":[0,0,-8.537738E-07],\"s\":[0.125036,0.1250225,0.5909976],\"c\":[1,0,0.6857142]}]},{\"b\":60,\"t\":3,\"s\":[{\"p\":[0.02114188,-0.004158717,-0.04902337],\"r\":[40.78947,217.1388,159.059],\"s\":[0.01246044,0.01515797,0.01018909],\"c\":[1,0,0.6857142]}]}]}"}],"serveTime":8}