{"thingDefinitions":[{"id":"5a04f913b7f7a4c313b1d6d8","def":"{\"n\":\"ground\",\"v\":1,\"a\":[1],\"p\":[{\"b\":17,\"s\":[{\"p\":[0,0,0],\"r\":[0,0,0],\"s\":[3.363346,0.11062,3.201102],\"c\":[0.9019608,0.8509804,0.7215686]}]},{\"s\":[{\"p\":[1.541048,0.5527935,-1.163724],\"r\":[28.95786,38.5923,2.90069],\"s\":[0.175,0.175,0.175],\"c\":[1,1,1]}]},{\"b\":9,\"s\":[{\"p\":[0.6147423,1.276067,-1.18065],\"r\":[354.4023,303.5656,36.6348],\"s\":[0.125,0.125,0.1250001],\"c\":[1,1,1]}]}]}"}],"serveTime":4}