{"thingDefinitions":[{"id":"5d36823aa9cba9353d83141f","def":"{\"n\":\"ground\",\"v\":9,\"a\":[1],\"p\":[{\"b\":17,\"s\":[{\"p\":[0,0,0],\"r\":[0,0,0],\"s\":[3.363346,0.11062,2.988594],\"c\":[0.9019608,0.8509804,0.7215686]}]}]}"}],"serveTime":5}