{"thingDefinitions":[{"id":"5ab2bb20b69cec28b8544419","def":"{\"n\":\"ground\",\"v\":3,\"a\":[1,7,18],\"p\":[{\"t\":5,\"t1\":149,\"t2\":168,\"s\":[{\"p\":[0,0,0],\"r\":[0,0,0],\"s\":[55.89869,0.1750655,57.70636],\"c\":[0.2857141,1,0],\"t1\":{\"c\":[0,0,0],\"x\":0.1309171,\"y\":0.02903843,\"a\":1,\"m\":0,\"n\":0.1470196,\"r\":0,\"g\":0,\"o\":0.5,\"t\":0.5,\"e\":0.5},\"t2\":{\"c\":[0,0,0],\"a\":0.05}}]}]}"},{"id":"5ab298cdde60ad138efbff03","def":"{\"v\":3,\"p\":[{\"s\":[{\"p\":[0,0,0],\"r\":[0,0,0],\"s\":[0.1750001,0.1750001,0.1750001],\"c\":[1,1,1]}]}]}"}],"serveTime":11}