{"thingDefinitions":[{"id":"5b6ec161c9062f74d22ff52e","def":"{\"v\":6,\"p\":[{\"b\":9,\"s\":[{\"p\":[-0.07088354,0.07916376,0.3549403],\"r\":[337.7993,20.81083,347.87],\"s\":[0.1250003,0.1250002,0.1250003],\"c\":[1,1,1]}]},{\"b\":9,\"s\":[{\"p\":[0.3885821,-0.2608078,-0.2568624],\"r\":[346.3612,51.9752,356.8278],\"s\":[0.1250004,0.1250004,0.1250003],\"c\":[1,1,1]}]}]}"}],"serveTime":4}