{"thingDefinitions":[{"id":"5d1efec7f3b7ba7888fab787","def":"{\"n\":\"ground\",\"v\":9,\"a\":[1],\"p\":[{\"b\":17,\"s\":[{\"p\":[0,0,0],\"r\":[0,0,0],\"s\":[3.363346,0.11062,3.201102],\"c\":[0.9019608,0.8509804,0.7215686]}]},{\"b\":10,\"s\":[{\"p\":[-0.7045298,1.184632,-0.9995106],\"r\":[21.28127,170.7532,48.74133],\"s\":[0.1250003,0.1250002,0.1250004],\"c\":[1,1,1]}]}]}"}],"serveTime":4}