{"thingDefinitions":[{"id":"5a7f3b33de02519713872bce","def":"{\"n\":\"thing\",\"v\":2,\"p\":[{\"b\":9,\"s\":[{\"p\":[0,0,0],\"r\":[0,0,-1.707547E-06],\"s\":[0.1250002,0.1250001,0.125],\"c\":[1,1,1]}]}]}"}],"serveTime":4}