{"thingDefinitions":[{"id":"5f3dbedf5b6b5c0618966773","def":"{\"v\":9,\"p\":[{\"b\":3,\"s\":[{\"p\":[0,0,0],\"r\":[0,0,0],\"s\":[0.1250003,0.1250002,0.1250003],\"c\":[1,1,1]}]},{\"b\":43,\"s\":[{\"p\":[0.01670955,0.1226145,-0.01051322],\"r\":[18.09938,233.2332,20.99315],\"s\":[0.05745214,0.009737309,0.0517007],\"c\":[1,1,1]}]},{\"b\":43,\"s\":[{\"p\":[-0.05758403,0.1004329,-0.05103818],\"r\":[20.46454,243.4827,12.23126],\"s\":[0.05745243,0.00973733,0.05170101],\"c\":[1,1,1]}]}]}"}],"serveTime":5}