{"thingDefinitions":[{"id":"59b6b598e8bddc241097982d","def":"{\"n\":\"thing\",\"p\":[{\"b\":10,\"t\":6,\"s\":[{\"p\":[0.5793963,0.6344299,-1.142209],\"r\":[322.2259,286.7916,38.79731],\"s\":[0.005000015,0.005000011,0.09785919],\"c\":[0.7777778,1,0.9809523]}]},{\"b\":3,\"t\":3,\"s\":[{\"p\":[0.6022903,0.6341285,-1.142776],\"r\":[43.6547,69.14998,32.3783],\"s\":[0.1250007,0.1250005,0.1250007],\"c\":[1,1,1]}]}]}"}],"serveTime":4}