{"thingDefinitions":[{"id":"5edbb524b840ca0741eb7997","def":"{\"v\":9,\"p\":[{\"s\":[{\"p\":[0,0,0],\"r\":[0,0,0],\"s\":[0.1750005,0.1750002,0.1750005],\"c\":[1,1,1]}]},{\"s\":[{\"p\":[2.361089E-05,-0.1629699,0.0003376603],\"r\":[359.7086,358.6288,271.3423],\"s\":[0.1750008,0.1750003,0.1750008],\"c\":[1,1,1]}]},{\"s\":[{\"p\":[0.2633488,0.5457874,0.1137276],\"r\":[343.2646,32.64946,200.1471],\"s\":[0.1750002,0.1750001,0.1750002],\"c\":[1,1,1]}]},{\"b\":2,\"s\":[{\"p\":[0.1444271,-0.03256744,0.04778903],\"r\":[355.5312,91.82944,358.8155],\"s\":[0.125,0.125,0.125],\"c\":[1,1,1]}]}]}"}],"serveTime":3}