{"thingDefinitions":[{"id":"5d6c8012f2400e0623cd67c1","def":"{\"n\":\"ground\",\"v\":9,\"p\":[{\"b\":17,\"s\":[{\"p\":[0,0,0],\"r\":[0,0,0],\"s\":[3.363346,0.11062,3.201102],\"c\":[0.9019608,0.8509804,0.7215686]}]},{\"s\":[{\"p\":[-0.9039588,1.296064,2.363391],\"r\":[351.6928,273.3702,47.10633],\"s\":[0.1750002,0.1750002,0.1750003],\"c\":[1,1,1]}]}]}"},{"id":"5d6c7fbea997d87fe66e5b03","def":"{\"n\":\"ground\",\"v\":9,\"a\":[1],\"p\":[{\"b\":17,\"s\":[{\"p\":[0,0,0],\"r\":[0,0,0],\"s\":[3.363346,0.11062,3.201102],\"c\":[0.9019608,0.8509804,0.7215686]}]},{\"s\":[{\"p\":[-0.6119077,1.233931,2.513499],\"r\":[345.0077,288.5168,41.27124],\"s\":[0.1750001,0.175,0.1750002],\"c\":[1,1,1]}]}]}"}],"serveTime":6}