{"thingDefinitions":[{"id":"5cc7592e981488266be4c3da","def":"{\"v\":9,\"p\":[{\"b\":250,\"s\":[{\"p\":[0,0,0],\"r\":[0,0,0],\"s\":[0.24,0.2400001,0.2400001],\"c\":[1,1,1]}]}]}"}],"serveTime":12}