{"thingDefinitions":[{"id":"59b8b05151a272b5139b53f0","def":"{\"n\":\"thing\",\"p\":[{\"b\":14,\"s\":[{\"p\":[-0.00455942,0.003846556,0.1637069],\"r\":[354.588,359.4023,358.1396],\"s\":[0.06000003,0.06000005,0.06000004],\"c\":[1,1,1]}]},{\"b\":6,\"s\":[{\"p\":[0.003512111,-0.01109606,0.1190862],\"r\":[352.7654,353.9632,5.193941],\"s\":[0.1250001,0.1250001,0.1250001],\"c\":[1,1,1]}]},{\"b\":5,\"s\":[{\"p\":[0.02235679,-0.01504205,0.03701691],\"r\":[349.048,358.5331,6.575604],\"s\":[0.1250001,0.1250003,0.1250002],\"c\":[1,1,1]}]}]}"}],"serveTime":5}