{"thingDefinitions":[{"id":"5ab5ba8cf3001a1482966f2f","def":"{\"v\":2,\"p\":[{\"b\":9,\"s\":[{\"p\":[0,0,0],\"r\":[0,0,0],\"s\":[0.125,0.125,0.125],\"c\":[1,1,1]}]},{\"b\":9,\"s\":[{\"p\":[-0.0849734,0.185174,0.02670415],\"r\":[10.23106,296.8783,63.71102],\"s\":[0.125,0.125,0.1250001],\"c\":[1,1,1]}]},{\"b\":14,\"s\":[{\"p\":[-0.2267588,0.01199339,-0.03050536],\"r\":[20.74696,250.1849,74.88938],\"s\":[0.06000004,0.06000004,0.06000003],\"c\":[1,1,1]}]}]}"}],"serveTime":5}