{"thingDefinitions":[{"id":"5c993e92b4231926ef24d048","def":"{\"v\":9,\"a\":[2],\"p\":[{\"b\":3,\"s\":[{\"p\":[-0.1340597,-0.08171698,-0.1680352],\"r\":[18.8333,347.5816,348.2172],\"s\":[0.125,0.125,0.125],\"c\":[1,1,1]}]},{\"b\":196,\"s\":[{\"p\":[-0.02635951,0.0363401,-0.002252035],\"r\":[331.0656,34.67171,114.4045],\"s\":[0.06000014,0.06,0.06000012],\"c\":[1,1,1]}]},{\"b\":3,\"s\":[{\"p\":[0.005739888,-0.01663295,-0.0141457],\"r\":[7.155215,47.36416,349.8037],\"s\":[0.1230235,0.1167118,0.1234564],\"c\":[1,1,1]}]}]}"}],"serveTime":4}