{"thingDefinitions":[{"id":"5b7809f5df43c51e874bd68b","def":"{\"v\":6,\"p\":[{\"b\":14,\"s\":[{\"p\":[0,0,0],\"r\":[0,0,0],\"s\":[0.06000001,0.06000003,0.06000003],\"c\":[1,1,1]}]},{\"b\":5,\"s\":[{\"p\":[-0.2193954,-0.3514009,-0.1717423],\"r\":[353.2538,349.6942,1.654451],\"s\":[0.125,0.1250001,0.1250001],\"c\":[1,1,1]}]},{\"b\":9,\"s\":[{\"p\":[-0.6282528,-0.2710539,-0.2030194],\"r\":[16.10195,332.3091,331.9515],\"s\":[0.1250001,0.1250001,0.1250001],\"c\":[1,1,1]}]}]}"}],"serveTime":4}