{"thingDefinitions":[{"id":"5bf0d231c8f9ed644c7513c2","def":"{\"v\":7,\"p\":[{\"s\":[{\"p\":[0,0,0],\"r\":[5.122642E-06,0,0],\"s\":[0.175,0.175,0.1750001],\"c\":[1,1,1]}]},{\"b\":2,\"s\":[{\"p\":[0.01270744,0.01021346,0.168179],\"r\":[344.9888,2.791634,350.6697],\"s\":[0.125,0.125,0.1250001],\"c\":[1,1,1]}]},{\"b\":5,\"s\":[{\"p\":[0.3473531,-0.01116667,0.009735316],\"r\":[69.5548,328.8948,177.903],\"s\":[0.1000001,0.1000003,0.1000001],\"c\":[1,1,1]}]}]}"}],"serveTime":5}