{"thingDefinitions":[{"id":"5a95bd9d053d943764a34ce9","def":"{\"v\":2,\"p\":[{\"b\":117,\"e\":\"8\",\"s\":[{\"p\":[0,0,0],\"r\":[0,0,0],\"s\":[0.003000006,0.003000004,0.003000005],\"c\":[1,1,1]}]},{\"b\":84,\"s\":[{\"p\":[0.3564692,-0.1733895,0.1186163],\"r\":[322.7532,44.40057,49.20952],\"s\":[0.07500003,0.07500008,0.07500015],\"c\":[1,1,1]}]}]}"}],"serveTime":4}