{"thingDefinitions":[{"id":"5f25e387d5ff73604ee61e69","def":"{\"v\":9,\"p\":[{\"b\":183,\"s\":[{\"p\":[0,0,0],\"r\":[0,0,-8.537735E-07],\"s\":[0.06000029,0.06000008,0.06000023],\"c\":[1,1,1]}]}]}"},{"id":"5f25e43442984b318d5d781b","def":"{\"v\":9,\"p\":[{\"b\":134,\"e\":\"4HF6H7\",\"s\":[{\"p\":[0,0,0],\"r\":[0,0,0],\"s\":[0.003000003,0.003,0.003000005],\"c\":[1,1,1]}]}]}"}],"serveTime":6}