{"thingDefinitions":[{"id":"5ced77a89ed3230e31081288","def":"{\"n\":\"ground\",\"v\":9,\"a\":[1],\"p\":[{\"b\":17,\"s\":[{\"p\":[0,0,0],\"r\":[0,0,0],\"s\":[3.363346,0.11062,3.201102],\"c\":[0.9019608,0.8509804,0.7215686]}]}]}"},{"id":"5cf326494d6d8a062c52fb04","def":"{\"v\":9,\"d\":\"Lotsa spaghetti\",\"a\":[2,16,20],\"p\":[{\"b\":5,\"s\":[{\"p\":[0,0,0],\"r\":[0,0,0],\"s\":[0.1256631,0.1190556,0.01737583],\"c\":[0.8888889,0.8888889,0.8888889]}]},{\"b\":16,\"s\":[{\"p\":[-0.007789111,0.007110335,-0.0007749591],\"r\":[56.80132,265.9178,264.2167],\"s\":[0.08417217,0.06148812,0.07892714],\"c\":[0.7679012,0.7777778,0.4320987]}]},{\"b\":16,\"s\":[{\"p\":[-0.01345794,0.00406538,0.04262701],\"r\":[73.34958,259.2329,263.0349],\"s\":[0.06176089,0.04243785,0.06045035],\"c\":[1,0.2634919,0.111111]}]}]}"}],"serveTime":5}