{"thingDefinitions":[{"id":"5dd4df4139effe115f71baaf","def":"{\"v\":9,\"p\":[{\"b\":9,\"s\":[{\"p\":[0,0,0],\"r\":[0,0,6.403302E-07],\"s\":[0.1250001,0.1250001,0.125],\"c\":[1,1,1]}]},{\"b\":12,\"s\":[{\"p\":[-0.1585705,0.002603158,0.08404097],\"r\":[31.93276,19.39059,81.58344],\"s\":[0.06000001,0.06000001,0.06000001],\"c\":[1,1,1]}]}]}"}],"serveTime":5}