{"thingDefinitions":[{"id":"5aa655b756c4a614bdf9d2d0","def":"{\"v\":2,\"p\":[{\"b\":17,\"s\":[{\"p\":[0,0,0],\"r\":[0,0,-1.494104E-06],\"s\":[0.06000007,0.06000004,0.06000001],\"c\":[1,1,1]}]},{\"b\":17,\"s\":[{\"p\":[-0.07865461,0.2469894,0.007620626],\"r\":[336.705,322.4648,94.37059],\"s\":[0.06,0.05999999,0.06000001],\"c\":[1,1,1]}]}]}"}],"serveTime":4}