{"thingDefinitions":[{"id":"5edd3bb4ef0cd37aeb1e95f0","def":"{\"v\":9,\"p\":[{\"s\":[{\"p\":[0,0,0],\"r\":[0,0,-3.415095E-06],\"s\":[0.1750003,0.1750003,0.1750002],\"c\":[1,1,1]}]}]}"}],"serveTime":5}