{"thingDefinitions":[{"id":"5bdff3cdbd9a3e1646c0f319","def":"{\"v\":7,\"p\":[{\"b\":9,\"s\":[{\"p\":[0,0,0],\"r\":[0,0,5.336085E-08],\"s\":[0.5804421,3.001239,0.2811733],\"c\":[1,1,1]}]}]}"}],"serveTime":4}