{"thingDefinitions":[{"id":"5b366aa805f4b1149d7d6aa5","def":"{\"v\":5,\"p\":[{\"b\":10,\"s\":[{\"p\":[0,0,0],\"r\":[0,0,0],\"s\":[0.1250002,0.1250004,0.1250002],\"c\":[1,1,1]}]},{\"b\":7,\"s\":[{\"p\":[0.1413014,0.0298059,0.06705661],\"r\":[14.18976,245.5217,58.91566],\"s\":[0.125,0.125,0.125],\"c\":[1,1,1]}]},{\"b\":12,\"s\":[{\"p\":[-0.1308527,-0.02430774,-0.06778063],\"r\":[29.65106,340.2843,104.8586],\"s\":[0.06000002,0.06000002,0.06000001],\"c\":[1,1,1]}]}]}"}],"serveTime":4}