{"thingDefinitions":[{"id":"5b9ad367599b2e04a2e95f21","def":"{\"n\":\"ground\",\"v\":6,\"a\":[1],\"p\":[{\"b\":17,\"s\":[{\"p\":[0,0,0],\"r\":[0,0,0],\"s\":[13.10337,0.11062,14.9612],\"c\":[0.9019608,0.8509804,0.7215686]}]}]}"}],"serveTime":4}