{"thingDefinitions":[{"id":"59c38513615b7d3110ea7850","def":"{\"n\":\"thing\",\"p\":[{\"b\":6,\"s\":[{\"p\":[-0.120043,0.1330746,-0.008878661],\"r\":[312.3536,250.6376,43.61239],\"s\":[0.125,0.1250001,0.1250001],\"c\":[1,1,1]}]},{\"b\":9,\"s\":[{\"p\":[-0.001929834,0.007771526,0.03421714],\"r\":[341.2927,6.261329,3.39598],\"s\":[0.1250009,0.1250003,0.1250009],\"c\":[1,1,1]}]}]}"},{"id":"59c385fda51d21c61958e29b","def":"{\"n\":\"thing\",\"p\":[{\"t\":9,\"s\":[{\"p\":[0,0,0],\"r\":[0,0,-1.707547E-06],\"s\":[0.1750003,0.1750005,0.1750003],\"c\":[0.08641968,0.1259255,0.7777778]}]}]}"}],"serveTime":5}