{"thingDefinitions":[{"id":"5a4ab2afe736ce9b13776234","def":"{\"n\":\"thing\",\"v\":2,\"p\":[{\"b\":14,\"s\":[{\"p\":[0,0,0],\"r\":[0,0,0],\"s\":[0.05999999,0.05999999,0.05999999],\"c\":[1,1,1]}]}]}"}],"serveTime":4}