{"thingDefinitions":[{"id":"5da7f2aeb8c48306291ea7e4","def":"{\"n\":\"ground\",\"v\":9,\"a\":[1,4],\"p\":[{\"b\":17,\"s\":[{\"p\":[0,0,0],\"r\":[0,0,0],\"s\":[3.160842,0.11062,3.201102],\"c\":[0.9019608,0.8509804,0.7215686]}]},{\"b\":3,\"s\":[{\"p\":[0.05262166,0.8016394,3.008404],\"r\":[70.3027,322.4946,75.25008],\"s\":[0.1250003,0.1250002,0.1250002],\"c\":[0.5185185,0.7777778,0.7777778]}]}]}"}],"serveTime":5}