{"thingDefinitions":[{"id":"5babeac605463e1c326da8cd","def":"{\"v\":7,\"p\":[{\"b\":14,\"s\":[{\"p\":[-0.3024255,0.3062489,-0.492459],\"r\":[27.52544,311.2487,278.399],\"s\":[0.06000004,0.06000001,0.06000004],\"c\":[1,1,1]}]},{\"b\":9,\"s\":[{\"p\":[-0.1570462,0.3027438,-0.617461],\"r\":[331.88,270.6333,339.6565],\"s\":[0.1250005,0.1250002,0.1250004],\"c\":[1,1,1]}]},{\"b\":9,\"s\":[{\"p\":[-0.2447278,0.4428331,-0.6223769],\"r\":[340.4698,285.9425,289.2029],\"s\":[0.125,0.125,0.125],\"c\":[1,1,1]}]}]}"}],"serveTime":4}