{"thingDefinitions":[{"id":"5aa56e7b12aa0a05f9b238ab","def":"{\"v\":2,\"p\":[{\"b\":9,\"s\":[{\"p\":[-0.3683907,0.4017391,0.6311116],\"r\":[295.6471,151.1118,217.9833],\"s\":[0.256014,0.6490803,0.1250006],\"c\":[0,1,1]}]},{\"b\":9,\"s\":[{\"p\":[-0.4206305,1.018818,0.5398198],\"r\":[344.8312,82.59853,288.8729],\"s\":[0.3487861,0.3845287,0.3549547],\"c\":[0.2857141,1,0]}]},{\"b\":9,\"s\":[{\"p\":[-0.3330933,1.3112,-0.2544777],\"r\":[28.02607,317.0262,305.0466],\"s\":[0.1250004,1.292112,0.5480431],\"c\":[0.6666667,0.2222221,0.3746032]}]}]}"}],"serveTime":3}