{"thingDefinitions":[{"id":"5c12b88b7863da6f76f3859b","def":"{\"v\":7,\"p\":[{\"s\":[{\"p\":[0,0,0],\"r\":[0,0,-1.707547E-06],\"s\":[0.1750001,0.1750001,0.1750001],\"c\":[1,1,1]}]},{\"b\":9,\"s\":[{\"p\":[-0.2097749,0.02555124,-0.03110012],\"r\":[21.13185,301.3586,27.28053],\"s\":[0.1250001,0.125,0.1250001],\"c\":[1,1,1]}]}]}"}],"serveTime":5}