{"thingDefinitions":[{"id":"5d3bd07195716e0630455225","def":"{\"n\":\"ground\",\"v\":9,\"a\":[1],\"p\":[{\"b\":17,\"s\":[{\"p\":[0,0,0],\"r\":[0,0,0],\"s\":[3.363346,0.11062,3.201102],\"c\":[1,0,0.3428572]}]},{\"b\":3,\"s\":[{\"p\":[-0.3871233,2.077155,0.4331421],\"r\":[38.83257,25.79137,279.2961],\"s\":[0.1250002,0.1250001,0.1250001],\"c\":[1,1,1]}]}]}"}],"serveTime":5}