{"thingDefinitions":[{"id":"5e738a49b026ad74b15701fb","def":"{\"v\":9,\"p\":[{\"b\":9,\"s\":[{\"p\":[0,0,0],\"r\":[0,0,0],\"s\":[0.1250001,0.125,0.1250001],\"c\":[1,1,1]}]}]}"},{"id":"5f804ba522f2a2631937beb4","def":"{\"v\":9,\"p\":[{\"s\":[{\"p\":[0,0,0],\"r\":[0,0,0],\"s\":[0.1750004,0.1750001,0.1750004],\"c\":[1,1,1]}]}]}"}],"serveTime":8}