{"thingDefinitions":[{"id":"5cb3b352346d3c790675d321","def":"{\"v\":9,\"p\":[{\"s\":[{\"p\":[0,0,0],\"r\":[0,0,9.738355E-07],\"s\":[0.2514818,2486.876,2500.001],\"c\":[0.111111,1,0.4666664]}]}]}"}],"serveTime":4}