{"thingDefinitions":[{"id":"5e2c3ca8cf649524d1952d28","def":"{\"v\":9,\"p\":[{\"s\":[{\"p\":[0,0,0],\"r\":[0,0,0],\"s\":[0.1750001,0.1750001,0.1750001],\"c\":[1,1,1]}]}]}"}],"serveTime":4}