{"thingDefinitions":[{"id":"5b67584205fd724b8fdcf965","def":"{\"n\":\"pan\",\"v\":6,\"a\":[1,2,3,6,5,9,12,13,15,16,17,19,20,24,25,27,29,45,48,49,50],\"bod\":{},\"tp_m\": 20,\"tp_d\": 50,\"tp_ad\": 360,\"tp_m\": 20,\"tp_d\": 50,\"tp_ad\": 360,\"tp_lp\": [1,1,1],\"tp_m\": 20,\"tp_d\": 50,\"tp_ad\": 360,\"tp_m\": 20,\"tp_d\": 50,\"tp_ad\": 360,\"tp_lp\": [1,1,1],\"tp_lr\": [1,1,1],\"p\":[{\"b\":86,\"s\":[{\"p\":[0,0,0],\"r\":[0,0,0],\"s\":[0.075,0.03272507,0.07499999],\"c\":[0,0,0]}]},{\"b\":69,\"s\":[{\"p\":[0.163973,0.01163501,-0.1868551],\"r\":[350.4951,43.70108,268.8363],\"s\":[0.01591768,0.06480815,0.01782904],\"c\":[0,0,0]}]}]}"}],"serveTime":5}