{"thingDefinitions":[{"id":"5c398cea5496586f5aa0d112","def":"{\"v\":7,\"p\":[{\"s\":[{\"p\":[-0.5292152,1.835337,-5.270692],\"r\":[62.89589,150.6694,144.5375],\"s\":[3.25578,0.1887428,3.679039],\"c\":[1,1,1]}]}]}"}],"serveTime":5}