{"thingDefinitions":[{"id":"5d171bcb981bb3351ff17d42","def":"{\"v\":9,\"a\":[14,29,50],\"p\":[{\"b\":10,\"s\":[{\"p\":[0,0,0],\"r\":[0,0,0],\"s\":[0.1250002,0.125,0.1250002],\"c\":[1,1,1]}]}]}"}],"serveTime":6}