{"thingDefinitions":[{"id":"5e127f205eff6c061ebc3ca0","def":"{\"n\":\"ground\",\"v\":9,\"a\":[1],\"p\":[{\"b\":17,\"s\":[{\"p\":[0,0,0],\"r\":[0,0,0],\"s\":[3.363346,0.11062,3.201102],\"c\":[0.9019608,0.8509804,0.7215686]}]},{\"b\":10,\"s\":[{\"p\":[-0.7495632,1.32134,-0.1124042],\"r\":[327.2209,3.970971,341.6064],\"s\":[0.01564291,0.03924777,1.072105],\"c\":[1,1,1]}]}]}"}],"serveTime":6}