{"thingDefinitions":[{"id":"5ac783396643351486859368","def":"{\"v\":2,\"p\":[{\"s\":[{\"p\":[0,0,0],\"r\":[0,0,0],\"s\":[0.1750001,0.175,0.175],\"c\":[1,1,1]}]}]}"},{"id":"5ac784185ea07c338f9e4453","def":"{\"v\":2,\"p\":[{\"b\":9,\"s\":[{\"p\":[0,0,0],\"r\":[0,0,0],\"s\":[0.125,0.125,0.1250001],\"c\":[1,1,1]}]},{\"b\":5,\"s\":[{\"p\":[-0.2808123,-0.05790664,-0.01771653],\"r\":[340.4836,306.8868,15.87248],\"s\":[0.125,0.125,0.125],\"c\":[1,1,1]}]},{\"b\":7,\"s\":[{\"p\":[-0.3808092,0.0193866,-0.2821823],\"r\":[16.1623,292.848,351.2887],\"s\":[0.125,0.1250001,0.125],\"c\":[1,1,1]}]}]}"}],"serveTime":5}