{"thingDefinitions":[{"id":"5cd0c185d1e16d5d97c44c92","def":"{\"v\":9,\"p\":[{\"b\":205,\"t\":4,\"t2\":10,\"s\":[{\"p\":[0,0,0],\"r\":[0,0,1.067217E-07],\"s\":[0.045,0.04499997,0.04499997],\"c\":[0,1,1],\"t2\":{\"c\":[0,0,0],\"a\":0}}]}]}"}],"serveTime":5}