{"thingDefinitions":[{"id":"5cd0f9448e5c280eb47540c3","def":"{\"v\":9,\"p\":[{\"b\":17,\"s\":[{\"p\":[0,0,0],\"r\":[0,0,0],\"s\":[2.403162,25.15032,71.36017],\"c\":[0,0.5555556,0.1269841]}]}]}"}],"serveTime":5}