{"thingDefinitions":[{"id":"5a3db49a13f59b2210335999","def":"{\"n\":\"thing\",\"v\":2,\"p\":[{\"b\":13,\"s\":[{\"p\":[0,0,0],\"r\":[0,0,0],\"s\":[0.06000017,0.0600001,0.06000014],\"c\":[1,1,1]}]}]}"}],"serveTime":4}