{"thingDefinitions":[{"id":"5c78ef8307154b0551eceb10","def":"{\"v\":7,\"p\":[{\"b\":9,\"s\":[{\"p\":[0,0,0],\"r\":[0,0,0],\"s\":[0.125,0.1250001,0.1250001],\"c\":[1,1,1]}]},{\"b\":11,\"s\":[{\"p\":[0.1274445,0.1731771,0.3043432],\"r\":[345.374,43.54724,333.9735],\"s\":[0.1000001,0.1000001,0.1000002],\"c\":[1,1,1]}]}]}"}],"serveTime":23}