{"thingDefinitions":[{"id":"5ade36af2346273cee65ae5b","def":"{\"v\":4,\"p\":[{\"b\":9,\"s\":[{\"p\":[0,0,0],\"r\":[0,0,0],\"s\":[0.125,0.125,0.125],\"c\":[1,1,1]}]},{\"b\":3,\"s\":[{\"p\":[0.1304721,0.189882,0.1299209],\"r\":[344.5101,36.55416,341.4076],\"s\":[0.125,0.125,0.125],\"c\":[1,1,1]}]},{\"b\":5,\"s\":[{\"p\":[-0.1653603,0.1792472,0.1942102],\"r\":[322.2095,297.8282,55.15075],\"s\":[0.125,0.1250001,0.1250001],\"c\":[1,1,1]}]}]}"}],"serveTime":4}