{"thingDefinitions":[{"id":"5dfeb4af1a116335d40d91e5","def":"{\"v\":9,\"a\":[2],\"p\":[{\"b\":2,\"s\":[{\"p\":[-0.4391948,0.1248459,0.451043],\"r\":[337.7299,26.97548,305.1295],\"s\":[0.1250002,0.1250003,0.1250004],\"c\":[1,1,1]}]},{\"b\":174,\"s\":[{\"p\":[0.03315851,0.03978913,0.06014199],\"r\":[52.10922,9.857974,336.0193],\"s\":[0.04500005,0.04500001,0.04500006],\"c\":[1,1,1]}]},{\"b\":10,\"s\":[{\"p\":[-0.01838265,-0.01111629,-6.491318E-05],\"r\":[357.3605,354.676,1.511266],\"s\":[0.1250001,0.1250002,0.1250002],\"c\":[1,1,1]}]}]}"}],"serveTime":5}