{"thingDefinitions":[{"id":"5ce3993c6793656054e9cd6e","def":"{\"n\":\"ground\",\"v\":9,\"a\":[1],\"p\":[{\"b\":17,\"s\":[{\"p\":[0.4297709,0.5295303,0.4168197],\"r\":[348.2614,352.8734,19.95436],\"s\":[1.792441,0.3053202,1.140528],\"c\":[0.9019608,0.8509804,0.7215686]},{\"p\":[0,0,0],\"r\":[0,0,0],\"s\":[3.363346,0.11062,3.201102],\"c\":[0.9019608,0.8509804,0.7215686]}]}]}"}],"serveTime":4}