{"thingDefinitions":[{"id":"5c56d900c075311098f1c85a","def":"{\"n\":\"ground\",\"v\":7,\"a\":[1],\"p\":[{\"b\":17,\"s\":[{\"p\":[0,0,0],\"r\":[0,0,0],\"s\":[5.039128,0.1850815,2500],\"c\":[0.9019608,0.8509804,0.7215686]}]}]}"}],"serveTime":5}