{"thingDefinitions":[{"id":"5a5bfda25ba1f1f90ffcfcb8","def":"{\"n\":\"thing\",\"v\":2,\"p\":[{\"b\":9,\"s\":[{\"p\":[0,0,0],\"r\":[0,0,-1.067217E-07],\"s\":[0.1250001,0.1250001,0.125],\"c\":[1,1,1]}]},{\"b\":9,\"s\":[{\"p\":[-0.1872953,-0.7167822,0.4990243],\"r\":[57.1941,217.9403,209.1588],\"s\":[0.1250003,0.1250002,0.1250001],\"c\":[1,1,1]}]}]}"}],"serveTime":5}