{"thingDefinitions":[{"id":"5a1b24676318de24103f9a15","def":"{\"n\":\"thing\",\"v\":2,\"a\":[30,31],\"p\":[{\"b\":14,\"s\":[{\"p\":[0.006022966,0.01803163,0.178797],\"r\":[1.674567,0.3826857,347.324],\"s\":[0.06000008,0.06000004,0.06000006],\"c\":[1,0.3333332,0.7904761]}]},{\"b\":5,\"s\":[{\"p\":[0.03666863,0.01734122,-0.005532607],\"r\":[359.4319,357.5745,1.071152],\"s\":[0.1250006,0.1250004,0.1250003],\"c\":[0,1,1]}]},{\"b\":5,\"s\":[{\"p\":[0.0163217,0.02948782,0.008745268],\"r\":[73.70523,28.73007,73.33759],\"s\":[0.1250006,0.1250003,0.1250004],\"c\":[0,1,1]}]}]}"}],"serveTime":5}