{"thingDefinitions":[{"id":"5f73227d4adbc563254dd638","def":"{\"v\":9,\"p\":[{\"s\":[{\"p\":[0,0,0],\"r\":[0,0,0],\"s\":[0.1750002,0.1750001,0.1750002],\"c\":[1,1,1]}]}]}"},{"id":"5f73234fe525d7055fd6a80f","def":"{\"v\":9,\"p\":[{\"b\":76,\"s\":[{\"p\":[0,0,0],\"r\":[0,0,0],\"s\":[0.07500001,0.07500001,0.07500001],\"c\":[1,1,1]}]}]}"}],"serveTime":5}