{"thingDefinitions":[{"id":"5cc0e381a13360482344aea7","def":"{\"v\":9,\"p\":[{\"s\":[{\"p\":[0,0,0],\"r\":[0,0,0],\"s\":[0.1750001,0.1750001,0.1750001],\"c\":[1,1,1]}]}]}"},{"id":"5cc0e5d4445e1e056b344159","def":"{\"v\":9,\"p\":[{\"b\":2,\"s\":[{\"p\":[0,0,0],\"r\":[0,0,0],\"s\":[0.125,0.1250001,0.125],\"c\":[1,1,1]}]}]}"},{"id":"5cc0e6698ccbfe267d3850c7","def":"{\"v\":9,\"p\":[{\"b\":14,\"s\":[{\"p\":[0,0,0],\"r\":[0,0,0],\"s\":[0.06000001,0.06000004,0.06000005],\"c\":[1,1,1]}]}]}"}],"serveTime":6}