{"thingDefinitions":[{"id":"5d22c22db237490609dc29d9","def":"{\"v\":9,\"p\":[{\"b\":14,\"s\":[{\"p\":[0.3418694,0.04505921,0.1474998],\"r\":[336.0613,56.54755,278.3834],\"s\":[0.06000001,0.06000004,0.06000006],\"c\":[1,1,1]}]},{\"b\":10,\"s\":[{\"p\":[0.2525265,-0.05639153,-0.04549035],\"r\":[22.62364,349.7156,271.8301],\"s\":[0.1250007,0.1250004,0.1250004],\"c\":[1,1,1]}]},{\"b\":10,\"s\":[{\"p\":[0.1711762,-0.07786869,0.07082185],\"r\":[36.1645,24.42228,315.184],\"s\":[0.1250012,0.1250008,0.1250008],\"c\":[1,1,1]}]}]}"}],"serveTime":5}