{"thingDefinitions":[{"id":"5c4df988928d804874adc8d0","def":"{\"v\":7,\"p\":[{\"b\":9,\"s\":[{\"p\":[0,0,0],\"r\":[0,0,0],\"s\":[0.1250003,0.1250002,0.1250004],\"c\":[1,1,1]}]},{\"b\":9,\"s\":[{\"p\":[-0.02387933,0.3033177,-0.07143781],\"r\":[310.159,353.2746,6.031139],\"s\":[0.1250002,0.1250001,0.1250003],\"c\":[1,1,1]}]}]}"}],"serveTime":5}