{"thingDefinitions":[{"id":"5c61a5890930f7054d2083b4","def":"{\"v\":7,\"p\":[{\"b\":10,\"s\":[{\"p\":[0,0,0],\"r\":[0,0,0],\"s\":[0.1250007,0.1250014,0.1250013],\"c\":[1,1,1]}]},{\"b\":4,\"s\":[{\"p\":[-0.008518249,-0.1350807,0.143918],\"r\":[50.82055,355.5497,204.9015],\"s\":[0.1250007,0.1250004,0.1250005],\"c\":[1,1,1]}]},{\"b\":9,\"s\":[{\"p\":[0.2620022,-0.04265431,-0.2529908],\"r\":[12.88315,2.978052,170.2648],\"s\":[0.1250001,0.125,0.1250002],\"c\":[1,1,1]}]}]}"}],"serveTime":5}