{"thingDefinitions":[{"id":"5e6929c95e6cca1c745bd397","def":"{\"n\":\"ground\",\"v\":9,\"a\":[1],\"p\":[{\"b\":17,\"s\":[{\"p\":[0,0,0],\"r\":[0,0,0],\"s\":[3.329174,0.11062,3.201102],\"c\":[0.9019608,0.8509804,0.7215686]}]},{\"s\":[{\"p\":[-1.427324,1.624024,-0.9487021],\"r\":[15.7534,157.4004,160.6013],\"s\":[0.1750003,0.1750007,0.1750007],\"c\":[1,1,1]}]}]}"}],"serveTime":5}