{"thingDefinitions":[{"id":"5f68770beea00034bc5f8776","def":"{\"v\":9,\"p\":[{\"b\":2,\"s\":[{\"p\":[-0.1305244,-0.02320361,0.01190425],\"r\":[2.039715,269.8887,87.27799],\"s\":[0.1250001,0.1250001,0.1250001],\"c\":[1,1,1]}]},{\"s\":[{\"p\":[-0.004386316,-0.007505321,0.01432732],\"r\":[4.061822,351.454,354.7698],\"s\":[0.1750011,0.1750011,0.1750012],\"c\":[1,1,1]}]}]}"}],"serveTime":6}