{"thingDefinitions":[{"id":"5e0a85ddf5e57c5355556a19","def":"{\"v\":9,\"p\":[{\"b\":9,\"s\":[{\"p\":[0,0,0],\"r\":[0,0,0],\"s\":[0.1250002,0.1250002,0.1250002],\"c\":[1,1,1]}]}]}"},{"id":"5e0a88581a60602b999a3275","def":"{\"v\":9,\"a\":[2,9,14,17],\"p\":[{\"b\":9,\"s\":[{\"p\":[0,0,0],\"r\":[0,0,4.268868E-07],\"s\":[0.1250001,0.1250003,0.1250002],\"c\":[1,1,1]}]}]}"},{"id":"5e0a88d0c4796e535ca13772","def":"{\"v\":9,\"p\":[{\"s\":[{\"p\":[0,0,0],\"r\":[0,0,0],\"s\":[0.1750014,0.1750009,0.1750008],\"c\":[1,1,1]}]}]}"}],"serveTime":8}