{"thingDefinitions":[{"id":"5f049c8545b62a0c10ba37f2","def":"{\"v\":9,\"p\":[{\"s\":[{\"p\":[0,0,0],\"r\":[0,0,0],\"s\":[0.1750002,0.1750001,0.1750001],\"c\":[1,1,1]}]}]}"}],"serveTime":5}