{"thingDefinitions":[{"id":"5c54b39b79543d5cf83164ce","def":"{\"v\":7,\"p\":[{\"b\":14,\"s\":[{\"p\":[-0.3209738,1.230382,-0.6716725],\"r\":[338.75,69.5,0],\"s\":[0.06,0.06,0.06],\"c\":[1,1,1]}]}]}"}],"serveTime":4}