{"thingDefinitions":[{"id":"5a310b472daa5f4811cfad3b","def":"{\"n\":\"t \",\"v\":2,\"p\":[{\"b\":9,\"s\":[{\"p\":[0.6934929,-0.02300131,0.1574517],\"r\":[334.962,354.5861,136.2108],\"s\":[0.1850346,0.1948284,0.2018684],\"c\":[1,1,1]}]}]}"}],"serveTime":5}