{"thingDefinitions":[{"id":"5adcac79ec262303241d8832","def":"{\"n\":\"trdaw\",\"v\":4,\"p\":[{\"b\":46,\"s\":[{\"p\":[-0.1466538,0.07841071,-0.05894127],\"r\":[344.6876,270.7916,337.4049],\"s\":[0.1250001,0.125,0.1250001],\"c\":[1,0.1714285,0]}]},{\"b\":17,\"s\":[{\"p\":[-0.01068872,0.007417453,-0.01784643],\"r\":[345.6986,10.77537,341.9941],\"s\":[0.06000026,0.06000005,0.06000027],\"c\":[1,0.1714285,0]}]},{\"b\":38,\"s\":[{\"p\":[-0.2515929,0.02387044,0.004047863],\"r\":[7.009921,309.749,67.68124],\"s\":[0.1250002,0.1250001,0.1250002],\"c\":[1,1,1]}]}]}"}],"serveTime":5}