{"thingDefinitions":[{"id":"5da7b72043607606366b234e","def":"{\"v\":9,\"p\":[{\"b\":9,\"s\":[{\"p\":[0,0,0],\"r\":[0,0,0],\"s\":[0.1250007,0.1250003,0.1250006],\"c\":[1,1,1]}]}]}"}],"serveTime":4}