{"thingDefinitions":[{"id":"5a723a4db61d0b8013e9c380","def":"{\"n\":\"thing\",\"v\":2,\"p\":[{\"b\":10,\"s\":[{\"p\":[0,0,0],\"r\":[0,0,-8.537737E-07],\"s\":[0.125,0.1250001,0.1250002],\"c\":[1,1,1]}]},{\"b\":4,\"s\":[{\"p\":[0.1027278,0.08405118,-0.18482],\"r\":[11.32254,321.337,355.3522],\"s\":[0.125,0.1250001,0.1250002],\"c\":[1,1,1]}]},{\"b\":16,\"s\":[{\"p\":[-0.005006731,-0.008197121,0.05258232],\"r\":[58.47202,193.2543,201.1789],\"s\":[0.125,0.1250001,0.1250001],\"c\":[1,1,1]}]}]}"}],"serveTime":5}