{"thingDefinitions":[{"id":"5be26ce635deaa05351082a0","def":"{\"n\":\"ground\",\"v\":7,\"a\":[1],\"p\":[{\"b\":17,\"s\":[{\"p\":[0,0,0],\"r\":[0,0,0],\"s\":[35.69985,0.1338526,48.66573],\"c\":[0.9019608,0.8509804,0.7215686]}]}]}"},{"id":"5be26bf7e3e24b0532c67de0","def":"{\"v\":7,\"p\":[{\"s\":[{\"p\":[0,0,0],\"r\":[0,0,0],\"s\":[0.1750001,0.175,0.1750001],\"c\":[1,1,1]}]}]}"},{"id":"5be26d0e37d013053b174c92","def":"{\"v\":7,\"p\":[{\"s\":[{\"p\":[0,0,0],\"r\":[0,0,-3.415094E-06],\"s\":[0.1750002,0.1750001,0.1750002],\"c\":[1,1,1]}]}]}"},{"id":"5be26dfc712db7053800a9c5","def":"{\"v\":7,\"p\":[{\"s\":[{\"p\":[0,0,0],\"r\":[0,0,0],\"s\":[0.04242946,0.05725046,0.5043461],\"c\":[1,1,1]}]}]}"}],"serveTime":8}