{"thingDefinitions":[{"id":"5b6fd80161be7374d914d78c","def":"{\"v\":6,\"p\":[{\"b\":9,\"s\":[{\"p\":[0,0,0],\"r\":[0,0,-8.537735E-07],\"s\":[0.1250002,0.1250002,0.1250002],\"c\":[0.2469135,0.5555556,0.5555556]}]},{\"b\":5,\"s\":[{\"p\":[0.2521183,0.1842982,-0.1326572],\"r\":[11.70335,332.1865,92.85809],\"s\":[0.1250007,0.1250008,0.1250009],\"c\":[0.2469135,0.5555556,0.5555556]}]},{\"b\":137,\"e\":\"Lp\",\"s\":[{\"p\":[0.1686889,-0.05364692,-0.5173792],\"r\":[16.59941,101.1158,138.4974],\"s\":[0.003000006,0.003000008,0.003000006],\"c\":[1,1,1]}]}]}"}],"serveTime":4}