{"thingDefinitions":[{"id":"5a2f35601cc23d2810d2bd53","def":"{\"n\":\"thing\",\"v\":2,\"p\":[{\"b\":3,\"s\":[{\"p\":[0,0,0],\"r\":[0,0,-1.067217E-07],\"s\":[0.1250005,0.1250001,0.1250004],\"c\":[1,1,1]}]},{\"b\":3,\"s\":[{\"p\":[-0.03248284,-0.05935467,0.1962003],\"r\":[17.02444,42.67359,10.01103],\"s\":[0.1250006,0.1250002,0.1250004],\"c\":[1,1,1]}]}]}"}],"serveTime":4}