{"thingDefinitions":[{"id":"5b5382293fea0a67a4b5488c","def":"{\"v\":5,\"p\":[{\"b\":5,\"s\":[{\"p\":[0,0,0],\"r\":[0,0,0],\"s\":[0.1250001,0.125,0.1250001],\"c\":[1,1,1]}]},{\"b\":16,\"s\":[{\"p\":[-0.007849388,0.03070794,0.4293546],\"r\":[41.41411,76.41518,74.80468],\"s\":[0.1250001,0.1250001,0.1250001],\"c\":[1,1,1]}]}]}"}],"serveTime":5}