{"thingDefinitions":[{"id":"5adbade481a6a804c4326ce4","def":"{\"n\":\"ground\",\"v\":4,\"a\":[1,7,18],\"p\":[{\"s\":[{\"p\":[0.08380249,0.3387752,-0.4266276],\"r\":[-6.830189E-06,270,270],\"s\":[9.632236,0.1749839,9.933998],\"c\":[1,1,1]}]},{\"b\":7,\"s\":[{\"p\":[0,0,0],\"r\":[0,0,0],\"s\":[3.769063,3.769366,0.9209967],\"c\":[0,1,0.2285714],\"b\":[\"when touched then become 2 in 0.2s\"]},{\"p\":[-1.862645E-09,-0.0159322,-0.2866985],\"r\":[0,0,-1.024528E-05],\"s\":[3.769475,3.769741,0.04345912],\"c\":[0.6666666,1,0.7428571],\"b\":[\"when starts then become 1 in 0.2s\"]}]}]}"}],"serveTime":6}