{"thingDefinitions":[{"id":"59d7561614eaed05156f2df9","def":"{\"n\":\"thing\",\"p\":[{\"b\":17,\"s\":[{\"p\":[0,0,0],\"r\":[0,0,1.707547E-06],\"s\":[0.06000001,0.06000004,0.06000006],\"c\":[1,1,1]}]},{\"b\":12,\"s\":[{\"p\":[0.7280805,-0.04829597,-0.5997915],\"r\":[10.89477,136.0343,100.1313],\"s\":[0.06000009,0.06000014,0.06000011],\"c\":[1,1,1]}]},{\"b\":12,\"s\":[{\"p\":[0.7702013,0.1858038,-0.6060423],\"r\":[11.18991,133.7258,93.73144],\"s\":[0.06000002,0.06000001,0.06000002],\"c\":[1,1,1]}]}]}"}],"serveTime":5}