{"thingDefinitions":[{"id":"59d66b63eeb3ec3b39c8f043","def":"{\"n\":\"thing\",\"p\":[{\"b\":46,\"s\":[{\"p\":[0,0,0],\"r\":[0,0,8.537737E-07],\"s\":[0.1250001,0.125,0.125],\"c\":[1,1,1]}]},{\"b\":46,\"s\":[{\"p\":[-0.2211065,-0.6387769,-0.5194851],\"r\":[304.6059,194.7305,186.8245],\"s\":[0.1250001,0.125,0.1250002],\"c\":[1,1,1]}]}]}"}],"serveTime":5}