{"thingDefinitions":[{"id":"5c981d082496704a47ee9170","def":"{\"n\":\"ground\",\"v\":9,\"a\":[1],\"p\":[{\"b\":17,\"s\":[{\"p\":[0,0,0],\"r\":[0,0,0],\"s\":[6.314845,0.1318074,6.798832],\"c\":[0.9019608,0.8509804,0.7215686]}]}]}"}],"serveTime":4}