{"thingDefinitions":[{"id":"5c13553f83f66e6e5533fdcf","def":"{\"v\":7,\"p\":[{\"b\":9,\"s\":[{\"p\":[0,0,0],\"r\":[0,0,0],\"s\":[1.018897,0.1250009,0.8150308],\"c\":[1,1,1]}]}]}"}],"serveTime":5}