{"thingDefinitions":[{"id":"5e0190357024472b8c3a261d","def":"{\"v\":9,\"p\":[{\"s\":[{\"p\":[0,0,0],\"r\":[0,0,0],\"s\":[0.1750001,0.175,0.175],\"c\":[1,1,1]}]},{\"b\":10,\"s\":[{\"p\":[0.06870406,-0.04169495,0.04133374],\"r\":[67.71006,251.6044,146.4254],\"s\":[0.1250005,0.1250004,0.1250005],\"c\":[1,1,1]}]}]}"},{"id":"5e01908027f3c42a48c0658a","def":"{\"v\":9,\"p\":[{\"s\":[{\"p\":[0,0,0],\"r\":[0,0,0],\"s\":[0.1750008,0.1750003,0.1750004],\"c\":[1,1,1]}]},{\"b\":53,\"s\":[{\"p\":[0.006990699,0.07714079,0.1045126],\"r\":[356.1461,270.6758,357.9988],\"s\":[0.1250004,0.1250002,0.1250004],\"c\":[1,1,1]}]}]}"}],"serveTime":5}