{"thingDefinitions":[{"id":"5841c74ece1a966313b64d18","def":"{\"n\":\"thing\",\"a\":[4,7,18],\"p\":[{\"t\":6,\"s\":[{\"p\":[-0.0244842,-0.03321904,-0.5025856],\"r\":[272.683,283.2413,81.37055],\"s\":[2.724379,0.6909156,0.1751048],\"c\":[0,0,0]}]},{\"t\":6,\"s\":[{\"p\":[0.05520143,-0.8097901,0.05420059],\"r\":[272.683,283.241,81.3708],\"s\":[2.724357,0.690954,0.1751129],\"c\":[0,0,0]}]},{\"t\":6,\"s\":[{\"p\":[0.00918481,-0.3256809,-0.2532097],\"r\":[359.5976,184.6212,177.3473],\"s\":[2.724458,0.6911865,0.1751764],\"c\":[0,0,0]}]},{\"t\":6,\"s\":[{\"p\":[-0.05391336,3.318619,1.067137],\"r\":[0.402431,4.621149,92.65273],\"s\":[0.1750369,11.33778,4.657177],\"c\":[0.3333333,0.1714284,0]}]}]}"}],"serveTime":7}