{"thingDefinitions":[{"id":"5a97fb37bd16596a81459fdb","def":"{\"v\":2,\"p\":[{\"b\":10,\"s\":[{\"p\":[-0.03722157,-0.06943171,-0.08803271],\"r\":[355.4479,319.3679,12.20619],\"s\":[0.1250001,0.125,0.1250001],\"c\":[1,1,1]}]},{\"b\":10,\"s\":[{\"p\":[-0.0136665,0.02512709,-0.007186729],\"r\":[3.82002,356.8035,357.5336],\"s\":[0.1250004,0.1250003,0.1250002],\"c\":[1,1,1]}]},{\"b\":3,\"s\":[{\"p\":[-0.2811465,-0.08734402,-0.1564151],\"r\":[31.58412,269.8677,348.1892],\"s\":[0.1250001,0.1250001,0.1250001],\"c\":[1,1,1]}]},{\"b\":3,\"s\":[{\"p\":[-0.2251354,0.3125604,0.04133502],\"r\":[73.40615,326.5154,195.417],\"s\":[0.01206235,0.005,0.005],\"c\":[1,1,1]}]}]}"}],"serveTime":4}