{"thingDefinitions":[{"id":"5c361d4a285ab86f59fd694a","def":"{\"v\":7,\"p\":[{\"b\":10,\"s\":[{\"p\":[0,0,0],\"r\":[0,0,0],\"s\":[0.1250001,0.125,0.1250002],\"c\":[1,1,1]}]},{\"b\":2,\"s\":[{\"p\":[-0.1461153,0.05717789,0.1189],\"r\":[327.8082,290.7667,58.73678],\"s\":[0.1250001,0.1250001,0.1250002],\"c\":[1,1,1]}]},{\"b\":9,\"s\":[{\"p\":[0.1678409,-0.05497262,-0.1509366],\"r\":[6.170324,342.8943,9.214663],\"s\":[0.1250001,0.1250001,0.1250001],\"c\":[1,1,1]}]}]}"}],"serveTime":7}