{"thingDefinitions":[{"id":"5907f08c7c52bcb9136a2be0","def":"{\"n\":\"thing\",\"a\":[4],\"p\":[{\"b\":16,\"s\":[{\"p\":[0,0,0],\"r\":[0,0,0],\"s\":[0.7315919,0.8050078,0.8404272],\"c\":[1,1,1]}]},{\"b\":9,\"s\":[{\"p\":[0.824312,2.88236,0.05299783],\"r\":[293.9573,6.830595,20.90483],\"s\":[0.6658595,0.4477321,0.5863875],\"c\":[1,1,1]}]}]}"}],"serveTime":4}