{"thingDefinitions":[{"id":"5865be186903e67013d0c338","def":"{\"n\":\"thing\",\"p\":[{\"b\":10,\"s\":[{\"p\":[0,0,0],\"r\":[0,0,0],\"s\":[0.1250001,0.1250001,0.1250003],\"c\":[1,0.8571429,0]}]}]}"},{"id":"5865befa4dc7d990133e7b9e","def":"{\"n\":\"thing\",\"p\":[{\"b\":9,\"s\":[{\"p\":[0,0,0],\"r\":[0,0,0],\"s\":[0.1250006,0.1250001,0.1250007],\"c\":[1,1,1]}]}]}"}],"serveTime":5}