{"thingDefinitions":[{"id":"5b95ccfd0b3821380d4c06d0","def":"{\"n\":\"layla\",\"v\":6,\"p\":[{\"b\":7,\"s\":[{\"p\":[0,0,0],\"r\":[0,0,0],\"s\":[0.1250002,0.1250001,0.1250001],\"c\":[1,1,1]}]},{\"s\":[{\"p\":[-0.003847509,0.006005295,-0.06725628],\"r\":[21.84469,4.051532,0.05146189],\"s\":[0.1750003,0.1750001,0.1750001],\"c\":[1,1,1]}]}]}"}],"serveTime":4}