{"thingDefinitions":[{"id":"5c916d3c8706f12917d8b812","def":"{\"v\":9,\"p\":[{\"b\":9,\"s\":[{\"p\":[-0.1107501,0.08248641,0.0612699],\"r\":[349.4017,42.82029,337.192],\"s\":[0.1250005,0.1250007,0.1250004],\"c\":[1,1,1]}]},{\"b\":9,\"s\":[{\"p\":[0.2561937,0.09756731,-0.1096618],\"r\":[13.69518,25.87021,33.87743],\"s\":[0.1250005,0.1250006,0.1250003],\"c\":[1,1,1]}]},{\"b\":14,\"s\":[{\"p\":[0.07772109,0.01032104,-0.2219403],\"r\":[26.84334,240.204,351.5661],\"s\":[0.06,0.06000002,0.06000004],\"c\":[1,1,1]}]}]}"}],"serveTime":5}