{"thingDefinitions":[{"id":"5c28a12f6e3e726e4f8985bb","def":"{\"n\":\"ground\",\"v\":7,\"a\":[1],\"p\":[{\"b\":17,\"s\":[{\"p\":[0,0,0],\"r\":[0,0,0],\"s\":[22.9533,0.11062,27.65879],\"c\":[0.9019608,0.8509804,0.7215686]}]}]}"},{"id":"5c28a14e39f34d317e595e7d","def":"{\"v\":7,\"p\":[{\"s\":[{\"p\":[0,0,0],\"r\":[0,0,0],\"s\":[0.1750001,0.175,0.1750001],\"c\":[1,1,1]}]}]}"}],"serveTime":5}