{"thingDefinitions":[{"id":"5c4d1584030fce74bda2485b","def":"{\"v\":7,\"p\":[{\"s\":[{\"p\":[0,0,0],\"r\":[0,0,0],\"s\":[0.1750009,0.1750005,0.1750004],\"c\":[1,1,1]}]},{\"s\":[{\"p\":[0.008272741,-0.01225075,-0.1760503],\"r\":[332.8617,266.7185,94.20705],\"s\":[0.1750008,0.1750004,0.1750004],\"c\":[1,1,1]}]},{\"s\":[{\"p\":[3.839284E-05,-0.03016382,-0.3561431],\"r\":[288.1639,266.2659,96.20189],\"s\":[0.175001,0.1750004,0.1750006],\"c\":[1,1,1]}]}]}"}],"serveTime":4}