{"thingDefinitions":[{"id":"5d4bf785c313ad2b44151e7e","def":"{\"v\":9,\"p\":[{\"b\":14,\"s\":[{\"p\":[0,0,0],\"r\":[0,0,0],\"s\":[0.06000003,0.06000001,0.06000006],\"c\":[1,1,1]}]}]}"},{"id":"5d4bf7fb8040171b46aa72e4","def":"{\"v\":9,\"p\":[{\"s\":[{\"p\":[0.06748471,-0.616242,0.1931743],\"r\":[309.5024,272.9915,92.84911],\"s\":[0.1750017,0.7900187,0.5656152],\"c\":[1,1,1]}]},{\"s\":[{\"p\":[-0.03552441,-0.5516291,-0.2844284],\"r\":[356.6568,3.168005,38.03951],\"s\":[0.1750006,0.1750004,0.1750004],\"c\":[1,1,1]}]},{\"b\":9,\"s\":[{\"p\":[-0.05566689,-0.5629255,-0.4760489],\"r\":[56.1784,330.9128,347.4045],\"s\":[0.1250005,0.1250002,0.1250004],\"c\":[1,1,1]}]}]}"}],"serveTime":5}