{"thingDefinitions":[{"id":"5b40c8551debc67d55483a0c","def":"{\"v\":5,\"p\":[{\"b\":9,\"s\":[{\"p\":[0,0,0],\"r\":[0,0,6.803509E-07],\"s\":[0.125,0.125,0.125],\"c\":[1,1,1]}]},{\"b\":14,\"s\":[{\"p\":[0.1022216,0.05805296,-0.2288171],\"r\":[14.3867,335.2975,22.61391],\"s\":[0.06000001,0.06000006,0.06000006],\"c\":[1,1,1]}]},{\"b\":7,\"s\":[{\"p\":[0.1845837,0.114668,-0.3995931],\"r\":[9.88584,333.9172,24.34635],\"s\":[0.125,0.125,0.125],\"c\":[1,1,1]}]}]}"}],"serveTime":5}