{"thingDefinitions":[{"id":"5e0758def5e57c535555699a","def":"{\"n\":\"ground\",\"v\":9,\"a\":[1],\"p\":[{\"b\":17,\"s\":[{\"p\":[0,0,0],\"r\":[0,0,0],\"s\":[3.363346,0.11062,3.201102],\"c\":[0.9019608,0.8509804,0.7215686]}]},{\"b\":73,\"s\":[{\"p\":[-0.1166258,1.345584,0.3504224],\"r\":[328.3215,29.70623,331.5008],\"s\":[0.2250001,0.2250001,0.2250002],\"c\":[1,1,1]}]},{\"b\":73,\"s\":[{\"p\":[-0.3357772,1.327187,0.3549632],\"r\":[325.2646,23.86516,314.831],\"s\":[0.2250002,0.2250003,0.2250001],\"c\":[1,1,1]}]}]}"}],"serveTime":4}