{"thingDefinitions":[{"id":"5c6dbd84e3af6c286df1507d","def":"{\"n\":\"ground\",\"v\":7,\"a\":[1],\"p\":[{\"b\":17,\"s\":[{\"p\":[0,0,0],\"r\":[0,0,0],\"s\":[3.363346,0.11062,3.201102],\"c\":[0.9019608,0.8509804,0.7215686]}]},{\"s\":[{\"p\":[-1.166607,1.457919,0.9622983],\"r\":[21.26777,28.6324,80.22778],\"s\":[0.1750001,0.1750002,0.175],\"c\":[1,1,1]}]},{\"s\":[{\"p\":[-1.241225,1.255631,0.9321878],\"r\":[34.77916,20.58842,123.1541],\"s\":[0.1750001,0.1750003,0.1750001],\"c\":[1,1,1]}]}]}"}],"serveTime":4}