{"thingDefinitions":[{"id":"5efe996f6b6e38207950a8ae","def":"{\"v\":9,\"p\":[{\"b\":3,\"a\":[12,29],\"t1\":22,\"s\":[{\"p\":[0,0,0],\"r\":[0,0,0],\"s\":[0.1186481,0.1250003,0.1250006],\"c\":[0.9714286,1,0],\"b\":[\"when starts then become next in 5s\"],\"t1\":{\"c\":[0.1481481,0.6666667,0.6222223],\"x\":0.17,\"y\":0.17,\"a\":0.69625,\"m\":0.5,\"n\":0.5,\"r\":0,\"g\":0,\"o\":0.5,\"t\":0.5,\"e\":0.5}},{\"p\":[0,0,0],\"r\":[0,0,0],\"s\":[0.1250005,0.1250003,0.1250006],\"c\":[1,0.1714285,0],\"b\":[\"when starts then become next in 5s\"],\"t1\":{\"c\":[0.1142858,0,1],\"x\":0.5182288,\"y\":0.17,\"a\":0.69625,\"m\":0.5,\"n\":0.5,\"r\":0,\"g\":0,\"o\":0.5,\"t\":0.5,\"e\":0.5}}]}]}"}],"serveTime":5}