{"thingDefinitions":[{"id":"5c12be64ea1f546e4855dd75","def":"{\"v\":7,\"p\":[{\"b\":4,\"s\":[{\"p\":[0.3288043,0.2087126,-0.1284075],\"r\":[2.128108,359.9396,356.4671],\"s\":[0.1250002,0.1250002,0.1250002],\"c\":[1,1,1]}]},{\"b\":4,\"s\":[{\"p\":[0.339252,0.1738436,0.04086414],\"r\":[8.725081,0.7144016,24.41131],\"s\":[0.1250004,0.1250007,0.1250008],\"c\":[1,1,1]}]},{\"s\":[{\"p\":[0.3466048,0.2081989,-0.3435014],\"r\":[9.891924,358.8986,30.93362],\"s\":[0.1750006,0.1750005,0.1750005],\"c\":[1,1,1]}]}]}"},{"id":"5c12beb1573d946f77418852","def":"{\"v\":7,\"p\":[{\"b\":4,\"t\":1,\"s\":[{\"p\":[0,0,0],\"r\":[0,0,0],\"s\":[0.1250002,0.1250002,0.1250003],\"c\":[0.07407401,0.6666667,0.4126984]}]}]}"}],"serveTime":6}