{"thingDefinitions":[{"id":"5ca25d47282f953b244f4099","def":"{\"v\":9,\"p\":[{\"b\":3,\"s\":[{\"p\":[0,0,0],\"r\":[0,0,1.067217E-06],\"s\":[0.1250001,0.1250001,0.125],\"c\":[1,1,1]}]},{\"b\":3,\"s\":[{\"p\":[0.1013604,-0.1788853,-0.1154374],\"r\":[10.6202,319.8414,24.10156],\"s\":[0.125,0.1250001,0.125],\"c\":[1,1,1]}]},{\"b\":14,\"s\":[{\"p\":[-0.1391151,-0.07706383,-0.225023],\"r\":[359.1563,231.9628,53.47567],\"s\":[0.02896171,0.06000005,0.1052777],\"c\":[1,1,1]}]}]}"}],"serveTime":4}