{"thingDefinitions":[{"id":"5d0d50dc2f71940626601522","def":"{\"v\":9,\"p\":[{\"b\":9,\"s\":[{\"p\":[0,0,0],\"r\":[0,0,0],\"s\":[0.1250001,0.1250001,0.125],\"c\":[1,1,1]}]},{\"b\":9,\"s\":[{\"p\":[0.02027234,-0.2856977,-0.1895564],\"r\":[50.01236,323.9225,118.7989],\"s\":[0.1250001,0.1250001,0.1250001],\"c\":[1,1,1]}]}]}"}],"serveTime":4}