{"thingDefinitions":[{"id":"5b18af56f875670f68ed3d63","def":"{\"n\":\"ground\",\"v\":4,\"a\":[1],\"p\":[{\"b\":17,\"s\":[{\"p\":[0,0,0],\"r\":[0,0,0],\"s\":[13.78878,0.11062,17.09829],\"c\":[0.9019608,0.8509804,0.7215686]}]}]}"},{"id":"5b18afdd2d90090f8d015aaf","def":"{\"v\":4,\"p\":[{\"b\":4,\"s\":[{\"p\":[0,0,0],\"r\":[0,0,0],\"s\":[0.5831218,0.005000005,0.5447124],\"c\":[1,1,1]}]},{\"b\":10,\"s\":[{\"p\":[0.6676996,10.97917,-6.701537],\"r\":[329.679,182.3534,265.8912],\"s\":[2.71928,1.951602,2.09383],\"c\":[0.3333332,0.321693,0.2962962]}]}]}"}],"serveTime":5}