{"thingDefinitions":[{"id":"5a51687de1b9378d13930f9e","def":"{\"n\":\"thing\",\"v\":2,\"p\":[{\"s\":[{\"p\":[0,0,0],\"r\":[0,0,-1.707547E-06],\"s\":[0.1750001,0.175,0.1750001],\"c\":[1,1,1]}]},{\"b\":17,\"s\":[{\"p\":[-0.1431719,0.1080709,0.01064901],\"r\":[17.00851,287.8254,66.73048],\"s\":[0.06000002,0.05999999,0.06000003],\"c\":[1,1,1]}]},{\"b\":11,\"s\":[{\"p\":[-0.06803168,-0.1557095,-0.1986858],\"r\":[359.7275,281.3077,3.146627],\"s\":[0.125,0.125,0.125],\"c\":[1,1,1]}]}]}"}],"serveTime":4}