{"thingDefinitions":[{"id":"5ce113464adee50e302457ca","def":"{\"v\":9,\"p\":[{\"b\":2,\"s\":[{\"p\":[0,0,0],\"r\":[0,0,0],\"s\":[0.1250001,0.1250002,0.1250002],\"c\":[1,1,1]}]}]}"}],"serveTime":6}