{"thingDefinitions":[{"id":"5b7463ec9711041881b80008","def":"{\"n\":\"ground\",\"v\":6,\"a\":[1],\"p\":[{\"b\":17,\"s\":[{\"p\":[0,0,0],\"r\":[0,0,0],\"s\":[7.455842,0.1575588,5.484927],\"c\":[0.9019608,0.8509804,0.7215686]}]}]}"}],"serveTime":5}