{"thingDefinitions":[{"id":"5864aefede34f227105c3309","def":"{\"n\":\"thing\",\"p\":[{\"s\":[{\"p\":[0,0,0],\"r\":[0,0,0],\"s\":[2.101514,0.005618609,3.034123],\"c\":[1,1,1]}]}]}"}],"serveTime":4}