{"thingDefinitions":[{"id":"5bb8d619b3301523d721fb68","def":"{\"v\":7,\"p\":[{\"b\":3,\"s\":[{\"p\":[-0.2594911,0.3941729,0.1538314],\"r\":[69.97715,58.48486,255.1495],\"s\":[0.1250001,0.1250001,0.1250001],\"c\":[1,1,1]}]},{\"b\":3,\"s\":[{\"p\":[-0.1845752,0.4709107,0.04100224],\"r\":[315.768,3.863012,321.3254],\"s\":[0.1250001,0.1250002,0.1250002],\"c\":[1,1,1]}]},{\"b\":3,\"s\":[{\"p\":[0.1935574,-0.02707443,-0.2559568],\"r\":[27.6044,5.525383,32.98997],\"s\":[0.125,0.1250001,0.125],\"c\":[1,1,1]}]},{\"b\":3,\"s\":[{\"p\":[0.018742,0.142565,-0.1409183],\"r\":[7.496464,27.62022,350.1532],\"s\":[0.1250001,0.1250003,0.1250003],\"c\":[1,1,1]}]}]}"}],"serveTime":5}