{"thingDefinitions":[{"id":"5d43a0be96c5c215f2e0b66e","def":"{\"n\":\"udacity\",\"v\":9,\"a\":[1],\"p\":[{\"b\":17,\"s\":[{\"p\":[0.2510194,0.1189309,0.01269829],\"r\":[0.2666678,358.6685,10.09971],\"s\":[3.258884,0.09089787,3.201102],\"c\":[0.9019608,0.8509804,0.7215686]},{\"p\":[0,0,0],\"r\":[0,0,-5.336085E-08],\"s\":[3.363346,0.11062,3.201102],\"c\":[0.9019608,0.8509804,0.7215686]}]}]}"},{"id":"5d43a2a890290e75bb603d00","def":"{\"v\":9,\"a\":[31],\"p\":[{\"b\":175,\"t2\":162,\"s\":[{\"p\":[0.2910105,0.1503775,0.1264388],\"r\":[3.231955,37.21264,7.778949],\"s\":[0.04500007,0.04500003,0.04500011],\"c\":[0.4493827,0.7777778,0.1728394],\"t2\":{\"c\":[0.7179899,0.1849545,0.1849545],\"x\":0.5,\"y\":0.5,\"a\":0.8925,\"m\":0,\"n\":0,\"r\":0,\"g\":0,\"o\":0.5,\"t\":0.5,\"e\":0.5}}]},{\"b\":69,\"t1\":155,\"s\":[{\"p\":[0.3152466,-0.09870914,0.07981399],\"r\":[13.43099,335.8653,175.1783],\"s\":[0.1367517,0.1367519,0.1367515],\"c\":[1,0.7555555,0.2222221],\"t1\":{\"c\":[1,0.3428571,0],\"x\":0.5,\"y\":0.5,\"a\":0.8925,\"m\":0,\"n\":0,\"r\":0,\"g\":0,\"o\":0.5,\"t\":0.5,\"e\":0.5}}]}]}"}],"serveTime":6}