{"thingDefinitions":[{"id":"5b549f4b6e149f67ddd964bd","def":"{\"v\":5,\"p\":[{\"b\":9,\"s\":[{\"p\":[0,0,0],\"r\":[0,0,8.537735E-07],\"s\":[0.125,0.125,0.125],\"c\":[1,1,1]}]},{\"b\":5,\"s\":[{\"p\":[0.06286347,-0.07003013,-0.03299405],\"r\":[58.96877,97.28857,355.7036],\"s\":[0.1250001,0.1250001,0.1250001],\"c\":[1,1,1]}]},{\"b\":14,\"s\":[{\"p\":[-0.1370431,0.1970776,0.07594871],\"r\":[47.78263,125.2179,7.442229],\"s\":[0.06000014,0.06000006,0.06000007],\"c\":[1,1,1]}]}]}"}],"serveTime":4}