{"thingDefinitions":[{"id":"5a59e31c91f7876a1312bf25","def":"{\"n\":\"ground\",\"v\":3,\"a\":[1,2,4,7,13,18,25],\"p\":[{\"b\":17,\"s\":[{\"p\":[0,0,0],\"r\":[0,0,0],\"s\":[3.141979,0.05790623,3.201102],\"c\":[0.9019608,0.8509804,0.7215686]}]},{\"b\":29,\"s\":[{\"p\":[-2.346708,0.9904244,1.188122],\"r\":[335.5318,187.7551,310.1249],\"s\":[0.1250006,0.1250001,0.1250004],\"c\":[1,1,1]}]},{\"b\":29,\"s\":[{\"p\":[-2.138582,1.03669,1.42418],\"r\":[353.799,119.7748,182.2925],\"s\":[0.7421052,1.259512,0.1254957],\"c\":[1,1,1]}]}]}"}],"serveTime":4}