{"thingDefinitions":[{"id":"5bfc27100c7e4e63ff0b4eb0","def":"{\"v\":7,\"p\":[{\"b\":17,\"s\":[{\"p\":[0,0,0],\"r\":[0,0,0],\"s\":[0.06000017,0.06000002,0.06000013],\"c\":[1,1,1]}]}]}"}],"serveTime":6}