{"thingDefinitions":[{"id":"5a4d69ab9fa3549713145dd7","def":"{\"n\":\"thing\",\"v\":2,\"p\":[{\"b\":11,\"s\":[{\"p\":[0,0,0],\"r\":[0,0,2.134434E-07],\"s\":[0.125,0.1250002,0.1250001],\"c\":[1,1,1]}]},{\"b\":9,\"s\":[{\"p\":[0.2018996,-0.1141165,0.2393454],\"r\":[45.12513,44.66497,27.55043],\"s\":[0.125,0.1250001,0.1250001],\"c\":[1,1,1]}]},{\"b\":9,\"s\":[{\"p\":[0.2372296,-0.1306528,0.4441906],\"r\":[33.77626,326.4592,354.3598],\"s\":[0.1250001,0.1250002,0.1250002],\"c\":[1,1,1]}]}]}"}],"serveTime":4}