{"thingDefinitions":[{"id":"5ac50de133a6631389bb6655","def":"{\"n\":\"ground\",\"v\":3,\"a\":[1],\"p\":[{\"b\":17,\"s\":[{\"p\":[0,0,0],\"r\":[0,0,0],\"s\":[11.5559,0.11062,6.777389],\"c\":[0.9019608,0.8509804,0.7215686]}]}]}"}],"serveTime":11}