{"thingDefinitions":[{"id":"5c43b35f026080054b7d4abe","def":"{\"v\":7,\"p\":[{\"b\":77,\"s\":[{\"p\":[0,0,0],\"r\":[0,0,8.537737E-07],\"s\":[0.07500001,0.07500003,0.07500003],\"c\":[1,1,1]}]},{\"b\":77,\"s\":[{\"p\":[0.004438192,0.1393247,0.005953915],\"r\":[3.083215,324.3675,177.5397],\"s\":[0.07500011,0.07500014,0.07499999],\"c\":[1,1,1]}]}]}"}],"serveTime":4}