{"thingDefinitions":[{"id":"5ad73c1fca64660f83619a47","def":"{\"v\":3,\"p\":[{\"b\":9,\"s\":[{\"p\":[0,0,0],\"r\":[0,0,0],\"s\":[0.125,0.125,0.1250001],\"c\":[1,1,1]}]},{\"b\":10,\"s\":[{\"p\":[-0.3962573,0.08524689,-0.0146825],\"r\":[355.569,358.7998,327.7454],\"s\":[0.125,0.125,0.125],\"c\":[1,1,1]}]}]}"}],"serveTime":4}