{"thingDefinitions":[{"id":"5f389db5a3e4686305c80a4a","def":"{\"v\":9,\"p\":[{\"b\":247,\"s\":[{\"p\":[0,0,0],\"r\":[0,0,4.268869E-07],\"s\":[0.2300004,0.2300005,0.23],\"c\":[1,1,1]}]}]}"}],"serveTime":5}