{"thingDefinitions":[{"id":"5c5cb71b61b91b0a71b5c7c7","def":"{\"n\":\"ground\",\"v\":7,\"a\":[1],\"p\":[{\"b\":17,\"s\":[{\"p\":[0,0,0],\"r\":[0,0,0],\"s\":[3.363346,0.11062,3.201102],\"c\":[0.9019608,0.8509804,0.7215686]}]},{\"b\":150,\"s\":[{\"p\":[-0.5254577,1.414852,0.4565967],\"r\":[14.10296,79.21501,359.5868],\"s\":[0.06000002,0.06000002,0.06000001],\"c\":[1,1,1]}]}]}"}],"serveTime":5}