{"thingDefinitions":[{"id":"5b8a7f8a2103837e700a4bbd","def":"{\"v\":6,\"a\":[2,3,27],\"p\":[{\"s\":[{\"p\":[0.1109471,0.2801579,-0.2635893],\"r\":[25.96311,6.375356,358.4223],\"s\":[0.07642005,0.2200947,0.05975921],\"c\":[1,1,1]}]},{\"s\":[{\"p\":[0.1168301,0.3798042,-0.2757542],\"r\":[48.73967,3.134949,266.8945],\"s\":[0.05034715,0.05271437,0.1750005],\"c\":[1,1,1],\"b\":[\"when trigger let go then emit \"]},{\"p\":[0.1168301,0.3798042,-0.2757542],\"r\":[48.73968,3.134949,266.8945],\"s\":[0.05034715,0.05271437,0.1750005],\"c\":[1,1,1]}]}]}"}],"serveTime":5}