{"thingDefinitions":[{"id":"5d6ffa34309ea4392c5a74a7","def":"{\"n\":\"ground\",\"v\":9,\"a\":[1,4],\"p\":[{\"b\":17,\"s\":[{\"p\":[0,0,0],\"r\":[0,0,0],\"s\":[3.363346,0.11062,3.201102],\"c\":[0.9019608,0.8509804,0.7215686]}]},{\"b\":4,\"s\":[{\"p\":[0.5002871,0.8171214,5.709026],\"r\":[300.8261,194.7298,345.7186],\"s\":[0.1441885,0.03296524,0.1250003],\"c\":[0,1,1]}]},{\"b\":4,\"c\":[[2.3,1.7,-1.5,6],[-3.2,2.4,1.6,5],[-1.836,-0.845,-5.427,2],[-2.538,-1.261,0.053,4],[0.2,1,-1.1,7],[-3.7,-0.2,-1.8,3]],\"s\":[{\"p\":[0.07969499,0.7373417,6.099821],\"r\":[306.0063,267.976,300.4231],\"s\":[0.1250008,0.1250003,0.1250003],\"c\":[0,1,1],\"b\":[\"when touched then emit [drop from inventory]\"]},{\"p\":[0.07969499,0.7373417,6.099821],\"r\":[306.0063,267.976,300.4231],\"s\":[0.1250008,0.1250003,0.1250003],\"c\":[0,1,1]}]}]}"}],"serveTime":4}