{"thingDefinitions":[{"id":"5b0997c6f7a9a763c1b52bac","def":"{\"v\":4,\"a\":[1],\"p\":[{\"b\":3,\"s\":[{\"p\":[0.01361492,0.0004673153,-0.2843957],\"r\":[40.50335,16.03561,27.64914],\"s\":[0.125,0.1250001,0.1250001],\"c\":[0.8222222,1,0.111111]}]},{\"b\":14,\"s\":[{\"p\":[-0.01062935,0.03610482,0.09538063],\"r\":[355.4269,359.1618,358.2187],\"s\":[0.06000005,0.06000008,0.1196754],\"c\":[1,1,1],\"b\":[\"when touched then become 2 in 1s\"]},{\"p\":[-0.2647801,-0.04968792,-0.1624125],\"r\":[12.98127,298.6746,330.6911],\"s\":[0.06000005,0.06000011,0.1196755],\"c\":[0.1037036,0.111111,0.07407398],\"b\":[\"when touched then become 1 in 1s\"]}]}]}"}],"serveTime":4}