{"thingDefinitions":[{"id":"5bb9434e21322558590949be","def":"{\"v\":7,\"p\":[{\"s\":[{\"p\":[0,0,0],\"r\":[0,0,0],\"s\":[0.1750002,0.1750004,0.1750008],\"c\":[1,1,1]}]}]}"}],"serveTime":4}