{"thingDefinitions":[{"id":"5b7c84cedf21ed289c23147c","def":"{\"v\":6,\"p\":[{\"s\":[{\"p\":[0,0,0],\"r\":[0,0,1.067217E-07],\"s\":[0.1750011,0.6397888,1.380808],\"c\":[1,1,1]}]},{\"s\":[{\"p\":[-0.8209748,-0.2328544,0.8057128],\"r\":[276.6095,120.8354,155.9841],\"s\":[0.175001,0.6397891,1.380808],\"c\":[1,1,1]}]}]}"}],"serveTime":4}