{"thingDefinitions":[{"id":"5cb5b386981488266be4bc1c","def":"{\"v\":9,\"p\":[{\"s\":[{\"p\":[-0.1081803,0.2454917,-0.2747848],\"r\":[19.53968,323.0821,335.0313],\"s\":[0.1750002,0.1750002,0.1750001],\"c\":[1,1,1]}]},{\"s\":[{\"p\":[-0.03996764,0.2419964,0.01375297],\"r\":[332.4296,328.1922,13.48502],\"s\":[0.1750001,0.175,0.175],\"c\":[1,1,1]}]},{\"b\":9,\"s\":[{\"p\":[-0.145402,0.2314766,-0.5431949],\"r\":[334.1743,305.1156,131.7003],\"s\":[0.1250001,0.1250001,0.1250001],\"c\":[1,1,1]}]}]}"}],"serveTime":4}