{"thingDefinitions":[{"id":"5a894d3ea1384b8a13b609ba","def":"{\"v\":2,\"p\":[{\"b\":12,\"s\":[{\"p\":[0,0,0],\"r\":[0,0,0],\"s\":[0.1772824,0.0600002,0.160939],\"c\":[1,1,1]}]}]}"}],"serveTime":4}