{"thingDefinitions":[{"id":"5c311705ad6b9c6e49e2c796","def":"{\"v\":7,\"p\":[{\"s\":[{\"p\":[0,0,0],\"r\":[0,0,-1.173938E-06],\"s\":[0.1750004,0.1750001,0.175],\"c\":[1,1,1]}]}]}"},{"id":"5c311807573d946f77418f0d","def":"{\"v\":7,\"p\":[{\"b\":5,\"s\":[{\"p\":[0,0,0],\"r\":[0,0,0],\"s\":[0.1000001,0.1000001,0.1000002],\"c\":[1,1,1]}]}]}"},{"id":"5c7b11120fe37c41581ef222","def":"{\"v\":7,\"p\":[{\"s\":[{\"p\":[0,0,0],\"r\":[0,0,1.654186E-06],\"s\":[0.1750003,0.7545137,0.382321],\"c\":[1,1,1]}]}]}"}],"serveTime":7}