{"thingDefinitions":[{"id":"5bc3be4049d643459b67b419","def":"{\"v\":7,\"p\":[{\"b\":12,\"s\":[{\"p\":[0,0,0],\"r\":[0,0,0],\"s\":[0.06000009,0.06000003,0.06000005],\"c\":[1,1,1]}]},{\"b\":175,\"s\":[{\"p\":[0.03289688,-0.03747306,-0.01375504],\"r\":[356.2595,340.5316,175.9165],\"s\":[0.04500001,0.04500002,0.04500003],\"c\":[1,1,1]}]}]}"}],"serveTime":5}