{"thingDefinitions":[{"id":"5c54c30032a8d31d99c457ca","def":"{\"v\":7,\"p\":[{\"b\":11,\"s\":[{\"p\":[0,0,0],\"r\":[0,0,0],\"s\":[0.1,0.1,0.1],\"c\":[1,1,1]}]}]}"},{"id":"5c54c32a0f573e1d8c73298a","def":"{\"v\":7,\"p\":[{\"s\":[{\"p\":[0.09707248,0.2851492,-0.1534478],\"r\":[340.575,339.2257,96.35194],\"s\":[0.1750003,0.1750002,0.1750003],\"c\":[1,1,1]}]},{\"s\":[{\"p\":[0.03166695,0.3440848,-0.008994401],\"r\":[339.9754,335.0518,10.29521],\"s\":[0.1750001,0.1750001,0.1750002],\"c\":[1,1,1]}]}]}"}],"serveTime":5}