{"thingDefinitions":[{"id":"5cd990af65c5a5056ac0508e","def":"{\"v\":9,\"p\":[{\"b\":5,\"s\":[{\"p\":[0,0,0],\"r\":[0,0,0],\"s\":[0.1000002,0.1,0.1000002],\"c\":[1,1,1]}]},{\"b\":5,\"s\":[{\"p\":[0.07275923,-0.26507,-0.1520909],\"r\":[349.8948,37.26498,256.1396],\"s\":[0.1000006,0.1000004,0.1000009],\"c\":[1,1,1]}]}]}"}],"serveTime":3}