{"thingDefinitions":[{"id":"5b26317ac07b4e6f8958e5ae","def":"{\"v\":5,\"p\":[{\"s\":[{\"p\":[0,0,0],\"r\":[0,0,0],\"s\":[0.1750002,0.1750001,0.1750001],\"c\":[1,1,1]}]},{\"b\":10,\"s\":[{\"p\":[-0.1813552,0.008602783,0.02423963],\"r\":[10.53914,310.6562,33.31388],\"s\":[0.1250001,0.1250001,0.125],\"c\":[1,1,1]}]}]}"}],"serveTime":5}