{"thingDefinitions":[{"id":"5c7b08d20fe37c41581ef21f","def":"{\"n\":\"ground\",\"v\":7,\"a\":[1],\"p\":[{\"b\":17,\"s\":[{\"p\":[0,0,0],\"r\":[0,0,0],\"s\":[5.678077,0.11062,12.58916],\"c\":[0.06172825,0.5555556,0.1746031]}]}]}"},{"id":"5c7b1abc7ac3da41632ef453","def":"{\"v\":7,\"a\":[2,15],\"p\":[{\"s\":[{\"p\":[-0.021779,0.04933929,0.5739358],\"r\":[5.178589,6.884173,295.1191],\"s\":[0.2887335,0.1750439,0.175067],\"c\":[1,1,1]}]},{\"s\":[{\"p\":[0.021779,0.04933929,0.5739358],\"r\":[5.178589,353.1158,64.88089],\"s\":[0.2887335,0.1750439,0.175067],\"c\":[1,1,1]}]}]}"}],"serveTime":17}