{"thingDefinitions":[{"id":"5f2193f756dc83319390443a","def":"{\"v\":9,\"p\":[{\"b\":5,\"s\":[{\"p\":[0,0,0],\"r\":[0,0,0],\"s\":[0.1,0.1,0.1],\"c\":[1,1,1]}]}]}"},{"id":"5f21930c11766f3186f93479","def":"{\"v\":9,\"p\":[{\"s\":[{\"p\":[0,0,0],\"r\":[0,0,8.537735E-07],\"s\":[0.1750001,0.175,0.175],\"c\":[1,1,1]}]}]}"}],"serveTime":6}