{"thingDefinitions":[{"id":"5c041ec56c1c68056460bf6e","def":"{\"v\":7,\"p\":[{\"b\":9,\"s\":[{\"p\":[0,0,0],\"r\":[0,0,8.537737E-07],\"s\":[0.1250003,0.1250003,0.1250002],\"c\":[1,1,1]}]}]}"}],"serveTime":4}