{"thingDefinitions":[{"id":"5ce1c3c704545a31e71846b1","def":"{\"v\":9,\"p\":[{\"b\":14,\"s\":[{\"p\":[0,0,0],\"r\":[0,0,0],\"s\":[0.06000001,0.06000015,0.06000007],\"c\":[1,1,1]}]},{\"b\":3,\"s\":[{\"p\":[0.2503027,0.08362681,-0.101922],\"r\":[352.198,37.44681,16.45139],\"s\":[0.125,0.125,0.125],\"c\":[1,1,1]}]}]}"}],"serveTime":4}