{"thingDefinitions":[{"id":"5c4317817b79f3055d24e03a","def":"{\"v\":7,\"p\":[{\"s\":[{\"p\":[0,0,0],\"r\":[0,0,2.134434E-07],\"s\":[0.1750002,0.1750001,0.175],\"c\":[1,1,1]}]},{\"b\":175,\"s\":[{\"p\":[0.118291,0.3629123,0.1452761],\"r\":[26.19479,13.19414,91.0265],\"s\":[0.04500002,0.04500001,0.045],\"c\":[1,1,1]}]},{\"b\":154,\"s\":[{\"p\":[0.07448213,-0.1386755,-0.5442414],\"r\":[59.11265,185.6016,269.7168],\"s\":[0.06999998,0.07000001,0.07000001],\"c\":[1,1,1]}]}]}"}],"serveTime":4}