{"thingDefinitions":[{"id":"5c6b8d026a83931c8fb387ce","def":"{\"n\":\"car\",\"v\":7,\"p\":[{\"b\":45,\"s\":[{\"p\":[0,0,0],\"r\":[0,0,1.707548E-06],\"s\":[0.1250001,0.125,0.125],\"c\":[1,1,1]}]},{\"b\":45,\"s\":[{\"p\":[0.08581331,-0.003038697,-0.09236301],\"r\":[359.5871,273.5529,1.599654],\"s\":[0.1250002,0.1250001,0.1250002],\"c\":[1,1,1]}]}]}"}],"serveTime":5}