{"thingDefinitions":[{"id":"5c29505139f34d317e595e9b","def":"{\"v\":7,\"p\":[{\"b\":9,\"s\":[{\"p\":[0,0,0],\"r\":[0,0,-8.537737E-07],\"s\":[0.125,0.125,0.125],\"c\":[1,1,1]}]},{\"b\":6,\"s\":[{\"p\":[0.1281455,-0.07481025,-0.03982824],\"r\":[324.8951,289.9809,52.03027],\"s\":[0.1250001,0.1250001,0.1250002],\"c\":[1,1,1]}]},{\"b\":11,\"s\":[{\"p\":[0.05671842,0.07399037,-0.07776548],\"r\":[327.6098,292.8476,28.33167],\"s\":[0.1,0.1,0.1],\"c\":[1,1,1]}]},{\"b\":11,\"s\":[{\"p\":[-0.03710783,-0.08583292,0.07103464],\"r\":[311.1947,277.9021,216.3398],\"s\":[0.1000002,0.1000001,0.1000001],\"c\":[1,1,1]}]}]}"}],"serveTime":4}