{"thingDefinitions":[{"id":"593728ba92c4a76413df88a8","def":"{\"n\":\"thing\",\"a\":[4],\"p\":[{\"b\":12,\"s\":[{\"p\":[0,0,0],\"r\":[0,0,0],\"s\":[0.06000004,0.06000005,0.06000009],\"c\":[1,1,1]}]},{\"b\":12,\"s\":[{\"p\":[0.006783895,0.6308904,-0.08663696],\"r\":[326.762,21.17397,351.9097],\"s\":[0.06000004,0.06000004,0.06000007],\"c\":[1,1,1]}]},{\"b\":12,\"s\":[{\"p\":[-0.4329486,0.8015751,-0.1147408],\"r\":[327.5185,312.0575,8.334624],\"s\":[0.06000002,0.06000001,0.06000006],\"c\":[1,1,1]}]},{\"b\":12,\"s\":[{\"p\":[-0.4238853,0.3898849,-0.03522137],\"r\":[354.8017,335.9974,5.209637],\"s\":[0.06000011,0.06000009,0.06000012],\"c\":[1,1,1]}]}]}"}],"serveTime":4}