{"thingDefinitions":[{"id":"5c04182ccbe967055e7cde7f","def":"{\"v\":7,\"p\":[{\"b\":3,\"s\":[{\"p\":[0,0,0],\"r\":[0,0,0],\"s\":[0.125001,0.1250011,0.1250005],\"c\":[1,1,1]}]}]}"}],"serveTime":4}