{"thingDefinitions":[{"id":"5c92a8ea872f93055a31e509","def":"{\"v\":9,\"p\":[{\"s\":[{\"p\":[0,0,0],\"r\":[0,0,0],\"s\":[0.1750001,0.1750003,0.1750004],\"c\":[1,1,1]}]}]}"}],"serveTime":5}