{"thingDefinitions":[{"id":"5d230a0e3d89487882ef9a83","def":"{\"n\":\"ground\",\"v\":9,\"a\":[1],\"p\":[{\"b\":17,\"s\":[{\"p\":[0,0,0],\"r\":[0,0,0],\"s\":[3.363346,0.11062,3.201102],\"c\":[0.9019608,0.8509804,0.7215686]}]}]}"},{"id":"5d230a58568eae06163c7f1e","def":"{\"v\":9,\"p\":[{\"b\":9,\"s\":[{\"p\":[0,0,0],\"r\":[0,0,0],\"s\":[0.1820352,0.1378542,0.1629173],\"c\":[1,1,1]}]},{\"b\":3,\"s\":[{\"p\":[-0.3604228,0.6504877,1.134339],\"r\":[19.03097,317.9321,72.56622],\"s\":[0.3507592,0.6564102,0.8893045],\"c\":[1,1,1]}]},{\"b\":3,\"s\":[{\"p\":[-0.6686569,0.03317952,1.081774],\"r\":[304.7942,350.5252,330.109],\"s\":[0.3507586,0.6564099,0.8893048],\"c\":[1,1,1]}]}]}"}],"serveTime":5}