{"thingDefinitions":[{"id":"5a06ebc74f18b0790e41a6a5","def":"{\"n\":\"thing\",\"v\":2,\"p\":[{\"b\":6,\"s\":[{\"p\":[0,0,0],\"r\":[0,0,0],\"s\":[0.125,0.125,0.125],\"c\":[1,1,1]}]}]}"},{"id":"5a06ec5b5e78a7850eec86bd","def":"{\"n\":\"thing\",\"v\":2,\"p\":[{\"b\":9,\"s\":[{\"p\":[0.1614951,0.08322161,0.1081189],\"r\":[349.2607,357.0035,26.20392],\"s\":[0.1250007,0.1250007,0.1250007],\"c\":[1,1,1]}]},{\"b\":9,\"s\":[{\"p\":[0.008592926,-0.01623884,0.2622103],\"r\":[341.312,334.4938,23.33718],\"s\":[0.1250005,0.1250004,0.1250001],\"c\":[1,1,1]}]},{\"b\":5,\"s\":[{\"p\":[0.1808235,0.03026004,-0.139862],\"r\":[22.20903,311.7209,38.01849],\"s\":[0.1250004,0.1250003,0.1250003],\"c\":[1,1,1]}]}]}"}],"serveTime":5}