{"thingDefinitions":[{"id":"5c6b44b1d85ae71c83b0e82c","def":"{\"v\":7,\"p\":[{\"b\":9,\"s\":[{\"p\":[0,0,0],\"r\":[0,0,1.707547E-06],\"s\":[0.1250001,0.1250001,0.1250002],\"c\":[1,1,1]}]},{\"b\":9,\"t\":3,\"s\":[{\"p\":[0.4633502,0.02731188,0.07055558],\"r\":[20.85699,74.15748,300.2654],\"s\":[0.1250001,0.1250003,0.1250004],\"c\":[0.1728394,0.1234567,0.5555556]}]},{\"b\":9,\"s\":[{\"p\":[0.3790386,0.537892,0.1050102],\"r\":[14.72864,20.17951,227.0566],\"s\":[0.1250001,0.1250002,0.1250003],\"c\":[0.1728394,0.1234567,0.5555556]}]}]}"}],"serveTime":4}