{"thingDefinitions":[{"id":"5d749b8a309ea4392c5a7639","def":"{\"n\":\"ground\",\"v\":9,\"a\":[1],\"p\":[{\"b\":17,\"c\":[[-0.005,1.623,0.131,699,3,3,3,3,1,3,3,3,3,3,3,3,5,3,3,3,3]],\"s\":[{\"p\":[0,0,0],\"r\":[0,0,0],\"s\":[3.363346,0.11062,3.201102],\"c\":[0.9019608,0.8509804,0.7215686]}]}]}"}],"serveTime":4}