{"thingDefinitions":[{"id":"5c34e1a139f34d317e59618c","def":"{\"v\":7,\"p\":[{\"s\":[{\"p\":[0,0,0],\"r\":[0,0,0],\"s\":[0.1750004,0.1750003,0.1750003],\"c\":[1,1,1]}]}]}"},{"id":"5c34e21439f34d317e59618d","def":"{\"v\":7,\"p\":[{\"s\":[{\"p\":[0,0,0],\"r\":[0,0,0],\"s\":[0.1750003,0.1750003,0.1750002],\"c\":[1,1,1]}]}]}"},{"id":"5c34e22fce390b054f78603d","def":"{\"v\":7,\"p\":[{\"b\":2,\"s\":[{\"p\":[0,0,0],\"r\":[0,0,0],\"s\":[0.1250002,0.1250001,0.1250002],\"c\":[1,1,1]}]}]}"},{"id":"5c34e2c4ce390b054f78603e","def":"{\"v\":7,\"p\":[{\"b\":166,\"s\":[{\"p\":[0,0,0],\"r\":[0,0,0],\"s\":[0.03000004,0.03000002,0.03000001],\"c\":[1,1,1]}]}]}"}],"serveTime":7}