{"thingDefinitions":[{"id":"5bcfff44f393013a06f2b751","def":"{\"v\":7,\"p\":[{\"s\":[{\"p\":[0,0,0],\"r\":[0,0,0],\"s\":[0.175,0.175,0.1750001],\"c\":[1,1,1]}]},{\"b\":9,\"s\":[{\"p\":[-0.3008975,0.1409653,-0.6903495],\"r\":[5.862352,282.8367,335.7279],\"s\":[0.125,0.125,0.125],\"c\":[1,1,1]}]},{\"b\":2,\"s\":[{\"p\":[-0.4914778,0.3328078,-1.173069],\"r\":[299.1547,11.87399,264.5619],\"s\":[0.125,0.1250001,0.125],\"c\":[1,1,1]}]},{\"b\":12,\"s\":[{\"p\":[-0.3189538,0.6051313,-0.3112485],\"r\":[5.913326,231.028,245.6021],\"s\":[0.06000002,0.06000002,0.06000001],\"c\":[1,1,1]}]}]}"}],"serveTime":5}