{"thingDefinitions":[{"id":"5c3e9e7e5606e0255ca68786","def":"{\"v\":7,\"p\":[{\"b\":10,\"s\":[{\"p\":[0,0,0],\"r\":[0,0,0],\"s\":[0.125,0.1250002,0.1250002],\"c\":[1,1,1]}]}]}"}],"serveTime":4}