{"thingDefinitions":[{"id":"5dbf44bc6508a310d89bd5c4","def":"{\"n\":\"ground\",\"v\":9,\"a\":[1],\"p\":[{\"b\":17,\"s\":[{\"p\":[0,0,0],\"r\":[0,0,0],\"s\":[3.363346,0.11062,3.201102],\"c\":[0.9019608,0.8509804,0.7215686]}]},{\"s\":[{\"p\":[-1.521205,1.169963,0.7189399],\"r\":[4.711267,288.3638,85.61402],\"s\":[0.1750001,0.1750001,0.1750001],\"c\":[1,1,1]}]},{\"b\":2,\"s\":[{\"p\":[-1.543108,1.312881,0.7408624],\"r\":[277.3222,328.8032,50.3005],\"s\":[0.125,0.1250001,0.1250001],\"c\":[1,1,1]}]}]}"}],"serveTime":9}