{"thingDefinitions":[{"id":"5ed042ea4a87bd7c812eccc6","def":"{\"v\":9,\"p\":[{\"s\":[{\"p\":[0,0,0],\"r\":[0,0,0],\"s\":[0.1750001,0.1750001,0.1750002],\"c\":[1,1,1]}]}]}"}],"serveTime":6}