{"thingDefinitions":[{"id":"5b71e7acee4d8f368398064c","def":"{\"v\":6,\"p\":[{\"b\":3,\"s\":[{\"p\":[0,0,0],\"r\":[0,0,8.537735E-07],\"s\":[0.1250002,0.1250001,0.1250002],\"c\":[1,1,1]}]}]}"}],"serveTime":5}