{"thingDefinitions":[{"id":"5a05282b3f0ca7400b11f525","def":"{\"n\":\"thing\",\"v\":2,\"a\":[7],\"p\":[{\"b\":5,\"s\":[{\"p\":[0,0,0],\"r\":[0,0,0],\"s\":[59.13193,32.96708,0.125077],\"c\":[0,0.9142855,1]}]},{\"b\":9,\"t\":3,\"a\":[17],\"pr\":52,\"s\":[{\"p\":[2.395796,-2.985219,2.353245],\"r\":[1.707547E-06,270,270],\"s\":[0.1252029,0.1250848,0.1252554],\"c\":[0.9777778,1,0.8888889],\"pr\":{\"c\":[1,0.984127,0.8888889],\"m\":1,\"a\":0.7814132,\"s\":0.07639706,\"z\":1,\"g\":0.2739379,\"h\":0.3900242}}]},{\"b\":9,\"t\":3,\"a\":[17],\"pr\":52,\"s\":[{\"p\":[-1.889784,-4.564442,1.742968],\"r\":[0,90.00001,270],\"s\":[0.1251964,0.125053,0.1251971],\"c\":[0.9777778,1,0.8888889],\"pr\":{\"c\":[1,0.984127,0.8888889],\"m\":1,\"a\":0.7814132,\"s\":0.07639706,\"z\":1,\"g\":0.2739379,\"h\":0.3900242}}]}]}"}],"serveTime":4}