{"thingDefinitions":[{"id":"5d9a3818288c857ffcc86472","def":"{\"v\":9,\"p\":[{\"b\":17,\"a\":[5,8,12],\"s\":[{\"p\":[-0.06936502,0.01175632,-0.007434966],\"r\":[349.6697,355.3967,16.89778],\"s\":[0.06000018,0.06000019,0.06000002],\"c\":[1,1,1],\"b\":[\"when starts then become 1\"]},{\"p\":[0,0,0],\"r\":[0,0,-8.537737E-07],\"s\":[0.06000019,0.06000018,0.06000003],\"c\":[1,1,1]}]}]}"},{"id":"5d9a3871a1cf1e392b56b7fd","def":"{\"v\":9,\"p\":[{\"b\":9,\"a\":[5,11],\"s\":[{\"p\":[0,0,0],\"r\":[0,0,0],\"s\":[0.1250002,0.1250004,0.1250003],\"c\":[0.1142855,1,0],\"b\":[\"when starts then become 1\"]}]}]}"}],"serveTime":7}