{"thingDefinitions":[{"id":"5a11b92ecf4bc0c413425b28","def":"{\"n\":\"thing\",\"v\":2,\"p\":[{\"b\":3,\"s\":[{\"p\":[0,0,0],\"r\":[0,0,0],\"s\":[0.4293296,0.5008228,0.4012376],\"c\":[1,0,0.5142856]}]}]}"}],"serveTime":4}