{"thingDefinitions":[{"id":"5a8b2b5f5ba78bf94ddf8a42","def":"{\"v\":2,\"p\":[{\"b\":9,\"s\":[{\"p\":[0,0,0],\"r\":[0,0,-1.257315E-06],\"s\":[0.1250001,0.1250001,0.125],\"c\":[1,1,1]}]},{\"b\":7,\"s\":[{\"p\":[-0.1247126,-0.0508502,-0.03476338],\"r\":[27.19918,262.7338,62.85947],\"s\":[0.125,0.125,0.125],\"c\":[1,1,1]}]}]}"}],"serveTime":4}