{"thingDefinitions":[{"id":"5ba8efab315e48057b19a245","def":"{\"n\":\"tri barrel\",\"v\":7,\"a\":[2,3,7,18,23],\"p\":[{\"a\":[12],\"i\":[{\"t\":\"5ba3c364b043d505792b14c1\",\"p\":[0.0100298,-0.2383424,0.1070145],\"r\":[90,-5.008955E-06,0],\"a\":[2]}],\"s\":[{\"p\":[0,0,0],\"r\":[0,0,0],\"s\":[0.02843791,0.2047454,0.1750333],\"c\":[1,1,1],\"b\":[\"when told 1 then become untweened next\"]},{\"p\":[0,0,0],\"r\":[358,1.749169E-07,-3.053605E-09],\"s\":[0.0284404,0.04499969,0.1750393],\"c\":[1,1,1],\"b\":[\"when starts then become unsoftened previous\"]}]}]}"}],"serveTime":4}