{"thingDefinitions":[{"id":"5a198b050446572c10b4cdd1","def":"{\"n\":\"leila\",\"v\":2,\"p\":[{\"b\":3,\"s\":[{\"p\":[0,0,0],\"r\":[0,0,0],\"s\":[0.1250002,0.1250001,0.1250002],\"c\":[1,1,1]}]},{\"b\":75,\"s\":[{\"p\":[-0.03107067,-0.01665178,0.08610418],\"r\":[50.45693,76.13264,279.4907],\"s\":[0.07500003,0.07500005,0.07500003],\"c\":[1,1,1]}]},{\"b\":2,\"s\":[{\"p\":[0.09246733,-0.06077753,-0.164838],\"r\":[321.0322,323.4821,24.91863],\"s\":[0.1250002,0.1250004,0.1250003],\"c\":[1,1,1]}]},{\"b\":14,\"s\":[{\"p\":[0.1183718,0.4427338,0.04397324],\"r\":[357.3479,196.7169,164.1406],\"s\":[0.06000014,0.06000011,0.0600001],\"c\":[1,1,1]}]}]}"}],"serveTime":4}