{"thingDefinitions":[{"id":"5dcd43e16508a310d89bdc9d","def":"{\"n\":\"ground\",\"v\":9,\"a\":[1],\"p\":[{\"b\":17,\"s\":[{\"p\":[0,0,0],\"r\":[0,0,0],\"s\":[3.363346,0.11062,3.201102],\"c\":[1,0,0.6857142]}]}]}"},{"id":"5dcd441730c8fa062ed536af","def":"{\"v\":9,\"p\":[{\"b\":14,\"s\":[{\"p\":[-0.08193316,-0.07688035,-0.1833114],\"r\":[331.6841,50.21614,350.6578],\"s\":[0.06000002,0.06000002,0.06000002],\"c\":[1,0,0]}]},{\"b\":9,\"s\":[{\"p\":[0.1281231,-0.01555642,-0.1511547],\"r\":[350.3692,1.520241,27.07293],\"s\":[0.1250001,0.125,0.125],\"c\":[1,0,0.8571426]}]},{\"b\":9,\"s\":[{\"p\":[-0.04482025,0.06593196,0.003297988],\"r\":[3.990392,359.169,7.359696],\"s\":[0.1250003,0.1250003,0.1250001],\"c\":[1,0,0.8571426]}]}]}"}],"serveTime":6}