{"thingDefinitions":[{"id":"5caabd4d1b23f15b6e4d68b6","def":"{\"v\":9,\"p\":[{\"b\":9,\"s\":[{\"p\":[0,0,0],\"r\":[0,0,8.537737E-07],\"s\":[0.1250002,0.125,0.1250002],\"c\":[1,1,1]}]},{\"b\":9,\"s\":[{\"p\":[0.3392953,0.1512968,-0.09549657],\"r\":[348.4218,41.893,308.5854],\"s\":[0.5114576,1.182127,0.2368477],\"c\":[1,1,1]}]}]}"}],"serveTime":9}