{"thingDefinitions":[{"id":"5c9bc55f2ceadd65e1667d6e","def":"{\"v\":9,\"p\":[{\"b\":9,\"a\":[23],\"s\":[{\"p\":[0,0,0],\"r\":[0,0,0],\"s\":[0.01162529,0.01140518,1.112526],\"c\":[1,1,1],\"b\":[\"when touched then propel forward\"]},{\"p\":[0,0,0],\"r\":[0,0,0],\"s\":[0.01162529,0.01140518,1.112526],\"c\":[1,1,1]}]}]}"}],"serveTime":4}