{"thingDefinitions":[{"id":"5c0d4e4afc0b7a053c76bce4","def":"{\"n\":\"hat\",\"v\":7,\"a\":[2,4,12],\"p\":[{\"s\":[{\"p\":[0,0,0],\"r\":[0,0,1.067217E-06],\"s\":[0.5164471,0.6249828,0.4270423],\"c\":[1,1,1]}]}]}"}],"serveTime":4}