{"thingDefinitions":[{"id":"5c28a50ffbe56c6f83fe1a40","def":"{\"v\":7,\"p\":[{\"b\":202,\"s\":[{\"p\":[0.01417395,0.04523643,0.002110849],\"r\":[2.720651,6.619588,357.2203],\"s\":[0.06000528,0.06000846,0.06000535],\"c\":[1,1,1]}]},{\"b\":202,\"s\":[{\"p\":[0.01767714,-0.04831776,-0.003773723],\"r\":[2.720641,6.619588,357.2203],\"s\":[0.0600322,0.004827274,0.06002936],\"c\":[1,1,1]}]}]}"}],"serveTime":5}