{"thingDefinitions":[{"id":"5f713f7ca8c6cc38fed453a4","def":"{\"n\":\"ground\",\"v\":9,\"a\":[1],\"p\":[{\"b\":17,\"s\":[{\"p\":[0,0,0],\"r\":[0,0,0],\"s\":[2500,0.11062,2500],\"c\":[0.9019608,0.8509804,0.7215686]}]}]}"},{"id":"5f71406f84bd4b6e1ce317da","def":"{\"v\":9,\"a\":[7,18],\"p\":[{\"s\":[{\"p\":[0,0,0],\"r\":[0,0,0],\"s\":[14.35216,11.50218,0.2491196],\"c\":[1,1,1]}]},{\"s\":[{\"p\":[-7.043502,0,0],\"r\":[270,180,0],\"s\":[0.1750058,0.1750004,0.1750049],\"c\":[1,1,1]}]},{\"a\":[34],\"s\":[{\"p\":[0,-5.819401,1.356956],\"r\":[270,180,0],\"s\":[14.35333,3.410559,0.1750935],\"c\":[0.6666667,0.2370369,0.148148]}]}]}"}],"serveTime":6}