{"thingDefinitions":[{"id":"5a4b04250f22f4aa134c49f5","def":"{\"n\":\"thing\",\"v\":2,\"p\":[{\"b\":5,\"s\":[{\"p\":[-0.05656574,0.08428688,0.09921191],\"r\":[299.1159,340.7096,354.8028],\"s\":[0.125,0.1250001,0.1250001],\"c\":[1,1,1]}]},{\"b\":11,\"s\":[{\"p\":[0.09684248,-0.08660436,-0.07552317],\"r\":[345.8898,121.3459,16.87936],\"s\":[0.1250003,0.1250003,0.1250002],\"c\":[1,1,1]}]}]}"}],"serveTime":12}