{"thingDefinitions":[{"id":"5a0f870c8a070d2d1cad63d6","def":"{\"n\":\"thing\",\"v\":2,\"p\":[{\"b\":9,\"s\":[{\"p\":[-0.3006028,1.120941,-0.7561578],\"r\":[344.5746,191.2492,180.1666],\"s\":[0.4042705,0.3937997,0.3908879],\"c\":[1,1,1]}]},{\"s\":[{\"p\":[0.05889261,0.9052483,-0.021856],\"r\":[301.5486,21.53122,342.4197],\"s\":[0.3055359,0.7892681,0.1750016],\"c\":[1,1,1]}]}]}"},{"id":"5a0f8798e61c17b8139b4855","def":"{\"n\":\"wow\",\"v\":2,\"p\":[{\"b\":12,\"s\":[{\"p\":[0,0,0],\"r\":[0,0,0],\"s\":[0.1831117,0.06000002,0.1956981],\"c\":[1,1,1]}]}]}"}],"serveTime":5}