{"thingDefinitions":[{"id":"59a21c586dddb69a623fe53d","def":"{\"n\":\"thing\",\"p\":[{\"s\":[{\"p\":[0,0,0],\"r\":[0,0,-1.067217E-06],\"s\":[0.0224151,0.2557831,0.3421866],\"c\":[1,1,1]}]}]}"}],"serveTime":8}