{"thingDefinitions":[{"id":"592f5c5a6c0a4f3310e5351d","def":"{\"n\":\"ground\",\"a\":[1],\"p\":[{\"b\":17,\"s\":[{\"p\":[0,0,0],\"r\":[0,0,0],\"s\":[3.363346,0.11062,3.201102],\"c\":[0.07407401,0.6666667,0.311111]}]}]}"}],"serveTime":5}