{"thingDefinitions":[{"id":"5e6885dd5e6cca1c745bd393","def":"{\"n\":\"ground\",\"v\":9,\"a\":[1,7],\"p\":[{\"s\":[{\"p\":[0,0,0],\"r\":[0,0,0],\"s\":[2500,49.68819,0.001000006],\"c\":[1,0.8380952,0.6666666]}]}]}"},{"id":"5e688920385f7d0d03634a10","def":"{\"v\":9,\"a\":[2,7],\"inc\":[[\"bullet\",\"5e6874365fd9af21efad5bff\"]],\"p\":[{\"s\":[{\"p\":[0,0,0],\"r\":[0,0,0],\"s\":[0.3592927,0.0334407,0.04718482],\"c\":[1,1,1],\"b\":[\"when triggered then emit gravity-free bullet\"]}]}]}"}],"serveTime":5}