{"thingDefinitions":[{"id":"5f2e29483abbca063e913112","def":"{\"v\":9,\"p\":[{\"b\":3,\"s\":[{\"p\":[0,0,0],\"r\":[0,0,0],\"s\":[0.1250013,0.1250007,0.1250013],\"c\":[1,1,1]}]}]}"},{"id":"5f2e299443ec5270f3e3d72f","def":"{\"v\":9,\"p\":[{\"b\":196,\"s\":[{\"p\":[0,0,0],\"r\":[0,0,0],\"s\":[0.06000035,0.06000067,0.06000062],\"c\":[1,1,1]}]}]}"}],"serveTime":5}