{"thingDefinitions":[{"id":"59fc37fed525163a10b340fb","def":"{\"n\":\"thing\",\"v\":2,\"p\":[{\"b\":3,\"s\":[{\"p\":[0,0,0],\"r\":[0,0,0],\"s\":[0.1250004,0.1250005,0.1250005],\"c\":[1,1,1]}]},{\"b\":105,\"e\":\"abc\",\"s\":[{\"p\":[-0.03826302,-0.09274319,-0.3670436],\"r\":[49.38259,19.31352,139.2531],\"s\":[0.003000009,0.003000006,0.003000011],\"c\":[1,1,1]}]}]}"}],"serveTime":5}