{"thingDefinitions":[{"id":"5c1abc1cde1983318581027f","def":"{\"v\":7,\"p\":[{\"s\":[{\"p\":[0.08631991,-0.01425611,-0.009188384],\"r\":[326.9308,311.2114,90.20888],\"s\":[0.1750001,0.1750001,0.175],\"c\":[1,1,1]}]},{\"b\":9,\"s\":[{\"p\":[0.08297668,-0.01008434,-0.009791557],\"r\":[5.955318,1.436167,355.2563],\"s\":[0.1250005,0.1250005,0.1250001],\"c\":[1,1,1]}]}]}"}],"serveTime":5}