{"thingDefinitions":[{"id":"5ab95bb6976a3e0fea3eb8e2","def":"{\"v\":2,\"p\":[{\"b\":9,\"s\":[{\"p\":[0,0,0],\"r\":[0,0,-4.268868E-07],\"s\":[0.125,0.1250001,0.125],\"c\":[1,1,1]}]},{\"b\":5,\"s\":[{\"p\":[-0.2239209,0.1419715,0.05552347],\"r\":[322.9005,261.8715,66.93784],\"s\":[0.125,0.125,0.1250001],\"c\":[1,1,1]}]},{\"b\":17,\"s\":[{\"p\":[0.08807121,0.2529018,0.03465501],\"r\":[26.50517,359.5352,309.6462],\"s\":[0.06000023,0.06000018,0.06000005],\"c\":[1,1,1]}]},{\"b\":17,\"s\":[{\"p\":[-0.442272,0.42211,-0.07968749],\"r\":[359.1775,328.2551,312.533],\"s\":[0.1388736,0.1554832,0.153326],\"c\":[1,1,1]}]}]}"}],"serveTime":4}