{"thingDefinitions":[{"id":"5e490e1e9371bd24d77a8b7d","def":"{\"v\":9,\"p\":[{\"b\":86,\"s\":[{\"p\":[-0.01093574,-0.01974643,-0.003433479],\"r\":[357.6483,356.8665,2.143406],\"s\":[0.07500034,0.0750002,0.07500017],\"c\":[1,1,1]}]},{\"b\":167,\"s\":[{\"p\":[-0.02390204,0.02271953,-0.03243694],\"r\":[345.7514,178.9925,40.95443],\"s\":[0.04500009,0.04500003,0.04500014],\"c\":[1,1,1]}]}]}"},{"id":"5e490e3a9371bd24d77a8b7e","def":"{\"v\":9,\"p\":[{\"b\":12,\"s\":[{\"p\":[0,0,0],\"r\":[0,0,0],\"s\":[0.05999999,0.06000001,0.05999999],\"c\":[1,1,1]}]}]}"},{"id":"5e490e7f6d8eca4f5d1a7336","def":"{\"v\":9,\"tp_m\": 9,\"p\":[{\"s\":[{\"p\":[0,0,0],\"r\":[0,0,-8.537734E-07],\"s\":[0.1750001,0.175,0.1750001],\"c\":[1,1,1]}]}]}"}],"serveTime":8}