{"thingDefinitions":[{"id":"5cb277a4364a29481c936ab1","def":"{\"v\":9,\"a\":[7],\"p\":[{\"s\":[{\"p\":[-0.01387333,0.04249167,0.3347292],\"r\":[0,0,0],\"s\":[1.747451,0.1750981,0.1750698],\"c\":[0.09876534,0.8888889,0.8211641]}]},{\"c\":[[-0.5495284,-0.5291684,0.557642,1,13,2]],\"s\":[{\"p\":[-0.1785612,0.003559619,-0.1597725],\"r\":[0,0,0],\"s\":[1.747195,0.1750724,0.1750683],\"c\":[0.8663138,0.09876534,0.8888889]}]}]}"}],"serveTime":5}