{"thingDefinitions":[{"id":"5cb62cc22f5151055b87307d","def":"{\"v\":9,\"a\":[7],\"p\":[{\"t2\":38,\"s\":[{\"p\":[1.257611,-0.01073253,-0.2969841],\"r\":[0,1.001791E-05,0],\"s\":[0.001,3.055634,8.600558],\"c\":[0.4444443,0.3485007,0.2469135],\"t2\":{\"c\":[0.3333333,0.2603174,0.2222221],\"x\":0.5,\"y\":0.5,\"a\":0.8925,\"m\":0,\"n\":0,\"r\":0,\"g\":0,\"o\":0.5,\"t\":0.5,\"e\":0.5}}]},{\"t2\":38,\"s\":[{\"p\":[-0.6406291,1.173816,1.498016],\"r\":[5.008957E-06,180,0],\"s\":[0.2084948,3.901215,8.603131],\"c\":[0.4444443,0.3485007,0.2469135],\"t2\":{\"c\":[0.3333333,0.2603174,0.2222221],\"x\":0.5,\"y\":0.5,\"a\":0.8925,\"m\":0,\"n\":0,\"r\":0,\"g\":0,\"o\":0.5,\"t\":0.5,\"e\":0.5}}]}]}"}],"serveTime":4}