{"thingDefinitions":[{"id":"5e93c3d098fd80704b25cb87","def":"{\"v\":9,\"a\":[4],\"p\":[{\"b\":151,\"t\":1,\"s\":[{\"p\":[0,0,0],\"r\":[0,0,0],\"s\":[0.06000019,0.06000032,0.06000016],\"c\":[1,0.1714285,0]}]},{\"b\":151,\"s\":[{\"p\":[0.4475787,-0.003202841,0.146496],\"r\":[6.76651,310.5619,105.769],\"s\":[0.06000018,0.0600001,0.06000008],\"c\":[1,1,1]}]}]}"}],"serveTime":5}