{"thingDefinitions":[{"id":"5aea59085046f90f78c74b7d","def":"{\"v\":4,\"a\":[7],\"p\":[{\"b\":52,\"a\":[3],\"t2\":167,\"s\":[{\"p\":[0,0,0],\"r\":[0,0,0],\"s\":[0.6529213,0.1140494,0.6528943],\"c\":[0.6285716,0,1],\"t2\":{\"c\":[0.2857141,1,0],\"a\":0.75}}]}]}"},{"id":"5aea61350ddb930f7eeef15b","def":"{\"n\":\"skybox\",\"v\":4,\"a\":[36,37],\"p\":[{\"b\":9,\"t\":21,\"a\":[16,17,23,24,29],\"pr\":34,\"t1\":60,\"t2\":59,\"s\":[{\"p\":[0,0,0],\"r\":[0,0,0],\"s\":[0.2597107,0.236097,0.2259953],\"c\":[0,0,0],\"t1\":{\"c\":[1,1,1],\"x\":0.5,\"y\":0.5,\"a\":0.8925,\"m\":0,\"n\":0,\"r\":0,\"g\":0,\"o\":0.5,\"t\":0.5,\"e\":0.5},\"t2\":{\"c\":[1,1,1],\"x\":0.5,\"y\":0.5,\"a\":1,\"m\":0.0301789,\"n\":0.2187824,\"r\":0,\"g\":0.141373,\"o\":0.5,\"t\":0.5,\"e\":0.5},\"pr\":{\"c\":[1,1,1],\"m\":0.25,\"a\":0.25,\"s\":0,\"z\":0.25,\"g\":0.5,\"h\":0.25}}]}]}"},{"id":"5aea5fffcf31df309487142b","def":"{\"n\":\"laser bolt\",\"v\":4,\"p\":[{\"b\":14,\"t\":21,\"s\":[{\"p\":[0,0,0],\"r\":[0,0,1.707547E-06],\"s\":[0.06000004,0.06000004,0.06000001],\"c\":[1,0,0],\"b\":[\"when touched then destroy all parts\"]}]}]}"}],"serveTime":6}