{"thingDefinitions":[{"id":"59c50245358783f2136e8209","def":"{\"n\":\"thing\",\"p\":[{\"b\":9,\"s\":[{\"p\":[0,0,0],\"r\":[0,0,8.537737E-07],\"s\":[0.1250002,0.1312351,0.1250002],\"c\":[1,1,1]}]},{\"b\":12,\"s\":[{\"p\":[-0.3045803,0.0205958,-0.4166295],\"r\":[39.62855,264.9493,305.4924],\"s\":[0.06000057,0.06000001,0.06000056],\"c\":[1,1,1]}]},{\"b\":66,\"s\":[{\"p\":[0.4262637,0.2995539,0.0257045],\"r\":[45.62924,189.177,14.95301],\"s\":[0.125,0.1250001,0.1250001],\"c\":[1,1,1]}]}]}"}],"serveTime":5}