{"thingDefinitions":[{"id":"5bc6998b747e663b918ac034","def":"{\"v\":7,\"a\":[2,3,4,9,17,49,50],\"tp_m\": 0.5,\"p\":[{\"b\":247,\"s\":[{\"p\":[-0.06645498,0.06892338,-0.01729077],\"r\":[356.949,354.9286,344.771],\"s\":[0.2300024,0.2300026,0.2300011],\"c\":[1,1,1]}]},{\"b\":250,\"s\":[{\"p\":[0.1121065,0.08070647,0.2136208],\"r\":[295.2176,120.4194,285.1812],\"s\":[0.2400005,0.2400004,0.2400004],\"c\":[1,1,1]}]}]}"},{"id":"5bc69b3283d5ad6359ec0ada","def":"{\"v\":7,\"p\":[{\"b\":247,\"s\":[{\"p\":[0,0,0],\"r\":[0,0,0],\"s\":[0.23,0.23,0.23],\"c\":[1,1,1]}]}]}"}],"serveTime":17}