{"thingDefinitions":[{"id":"5b2fde310269c871b3e1b871","def":"{\"v\":5,\"p\":[{\"b\":6,\"s\":[{\"p\":[0,0,0],\"r\":[0,0,0],\"s\":[0.125,0.1250001,0.1250001],\"c\":[1,1,1]}]}]}"}],"serveTime":5}