{"thingDefinitions":[{"id":"5daf2416d900cc23d76b4784","def":"{\"v\":9,\"a\":[7],\"p\":[{\"b\":179,\"s\":[{\"p\":[0,0,0],\"r\":[0,0,0],\"s\":[23.70486,3.175672,1.80644],\"c\":[1,1,1]}]}]}"},{"id":"5daf2538c13596062e9769bb","def":"{\"v\":9,\"a\":[31],\"p\":[{\"b\":179,\"s\":[{\"p\":[0,0,0],\"r\":[0,0,0],\"s\":[1.221853,4.115973,2.747965],\"c\":[1,1,1]}]}]}"}],"serveTime":7}