{"thingDefinitions":[{"id":"5ba89f1c939996499559f283","def":"{\"v\":7,\"p\":[{\"b\":75,\"s\":[{\"p\":[-0.2415486,0.1323537,0.1424826],\"r\":[65.87724,56.75745,305.1288],\"s\":[0.07500005,0.07500008,0.07500002],\"c\":[0,1,1]}]},{\"b\":3,\"s\":[{\"p\":[-0.1856229,0.143635,0.1129816],\"r\":[352.5412,326.8531,9.715834],\"s\":[0.1250001,0.1250005,0.1250002],\"c\":[0,1,1]}]}]}"}],"serveTime":5}