{"thingDefinitions":[{"id":"5c23cb94ad6b9c6e49e2c4c5","def":"{\"v\":7,\"p\":[{\"b\":11,\"s\":[{\"p\":[0.3447067,0.3692444,-0.05164999],\"r\":[5.482162,337.5138,51.35795],\"s\":[0.1,0.1,0.1000001],\"c\":[1,1,1]}]},{\"b\":9,\"s\":[{\"p\":[-0.2411678,0.06543228,-0.2579498],\"r\":[18.1694,337.4915,328.0423],\"s\":[0.1250003,0.1250004,0.1250002],\"c\":[1,1,1]}]},{\"b\":9,\"s\":[{\"p\":[0.0712187,0.2768942,-0.04428064],\"r\":[356.347,13.09472,353.3896],\"s\":[0.1250003,0.09914023,0.1226331],\"c\":[1,1,1]}]}]}"}],"serveTime":6}