{"thingDefinitions":[{"id":"5bf096771fa21763f2eb690f","def":"{\"v\":7,\"p\":[{\"b\":5,\"s\":[{\"p\":[0,0,0],\"r\":[0,0,0],\"s\":[0.01157104,0.01036414,1.016152],\"c\":[1,1,1]}]},{\"b\":5,\"s\":[{\"p\":[0.3866244,-0.290521,0.3738696],\"r\":[3.20801,3.751035,46.3323],\"s\":[0.3547247,0.412018,0.03873687],\"c\":[1,1,1]}]}]}"}],"serveTime":5}