{"thingDefinitions":[{"id":"5e80e876bc001440f2d1c2b4","def":"{\"n\":\"ground\",\"v\":9,\"p\":[{\"b\":17,\"s\":[{\"p\":[0,0,0],\"r\":[0,0,-1.334021E-08],\"s\":[3.363346,0.11062,3.201102],\"c\":[0.9019608,0.8509804,0.7215686]}]}]}"}],"serveTime":4}