{"thingDefinitions":[{"id":"5c7348a72ce82e0e83d117ca","def":"{\"v\":7,\"p\":[{\"b\":11,\"s\":[{\"p\":[0,0,0],\"r\":[0,0,0],\"s\":[0.1000002,0.1000003,0.1000003],\"c\":[1,1,1]}]},{\"s\":[{\"p\":[-0.001846908,0.1039353,-0.1621489],\"r\":[359.9716,3.427816,275.1322],\"s\":[0.1750001,0.1750001,0.175],\"c\":[1,1,1]}]},{\"b\":5,\"s\":[{\"p\":[-0.5043451,0.4623765,0.1411876],\"r\":[38.88449,8.906581,263.9172],\"s\":[0.1000001,0.1000001,0.1000001],\"c\":[1,1,1]}]},{\"b\":9,\"s\":[{\"p\":[0.6837669,-0.01469284,-0.3191793],\"r\":[4.854053,122.2435,9.542463],\"s\":[0.1250001,0.1250001,0.1250001],\"c\":[1,1,1]}]}]}"}],"serveTime":6}