{"thingDefinitions":[{"id":"5f4e132b87268606129e4c93","def":"{\"v\":9,\"p\":[{\"b\":3,\"s\":[{\"p\":[0,0,0],\"r\":[0,0,-8.537735E-07],\"s\":[0.2741412,0.3017894,0.4136238],\"c\":[1,1,1]}]}]}"}],"serveTime":4}