{"thingDefinitions":[{"id":"5c40fa076da22f583573169f","def":"{\"n\":\"ground\",\"v\":7,\"a\":[1,7,18],\"p\":[{\"b\":17,\"s\":[{\"p\":[0,0,0],\"r\":[0,0,0],\"s\":[873.3243,0.5038972,101.4456],\"c\":[0.9019608,0.8509804,0.7215686]}]}]}"},{"id":"5e085457f5e57c53555569c2","def":"{\"v\":9,\"a\":[2,9],\"tp_m\": 3,\"p\":[{\"b\":9,\"a\":[8,10,14,18,21,22,39],\"s\":[{\"p\":[0.1385321,-0.2221857,0.07080081],\"r\":[72.12363,128.5422,30.66299],\"s\":[0.125,0.1250001,0.1250001],\"c\":[1,1,1]}]},{\"b\":3,\"s\":[{\"p\":[0.09462762,-0.04814874,0.1057768],\"r\":[72.12364,128.5422,30.66295],\"s\":[0.1981982,0.1981985,0.1981982],\"c\":[1,1,1],\"b\":[\"when touched then play doorbell with 50% \"]}]}]}"}],"serveTime":6}