{"thingDefinitions":[{"id":"5bf3c6841171b2645973663e","def":"{\"n\":\"ground\",\"v\":7,\"a\":[1],\"p\":[{\"b\":17,\"s\":[{\"p\":[0,0,0],\"r\":[0,0,0],\"s\":[3.363346,0.11062,3.201102],\"c\":[0.9019608,0.8509804,0.7215686]}]},{\"b\":17,\"s\":[{\"p\":[3.846749,0.1577164,-2.149325],\"r\":[25.60072,75.0349,358.8586],\"s\":[0.8778365,0.7830024,0.7131722],\"c\":[1,1,1]}]}]}"}],"serveTime":4}