{"thingDefinitions":[{"id":"5c2bfea4ea1f546e4855e32a","def":"{\"v\":7,\"p\":[{\"b\":2,\"s\":[{\"p\":[0,0,0],\"r\":[0,0,0],\"s\":[0.1250001,0.1250001,0.1250001],\"c\":[1,1,1]}]}]}"}],"serveTime":6}