{"thingDefinitions":[{"id":"59b174d77ea8cbb61398eb52","def":"{\"n\":\"mega buster\",\"p\":[{\"b\":3,\"s\":[{\"p\":[0.3082017,0.2706448,0.2049242],\"r\":[323.5228,283.171,132.611],\"s\":[0.1221735,0.220359,0.1281175],\"c\":[0,0.05714257,1]}]},{\"b\":5,\"s\":[{\"p\":[0.2283021,0.1918381,0.1227778],\"r\":[318.2977,32.97739,110.4405],\"s\":[0.04105099,0.04082993,0.2406676],\"c\":[0,0.05714257,1]}]},{\"t\":4,\"s\":[{\"p\":[0.3608599,0.2680754,0.1087821],\"r\":[49.83583,60.77806,197.9522],\"s\":[0.03965943,0.183698,0.06433064],\"c\":[0.9714286,1,0]}]},{\"b\":3,\"t\":4,\"s\":[{\"p\":[0.1887488,0.1278493,0.06199875],\"r\":[334.4628,111.5081,68.25542],\"s\":[0.0266424,0.02322192,0.02497838],\"c\":[0.9714286,1,0]}]}]}"}],"serveTime":5}