{"thingDefinitions":[{"id":"5b8da9ca3b16626013788039","def":"{\"v\":6,\"p\":[{\"b\":3,\"s\":[{\"p\":[0,0,0],\"r\":[0,0,-8.537737E-07],\"s\":[0.125,0.125,0.125],\"c\":[1,1,1]}]}]}"},{"id":"5b8dab4a62c06c60010c3869","def":"{\"v\":6,\"p\":[{\"b\":173,\"s\":[{\"p\":[-0.5779,-0.007672548,0.001410246],\"r\":[73.85431,14.06713,18.03721],\"s\":[0.04500001,0.04500002,0.04500002],\"c\":[1,1,1]}]},{\"b\":14,\"s\":[{\"p\":[-0.7261981,-0.08034784,-0.121911],\"r\":[348.7482,353.8102,282.1988],\"s\":[0.03541405,0.06795432,0.03750241],\"c\":[1,1,1]}]},{\"b\":68,\"s\":[{\"p\":[-0.5462689,0.001309067,-0.1683336],\"r\":[348.6537,355.4854,12.33965],\"s\":[0.1000001,0.1000001,0.1000001],\"c\":[1,1,1]}]}]}"}],"serveTime":5}