{"thingDefinitions":[{"id":"5c9a97f9cb37be056675d799","def":"{\"v\":9,\"p\":[{\"s\":[{\"p\":[0,0,0],\"r\":[0,0,8.537735E-07],\"s\":[0.1750001,0.1750001,0.1750001],\"c\":[1,1,1]}]},{\"b\":9,\"s\":[{\"p\":[-0.3267657,0.1166217,0.02966033],\"r\":[352.22,298.6651,20.84496],\"s\":[0.125,0.125,0.125],\"c\":[1,1,1]}]},{\"b\":12,\"s\":[{\"p\":[-0.2310431,-0.1935774,-0.5311915],\"r\":[77.87984,178.7142,288.0271],\"s\":[0.06000001,0.06,0.06000001],\"c\":[1,1,1]}]}]}"}],"serveTime":4}