{"thingDefinitions":[{"id":"5bde4c21d2760b5a33b9ac44","def":"{\"v\":7,\"p\":[{\"s\":[{\"p\":[0,0,0],\"r\":[0,0,0],\"s\":[0.07521348,0.005394435,0.6609347],\"c\":[1,1,1]}]},{\"s\":[{\"p\":[0.001305738,0.0003891289,-0.3061912],\"r\":[1.454054,2.708445,359.8681],\"s\":[0.2224156,0.04389306,0.06402317],\"c\":[1,1,1]}]},{\"b\":183,\"s\":[{\"p\":[0.002508811,-0.005209327,-0.3806809],\"r\":[88.69539,22.41213,23.89696],\"s\":[0.01755607,0.03566824,0.01117848],\"c\":[1,1,1]}]}]}"}],"serveTime":4}