{"thingDefinitions":[{"id":"5b6d08241932aa07248901ab","def":"{\"n\":\"ground\",\"v\":6,\"a\":[1],\"p\":[{\"b\":17,\"s\":[{\"p\":[0,0,0],\"r\":[0,0,0],\"s\":[156.2824,0.11062,58.19876],\"c\":[0.9019608,0.8509804,0.7215686]}]}]}"},{"id":"5b7d0eb72f0ce47ae2901c3d","def":"{\"v\":6,\"a\":[7,18,21],\"p\":[{\"b\":52,\"s\":[{\"p\":[0,0,0],\"r\":[0,0,0],\"s\":[1.199716,0.08623072,1.199633],\"c\":[1,1,1]}]}]}"}],"serveTime":5}