{"thingDefinitions":[{"id":"5be34aa5a655210549c93ebd","def":"{\"v\":7,\"p\":[{\"a\":[1,4,27,35],\"s\":[{\"p\":[0,0,0],\"r\":[0,0,0],\"s\":[2.439512,0.2024529,1.471459],\"c\":[1,1,1]}]},{\"s\":[{\"p\":[0.1477547,0.1239779,-0.6723786],\"r\":[1.843403,359.5535,1.737458],\"s\":[0.1750005,0.1750003,0.1750004],\"c\":[1,1,1]}]},{\"s\":[{\"p\":[0.3037035,0.8198395,0.04847926],\"r\":[3.142419,358.4069,53.28418],\"s\":[0.1750003,0.1750003,0.1750003],\"c\":[1,1,1]}]}]}"},{"id":"5be34ed8942c100551c9dc4b","def":"{\"v\":7,\"a\":[1,24],\"bod\":{},\"p\":[{\"b\":6,\"t1\":19,\"s\":[{\"p\":[0,0,0],\"r\":[0,0,0],\"s\":[0.03478866,0.03344224,0.02757523],\"c\":[0,0,0],\"t1\":{\"c\":[0,0.9142855,1],\"x\":0.17,\"y\":0.17,\"a\":0.8925,\"m\":0.5,\"n\":0.5,\"r\":0,\"g\":0,\"o\":0.5,\"t\":0.5,\"e\":0.5}}]}]}"}],"serveTime":5}