{"thingDefinitions":[{"id":"5cdd5d77ba93cc529e907a41","def":"{\"n\":\"ground\",\"v\":9,\"a\":[1,7],\"p\":[{\"b\":17,\"s\":[{\"p\":[0,0,0],\"r\":[0,0,0],\"s\":[3.363359,0.1106201,3.201107],\"c\":[0.9019608,0.8509804,0.7215686]},{\"p\":[0,0,0],\"r\":[0,0,0],\"s\":[3.363359,0.1106201,3.201107],\"c\":[0.9019608,0.8509804,0.7215686]},{\"p\":[0,0,0],\"r\":[0,0,0],\"s\":[3.363359,0.1106201,3.201107],\"c\":[0.9019608,0.8509804,0.7215686]}]},{\"b\":3,\"s\":[{\"p\":[2.248151,1.417145,-0.1909404],\"r\":[270,1.151484E-12,0],\"s\":[0.125007,0.1250051,0.1250054],\"c\":[1,1,1]}]}]}"}],"serveTime":4}