{"thingDefinitions":[{"id":"5c6712713a80110abf308d70","def":"{\"v\":7,\"p\":[{\"b\":3,\"s\":[{\"p\":[0,0,0],\"r\":[0,0,0],\"s\":[0.1250002,0.125,0.1250002],\"c\":[1,1,1]}]}]}"}],"serveTime":4}