{"thingDefinitions":[{"id":"5cbaca86346d3c790675d6bf","def":"{\"v\":9,\"p\":[{\"b\":9,\"s\":[{\"p\":[0,0,0],\"r\":[0,0,-1.707547E-06],\"s\":[0.1250003,0.1250003,0.125],\"c\":[1,1,1]}]},{\"b\":9,\"s\":[{\"p\":[-0.1326202,0.6540798,-0.009573191],\"r\":[312.2109,334.2538,23.01019],\"s\":[0.1250002,0.1250002,0.125],\"c\":[1,1,1]}]}]}"}],"serveTime":5}