{"thingDefinitions":[{"id":"5eb5e568dbb7b406267b0686","def":"{\"n\":\"ground\",\"v\":9,\"a\":[1],\"p\":[{\"b\":17,\"c\":[[-0.445,8.115,-0.139,0,7,51],[-0.361,-26.258,-0.254,5,52,5]],\"s\":[{\"p\":[0,0,0],\"r\":[0,0,0],\"s\":[3.363346,0.11062,3.201102],\"c\":[0.9019608,0.8509804,0.7215686]},{\"p\":[0,0,0],\"r\":[0,0,0],\"s\":[3.363346,0.11062,3.201102],\"c\":[0.9019608,0.8509804,0.7215686]},{\"p\":[0,0,0],\"r\":[0,0,0],\"s\":[3.363346,0.00665354,2.955999],\"c\":[0.9019608,0.8509804,0.7215686]}]}]}"}],"serveTime":4}