{"thingDefinitions":[{"id":"5c761ed9ca2dee2070496ca9","def":"{\"v\":7,\"p\":[{\"b\":9,\"s\":[{\"p\":[0,0,0],\"r\":[0,0,0],\"s\":[0.125,0.1250001,0.1250001],\"c\":[1,1,1]}]}]}"},{"id":"5c761f9856ab02515a061f3b","def":"{\"v\":7,\"p\":[{\"b\":14,\"s\":[{\"p\":[0,0,0],\"r\":[0,0,8.537737E-07],\"s\":[0.05999999,0.06000004,0.06000001],\"c\":[1,1,1]}]}]}"}],"serveTime":6}