{"thingDefinitions":[{"id":"5e23cf0cf349cf24dd87b103","def":"{\"n\":\"ground\",\"v\":9,\"a\":[1],\"p\":[{\"b\":17,\"s\":[{\"p\":[0,0,0],\"r\":[0,0,0],\"s\":[3.363346,0.11062,3.201102],\"c\":[0.9019608,0.8509804,0.7215686]}]},{\"s\":[{\"p\":[-0.05141598,1.000332,4.516858],\"r\":[329.4253,65.02499,353.5569],\"s\":[0.1750001,0.1750003,0.1750003],\"c\":[1,1,1]}]},{\"s\":[{\"p\":[-0.2024184,0.9909295,4.737315],\"r\":[333.2518,35.23346,346.649],\"s\":[0.175,0.1750001,0.1750001],\"c\":[1,1,1]}]}]}"}],"serveTime":4}