{"thingDefinitions":[{"id":"5c310ee1fbec9a3178ec6991","def":"{\"v\":7,\"p\":[{\"b\":12,\"s\":[{\"p\":[0,0,0],\"r\":[0,0,0],\"s\":[12.81879,2.351322,194.0434],\"c\":[1,1,1]}]},{\"b\":3,\"s\":[{\"p\":[20.47015,2.148563,4.392796],\"r\":[340.568,123.2671,269.6638],\"s\":[0.1250007,0.5467607,0.125001],\"c\":[1,1,1]}]},{\"b\":3,\"s\":[{\"p\":[20.12639,1.956852,5.33693],\"r\":[323.4671,339.694,122.1843],\"s\":[0.1250004,0.5467598,0.1250007],\"c\":[1,1,1]}]}]}"}],"serveTime":4}