{"thingDefinitions":[{"id":"5bc7844b21e2b9274f86ff0c","def":"{\"v\":7,\"p\":[{\"s\":[{\"p\":[0,0,0],\"r\":[0,0,-4.002064E-08],\"s\":[0.1750002,0.1750002,0.175],\"c\":[0,0.05714257,1]}]}]}"},{"id":"5bdc72de67f0295a3f6e3809","def":"{\"v\":7,\"a\":[7],\"p\":[{\"s\":[{\"p\":[0,0,0],\"r\":[0,0,0],\"s\":[120.6178,0.001000023,236.2302],\"c\":[1,1,1]}]}]}"},{"id":"5c2555ecad6b9c6e49e2c513","def":"{\"v\":7,\"p\":[{\"s\":[{\"p\":[0,0,0],\"r\":[0,0,0],\"s\":[0.1750002,0.1750002,0.1750003],\"c\":[1,1,1]}]}]}"}],"serveTime":8}