{"thingDefinitions":[{"id":"5bcf03959608a533b3b30938","def":"{\"v\":7,\"p\":[{\"s\":[{\"p\":[0,0,0],\"r\":[0,0,0],\"s\":[0.1750009,0.1750004,0.1750005],\"c\":[0.1142857,0,1]}]},{\"s\":[{\"p\":[-0.4075693,0.1122914,0.04578969],\"r\":[357.5097,358.4986,335.2079],\"s\":[0.1750011,0.1750005,0.1750006],\"c\":[0.1142857,0,1]}]},{\"s\":[{\"p\":[-0.1668555,0.1478466,-0.0004519969],\"r\":[356.333,2.844599,336.4563],\"s\":[0.1750031,0.1750016,0.1750021],\"c\":[0.1142857,0,1]}]}]}"}],"serveTime":5}