{"thingDefinitions":[{"id":"5c6011fd6a1f8d055348dae4","def":"{\"v\":7,\"p\":[{\"b\":3,\"s\":[{\"p\":[0,0,0],\"r\":[0,0,0],\"s\":[0.125,0.125,0.125],\"c\":[1,1,1]}]},{\"b\":16,\"s\":[{\"p\":[-0.004272987,0.0363256,-0.03746935],\"r\":[293.2042,354.5619,9.587547],\"s\":[0.03415382,0.1000002,0.007711996],\"c\":[1,1,1]}]}]}"}],"serveTime":5}