{"thingDefinitions":[{"id":"5c61b4b4a05d6b05579608af","def":"{\"v\":7,\"p\":[{\"s\":[{\"p\":[0,0,0],\"r\":[0,0,0],\"s\":[0.175,0.1750002,0.01988746],\"c\":[0.4599646,0.8888889,0.09876534]}]}]}"}],"serveTime":6}