{"thingDefinitions":[{"id":"5ba56f0603fa8666dc276610","def":"{\"n\":\"ground\",\"v\":7,\"a\":[1],\"p\":[{\"b\":17,\"s\":[{\"p\":[0,0,0],\"r\":[0,0,4.268868E-07],\"s\":[3.350572,0.1106201,3.201116],\"c\":[0.9019608,0.8509804,0.7215686]}]}]}"}],"serveTime":4}