{"thingDefinitions":[{"id":"5e0d91827024472b8c3a27d0","def":"{\"n\":\"ground\",\"v\":9,\"p\":[{\"b\":17,\"s\":[{\"p\":[0,0,0],\"r\":[0,0,0],\"s\":[4.065815,0.11062,3.201102],\"c\":[0.9019608,0.8509804,0.7215686]}]}]}"},{"id":"5e0d91dc3aee992a4f6ecf0d","def":"{\"v\":9,\"p\":[{\"b\":251,\"s\":[{\"p\":[0,0,0],\"r\":[0,0,-1.067217E-06],\"s\":[0.2400009,0.2400008,0.2400009],\"c\":[1,1,1]}]}]}"}],"serveTime":6}