{"thingDefinitions":[{"id":"5c41dbb96da22f58357316d1","def":"{\"v\":7,\"p\":[{\"s\":[{\"p\":[0,0,0],\"r\":[0,0,2.134434E-07],\"s\":[0.1750001,0.1750003,0.1750004],\"c\":[1,1,1]}]}]}"}],"serveTime":5}