{"thingDefinitions":[{"id":"5f80463a22f2a2631937beb2","def":"{\"v\":9,\"p\":[{\"b\":5,\"s\":[{\"p\":[0,0,0],\"r\":[0,0,-3.415094E-06],\"s\":[0.1000004,0.1000004,0.1000003],\"c\":[1,1,1]}]}]}"}],"serveTime":4}