{"thingDefinitions":[{"id":"5a5cd385a31ef35514daef9d","def":"{\"n\":\"thing\",\"v\":2,\"p\":[{\"s\":[{\"p\":[0,0,0],\"r\":[0,0,0],\"s\":[28.88726,4.214971,0.1803714],\"c\":[0.7777778,0.691358,0.7209877]}]}]}"}],"serveTime":4}