{"thingDefinitions":[{"id":"5c3e9c0e27012425550d2ec2","def":"{\"v\":7,\"p\":[{\"s\":[{\"p\":[0,0,0],\"r\":[0,0,0],\"s\":[0.1750002,0.1750002,0.1750002],\"c\":[1,1,1]}]}]}"},{"id":"5c3e9d921a7fe9055341c6ba","def":"{\"v\":7,\"a\":[2,15],\"p\":[{\"s\":[{\"p\":[0,0,0],\"r\":[0,0,0],\"s\":[0.1750002,0.1750002,0.1750002],\"c\":[1,1,1]}]}]}"},{"id":"5c3e9c6ad02855582f95173f","def":"{\"v\":7,\"p\":[{\"b\":5,\"s\":[{\"p\":[0,0,0],\"r\":[0,0,0],\"s\":[0.1000001,0.1000001,0.1000001],\"c\":[1,1,1]}]},{\"b\":2,\"s\":[{\"p\":[0.00345403,0.1469962,0.0622903],\"r\":[310.8746,30.18648,326.1203],\"s\":[0.1250001,0.1250001,0.1250001],\"c\":[1,1,1]}]}]}"}],"serveTime":7}