{"thingDefinitions":[{"id":"5b62e3e77c8c2d4ac6fe3c83","def":"{\"v\":6,\"p\":[{\"b\":10,\"s\":[{\"p\":[0,0,0],\"r\":[0,0,0],\"s\":[0.125,0.125,0.125],\"c\":[1,1,1]}]},{\"b\":10,\"s\":[{\"p\":[0.1478635,0.08047535,-0.02489367],\"r\":[0.61721,21.06336,350.705],\"s\":[0.1250002,0.1250001,0.1250002],\"c\":[1,1,1]}]},{\"b\":14,\"s\":[{\"p\":[0.03655734,0.1199472,0.1258289],\"r\":[324.3418,340.7509,14.07738],\"s\":[0.06000001,0.06000005,0.06000005],\"c\":[1,1,1]}]}]}"}],"serveTime":5}