{"thingDefinitions":[{"id":"5aac7f5961d1c21b8b64843c","def":"{\"v\":2,\"p\":[{\"s\":[{\"p\":[-0.06060261,1.048718,-1.16757],\"r\":[318.1835,165.6835,186.9608],\"s\":[0.1750006,1.104061,1.116104],\"c\":[1,1,1]}]}]}"}],"serveTime":5}