{"thingDefinitions":[{"id":"5d380e7f2841bd79303aaa7f","def":"{\"v\":9,\"p\":[{\"s\":[{\"p\":[0,0,0],\"r\":[0,0,1.345694E-06],\"s\":[0.1750001,0.1750001,0.175],\"c\":[1,1,1]}]},{\"s\":[{\"p\":[-0.05730823,0.3190072,0.0493446],\"r\":[313.6327,323.7378,51.57263],\"s\":[0.175,0.1750001,0.1750001],\"c\":[1,1,1]}]},{\"s\":[{\"p\":[-0.1359327,0.722326,-0.2555048],\"r\":[296.6813,242.8025,131.5252],\"s\":[0.1750003,0.1750003,0.1750004],\"c\":[1,1,1]}]},{\"s\":[{\"p\":[-0.1923662,0.9067482,-0.5655085],\"r\":[346.8243,189.9865,178.0098],\"s\":[0.1750002,0.1750002,0.1750003],\"c\":[1,1,1]}]}]}"}],"serveTime":6}