{"thingDefinitions":[{"id":"5cd9fbd11574305d9ef98111","def":"{\"n\":\"ground\",\"v\":9,\"a\":[1],\"p\":[{\"b\":17,\"s\":[{\"p\":[0,0,0],\"r\":[0,0,0],\"s\":[3.363346,0.11062,3.201102],\"c\":[0.9019608,0.8509804,0.7215686]}]},{\"s\":[{\"p\":[-0.9791796,1.656207,-0.378064],\"r\":[29.48749,276.9493,348.4117],\"s\":[0.1750003,0.1750001,0.1750002],\"c\":[1,1,1],\"b\":[\"when touched then play button click\"]}]}]}"}],"serveTime":5}