{"thingDefinitions":[{"id":"5a410d0255787584137bd1e6","def":"{\"n\":\"thing\",\"v\":2,\"p\":[{\"s\":[{\"p\":[0,0,0],\"r\":[0,0,0],\"s\":[0.1750011,0.175001,0.175001],\"c\":[1,1,1]}]}]}"}],"serveTime":4}