{"thingDefinitions":[{"id":"5ac1fda59d5552100618e642","def":"{\"v\":2,\"d\":\"'.\",\"a\":[1],\"p\":[{\"b\":9,\"s\":[{\"p\":[0,0,0],\"r\":[0,0,-8.537735E-07],\"s\":[0.125,0.1250001,0.1250001],\"c\":[1,1,1]}]},{\"b\":14,\"s\":[{\"p\":[0.07365192,-0.1745756,-0.1570531],\"r\":[318.8893,336.8903,28.70202],\"s\":[0.06000001,0.06000004,0.06000005],\"c\":[1,1,1]}]},{\"b\":16,\"s\":[{\"p\":[-0.4027191,-0.392394,-0.2305495],\"r\":[47.20005,292.5287,4.297512],\"s\":[0.01477858,0.1046172,0.1250004],\"c\":[1,1,1]}]}]}"}],"serveTime":4}