{"thingDefinitions":[{"id":"5ccde91bfd1491056937b34a","def":"{\"n\":\"ground\",\"v\":9,\"a\":[1],\"p\":[{\"b\":17,\"s\":[{\"p\":[0,0,0],\"r\":[0,0,0],\"s\":[3.363346,0.11062,3.201102],\"c\":[0.9019608,0.8509804,0.7215686]}]},{\"b\":5,\"s\":[{\"p\":[13.26077,2.876099,9.268559],\"r\":[273.732,92.61828,149.9624],\"s\":[0.1000001,0.1000001,0.1000001],\"c\":[0,1,1]}]}]}"}],"serveTime":5}