{"thingDefinitions":[{"id":"5d3c98bd0917763d556220a1","def":"{\"v\":9,\"p\":[{\"b\":3,\"s\":[{\"p\":[0,0,0],\"r\":[0,0,0],\"s\":[0.235366,0.2192147,0.2313005],\"c\":[1,1,1]}]},{\"b\":3,\"s\":[{\"p\":[-0.1245353,0.06975906,-0.1659456],\"r\":[37.51898,263.7027,49.81713],\"s\":[0.009941097,0.01768909,0.01004837],\"c\":[0,0,0]}]},{\"b\":3,\"s\":[{\"p\":[-0.05410088,0.1949399,0.02394046],\"r\":[5.345573,259.0298,359.8364],\"s\":[0.009941098,0.01768908,0.01004837],\"c\":[0,0,0]}]},{\"b\":44,\"s\":[{\"p\":[-0.005451648,0.1215641,-0.08771081],\"r\":[32.47309,196.66,356.9122],\"s\":[0.1250003,0.1250002,0.1250005],\"c\":[0,0,0]}]}]}"}],"serveTime":5}