{"thingDefinitions":[{"id":"5b40622ce484486be76622c1","def":"{\"v\":5,\"p\":[{\"b\":120,\"e\":\"HI JAZZY\",\"s\":[{\"p\":[0,0,0],\"r\":[0,0,-5.336085E-08],\"s\":[0.02620535,0.02620535,0.02620535],\"c\":[0,1,0.3999999]}]}]}"}],"serveTime":7}