{"thingDefinitions":[{"id":"5e75b7190818cf18c217344e","def":"{\"v\":9,\"p\":[{\"b\":13,\"s\":[{\"p\":[0,0,0],\"r\":[0,0,0],\"s\":[0.06000008,0.06000005,0.06000016],\"c\":[1,1,1]}]}]}"}],"serveTime":5}