{"thingDefinitions":[{"id":"5a26d2bc0bac11ad2eb146d6","def":"{\"n\":\"thing\",\"v\":2,\"p\":[{\"b\":9,\"s\":[{\"p\":[0,0,0],\"r\":[0,0,0],\"s\":[0.1250006,0.1250009,0.1250003],\"c\":[1,1,1]}]},{\"b\":9,\"s\":[{\"p\":[-0.01063135,0.008004225,-0.03112735],\"r\":[357.0885,284.3413,117.8525],\"s\":[0.1250001,0.1250001,0.125],\"c\":[1,1,1]}]}]}"}],"serveTime":4}