{"thingDefinitions":[{"id":"5e2b2c230d37d23816f73487","def":"{\"v\":9,\"a\":[4],\"p\":[{\"s\":[{\"p\":[0,0,0],\"r\":[0,0,0],\"s\":[0.175,0.1750001,0.1750001],\"c\":[1,1,1]}]},{\"b\":2,\"s\":[{\"p\":[-0.02734264,-0.01598434,0.1215039],\"r\":[2.988286,8.585502,357.7489],\"s\":[0.125,0.1250001,0.1250001],\"c\":[1,1,1]}]}]}"}],"serveTime":4}