{"thingDefinitions":[{"id":"5d30c356606f9b0625db2a8a","def":"{\"n\":\"yuyygedf\",\"v\":9,\"p\":[{\"b\":11,\"s\":[{\"p\":[0,0,0],\"r\":[0,0,-1.520784E-06],\"s\":[0.09076816,0.1039344,0.1000001],\"c\":[1,1,1]}]},{\"b\":10,\"s\":[{\"p\":[0.3202107,-0.9703833,0.5905815],\"r\":[347.8257,118.5153,247.667],\"s\":[0.1250005,0.1541825,0.1250002],\"c\":[0.6395062,0.7777778,0.08641968]}]},{\"s\":[{\"p\":[-0.3820717,-1.703889,0.8396305],\"r\":[41.63072,97.68581,19.25368],\"s\":[0.175,0.175,0.175],\"c\":[1,1,1]}]},{\"s\":[{\"p\":[-0.05634207,-1.443429,1.273221],\"r\":[33.12673,57.52505,340.8578],\"s\":[0.1369194,0.175,0.175],\"c\":[0.6395062,0.7777778,0.08641968]}]}]}"}],"serveTime":4}