{"thingDefinitions":[{"id":"5a4071fb3aa3d21010220bd2","def":"{\"n\":\"thing\",\"v\":2,\"p\":[{\"b\":9,\"s\":[{\"p\":[0,0,0],\"r\":[0,0,-1.280661E-06],\"s\":[0.1250001,0.125,0.125],\"c\":[1,1,1]}]},{\"b\":9,\"s\":[{\"p\":[0.01590784,0.1426237,0.009598042],\"r\":[357.0086,324.9948,46.85563],\"s\":[0.125,0.125,0.125],\"c\":[1,1,1]}]},{\"b\":14,\"s\":[{\"p\":[-0.2243744,0.1197456,0.07123786],\"r\":[345.2087,286.5653,43.33625],\"s\":[0.06000002,0.06000002,0.06000008],\"c\":[1,1,1]}]}]}"}],"serveTime":5}