{"thingDefinitions":[{"id":"5a46de60ce03f9fd651788d2","def":"{\"n\":\"thing\",\"v\":2,\"p\":[{\"b\":2,\"s\":[{\"p\":[0,0,0],\"r\":[0,0,0],\"s\":[0.125,0.1250002,0.1250002],\"c\":[1,1,1]}]},{\"b\":2,\"s\":[{\"p\":[-0.1594014,0.1919515,0.0863048],\"r\":[48.69477,338.4783,309.087],\"s\":[0.1250001,0.1250003,0.1250002],\"c\":[1,1,1]}]}]}"}],"serveTime":6}