{"thingDefinitions":[{"id":"5c5da89eceeba905454b0870","def":"{\"v\":7,\"p\":[{\"s\":[{\"p\":[0,0,0],\"r\":[0,0,1.707547E-06],\"s\":[0.1750002,0.1750002,0.1750001],\"c\":[1,1,1]}]}]}"},{"id":"5c5da8f94f0a330551f86cbb","def":"{\"v\":7,\"p\":[{\"s\":[{\"p\":[0,0,0],\"r\":[0,0,1.707547E-06],\"s\":[0.1750002,0.1750002,0.1750001],\"c\":[1,1,1]}]},{\"b\":12,\"s\":[{\"p\":[0.01478788,-0.03522053,-0.4992008],\"r\":[302.3059,294.6712,156.6619],\"s\":[0.06000019,0.06000014,0.06000011],\"c\":[1,1,1]}]},{\"b\":12,\"s\":[{\"p\":[0.3312888,-0.1057069,-0.357223],\"r\":[4.009483,83.50696,168.9228],\"s\":[0.06000011,0.06000005,0.06000008],\"c\":[1,1,1]}]}]}"}],"serveTime":5}