{"thingDefinitions":[{"id":"5b85b568c64ce005740b779c","def":"{\"v\":6,\"p\":[{\"s\":[{\"p\":[0,0,0],\"r\":[0,0,0],\"s\":[0.1750001,0.1750003,0.1750002],\"c\":[1,1,1]}]}]}"}],"serveTime":4}