{"thingDefinitions":[{"id":"5a29a2117f714edb329e5ce8","def":"{\"n\":\"thing\",\"v\":2,\"p\":[{\"b\":12,\"s\":[{\"p\":[0,0,0],\"r\":[0,0,-1.334021E-08],\"s\":[2.941041,0.4271606,2.478759],\"c\":[0,1,0.3999999]},{\"p\":[0,0,0],\"r\":[0,0,-1.334021E-08],\"s\":[2.941041,0.4271606,2.478759],\"c\":[1,1,1]}]}]}"}],"serveTime":7}