{"thingDefinitions":[{"id":"5a70f095ae171f7b13eb7dcb","def":"{\"n\":\"ground\",\"v\":3,\"a\":[1],\"p\":[{\"b\":17,\"s\":[{\"p\":[0,0,0],\"r\":[0,0,0],\"s\":[150,0.11062,33.41161],\"c\":[0.8888889,0.8747795,0.7901235]}]}]}"}],"serveTime":4}