{"thingDefinitions":[{"id":"5a4d8ed81ce9fd7813f90ac8","def":"{\"n\":\"thing\",\"v\":2,\"p\":[{\"b\":10,\"s\":[{\"p\":[-0.00217969,-0.002961467,-0.002033412],\"r\":[28.87444,319.7305,33.64079],\"s\":[0.1250001,0.1250001,0.1250001],\"c\":[1,1,1]}]},{\"s\":[{\"p\":[0.01273231,0.004260757,0.009410516],\"r\":[356.0963,0.9676454,1.446669],\"s\":[0.1750009,0.1750009,0.1750005],\"c\":[1,1,1]}]},{\"b\":3,\"s\":[{\"p\":[0.04124584,0.5035611,0.2777281],\"r\":[47.88838,312.0757,26.16014],\"s\":[0.125,0.125,0.125],\"c\":[1,1,1]}]}]}"}],"serveTime":5}