{"thingDefinitions":[{"id":"5e32ca10a35bc84f574c1983","def":"{\"n\":\"ground\",\"v\":9,\"a\":[1],\"p\":[{\"b\":17,\"s\":[{\"p\":[0,0,0],\"r\":[0,0,-1.792591E-07],\"s\":[3.303905,0.11062,3.143183],\"c\":[0.9019608,0.8509804,0.7215686]}]}]}"}],"serveTime":7}