{"thingDefinitions":[{"id":"5d4dfc35a5a19a062367cc14","def":"{\"n\":\"ground\",\"v\":9,\"a\":[1,7],\"p\":[{\"b\":17,\"s\":[{\"p\":[0,0,0],\"r\":[0,0,-7.656432E-20],\"s\":[12.99095,0.110629,14.55684],\"c\":[0.9019608,0.8509804,0.7215686]}]}]}"}],"serveTime":4}