{"thingDefinitions":[{"id":"5aa8a7724c31521371246b9a","def":"{\"v\":2,\"a\":[9],\"p\":[{\"b\":3,\"s\":[{\"p\":[0,0,0],\"r\":[0,0,-1.707547E-06],\"s\":[0.1250002,0.1250001,0.1250001],\"c\":[0.3456789,0.7777778,0.7777778]}]},{\"b\":115,\"e\":\"abc\",\"s\":[{\"p\":[-0.05590657,0.09800079,-0.05969997],\"r\":[62.97314,29.42411,73.8859],\"s\":[0.003000033,0.003000014,0.003000033],\"c\":[1,1,1]}]}]}"}],"serveTime":4}