{"thingDefinitions":[{"id":"5bdf744bd4016d056a9967a3","def":"{\"n\":\"ground\",\"v\":7,\"a\":[1],\"p\":[{\"b\":17,\"s\":[{\"p\":[0,0,0],\"r\":[0,0,0],\"s\":[50.49984,0.11062,19.5138],\"c\":[0.9019608,0.8509804,0.7215686]}]}]}"}],"serveTime":7}