{"thingDefinitions":[{"id":"5e403813a35bc84f574c1b6e","def":"{\"v\":9,\"p\":[{\"b\":9,\"s\":[{\"p\":[0,0,0],\"r\":[0,0,-8.537737E-07],\"s\":[0.1250005,0.1250009,0.1250004],\"c\":[0.9936507,0.7777778,1]}]},{\"b\":3,\"s\":[{\"p\":[0.2069517,0.2407689,-0.1386198],\"r\":[58.0247,60.09005,306.0383],\"s\":[0.1250002,0.1250003,0.1250003],\"c\":[1,1,1]}]},{\"b\":3,\"s\":[{\"p\":[0.2294581,0.1209605,0.1308067],\"r\":[34.35001,16.67891,260.4322],\"s\":[0.1250003,0.1250005,0.1250004],\"c\":[1,1,1]}]},{\"b\":3,\"s\":[{\"p\":[0.3666201,0.07884441,-0.3270171],\"r\":[29.37002,92.33776,358.1184],\"s\":[0.1250002,0.1250004,0.1250003],\"c\":[1,1,1]}]}]}"}],"serveTime":4}