{"thingDefinitions":[{"id":"5e7fd365f8d7fb40f7ec9f2f","def":"{\"v\":9,\"p\":[{\"s\":[{\"p\":[0,0,0],\"r\":[0,0,0],\"s\":[0.175,0.175,0.175],\"c\":[1,1,1]}]},{\"b\":2,\"s\":[{\"p\":[0.2632889,0.06103821,0.2158847],\"r\":[352.7108,119.4906,15.10935],\"s\":[0.1250001,0.1250001,0.1250003],\"c\":[1,1,1]}]}]}"}],"serveTime":4}