{"thingDefinitions":[{"id":"591dbd30c6f4d81b102aafe1","def":"{\"n\":\"thing\",\"p\":[{\"b\":14,\"s\":[{\"p\":[0,0,0],\"r\":[0,0,-8.537737E-07],\"s\":[0.06000021,0.06000017,0.06000016],\"c\":[1,1,1]}]}]}"}],"serveTime":5}