{"thingDefinitions":[{"id":"59bd8bc7b68899261068449b","def":"{\"n\":\"thing\",\"a\":[2,4],\"p\":[{\"b\":3,\"s\":[{\"p\":[-0.229668,0.01751095,0.1494607],\"r\":[354.8684,343.9547,358.4583],\"s\":[0.1250001,0.1250002,0.1250003],\"c\":[1,1,1]}]},{\"b\":3,\"s\":[{\"p\":[-0.3177901,-0.06033118,-0.06536415],\"r\":[341.7368,319.8086,28.97917],\"s\":[0.1250001,0.1250001,0.1250003],\"c\":[1,1,1]}]},{\"b\":3,\"s\":[{\"p\":[0.01217214,0.0003856411,0.001118171],\"r\":[358.2089,355.8755,1.26039],\"s\":[0.125,0.1250001,0.1250001],\"c\":[1,1,1]}]}]}"}],"serveTime":5}