{"thingDefinitions":[{"id":"5acda3ac057af013b6d00b2c","def":"{\"v\":2,\"p\":[{\"b\":9,\"s\":[{\"p\":[0,0,0],\"r\":[0,0,-1.707547E-06],\"s\":[0.1250001,0.1250002,0.1250001],\"c\":[1,1,1]}]},{\"b\":9,\"s\":[{\"p\":[0.08521071,-0.04690623,-0.1877802],\"r\":[14.21427,36.37401,0.7187333],\"s\":[0.1250004,0.1250005,0.1250001],\"c\":[1,1,1]}]},{\"b\":9,\"s\":[{\"p\":[0.1870694,-0.06435375,0.04787511],\"r\":[346.2834,325.8261,6.283648],\"s\":[0.1250004,0.1250005,0.1250002],\"c\":[1,1,1]}]},{\"b\":14,\"s\":[{\"p\":[-0.1898247,0.1018048,0.08380826],\"r\":[23.7092,116.0581,351.4191],\"s\":[0.06000002,0.06000002,0.06000004],\"c\":[1,1,1]}]}]}"}],"serveTime":5}