{"thingDefinitions":[{"id":"5cd0c3835e735b6e8d47650f","def":"{\"v\":9,\"p\":[{\"b\":3,\"s\":[{\"p\":[0,0,0],\"r\":[0,0,0],\"s\":[0.1250001,0.1250001,0.1250001],\"c\":[1,1,1]}]},{\"b\":3,\"s\":[{\"p\":[0.2060815,0.06614869,-0.07515547],\"r\":[4.234017,9.50382,21.08637],\"s\":[0.125,0.1250001,0.125],\"c\":[1,1,1]}]},{\"b\":14,\"s\":[{\"p\":[0.1573623,0.05863659,0.1612049],\"r\":[352.2795,14.0622,16.47892],\"s\":[0.06000004,0.0600001,0.06000008],\"c\":[1,1,1]}]}]}"}],"serveTime":4}