{"thingDefinitions":[{"id":"5c2a988939f34d317e595edf","def":"{\"v\":7,\"p\":[{\"b\":14,\"s\":[{\"p\":[0,0,0],\"r\":[0,0,0],\"s\":[0.06000011,0.06000008,0.0600001],\"c\":[1,1,1]}]}]}"}],"serveTime":6}