{"thingDefinitions":[{"id":"59b9c1140b7750b3134371f1","def":"{\"n\":\"thing\",\"p\":[{\"b\":9,\"s\":[{\"p\":[0,0,0],\"r\":[0,0,0],\"s\":[0.1250003,0.1250003,0.1250002],\"c\":[1,1,1]}]}]}"},{"id":"59b9c16032e9562210394a96","def":"{\"n\":\"thing\",\"p\":[{\"b\":6,\"s\":[{\"p\":[0,0,0],\"r\":[0,0,0],\"s\":[0.1250001,0.1250001,0.125],\"c\":[1,1,1]}]}]}"},{"id":"59b9c190d2dbd3f0132c3034","def":"{\"n\":\"thing\",\"p\":[{\"b\":80,\"s\":[{\"p\":[0,0,0],\"r\":[0,0,0],\"s\":[0.07500003,0.07500009,0.07500008],\"c\":[1,1,1]}]}]}"}],"serveTime":6}