{"thingDefinitions":[{"id":"59da20c444e041c33cb6fa49","def":"{\"n\":\"thing\",\"p\":[{\"b\":3,\"s\":[{\"p\":[-0.3348627,-0.09644379,-0.2835191],\"r\":[48.20346,346.9436,114.6743],\"s\":[0.1250007,0.1250007,0.125],\"c\":[1,1,1]}]},{\"b\":3,\"s\":[{\"p\":[-0.3855854,0.03761709,-0.1784623],\"r\":[51.61981,321.5186,71.56384],\"s\":[0.1250003,0.1250004,0.1250002],\"c\":[1,1,1]}]},{\"b\":14,\"s\":[{\"p\":[-0.2158719,-0.06397471,-0.1267766],\"r\":[12.75557,48.9226,265.738],\"s\":[0.06000014,0.0600002,0.06000014],\"c\":[1,1,1]}]}]}"}],"serveTime":5}