{"thingDefinitions":[{"id":"5c5f5129e282b8055916b95f","def":"{\"v\":7,\"p\":[{\"s\":[{\"p\":[0,0,0],\"r\":[0,0,-1.000516E-06],\"s\":[0.7423795,0.7610915,0.001000001],\"c\":[1,1,1]}]}]}"}],"serveTime":4}