{"thingDefinitions":[{"id":"59cc139990b7a5b92b603128","def":"{\"n\":\"thing\",\"p\":[{\"b\":2,\"s\":[{\"p\":[0,0,0],\"r\":[0,0,0],\"s\":[0.1250007,0.1250005,0.1250005],\"c\":[1,1,1]}]}]}"}],"serveTime":5}