{"thingDefinitions":[{"id":"5c8e9cbaf94894055ce39069","def":"{\"v\":7,\"p\":[{\"b\":2,\"s\":[{\"p\":[-0.3981121,1.562806,0.2154083],\"r\":[36.49704,22.93241,95.16989],\"s\":[0.4607612,0.7933495,0.6061237],\"c\":[1,1,1]}]},{\"b\":2,\"s\":[{\"p\":[-0.02860224,0.3745522,-1.243018],\"r\":[33.25072,23.31023,2.746876],\"s\":[0.4607615,0.7933496,0.6061234],\"c\":[1,1,1]}]}]}"}],"serveTime":4}