{"thingDefinitions":[{"id":"587a9f926e6c1d20102fecb0","def":"{\"n\":\"thing\",\"p\":[{\"b\":9,\"s\":[{\"p\":[-0.1337899,0.006269854,-0.007441089],\"r\":[62.6279,15.85883,313.4914],\"s\":[0.1794293,0.1808618,0.125],\"c\":[1,1,1]}]},{\"b\":3,\"s\":[{\"p\":[-0.502627,0.4365826,-1.307423],\"r\":[288.5959,164.2025,326.3412],\"s\":[0.1250001,0.125,0.1250001],\"c\":[1,1,1]}]},{\"b\":3,\"s\":[{\"p\":[0.4731837,-0.01772737,-0.1188003],\"r\":[350.2705,82.95011,29.00601],\"s\":[0.1250001,0.125,0.125],\"c\":[1,1,1]}]},{\"b\":3,\"s\":[{\"p\":[-0.1618656,-0.05824146,-0.4019606],\"r\":[72.25485,60.18802,92.50195],\"s\":[0.125,0.1250001,0.1250001],\"c\":[1,1,1]}]}]}"}],"serveTime":3}