{"thingDefinitions":[{"id":"5a9c7d0a449f78e20f836131","def":"{\"v\":2,\"p\":[{\"b\":14,\"s\":[{\"p\":[0,0,0],\"r\":[0,0,0],\"s\":[0.06000006,0.06000011,0.06000016],\"c\":[1,1,1]}]}]}"}],"serveTime":7}