{"thingDefinitions":[{"id":"5c854da566b4c9393d810548","def":"{\"v\":7,\"p\":[{\"b\":3,\"s\":[{\"p\":[0.2742475,0.1235956,-0.1081549],\"r\":[19.73323,4.226084,10.6128],\"s\":[0.125,0.125,0.125],\"c\":[1,1,1]}]},{\"b\":88,\"s\":[{\"p\":[0.314605,0.1546315,-0.1840227],\"r\":[355.0071,50.74027,38.48259],\"s\":[0.0800001,0.08000006,0.08000007],\"c\":[1,1,1]}]},{\"b\":3,\"s\":[{\"p\":[0.2474148,0.1791937,-0.04389156],\"r\":[340.1167,15.71768,0.7418627],\"s\":[0.1250001,0.1250001,0.1250001],\"c\":[1,1,1]}]},{\"b\":9,\"s\":[{\"p\":[0.244529,0.239378,0.04941793],\"r\":[352.1541,18.05687,18.25108],\"s\":[0.1250001,0.1250001,0.125],\"c\":[1,1,1]}]}]}"}],"serveTime":4}