{"thingDefinitions":[{"id":"5cc49f322e3140056a5c7761","def":"{\"v\":9,\"p\":[{\"b\":9,\"s\":[{\"p\":[0,0,0],\"r\":[8.537738E-07,-1.669791E-14,-2.241156E-06],\"s\":[0.125,0.125,0.125],\"c\":[1,1,1]}]},{\"b\":9,\"s\":[{\"p\":[-0.2415961,0.09947671,-0.1294123],\"r\":[31.13643,260.9645,68.39988],\"s\":[0.125,0.125,0.125],\"c\":[1,1,1]}]},{\"b\":7,\"s\":[{\"p\":[-0.2744378,-0.03269382,-0.1327325],\"r\":[74.15808,276.7221,105.9288],\"s\":[0.125,0.125,0.125],\"c\":[1,1,1]}]}]}"}],"serveTime":5}