{"thingDefinitions":[{"id":"5ada9779c756ba04be352615","def":"{\"v\":4,\"p\":[{\"s\":[{\"p\":[0.001084961,0.003101827,0.002008393],\"r\":[0.1284101,359.6715,359.9923],\"s\":[0.03559546,0.8071889,0.005000006],\"c\":[0.6666667,0.6666667,0.6666667]}]},{\"b\":64,\"s\":[{\"p\":[0.002621666,0.2219589,0.005462699],\"r\":[87.87865,218.339,215.3611],\"s\":[0.09148054,0.005000012,0.03858375],\"c\":[0.6666667,0.4571426,0]}]},{\"s\":[{\"p\":[0.001517341,0.3329687,0.007520977],\"r\":[0.3210803,93.41206,90.53326],\"s\":[0.1750025,0.005000021,0.04136353],\"c\":[0.6666667,0.4571426,0]}]},{\"b\":2,\"s\":[{\"p\":[0.00517042,-0.4559435,-0.0051376],\"r\":[87.22752,122.7411,213.4174],\"s\":[0.005000028,0.01756952,0.125003],\"c\":[0.6666667,0.6666667,0.6666667]}]}]}"}],"serveTime":5}