{"thingDefinitions":[{"id":"5b81d2d7e06df428ae824ba8","def":"{\"v\":6,\"p\":[{\"b\":9,\"s\":[{\"p\":[0,0,0],\"r\":[0,0,0],\"s\":[0.1250002,0.1250002,0.1250003],\"c\":[1,1,1]}]},{\"b\":14,\"s\":[{\"p\":[-0.1424059,-0.2516611,-0.1102069],\"r\":[52.43025,229.3077,116.4947],\"s\":[0.06000005,0.06000002,0.06000002],\"c\":[1,1,1]}]},{\"b\":3,\"s\":[{\"p\":[-0.01467659,0.0472697,-0.4558231],\"r\":[351.545,289.5239,64.23755],\"s\":[0.125,0.3586801,0.1408331],\"c\":[1,1,1]}]}]}"}],"serveTime":5}