{"thingDefinitions":[{"id":"5be8608d1501d7055b8df031","def":"{\"n\":\"ground\",\"v\":7,\"a\":[1],\"p\":[{\"b\":17,\"s\":[{\"p\":[0,0,0],\"r\":[0,0,0],\"s\":[3.363346,0.11062,3.201102],\"c\":[0.9019608,0.8509804,0.7215686]}]},{\"b\":4,\"s\":[{\"p\":[-1.14688,1.229925,-0.5425021],\"r\":[275.9503,10.23409,274.4958],\"s\":[0.1250001,0.1250002,0.1250002],\"c\":[1,1,1]}]},{\"b\":9,\"s\":[{\"p\":[-0.9615594,0.7797439,0.1883175],\"r\":[4.350301,20.86591,332.8179],\"s\":[0.1250001,0.1250001,0.1250001],\"c\":[1,1,1]}]}]}"}],"serveTime":3}