{"thingDefinitions":[{"id":"5ac9e0bd5b1bf4137acdd5eb","def":"{\"v\":2,\"p\":[{\"s\":[{\"p\":[0.249591,0.1162796,0.1812298],\"r\":[331.198,22.36965,11.64627],\"s\":[0.175,0.1750003,0.1750001],\"c\":[1,1,1]}]},{\"s\":[{\"p\":[0.2300454,0.08626323,-0.00203087],\"r\":[351.3351,16.94177,7.61325],\"s\":[0.175,0.1750001,0.175],\"c\":[1,1,1]}]},{\"s\":[{\"p\":[-2.096849,-1.904856,-0.353624],\"r\":[323.4003,208.3262,321.3801],\"s\":[150,0.2033243,150],\"c\":[1,1,1]}]}]}"}],"serveTime":4}