{"thingDefinitions":[{"id":"5a9418b07335da9c137e67c7","def":"{\"v\":3,\"p\":[{\"b\":9,\"s\":[{\"p\":[0,0,0],\"r\":[0,0,0],\"s\":[0.1250002,0.125,0.1250001],\"c\":[1,1,1]}]},{\"b\":10,\"s\":[{\"p\":[-0.08397382,-0.02464275,0.1196295],\"r\":[40.27224,79.57072,248.4744],\"s\":[0.125,0.1250004,0.1250005],\"c\":[1,1,1]}]}]}"}],"serveTime":5}