{"thingDefinitions":[{"id":"5ac46b431e249f0fe2fa38b0","def":"{\"v\":2,\"p\":[{\"b\":14,\"s\":[{\"p\":[-0.006514431,-0.01235468,0.004916345],\"r\":[358.9386,294.0067,23.11803],\"s\":[0.06,0.06000002,0.06000004],\"c\":[1,1,1]}]},{\"b\":9,\"s\":[{\"p\":[0.008598839,-0.03180273,0.008391403],\"r\":[21.67663,102.7442,46.57729],\"s\":[0.1250003,0.1250003,0.1250002],\"c\":[1,1,1]}]},{\"b\":144,\"s\":[{\"p\":[-0.01973488,-0.01376469,0.01843175],\"r\":[61.51749,198.726,169.4304],\"s\":[0.09000009,0.09000007,0.08999999],\"c\":[1,1,1]}]},{\"b\":175,\"s\":[{\"p\":[-0.0769382,-0.008824937,0.03248546],\"r\":[40.67109,202.5767,256.4933],\"s\":[0.04500009,0.04500006,0.04500009],\"c\":[1,1,1]}]}]}"}],"serveTime":4}