{"thingDefinitions":[{"id":"5cb29a3347810805690a68ec","def":"{\"v\":9,\"p\":[{\"t\":1,\"a\":[1],\"s\":[{\"p\":[0,0,0],\"r\":[0,0,0],\"s\":[0.6356412,0.4556341,0.01711935],\"c\":[0,0,0]}]},{\"t\":1,\"s\":[{\"p\":[-0.009755417,0.05229412,-0.03755304],\"r\":[89.63846,304.6556,303.1774],\"s\":[0.6812973,0.06627312,0.6737236],\"c\":[0,0.5714284,1]}]},{\"t\":1,\"a\":[1,23],\"n\":\"video button\",\"s\":[{\"p\":[-0.02273135,0.2983836,0.002053799],\"r\":[88.32883,165.5785,162.4207],\"s\":[0.04130274,0.003455182,0.03517735],\"c\":[0.3086418,0.4497354,0.5555556]}]}]}"}],"serveTime":5}