{"thingDefinitions":[{"id":"5b6933974cf0ff4accef5aac","def":"{\"v\":6,\"p\":[{\"b\":80,\"s\":[{\"p\":[-0.23757,0.01712637,-0.004226118],\"r\":[5.137247,352.0015,0.5632473],\"s\":[0.07500032,0.07500004,0.07500029],\"c\":[1,1,1]}]},{\"b\":80,\"s\":[{\"p\":[-0.01841319,0.0205594,0.02806384],\"r\":[4.618692,350.6676,359.5935],\"s\":[0.07500053,0.07500009,0.07500051],\"c\":[1,1,1]}]},{\"b\":80,\"s\":[{\"p\":[0.02169506,0.04244512,-0.1948608],\"r\":[7.492611,349.7022,358.3408],\"s\":[0.07500047,0.0750001,0.0750004],\"c\":[1,1,1]}]}]}"}],"serveTime":4}