{"thingDefinitions":[{"id":"5aca848ab4ff780fe2b192d6","def":"{\"v\":2,\"p\":[{\"b\":54,\"pr\":56,\"s\":[{\"p\":[0,0,0],\"r\":[0,0,2.134434E-07],\"s\":[0.1250001,0.1250001,0.1250001],\"c\":[0.2028217,0.0617283,0.5555556],\"pr\":{\"c\":[0.1142858,0,1],\"m\":0.25,\"a\":0.25,\"s\":0.15,\"z\":0.25,\"g\":0.5,\"h\":0.25}}]}]}"}],"serveTime":4}