{"thingDefinitions":[{"id":"5c2a48083617bd0551ae2fd4","def":"{\"v\":7,\"p\":[{\"b\":175,\"s\":[{\"p\":[0,0,0],\"r\":[0,0,0],\"s\":[0.04500007,0.04500001,0.04500006],\"c\":[1,1,1]}]}]}"}],"serveTime":5}