{"thingDefinitions":[{"id":"5c8d10993c4394055c4ade79","def":"{\"v\":7,\"p\":[{\"b\":5,\"s\":[{\"p\":[0,0,0],\"r\":[0,0,0],\"s\":[0.1000002,0.1000001,0.1000001],\"c\":[1,1,1]}]}]}"}],"serveTime":4}