{"thingDefinitions":[{"id":"5acf2587236a18137e79a263","def":"{\"v\":2,\"p\":[{\"b\":12,\"s\":[{\"p\":[-0.3514013,0.001591586,-0.2436338],\"r\":[67.62514,300.4768,346.6913],\"s\":[0.06000015,0.06000008,0.06000017],\"c\":[1,1,1]}]},{\"b\":9,\"s\":[{\"p\":[0.03435244,-0.02529545,0.03168026],\"r\":[22.9848,27.95838,341.3635],\"s\":[0.1250006,0.1250001,0.1250005],\"c\":[1,1,1]}]}]}"}],"serveTime":4}