{"thingDefinitions":[{"id":"5a874d1081a77e5914410a03","def":"{\"v\":3,\"p\":[{\"b\":168,\"t2\":3,\"s\":[{\"p\":[-0.1659809,0.8640055,-0.03748293],\"r\":[273.6254,87.6467,334.3696],\"s\":[0.1289815,0.04500002,0.04500002],\"c\":[0.3333332,0.2285713,0],\"t2\":{\"c\":[0.5555556,0.4003527,0.06172834],\"x\":0.17,\"y\":0.17,\"a\":0.69625,\"m\":0.5,\"n\":0.5,\"r\":0,\"g\":0,\"o\":0.5,\"t\":0.5,\"e\":0.5},\"pr\":{\"c\":[0.1111111,0.08007047,0.01234568],\"m\":0.25,\"a\":0.25,\"s\":0.15,\"z\":0.25,\"g\":0.5,\"h\":0.25}}]},{\"b\":168,\"t2\":3,\"s\":[{\"p\":[-0.1456022,1.088887,-0.05885358],\"r\":[272.7833,47.06306,15.05883],\"s\":[0.1289817,0.04500008,0.04500012],\"c\":[0.3333332,0.2285713,0],\"t2\":{\"c\":[0.5555556,0.4003527,0.06172834],\"x\":0.17,\"y\":0.17,\"a\":0.69625,\"m\":0.5,\"n\":0.5,\"r\":0,\"g\":0,\"o\":0.5,\"t\":0.5,\"e\":0.5},\"pr\":{\"c\":[0.1111111,0.08007047,0.01234568],\"m\":0.25,\"a\":0.25,\"s\":0.15,\"z\":0.25,\"g\":0.5,\"h\":0.25}}]},{\"b\":18,\"e\":\"FUCK\",\"s\":[{\"p\":[-0.2051555,1.203486,0.03814772],\"r\":[4.135476,62.63388,0.5557679],\"s\":[0.01269335,0.01269334,0.01269335],\"c\":[1,1,1]}]},{\"b\":166,\"t2\":13,\"s\":[{\"p\":[-0.09320565,-0.006240639,0.001974018],\"r\":[1.5376,358.3913,356.4361],\"s\":[0.1582872,0.3216136,0.1344954],\"c\":[0.3333332,0.2285713,0],\"t2\":{\"c\":[0.5555556,0.4003527,0.06172834],\"x\":0.17,\"y\":0.6116504,\"a\":0.8925,\"m\":0.5,\"n\":0.5,\"r\":0,\"g\":0,\"o\":0.5,\"t\":0.5,\"e\":0.5},\"pr\":{\"c\":[0.1111111,0.08007047,0.01234568],\"m\":0.25,\"a\":0.25,\"s\":0.15,\"z\":0.25,\"g\":0.5,\"h\":0.25}}]}]}"}],"serveTime":4}