{"thingDefinitions":[{"id":"5863719e50ffe5ab13ba7774","def":"{\"n\":\"thing\",\"p\":[{\"b\":3,\"s\":[{\"p\":[0,0,0],\"r\":[0,0,0],\"s\":[0.1250002,0.1250001,0.1250003],\"c\":[1,1,1]}]},{\"b\":3,\"s\":[{\"p\":[0.08414024,0.2700123,-0.03328177],\"r\":[336.201,9.024018,348.4446],\"s\":[0.1250004,0.1250004,0.1250004],\"c\":[1,1,1]}]}]}"},{"id":"586371fc14de306224f0e96f","def":"{\"n\":\"thing\",\"p\":[{\"b\":3,\"s\":[{\"p\":[0,0,0],\"r\":[0,0,0],\"s\":[0.125001,0.1250006,0.1250009],\"c\":[1,1,1]}]},{\"b\":3,\"s\":[{\"p\":[0.08414081,0.2700133,-0.03328195],\"r\":[336.201,9.02402,348.4446],\"s\":[0.1250012,0.1250009,0.125001],\"c\":[1,1,1]}]}]}"}],"serveTime":5}