{"thingDefinitions":[{"id":"5af3fd5a7023040325cd797c","def":"{\"v\":4,\"p\":[{\"b\":46,\"t\":3,\"s\":[{\"p\":[0,0,0],\"r\":[0,0,0],\"s\":[0.1250002,0.1250003,0.1250001],\"c\":[0,1,1]}]}]}"}],"serveTime":5}