{"thingDefinitions":[{"id":"5e4ef99fa614d40691eb35af","def":"{\"v\":9,\"p\":[{\"b\":3,\"t\":13,\"s\":[{\"p\":[0,0,0],\"r\":[0,0,0],\"s\":[0.1250002,0.1250001,0.1250001],\"c\":[0,0.7428569,1]}]},{\"b\":39,\"t\":13,\"s\":[{\"p\":[0.1269106,0.1623446,-0.2482529],\"r\":[17.9855,85.77369,122.4251],\"s\":[0.1250006,0.1250003,0.1250005],\"c\":[0,0.7428569,1]}]}]}"},{"id":"5e4efa47e3f0ef557ab3294b","def":"{\"v\":9,\"p\":[{\"b\":59,\"s\":[{\"p\":[0,0,0],\"r\":[0,0,0],\"s\":[0.1250001,0.1250001,0.1250001],\"c\":[1,1,1]}]}]}"}],"serveTime":5}