{"thingDefinitions":[{"id":"5aea63b35046f90f78c74b84","def":"{\"v\":4,\"p\":[{\"b\":9,\"s\":[{\"p\":[0,0,0],\"r\":[0,0,0],\"s\":[0.125,0.1250002,0.1250001],\"c\":[1,1,1]}]},{\"s\":[{\"p\":[0.03257911,0.2658494,0.02335653],\"r\":[359.6502,309.933,87.48064],\"s\":[0.1750001,0.1750001,0.1750001],\"c\":[1,1,1]}]},{\"s\":[{\"p\":[0.2124462,0.2608784,-0.1501355],\"r\":[351.9247,327.6672,80.78255],\"s\":[0.1750001,0.1750001,0.1750002],\"c\":[1,1,1]}]},{\"s\":[{\"p\":[0.09948726,-0.2368294,-0.2799528],\"r\":[23.15254,314.7744,47.14358],\"s\":[0.03484056,0.1750002,0.20237],\"c\":[1,1,1]}]}]}"}],"serveTime":5}