{"thingDefinitions":[{"id":"5c13dee3e0b8db3184f262f0","def":"{\"v\":7,\"p\":[{\"b\":17,\"s\":[{\"p\":[0,0,0],\"r\":[0,0,0],\"s\":[10.48959,0.3450012,9.983583],\"c\":[0.9019608,0.8509804,0.7215686]}]}]}"}],"serveTime":4}