{"thingDefinitions":[{"id":"5dd1c07b6c7a010626143a30","def":"{\"n\":\"ball\",\"v\":9,\"a\":[1,2,9,15,17],\"p\":[{\"b\":180,\"s\":[{\"p\":[0,0,0],\"r\":[0,0,0],\"s\":[0.1250006,0.1250001,0.1250005],\"c\":[0.8888889,0.5051146,0.09876534]}]}]}"}],"serveTime":4}