{"thingDefinitions":[{"id":"5c2dfe26285ab86f59fd6701","def":"{\"v\":7,\"p\":[{\"s\":[{\"p\":[0,0,0],\"r\":[0,0,0],\"s\":[0.1750001,0.1750002,0.1750001],\"c\":[1,1,1]}]},{\"b\":64,\"s\":[{\"p\":[0.008105027,0.01116815,0.190686],\"r\":[5.715653,182.4287,3.320463],\"s\":[0.1250003,0.1250001,0.1250002],\"c\":[1,1,1]}]},{\"b\":78,\"s\":[{\"p\":[0.008220178,0.02242355,-0.1501386],\"r\":[356.5006,14.26074,359.7286],\"s\":[0.07500003,0.07500006,0.07500005],\"c\":[1,1,1]}]},{\"b\":175,\"s\":[{\"p\":[0.006442667,-0.01141289,0.2504549],\"r\":[72.59234,133.3366,132.2009],\"s\":[0.04500002,0.04500004,0.04500003],\"c\":[1,1,1]}]}]}"}],"serveTime":4}