{"thingDefinitions":[{"id":"5c730bfc6a476f0546442b0d","def":"{\"v\":7,\"p\":[{\"s\":[{\"p\":[0,0,0],\"r\":[0,0,2.668043E-08],\"s\":[0.1750001,0.1750002,0.1750001],\"c\":[1,1,1]}]},{\"s\":[{\"p\":[0.2196221,0.1020745,0.0185121],\"r\":[356.3989,353.9109,11.64273],\"s\":[0.175,0.175,0.1750001],\"c\":[1,1,1]}]},{\"b\":112,\"e\":\"abc\",\"s\":[{\"p\":[-0.2692497,0.3110006,-0.03173847],\"r\":[71.20093,298.9022,304.0543],\"s\":[0.003,0.003,0.003],\"c\":[1,1,1]}]},{\"b\":2,\"s\":[{\"p\":[0.1676494,0.2827883,-0.2252321],\"r\":[330.3461,11.76385,0.3228461],\"s\":[0.125,0.1250003,0.1250002],\"c\":[1,1,1]}]}]}"}],"serveTime":4}