{"thingDefinitions":[{"id":"5de3ea10d38b030623fcdfbb","def":"{\"v\":9,\"p\":[{\"b\":9,\"s\":[{\"p\":[0,0,0],\"r\":[0,0,0],\"s\":[0.1250004,0.1250002,0.1250001],\"c\":[1,0,0.5142856]}]},{\"s\":[{\"p\":[-0.200133,-0.008853346,-0.4603734],\"r\":[49.00001,67.7774,6.604053],\"s\":[0.1750001,0.1750001,0.175],\"c\":[0.1142857,0,1]}]},{\"b\":10,\"s\":[{\"p\":[-0.3562731,0.2312995,-0.5522218],\"r\":[70.48194,62.90559,355.1247],\"s\":[0.125,0.125,0.125],\"c\":[1,1,1]}]}]}"}],"serveTime":4}