{"thingDefinitions":[{"id":"5c3914c3de198331858109ae","def":"{\"n\":\"ground\",\"v\":7,\"a\":[1],\"p\":[{\"b\":17,\"s\":[{\"p\":[0,0,0],\"r\":[0,0,-3.201651E-07],\"s\":[3.073344,0.0959359,3.185161],\"c\":[0.9019608,0.8509804,0.7215686],\"b\":[\"when touches hand\"]}]}]}"}],"serveTime":4}