{"thingDefinitions":[{"id":"5f332dc742984b318d5d7d47","def":"{\"v\":9,\"p\":[{\"s\":[{\"p\":[0,0,0],\"r\":[0,0,0],\"s\":[0.1750016,0.1750017,0.1750015],\"c\":[1,1,1]}]}]}"}],"serveTime":5}