{"thingDefinitions":[{"id":"5c30aa1883f66e6e55340466","def":"{\"v\":7,\"p\":[{\"s\":[{\"p\":[0,0,0],\"r\":[0,0,-1.707547E-06],\"s\":[0.1750002,0.1750001,0.1750001],\"c\":[1,1,1],\"b\":[\"when touches hand then reset body\"]}]}]}"}],"serveTime":4}