{"thingDefinitions":[{"id":"5b0aea0702d9bb1eb7a2c7ca","def":"{\"n\":\"ground\",\"v\":4,\"a\":[1],\"p\":[{\"b\":17,\"s\":[{\"p\":[0,0,0],\"r\":[0,0,0],\"s\":[2500,0.11062,2500],\"c\":[0.9019608,0.8509804,0.7215686]}]}]}"},{"id":"5b0aeb7d3f3a8c3bc333d699","def":"{\"v\":4,\"p\":[{\"s\":[{\"p\":[0,0,0],\"r\":[0,0,0],\"s\":[0.1750001,0.1750004,1.464861],\"c\":[0.3333332,0.2518517,0.07407398]}]},{\"b\":10,\"s\":[{\"p\":[-0.02689824,-0.03360271,0.7907255],\"r\":[61.871,340.9328,342.0938],\"s\":[0.3946884,0.2559601,0.3347175],\"c\":[0,1,0.2285714]}]}]}"}],"serveTime":14}