{"thingDefinitions":[{"id":"580fe00473f93ce00f6be130","def":"{\"n\":\"thing\",\"p\":[{\"b\":7,\"s\":[{\"p\":[0,0,0],\"r\":[0,0,0],\"s\":[0.1250001,0.1250001,0.1250001],\"c\":[1,1,1]}]},{\"b\":7,\"s\":[{\"p\":[0.1359945,0.1811285,0.08042434],\"r\":[12.45285,12.04277,41.33751],\"s\":[0.1250001,0.125,0.125],\"c\":[1,1,1]}]}]}"}],"serveTime":4}