{"thingDefinitions":[{"id":"5ceb1ffff2ff2006362edd80","def":"{\"n\":\"ground\",\"v\":9,\"a\":[1],\"p\":[{\"b\":17,\"s\":[{\"p\":[0,0,0],\"r\":[0,0,4.268868E-07],\"s\":[3.363346,0.11062,3.201102],\"c\":[0.3333332,1,1]}]}]}"}],"serveTime":4}