{"thingDefinitions":[{"id":"5bd64d1fe1a7e8275aac168c","def":"{\"n\":\"ground\",\"v\":7,\"a\":[1,7],\"p\":[{\"b\":17,\"s\":[{\"p\":[0,0,0],\"r\":[0,0,0],\"s\":[3.364447,0.1106398,3.2018],\"c\":[0.07407401,0.6666667,0.6666667]}]}]}"}],"serveTime":4}