{"thingDefinitions":[{"id":"5bc4ff063bbdc6057977b79d","def":"{\"v\":7,\"p\":[{\"b\":14,\"s\":[{\"p\":[0.1464486,0.1622127,0.08729494],\"r\":[41.11705,229.428,38.2928],\"s\":[0.06000002,0.06000002,0.06000002],\"c\":[1,1,1]}]},{\"b\":9,\"s\":[{\"p\":[0.04258186,0.07872473,0.01759724],\"r\":[333.9974,313.6347,31.60896],\"s\":[0.1250005,0.1250003,0.125],\"c\":[1,1,1]}]}]}"}],"serveTime":6}