{"thingDefinitions":[{"id":"5e84712a61734c6d046bb8dc","def":"{\"v\":9,\"p\":[{\"b\":5,\"s\":[{\"p\":[0,0,0],\"r\":[0,0,4.268868E-07],\"s\":[0.1000001,0.1000001,0.1000002],\"c\":[1,1,1]}]}]}"},{"id":"5e8574ac531e09061e2ca8ec","def":"{\"v\":9,\"p\":[{\"b\":2,\"s\":[{\"p\":[-0.0303184,-0.07953926,0.02383303],\"r\":[61.24142,359.7197,260.3622],\"s\":[0.1250001,0.1250004,0.1250004],\"c\":[1,1,1]}]},{\"b\":12,\"s\":[{\"p\":[-0.07069509,0.01369485,-0.01164843],\"r\":[342.7025,3.038637,8.334603],\"s\":[0.06000042,0.06000027,0.06000027],\"c\":[1,1,1]}]}]}"}],"serveTime":5}