{"thingDefinitions":[{"id":"5c7c78e3a2c2ba725a3a1828","def":"{\"v\":7,\"p\":[{\"b\":3,\"s\":[{\"p\":[0,0,0],\"r\":[0,0,-1.707547E-06],\"s\":[0.1250004,0.1250002,0.1250002],\"c\":[1,1,1]}]},{\"b\":3,\"s\":[{\"p\":[0.06996416,0.2098761,0.1624982],\"r\":[322.406,29.84292,328.4784],\"s\":[0.1250005,0.1250003,0.1250004],\"c\":[1,1,1]}]}]}"}],"serveTime":5}