{"thingDefinitions":[{"id":"5bbedbd9f9041b324d477caa","def":"{\"v\":7,\"p\":[{\"s\":[{\"p\":[0,0,0],\"r\":[0,0,2.134434E-07],\"s\":[0.175,0.1750001,0.1750001],\"c\":[1,1,1]}]},{\"s\":[{\"p\":[0.2691747,0.007190287,0.06405025],\"r\":[356.301,44.1823,354.2332],\"s\":[0.1750001,0.175,0.1750001],\"c\":[1,1,1]}]},{\"s\":[{\"p\":[0.4016316,-0.03291727,-0.08573078],\"r\":[0.8649015,70.47358,0.1688317],\"s\":[0.1750001,0.1750001,0.1750001],\"c\":[1,1,1]}]}]}"},{"id":"5bbedc31712c44057dd64afe","def":"{\"v\":7,\"p\":[{\"b\":5,\"s\":[{\"p\":[0,0,0],\"r\":[0,0,0],\"s\":[0.1,0.1,0.1],\"c\":[1,1,1]}]}]}"}],"serveTime":5}