{"thingDefinitions":[{"id":"5e345fe1363ca93807cc7f61","def":"{\"n\":\"ground\",\"v\":9,\"a\":[1],\"p\":[{\"b\":17,\"s\":[{\"p\":[0,0,0],\"r\":[0,0,8.537735E-07],\"s\":[3.363357,0.1106203,3.201105],\"c\":[0.9019608,0.8509804,0.7215686]}]}]}"}],"serveTime":5}