{"thingDefinitions":[{"id":"59dfb81004fa54c0131b98b9","def":"{\"n\":\"thing\",\"p\":[{\"b\":10,\"s\":[{\"p\":[0,0,0],\"r\":[0,0,0],\"s\":[0.1250001,0.1250001,0.1250001],\"c\":[1,1,1]}]},{\"b\":5,\"s\":[{\"p\":[-0.09453841,0.01941628,-0.1120451],\"r\":[351.5814,305.7737,26.42071],\"s\":[0.125,0.125,0.125],\"c\":[1,1,1]}]},{\"b\":17,\"s\":[{\"p\":[-0.09847608,0.1193437,-0.2005261],\"r\":[35.65542,262.431,3.725156],\"s\":[0.06000002,0.05999998,0.06000001],\"c\":[1,1,1]}]}]}"}],"serveTime":4}