{"thingDefinitions":[{"id":"5d23a1ac24894f063163a83c","def":"{\"n\":\"ground\",\"v\":9,\"a\":[1,2,4,22,9],\"p\":[{\"s\":[{\"p\":[0.9690608,-0.06823475,0.860868],\"r\":[7.644654,44.04991,359.2476],\"s\":[2280.448,0.3106524,742.0516],\"c\":[0.09876534,0.4444443,0.1777777]}]}]}"}],"serveTime":5}