{"thingDefinitions":[{"id":"5a8e51b90ca16b83138709f8","def":"{\"v\":2,\"p\":[{\"s\":[{\"p\":[0,0,0],\"r\":[0,0,1.280661E-06],\"s\":[0.1750004,0.1750003,0.1750003],\"c\":[1,1,1]}]},{\"s\":[{\"p\":[0.1710761,-0.01126227,-0.003225512],\"r\":[2.337242,91.16532,359.6517],\"s\":[0.1750001,0.175,0.1750003],\"c\":[1,1,1]}]},{\"b\":2,\"s\":[{\"p\":[0.316273,-0.0311406,-0.002080463],\"r\":[0.9267174,90.81013,355.134],\"s\":[0.125,0.1250001,0.125],\"c\":[1,1,1]}]}]}"}],"serveTime":6}