{"thingDefinitions":[{"id":"5bb4e56c05463e1c326dab9f","def":"{\"v\":7,\"p\":[{\"b\":9,\"s\":[{\"p\":[0,0,0],\"r\":[0,0,0],\"s\":[0.1250001,0.1250001,0.1250002],\"c\":[0.654321,0.7777778,0.6049383]}]},{\"b\":14,\"s\":[{\"p\":[-0.1107403,0.1923835,-0.0208748],\"r\":[65.67235,100.8364,357.0984],\"s\":[0.06000002,0.06000002,0.06],\"c\":[1,1,1]}]}]}"}],"serveTime":4}