{"thingDefinitions":[{"id":"5c82ddd69861ec05503c5442","def":"{\"v\":7,\"p\":[{\"s\":[{\"p\":[0,0,0],\"r\":[0,0,1.707547E-06],\"s\":[0.1750001,0.175,0.1750002],\"c\":[1,1,1]}]},{\"b\":3,\"s\":[{\"p\":[0.03926791,0.01948626,-0.1112356],\"r\":[12.73881,247.2753,61.79501],\"s\":[0.125,0.125,0.125],\"c\":[1,1,1]}]}]}"}],"serveTime":4}