{"thingDefinitions":[{"id":"5c54170e612c460501dd8600","def":"{\"n\":\"ground\",\"v\":7,\"a\":[1],\"p\":[{\"b\":17,\"s\":[{\"p\":[0,0,0],\"r\":[0,0,0],\"s\":[3.363346,0.11062,2.752555],\"c\":[0.9019608,0.8509804,0.7215686]}]},{\"s\":[{\"p\":[-0.2361579,0.7821308,-0.1500538],\"r\":[1.899897,108.3496,355.0909],\"s\":[0.175,0.175,0.175],\"c\":[1,1,1]}]}]}"}],"serveTime":4}