{"thingDefinitions":[{"id":"5e234c828d38860631104e26","def":"{\"v\":9,\"p\":[{\"b\":17,\"s\":[{\"p\":[-0.1751434,0.01760736,-0.01173914],\"r\":[355.4728,299.4434,55.46963],\"s\":[0.06000005,0.06000002,0.06000004],\"c\":[1,1,1]}]},{\"s\":[{\"p\":[0.08640246,-0.03205328,-0.01838845],\"r\":[9.561255,4.309147,8.245694],\"s\":[0.1750005,0.1750002,0.1750005],\"c\":[1,1,1]}]}]}"}],"serveTime":5}