{"thingDefinitions":[{"id":"5abac4bec186d10fecf8410c","def":"{\"v\":2,\"p\":[{\"pr\":1,\"s\":[{\"p\":[0,0,0],\"r\":[0,0,0],\"s\":[0.1774391,0.1687567,0.1672255],\"c\":[1,1,1],\"pr\":{\"c\":[0.1111111,0.6190475,1],\"m\":0.25,\"a\":0.25,\"s\":0.15,\"z\":0.25,\"g\":0.5,\"h\":0.25}}]}]}"}],"serveTime":6}