{"thingDefinitions":[{"id":"5a715772ae025fe00fa26a9d","def":"{\"n\":\"thing\",\"v\":2,\"p\":[{\"b\":9,\"s\":[{\"p\":[0,0,0],\"r\":[0,0,0],\"s\":[0.1250001,0.1250001,0.1250001],\"c\":[1,1,1]}]},{\"b\":9,\"s\":[{\"p\":[-0.1781012,-0.09624087,-0.03824486],\"r\":[15.98711,350.7238,356.3304],\"s\":[0.125,0.125,0.125],\"c\":[1,1,1]}]},{\"b\":14,\"s\":[{\"p\":[-0.1660168,0.08082889,0.1143655],\"r\":[319.8098,328.8155,18.50878],\"s\":[0.06000002,0.06000002,0.05999999],\"c\":[1,1,1]}]}]}"}],"serveTime":5}