{"thingDefinitions":[{"id":"5ca97bef0002a5480fc0446e","def":"{\"n\":\"ground\",\"v\":9,\"a\":[1],\"p\":[{\"b\":17,\"s\":[{\"p\":[0,0,0],\"r\":[0,0,0],\"s\":[3.363346,0.11062,3.162377],\"c\":[0.9019608,0.8509804,0.7215686]}]},{\"b\":9,\"s\":[{\"p\":[-0.9905107,1.268989,0.1512858],\"r\":[48.01881,36.37819,295.3647],\"s\":[0.1250001,0.125,0.125],\"c\":[1,1,1]}]}]}"},{"id":"5ca980eeea6e6f4815d706a2","def":"{\"v\":9,\"p\":[{\"b\":115,\"e\":\"JOHN SUCKS\",\"s\":[{\"p\":[0,0,0],\"r\":[0,0,1.067217E-07],\"s\":[0.003000003,0.003,0.003000002],\"c\":[1,1,1]}]}]}"}],"serveTime":6}