{"thingDefinitions":[{"id":"5b1c832f8b75da1e6b10fdad","def":"{\"v\":5,\"p\":[{\"b\":14,\"s\":[{\"p\":[0,0,0],\"r\":[0,0,0],\"s\":[0.06000003,0.06000006,0.06000003],\"c\":[1,1,1]}]}]}"}],"serveTime":4}