{"thingDefinitions":[{"id":"5ca81bc272f8e24e393a3992","def":"{\"v\":9,\"p\":[{\"b\":3,\"s\":[{\"p\":[0,0,0],\"r\":[0,0,0],\"s\":[0.1250001,0.1250002,0.1250001],\"c\":[1,1,1]}]},{\"b\":3,\"s\":[{\"p\":[-0.5167651,0.4288792,-0.2133576],\"r\":[42.71779,297.708,205.0296],\"s\":[0.1250001,0.1250003,0.1250003],\"c\":[1,1,1]}]},{\"b\":5,\"s\":[{\"p\":[-0.1206565,0.2816778,-0.24139],\"r\":[353.8341,338.8349,308.9572],\"s\":[0.1000001,0.1000001,0.1000001],\"c\":[1,1,1]}]}]}"}],"serveTime":5}