{"thingDefinitions":[{"id":"5b99f043ebf9c50571bb0d8e","def":"{\"v\":6,\"a\":[2,4,12],\"tp_m\": 4,\"tp_m\": 4,\"tp_lr\": [1,0,0],\"p\":[{\"s\":[{\"p\":[-0.1104079,0.1256034,-0.1338771],\"r\":[325.3485,10.10366,38.09666],\"s\":[0.1750019,0.1750008,0.1750025],\"c\":[1,1,1]}]},{\"s\":[{\"p\":[0.3132377,-0.6574011,-0.207365],\"r\":[48.75525,349.731,180.5009],\"s\":[0.1750008,0.1750009,0.1750017],\"c\":[1,1,1]}]},{\"s\":[{\"p\":[0.3699549,-0.1071707,0.01813419],\"r\":[12.97101,3.223766,281.7156],\"s\":[0.1750016,0.175001,0.1750025],\"c\":[0,1,1]}]}]}"}],"serveTime":5}