{"thingDefinitions":[{"id":"5ada9501c756ba04be352614","def":"{\"v\":4,\"p\":[{\"s\":[{\"p\":[0,0,0],\"r\":[0,0,4.268868E-07],\"s\":[0.00500004,1.030872,0.03581489],\"c\":[1,1,1]}]},{\"b\":40,\"s\":[{\"p\":[-0.0318927,0.4130228,-0.005870573],\"r\":[1.901259,356.7173,269.0276],\"s\":[0.1250001,0.1250003,0.2519753],\"c\":[1,1,1]}]}]}"}],"serveTime":3}