{"thingDefinitions":[{"id":"5c5ef2b0b1c7ea055ff6ca43","def":"{\"n\":\"ground\",\"v\":7,\"a\":[1],\"p\":[{\"b\":17,\"s\":[{\"p\":[0,0,0],\"r\":[0,0,0],\"s\":[26.29338,0.11062,17.61866],\"c\":[0.9019608,0.8509804,0.7215686]}]}]}"}],"serveTime":4}