{"thingDefinitions":[{"id":"5d490129ee22910627e2d231","def":"{\"n\":\"ground\",\"v\":9,\"a\":[1],\"tp_m\": 34,\"p\":[{\"b\":17,\"s\":[{\"p\":[0,0,0],\"r\":[0,0,0],\"s\":[3.363346,0.11062,3.201102],\"c\":[0.9019608,0.8509804,0.7215686]}]},{\"s\":[{\"p\":[-3.943315,0.559837,1.337595],\"r\":[356.9683,16.31668,78.18217],\"s\":[0.1750001,0.1750001,0.175],\"c\":[1,1,1]}]},{\"b\":4,\"s\":[{\"p\":[-3.881999,0.7567173,1.330966],\"r\":[285.2656,118.8084,300.2758],\"s\":[0.125,0.125,0.1250001],\"c\":[1,1,1]}]},{\"b\":165,\"s\":[{\"p\":[-3.958915,0.3748964,1.33131],\"r\":[287.9144,113.5701,152.1147],\"s\":[0.1000001,0.1000001,0.1000001],\"c\":[1,1,1]}]}]}"}],"serveTime":3}