{"thingDefinitions":[{"id":"5c9d3ee385bde60ab7415a07","def":"{\"v\":9,\"p\":[{\"b\":9,\"s\":[{\"p\":[0,0,0],\"r\":[0,0,0],\"s\":[0.125,0.1250001,0.1250001],\"c\":[1,1,1]}]},{\"b\":8,\"s\":[{\"p\":[0.002478516,0.09761737,-0.01647776],\"r\":[359.576,352.8246,9.455749],\"s\":[0.1250001,0.1250003,0.1250002],\"c\":[1,1,1]}]}]}"}],"serveTime":4}