{"thingDefinitions":[{"id":"5f079ab36ee3aa7e8ef98ff1","def":"{\"v\":9,\"p\":[{\"b\":12,\"s\":[{\"p\":[0,0,0],\"r\":[0,0,0],\"s\":[0.06000024,0.06000034,0.06000027],\"c\":[1,1,1]}]}]}"},{"id":"5f079bf6236f190641acf224","def":"{\"v\":9,\"a\":[2,9],\"p\":[{\"b\":3,\"a\":[5],\"c\":[[3.751,-0.809,0.755,34],[0.869,-0.097,-1.521,3,35],[1.939,-1.665,-1.83,35],[0.75,-2.334,0.217,36]],\"s\":[{\"p\":[0.8000358,0.14848,0.4787549],\"r\":[329.4026,95.68923,287.9628],\"s\":[0.125001,0.1250007,0.1250008],\"c\":[0.2962961,0.8888889,0.431746]},{\"p\":[0,0,0],\"r\":[0,0,0],\"s\":[0.1250006,0.1250004,0.1250003],\"c\":[0.2962961,0.8888889,0.431746]},{\"p\":[0,0,0],\"r\":[0,0,0],\"s\":[0.1250006,0.1250004,0.1250003],\"c\":[0.2962961,0.8888889,0.4317459]}]}]}"}],"serveTime":6}