{"thingDefinitions":[{"id":"5e23d6581a97ec0629d79ea3","def":"{\"n\":\"ground\",\"v\":9,\"a\":[1],\"p\":[{\"b\":17,\"s\":[{\"p\":[0,0,0],\"r\":[0,0,-1.217294E-07],\"s\":[3.125529,0.11062,2.813245],\"c\":[0.9019608,0.8509804,0.7215686]}]}]}"}],"serveTime":5}