{"thingDefinitions":[{"id":"5afcd9995c857e61005d79c1","def":"{\"n\":\"ground\",\"v\":4,\"a\":[1],\"p\":[{\"b\":17,\"s\":[{\"p\":[0,0,0],\"r\":[0,0,0],\"s\":[11.86839,0.11062,20.81424],\"c\":[0.9019608,0.8509804,0.7215686]}]}]}"}],"serveTime":3}