{"thingDefinitions":[{"id":"5d7b31bf06579920a9bc8914","def":"{\"v\":9,\"a\":[7,18],\"p\":[{\"s\":[{\"p\":[0,0,0],\"r\":[0,0,0],\"s\":[13.22092,20.29113,0.1750062],\"c\":[0.07619032,0.6666667,0]}]}]}"}],"serveTime":4}