{"thingDefinitions":[{"id":"5cfe874d6a2bcc25187a32a8","def":"{\"n\":\"ground\",\"v\":9,\"a\":[1],\"p\":[{\"b\":17,\"s\":[{\"p\":[0,0,0],\"r\":[0,0,0],\"s\":[3.363346,0.11062,3.201102],\"c\":[0.9019608,0.8509804,0.7215686]}]},{\"b\":3,\"s\":[{\"p\":[1.206717,1.636436,0.532781],\"r\":[289.8716,274.9134,258.3873],\"s\":[0.001,0.1400004,0.158755],\"c\":[1,1,1]}]},{\"b\":3,\"s\":[{\"p\":[1.210629,1.625455,0.5932704],\"r\":[284.6392,275.5292,350.1815],\"s\":[0.03269059,0.003834448,0.08997048],\"c\":[0,1,1]}]},{\"b\":3,\"s\":[{\"p\":[1.221367,1.640327,0.4676484],\"r\":[286.6641,267.3464,1.403361],\"s\":[0.03269057,0.003834446,0.08997042],\"c\":[0,1,1]}]}]}"}],"serveTime":5}