{"thingDefinitions":[{"id":"5bf900151171b2645973683c","def":"{\"n\":\"ground\",\"v\":7,\"a\":[1],\"p\":[{\"b\":17,\"s\":[{\"p\":[0,0,0],\"r\":[0,0,-1.067217E-07],\"s\":[72.00445,0.2289354,370.8491],\"c\":[0.9019608,0.8509804,0.7215686]}]}]}"}],"serveTime":3}