{"thingDefinitions":[{"id":"58e419838e950fb4137718a9","def":"{\"n\":\"ground\",\"a\":[1],\"p\":[{\"b\":17,\"s\":[{\"p\":[0,0,0],\"r\":[0,0,0],\"s\":[150,0.11062,150],\"c\":[0.9019608,0.8509804,0.7215686]}]}]}"},{"id":"58e41abbf0b4cbae13d12f04","def":"{\"n\":\"thing\",\"a\":[7],\"p\":[{\"s\":[{\"p\":[0,0,0],\"r\":[0,0,-1.250645E-07],\"s\":[115,0.2690369,71.97324],\"c\":[1,1,1]}]}]}"}],"serveTime":5}