{"thingDefinitions":[{"id":"5de2b7a8a7a87e4ae60f2ff1","def":"{\"v\":9,\"p\":[{\"b\":73,\"s\":[{\"p\":[0,0,0],\"r\":[0,0,0],\"s\":[0.2250003,0.2250002,0.2250004],\"c\":[1,0.8253968,0.4444443]}]}]}"},{"id":"5de2b83b31afa432e3541426","def":"{\"v\":9,\"p\":[{\"b\":14,\"s\":[{\"p\":[0,0,0],\"r\":[0,0,8.537737E-07],\"s\":[0.06000005,0.06000014,0.06000008],\"c\":[1,1,1]}]},{\"b\":14,\"s\":[{\"p\":[-0.3769452,0.09457965,-0.4786297],\"r\":[355.1064,261.7082,347.4942],\"s\":[0.06000002,0.06000014,0.06000007],\"c\":[1,1,1]}]}]}"}],"serveTime":6}