{"thingDefinitions":[{"id":"5b79693d91f9442d68f33786","def":"{\"v\":6,\"p\":[{\"b\":17,\"s\":[{\"p\":[0.002771897,-0.006379022,0.003181143],\"r\":[311.8331,21.82962,326.7796],\"s\":[0.06000002,0.06000004,0.06000003],\"c\":[1,1,1]}]},{\"b\":12,\"s\":[{\"p\":[0.01262711,0.1876155,0.06111551],\"r\":[12.26419,311.8276,257.2181],\"s\":[0.06000003,0.05999998,0.06000007],\"c\":[1,1,1]}]},{\"b\":14,\"s\":[{\"p\":[0.1439912,0.3127027,-0.02973019],\"r\":[313.6059,122.6899,209.2653],\"s\":[0.05999999,0.05999999,0.05999999],\"c\":[1,1,1]}]}]}"}],"serveTime":5}