{"thingDefinitions":[{"id":"5d1d58a0d8a7b705d9e08085","def":"{\"v\":9,\"a\":[7],\"p\":[{\"b\":5,\"s\":[{\"p\":[-0.1218865,-0.13261,-0.3770716],\"r\":[35.61248,23.53575,224.7184],\"s\":[0.09300392,0.08960465,0.001000126],\"c\":[1,1,1]}]},{\"b\":59,\"s\":[{\"p\":[-0.07979274,-0.2124001,-0.2814919],\"r\":[34.89169,263.5678,224.7717],\"s\":[0.1250091,2.7948,0.125008],\"c\":[1,1,1]}]},{\"b\":199,\"s\":[{\"p\":[0.1070796,-0.7013569,0.070975],\"r\":[35.2874,143.9935,135.5099],\"s\":[0.08000566,0.08000472,0.08001241],\"c\":[1,1,1]}]}]}"}],"serveTime":4}