{"thingDefinitions":[{"id":"5bb995ce415200452c899b9c","def":"{\"v\":7,\"p\":[{\"b\":9,\"s\":[{\"p\":[0.1662383,-0.01855417,-0.1656916],\"r\":[25.25731,15.53191,25.20319],\"s\":[0.1250001,0.1250001,0.1250002],\"c\":[1,1,1]}]}]}"}],"serveTime":4}