{"thingDefinitions":[{"id":"5aa217d947b0e87fc52bbc02","def":"{\"v\":2,\"p\":[{\"s\":[{\"p\":[0,0,0],\"r\":[0,0,-3.415095E-06],\"s\":[0.1750001,0.1750001,0.1750001],\"c\":[1,1,1]}]}]}"}],"serveTime":4}