{"thingDefinitions":[{"id":"5a234d566956435828a20de6","def":"{\"n\":\"thing\",\"v\":2,\"p\":[{\"b\":9,\"s\":[{\"p\":[0.002424397,-0.02377574,-0.007227484],\"r\":[359.9164,357.107,355.9408],\"s\":[0.1250007,0.1250001,0.1250008],\"c\":[1,1,1]}]},{\"s\":[{\"p\":[0.07051541,-0.01392509,-0.1321707],\"r\":[66.73478,23.42998,233.6447],\"s\":[0.1750001,0.1750006,0.1750005],\"c\":[1,1,1]}]}]}"}],"serveTime":11}