{"thingDefinitions":[{"id":"5c708361e59c5e5b788bbe28","def":"{\"v\":7,\"a\":[4],\"p\":[{\"b\":9,\"s\":[{\"p\":[0,0,0],\"r\":[0,0,6.830189E-06],\"s\":[0.1250001,0.1250001,0.1250001],\"c\":[1,1,1]}]},{\"b\":9,\"s\":[{\"p\":[0.08517124,-0.02727988,-0.326149],\"r\":[42.21593,321.791,350.9738],\"s\":[0.1250002,0.1250002,0.1250004],\"c\":[1,1,1]}]}]}"}],"serveTime":4}