{"thingDefinitions":[{"id":"5c29296ead6b9c6e49e2c5e5","def":"{\"v\":7,\"p\":[{\"s\":[{\"p\":[0,0,0],\"r\":[0,0,0],\"s\":[0.1750005,0.1750005,0.1750003],\"c\":[1,1,1]}]},{\"b\":12,\"s\":[{\"p\":[-0.368488,0.07685345,-0.2003147],\"r\":[13.52343,142.0636,338.2401],\"s\":[0.06000011,0.06000003,0.06000012],\"c\":[1,1,1]}]}]}"}],"serveTime":5}