{"thingDefinitions":[{"id":"5b4a1d67e47dcf02658c52ce","def":"{\"v\":5,\"p\":[{\"b\":3,\"s\":[{\"p\":[-0.01699383,0.01393741,0.002700633],\"r\":[358.04,359.0281,358.6295],\"s\":[0.1140724,0.1250002,0.4755607],\"c\":[1,1,1]}]}]}"}],"serveTime":4}