{"thingDefinitions":[{"id":"5d32727ba9cba9353d83131c","def":"{\"n\":\"ground\",\"v\":9,\"a\":[1],\"p\":[{\"b\":17,\"s\":[{\"p\":[0,0,0],\"r\":[0,0,1.067217E-07],\"s\":[3.363346,0.11062,3.201103],\"c\":[0.9019608,0.8509804,0.7215686]}]}]}"},{"id":"5d3272eccf98917c2ad78651","def":"{\"v\":9,\"p\":[{\"b\":12,\"s\":[{\"p\":[0,0,0],\"r\":[0,0,0],\"s\":[0.06000001,0.06000002,0.06000004],\"c\":[1,1,1]}]}]}"}],"serveTime":5}