{"thingDefinitions":[{"id":"5c4bbbdb73613d74b01d8d34","def":"{\"v\":7,\"p\":[{\"b\":10,\"s\":[{\"p\":[0,0,0],\"r\":[0,0,0],\"s\":[0.2895249,0.1250001,0.6913363],\"c\":[1,1,1]}]}]}"}],"serveTime":5}