{"thingDefinitions":[{"id":"5a417ced750a4026107032b5","def":"{\"n\":\"thing\",\"v\":2,\"p\":[{\"b\":14,\"s\":[{\"p\":[0.07298136,0.08911541,0.03508598],\"r\":[29.00888,335.2997,21.71816],\"s\":[0.06000016,0.06000004,0.06000013],\"c\":[1,1,1]}]},{\"b\":14,\"s\":[{\"p\":[-0.1451763,0.07487316,0.126965],\"r\":[352.5134,331.2361,347.5612],\"s\":[0.04197484,0.203544,0.005],\"c\":[1,1,1]}]},{\"b\":14,\"s\":[{\"p\":[-0.04142527,0.4486807,0.3590282],\"r\":[325.9026,83.8172,250.4018],\"s\":[0.04197488,0.2035443,0.005000002],\"c\":[1,1,1]}]}]}"}],"serveTime":4}