{"thingDefinitions":[{"id":"5adc696cf2d2680f8bf5278f","def":"{\"n\":\"kuk\",\"v\":4,\"a\":[7],\"p\":[{\"b\":84,\"s\":[{\"p\":[-0.2959678,-0.04199198,-0.1498412],\"r\":[77.53915,93.18336,90.45149],\"s\":[0.07500562,0.07500505,0.07500707],\"c\":[1,1,1]}]},{\"s\":[{\"p\":[-0.06210589,0.1188085,-0.2757152],\"r\":[347.5395,92.721,0.09975424],\"s\":[0.175053,0.1750451,0.1750301],\"c\":[0.2222221,0.5333329,1]}]}]}"}],"serveTime":2}