{"thingDefinitions":[{"id":"5e2a0c7f6d8eca4f5d1a6e3b","def":"{\"n\":\"ground\",\"v\":9,\"a\":[1],\"p\":[{\"b\":17,\"s\":[{\"p\":[0,0,0],\"r\":[0,0,-1.534124E-07],\"s\":[3.363346,0.11062,3.201102],\"c\":[0.9019608,0.8509804,0.7215686]}]},{\"s\":[{\"p\":[-0.1790279,1.584215,0.8838256],\"r\":[277.85,329.6875,55.67607],\"s\":[0.175,0.1750001,0.175],\"c\":[1,1,1]}]},{\"b\":16,\"s\":[{\"p\":[-0.2315919,1.646561,0.7897402],\"r\":[351.1939,357.6765,5.168106],\"s\":[0.001,0.1,0.09999999],\"c\":[1,1,1]}]},{\"b\":9,\"s\":[{\"p\":[-0.2178397,1.370953,0.8202454],\"r\":[307.1469,25.5207,347.3355],\"s\":[0.125,0.125,0.125],\"c\":[1,1,1]}]}]}"}],"serveTime":3}