{"thingDefinitions":[{"id":"5e5c0f26f2d4fa05405bdd3c","def":"{\"n\":\"ground\",\"v\":9,\"a\":[1],\"p\":[{\"b\":17,\"s\":[{\"p\":[0,0,0],\"r\":[0,0,8.537737E-07],\"s\":[3.363347,0.11062,3.201101],\"c\":[0.9019608,0.8509804,0.7215686]}]}]}"}],"serveTime":4}