{"thingDefinitions":[{"id":"5ec4dfee981c6437fd4779b0","def":"{\"n\":\"ground\",\"v\":9,\"a\":[1],\"p\":[{\"b\":17,\"s\":[{\"p\":[0,0,0],\"r\":[0,0,2.134434E-07],\"s\":[3.363347,0.11062,3.201106],\"c\":[0.9019608,0.8509804,0.7215686]}]}]}"}],"serveTime":4}