{"thingDefinitions":[{"id":"5abaed4543be8f148a37884b","def":"{\"v\":2,\"p\":[{\"b\":10,\"s\":[{\"p\":[0,0,0],\"r\":[0,0,2.134434E-07],\"s\":[0.125,0.125,0.1250001],\"c\":[1,1,1]}]},{\"b\":4,\"s\":[{\"p\":[-0.04154711,0.04223865,0.1994778],\"r\":[354.03,348.9969,15.21111],\"s\":[0.125,0.125,0.1250001],\"c\":[1,1,1]}]},{\"b\":14,\"s\":[{\"p\":[0.04204461,0.006990433,-0.1666395],\"r\":[350.9648,344.2704,28.25488],\"s\":[0.06000002,0.06000001,0.06000002],\"c\":[1,1,1]}]},{\"b\":17,\"s\":[{\"p\":[-0.01348932,0.07107645,-0.01826451],\"r\":[10.33333,344.3466,31.14716],\"s\":[0.06000001,0.06000004,0.06000004],\"c\":[1,1,1]}]}]}"}],"serveTime":4}