{"thingDefinitions":[{"id":"5defed98b9268d3a393703e6","def":"{\"n\":\"ground\",\"v\":9,\"a\":[1],\"p\":[{\"b\":17,\"s\":[{\"p\":[0,0,0],\"r\":[0,0,0],\"s\":[6.49597,0.3064585,9.587577],\"c\":[0.9019608,0.8509804,0.7215686]}]}]}"}],"serveTime":6}