{"thingDefinitions":[{"id":"5b2d681d5b099e0f859b5a22","def":"{\"v\":5,\"p\":[{\"s\":[{\"p\":[0,0,0],\"r\":[0,0,-1.067217E-07],\"s\":[5.043089,0.3217062,3.290501],\"c\":[1,1,1]}]}]}"}],"serveTime":4}