{"thingDefinitions":[{"id":"5c13c91fd18afd055fda64f0","def":"{\"v\":7,\"p\":[{\"b\":10,\"s\":[{\"p\":[0,0,0],\"r\":[0,0,4.268868E-07],\"s\":[0.1250002,0.1250001,0.125],\"c\":[0,1,1]}]},{\"s\":[{\"p\":[0.1171338,-0.0529454,0.2684666],\"r\":[36.28997,213.1949,43.45289],\"s\":[0.1750003,0.1750003,0.1750003],\"c\":[1,1,1]}]},{\"b\":2,\"s\":[{\"p\":[0.4183037,-0.06215441,0.2152998],\"r\":[319.8515,195.721,20.91527],\"s\":[0.125,0.125,0.125],\"c\":[1,1,1]}]}]}"}],"serveTime":4}