{"thingDefinitions":[{"id":"5e3dc329edc5ef4f51104283","def":"{\"n\":\"ground\",\"v\":9,\"a\":[1],\"p\":[{\"b\":17,\"s\":[{\"p\":[0,0,0],\"r\":[0,0,0],\"s\":[3.363346,0.11062,3.201102],\"c\":[0.9019608,0.8509804,0.7215686]}]},{\"b\":2,\"s\":[{\"p\":[1.392279,0.2806916,-0.8253016],\"r\":[271.7,121.2048,148.9512],\"s\":[0.1250001,0.1250002,0.1250001],\"c\":[1,1,1]}]},{\"b\":12,\"s\":[{\"p\":[1.1263,1.124909,-1.182063],\"r\":[357.0047,293.5223,359.9614],\"s\":[0.06000001,0.06000002,0.06000001],\"c\":[1,1,1]}]}]}"}],"serveTime":4}