{"thingDefinitions":[{"id":"5c70b9063543572aae460164","def":"{\"v\":7,\"p\":[{\"b\":9,\"c\":[[-0.47,0.182,-0.925,13,58,2,3,20,3],[1.518,0.748,-1.001,26,63,2,3,43,1],[0.371,0.243,-0.71,0,6,3,3,65],[0.42,-0.297,-0.862,1,7,52,3,20,1]],\"s\":[{\"p\":[0,0,0],\"r\":[0,0,-1.707547E-06],\"s\":[0.1250003,0.1250003,0.1250001],\"c\":[0,1,1]}]},{\"b\":9,\"s\":[{\"p\":[-0.1075287,-0.1326676,-0.2880189],\"r\":[33.28804,317.5064,343.4652],\"s\":[0.1250002,0.1250001,0.1250001],\"c\":[0,1,1]}]}]}"}],"serveTime":4}