{"thingDefinitions":[{"id":"5c60d5072727fb054d831502","def":"{\"v\":7,\"a\":[1,2,7,18,31],\"p\":[{\"b\":4,\"c\":[[-0.001,-0.009,-3.264,2]],\"s\":[{\"p\":[-0.00432229,0.01127326,0.03454244],\"r\":[0,0,90],\"s\":[0.1250119,0.1250065,0.1250093],\"c\":[1,0.7777778,0.8920635],\"b\":[\"when touches face then become 2\"]}]},{\"b\":4,\"s\":[{\"p\":[-0.004822969,0.01169568,-0.07785803],\"r\":[0,180,270],\"s\":[0.01202077,0.0120219,0.01202177],\"c\":[1,0.5555556,0.7841271],\"b\":[\"when told snow cone melt then become next in 0.2s\"]},{\"p\":[-0.004822969,0.01169568,-0.2811005],\"r\":[0,180,270],\"s\":[0.06585432,0.06588064,0.065878],\"c\":[1,0.5555556,0.7841271],\"b\":[\"when consumed then turn off\",\"when consumed then play slurping drink gulp\"]}]},{\"b\":3,\"s\":[{\"p\":[-0.01176357,0.00991708,-0.04620326],\"r\":[90,90,0],\"s\":[0.1197809,0.1197658,0.1197723],\"c\":[1,0.5555556,0.7841271],\"b\":[\"when consumed then turn off\",\"when consumed then play bite\",\"when consumed then tell snow cone melt\"]}]}]}"}],"serveTime":4}