{"thingDefinitions":[{"id":"5c8c0e2fdbfe794be0245d39","def":"{\"v\":7,\"p\":[{\"b\":10,\"s\":[{\"p\":[0,0,0],\"r\":[0,0,-4.268868E-07],\"s\":[0.1250001,0.1250001,0.125],\"c\":[1,1,1]}]},{\"b\":9,\"s\":[{\"p\":[-0.01862324,0.1823155,-0.01683588],\"r\":[349.6333,285.1714,37.49258],\"s\":[0.1250001,0.1250001,0.125],\"c\":[1,1,1]}]}]}"}],"serveTime":4}