{"thingDefinitions":[{"id":"5a7dcbd0f6905d9513d98eb0","def":"{\"n\":\"i love you\",\"v\":2,\"p\":[{\"b\":174,\"s\":[{\"p\":[0,0,0],\"r\":[0,0,0],\"s\":[0.04500021,0.04499999,0.0450002],\"c\":[1,1,1]}]},{\"b\":159,\"s\":[{\"p\":[-0.04019565,1.488502,-0.3169848],\"r\":[348.6188,262.6666,8.399594],\"s\":[0.09,0.09,0.09000005],\"c\":[1,1,1]}]}]}"}],"serveTime":5}