{"thingDefinitions":[{"id":"5e3d1004f349cf24dd87b6e4","def":"{\"v\":9,\"a\":[7],\"p\":[{\"b\":9,\"s\":[{\"p\":[0.03589281,1.225465,-0.2205822],\"r\":[315.505,237.7542,157.0564],\"s\":[0.947417,0.4715505,0.1250006],\"c\":[1,1,1]}]},{\"s\":[{\"p\":[0.2261554,0.1837115,-0.3503262],\"r\":[26.19889,310.897,338.6089],\"s\":[0.1750001,0.6978611,0.6767687],\"c\":[1,1,1]}]},{\"s\":[{\"p\":[2.556345,-0.6787728,-2.5386],\"r\":[288.7874,17.10887,303.5399],\"s\":[0.7306061,0.05165053,0.06852905],\"c\":[0,0.7428569,1]}]},{\"s\":[{\"p\":[1.799103,-1.341807,-2.389204],\"r\":[10.24989,319.2199,344.1697],\"s\":[0.1305417,1.370201,1.483211],\"c\":[0,0.7428569,1]}]}]}"}],"serveTime":4}