{"thingDefinitions":[{"id":"59c83f03159d0034104942a7","def":"{\"n\":\"thing\",\"p\":[{\"s\":[{\"p\":[0,0,0],\"r\":[0,0,-1.707547E-06],\"s\":[0.1750003,0.1750004,0.1750004],\"c\":[1,1,1]}]}]}"}],"serveTime":4}