{"thingDefinitions":[{"id":"5c00482b6f12c40560b753b3","def":"{\"v\":7,\"a\":[2,19,50],\"p\":[{\"t\":3,\"a\":[23],\"pr\":1,\"t1\":19,\"t2\":19,\"s\":[{\"p\":[0,0,0],\"r\":[0,0,0],\"s\":[0.1750001,0.1750003,0.1750005],\"c\":[0,0.5714284,1],\"b\":[\"when touched then play electric shock zap 2\"],\"t1\":{\"c\":[1,1,1],\"x\":0.17,\"y\":0.17,\"a\":0.8925,\"m\":0.5,\"n\":0.5,\"r\":0,\"g\":0,\"o\":0.5,\"t\":0.5,\"e\":0.5},\"t2\":{\"c\":[0,0,0],\"x\":0.17,\"y\":0.17,\"a\":0.8925,\"m\":0.5,\"n\":0.5,\"r\":0,\"g\":0,\"o\":0.5,\"t\":0.5,\"e\":0.5},\"pr\":{\"c\":[0,0.06349199,0.1111111],\"m\":1,\"a\":0.25,\"s\":0.15,\"z\":1,\"g\":0.5,\"h\":0.2829187}}]}]}"}],"serveTime":5}