{"thingDefinitions":[{"id":"5e1f9107cf649524d1952a10","def":"{\"v\":9,\"p\":[{\"b\":186,\"s\":[{\"p\":[0,0,0],\"r\":[0,0,-4.268868E-07],\"s\":[0.06000004,0.06000008,0.06000004],\"c\":[1,1,1]}]}]}"}],"serveTime":5}