{"thingDefinitions":[{"id":"5cbdadc1bfde14791842cf6e","def":"{\"v\":9,\"p\":[{\"s\":[{\"p\":[0,0,0],\"r\":[0,0,0],\"s\":[0.1750001,0.1750001,0.175],\"c\":[1,1,1]}]},{\"b\":2,\"s\":[{\"p\":[-0.1277844,-0.01100211,0.004052747],\"r\":[1.985006,273.0198,357.2224],\"s\":[0.125,0.125,0.1250001],\"c\":[1,1,1]}]}]}"}],"serveTime":8}