{"thingDefinitions":[{"id":"5d3643f074304635373f2c2d","def":"{\"v\":9,\"p\":[{\"b\":11,\"s\":[{\"p\":[0,0,0],\"r\":[0,0,0],\"s\":[0.1,0.09999999,0.09999999],\"c\":[1,1,1]}]}]}"}],"serveTime":5}