{"thingDefinitions":[{"id":"58ebf9435e1d679a13608c92","def":"{\"n\":\"tv\",\"a\":[7],\"p\":[{\"t\":4,\"a\":[2],\"s\":[{\"p\":[-0.6221836,0.6848688,0.05328763],\"r\":[0,180,0],\"s\":[0.03721542,0.09989828,0.03824205],\"c\":[0.2222221,0.2666662,1],\"b\":[\"when touched then become next in 0.2s\"]},{\"p\":[-0.6179444,0.6819949,0.03567898],\"r\":[0,180,0],\"s\":[0.03721717,0.09990314,0.03824327],\"c\":[0.222222,0.2666661,1],\"b\":[\"when starts then become next in 0.2s\"]}]},{\"t\":1,\"s\":[{\"p\":[-0.1069089,0.03178632,-0.1017146],\"r\":[0,90.00001,0],\"s\":[0.3013613,1.832006,1.360027],\"c\":[0,0,0]}]},{\"t\":7,\"a\":[1],\"s\":[{\"p\":[0.03466904,0.02875733,0.005261654],\"r\":[3.415095E-06,90.00001,90.00001],\"s\":[1.690089,0.1054788,0.9697974],\"c\":[0,0,0]}]}]}"}],"serveTime":4}