{"thingDefinitions":[{"id":"5ea8f1b9cab07842593aa589","def":"{\"v\":9,\"p\":[{\"b\":3,\"s\":[{\"p\":[0,0,0],\"r\":[0,0,0],\"s\":[0.125,0.125,0.125],\"c\":[1,1,1]}]},{\"b\":14,\"s\":[{\"p\":[0.07723997,-0.07236071,-0.278786],\"r\":[340.6121,339.7618,359.7224],\"s\":[0.05999999,0.05999999,0.06000001],\"c\":[1,1,1]}]},{\"b\":14,\"s\":[{\"p\":[0.2279593,-0.05510235,-0.2453721],\"r\":[357.4767,305.8688,10.93555],\"s\":[0.05999998,0.05999996,0.05999998],\"c\":[1,1,1]}]},{\"b\":14,\"s\":[{\"p\":[-0.1070708,-0.02041692,-0.3063101],\"r\":[2.005644,30.82333,341.8372],\"s\":[0.06000003,0.05999998,0.06000003],\"c\":[1,1,1]}]}]}"}],"serveTime":4}