{"thingDefinitions":[{"id":"5c5c9c6bd12e84054389ceec","def":"{\"v\":7,\"p\":[{\"b\":9,\"s\":[{\"p\":[0,0,0],\"r\":[0,0,-1.707547E-06],\"s\":[0.1250002,0.1250002,0.1250001],\"c\":[1,1,1]}]},{\"b\":9,\"s\":[{\"p\":[0.1002882,-0.3218456,-0.2405521],\"r\":[46.93303,18.5074,44.53334],\"s\":[0.1250001,0.1250002,0.1250001],\"c\":[1,1,1]}]},{\"s\":[{\"p\":[1.106866,-0.2259878,1.322564],\"r\":[315.8404,81.55284,141.7975],\"s\":[0.1750005,0.1750002,1.125313],\"c\":[1,1,1]}]}]}"}],"serveTime":4}