{"thingDefinitions":[{"id":"5d6c61e1288c857ffcc85242","def":"{\"n\":\"ground\",\"v\":9,\"a\":[1],\"p\":[{\"b\":17,\"s\":[{\"p\":[0,0,0],\"r\":[0,0,0],\"s\":[3.363346,0.11062,3.201102],\"c\":[0.9019608,0.8509804,0.7215686]}]},{\"b\":10,\"s\":[{\"p\":[-0.02915406,0.5337952,2.790895],\"r\":[316.2463,107.937,286.8385],\"s\":[0.1250002,0.1250002,0.1250004],\"c\":[1,1,1]}]},{\"b\":5,\"s\":[{\"p\":[0.06087981,0.7423981,2.743931],\"r\":[23.30489,62.17797,274.9735],\"s\":[0.1000001,0.1000001,0.1000001],\"c\":[1,1,1]}]},{\"b\":44,\"s\":[{\"p\":[0.03114791,0.6875519,2.716724],\"r\":[318.5816,70.10511,278.3784],\"s\":[0.1250001,0.1250002,0.1250002],\"c\":[1,1,1]}]}]}"}],"serveTime":4}