{"thingDefinitions":[{"id":"5c9e2eb11574990561fb902b","def":"{\"v\":9,\"p\":[{\"s\":[{\"p\":[0,0,0],\"r\":[0,0,8.537737E-07],\"s\":[0.175,0.1750001,0.1750001],\"c\":[1,1,1]}]}]}"}],"serveTime":4}