{"thingDefinitions":[{"id":"5bcf2a0621e2b9274f870138","def":"{\"n\":\"ground\",\"v\":7,\"a\":[1],\"p\":[{\"b\":17,\"s\":[{\"p\":[0,0,0],\"r\":[0,0,0],\"s\":[3.363346,0.11062,3.201102],\"c\":[0.9019608,0.8509804,0.7215686]}]}]}"},{"id":"5bcf2d402c142a274e8369b2","def":"{\"v\":7,\"p\":[{\"s\":[{\"p\":[0,0,0],\"r\":[0,0,0],\"s\":[0.1750003,0.175,0.175],\"c\":[1,1,1]}]}]}"},{"id":"5bcf2e18e5cea865e4266084","def":"{\"v\":7,\"p\":[{\"s\":[{\"p\":[0.001795193,0.01799546,-0.005953855],\"r\":[52.2217,31.3072,76.50832],\"s\":[0.1750006,0.1750005,0.1750003],\"c\":[0.5587303,0,0.8888889]}]},{\"s\":[{\"p\":[0.004865351,0.003556055,0.0001300154],\"r\":[0.4597224,2.623213,359.1313],\"s\":[0.1750001,0.175,0.1750001],\"c\":[0.4571426,1,0]}]}]}"}],"serveTime":8}