{"thingDefinitions":[{"id":"5df065b9bb4dfa359ccded16","def":"{\"v\":9,\"p\":[{\"b\":12,\"s\":[{\"p\":[0,0,0],\"r\":[0,0,2.134434E-07],\"s\":[0.06000008,0.06000003,0.06000005],\"c\":[1,1,1]}]}]}"}],"serveTime":9}