{"thingDefinitions":[{"id":"5cbd3be92038c1055d6233c5","def":"{\"v\":9,\"p\":[{\"b\":5,\"s\":[{\"p\":[0,0,0],\"r\":[0,0,0],\"s\":[0.1000003,0.1000001,0.1000003],\"c\":[1,1,1]}]},{\"s\":[{\"p\":[-0.01894071,0.01841421,0.1179776],\"r\":[2.777115,356.4592,309.6849],\"s\":[0.1750002,0.1750001,0.1750001],\"c\":[1,1,1]}]},{\"b\":14,\"s\":[{\"p\":[-0.03628769,0.01460311,0.3411044],\"r\":[0.9770467,354.7846,5.616339],\"s\":[0.06000011,0.06000004,0.06000006],\"c\":[1,1,1]}]}]}"}],"serveTime":4}