{"thingDefinitions":[{"id":"59d1f833b089b88a13f814b8","def":"{\"n\":\"thing\",\"p\":[{\"b\":3,\"t\":3,\"s\":[{\"p\":[-0.5480983,0.6286353,-0.1171343],\"r\":[358.9978,280.8279,47.11864],\"s\":[0.1250008,0.1250003,0.1250008],\"c\":[1,1,1]}]}]}"}],"serveTime":4}