{"thingDefinitions":[{"id":"5bbdf2676e1c7454a3026565","def":"{\"v\":7,\"p\":[{\"s\":[{\"p\":[0.223309,-0.1482718,-0.6468425],\"r\":[65.53028,154.8737,208.1383],\"s\":[0.1750002,0.1750003,0.1750002],\"c\":[1,1,1]}]},{\"s\":[{\"p\":[1.365533,-1.393478,-1.022763],\"r\":[357.2489,125.784,158.2757],\"s\":[0.1750003,0.1750006,0.1750008],\"c\":[1,1,1]}]},{\"b\":78,\"s\":[{\"p\":[1.387352,-2.047842,-0.5326333],\"r\":[70.4846,332.3153,55.1907],\"s\":[0.07500007,0.0750001,0.07500015],\"c\":[1,1,1]}]},{\"b\":78,\"s\":[{\"p\":[1.515059,-1.841576,-0.8787615],\"r\":[8.421206,179.7074,273.2657],\"s\":[0.07500001,0.07500005,0.07500003],\"c\":[1,1,1]}]}]}"}],"serveTime":4}