{"thingDefinitions":[{"id":"5c19aa02e0b8db3184f26447","def":"{\"v\":7,\"p\":[{\"b\":14,\"s\":[{\"p\":[0,0,0],\"r\":[0,0,4.268868E-07],\"s\":[0.9085948,0.8672166,0.001000001],\"c\":[1,1,1]}]}]}"}],"serveTime":6}