{"thingDefinitions":[{"id":"5e79a5e2d18bd43f91294e02","def":"{\"n\":\"ground\",\"v\":9,\"a\":[1],\"p\":[{\"b\":17,\"s\":[{\"p\":[0,0,0],\"r\":[0,0,0],\"s\":[3.363346,0.11062,3.201102],\"c\":[0.9019608,0.8509804,0.7215686]}]},{\"b\":12,\"s\":[{\"p\":[-0.4019345,1.994538,0.350098],\"r\":[341.9171,351.9424,358.6033],\"s\":[0.05999999,0.06000003,0.06],\"c\":[1,1,1]}]}]}"}],"serveTime":4}