{"thingDefinitions":[{"id":"5bda10639434cb33cd0c9bd2","def":"{\"v\":7,\"p\":[{\"s\":[{\"p\":[0,0,0],\"r\":[0,0,0],\"s\":[0.7322485,0.404083,0.6330469],\"c\":[1,1,1]}]}]}"}],"serveTime":5}