{"thingDefinitions":[{"id":"5cef0bd97c8f080627c139ae","def":"{\"n\":\"ground\",\"v\":9,\"a\":[1,4],\"p\":[{\"b\":17,\"s\":[{\"p\":[0,0,0],\"r\":[0,0,0],\"s\":[3.363346,0.11062,3.201102],\"c\":[0.9019608,0.8509804,0.7215686]}]},{\"b\":9,\"s\":[{\"p\":[0.1184739,1.31076,3.74701],\"r\":[332.1051,307.4206,236.7913],\"s\":[0.1250004,0.1250003,0.1250001],\"c\":[1,1,1]}]}]}"}],"serveTime":4}