{"thingDefinitions":[{"id":"5c71d88f78f2e96d99360a1f","def":"{\"v\":7,\"p\":[{\"b\":180,\"s\":[{\"p\":[-0.2586091,0.06868176,-0.1248925],\"r\":[33.56305,248.201,44.58644],\"s\":[0.1250007,0.1250006,0.1250005],\"c\":[1,1,1]}]},{\"b\":199,\"s\":[{\"p\":[-0.08390382,-0.08871669,0.01410494],\"r\":[352.342,144.0241,111.5083],\"s\":[0.08000015,0.08000012,0.0800002],\"c\":[1,1,1]}]},{\"b\":249,\"s\":[{\"p\":[-0.0383421,0.2246076,-0.0740597],\"r\":[315.4077,306.8708,28.5755],\"s\":[0.2200009,0.220001,0.2200004],\"c\":[1,1,1]}]}]}"}],"serveTime":4}