{"thingDefinitions":[{"id":"5c3cbbe8cb79790566878ff0","def":"{\"v\":7,\"p\":[{\"b\":11,\"s\":[{\"p\":[0,0,0],\"r\":[0,0,0],\"s\":[0.1000001,0.1000001,0.1000001],\"c\":[1,1,1]}]},{\"s\":[{\"p\":[0.01291069,0.1163301,0.09945592],\"r\":[45.98957,182.5006,92.80116],\"s\":[0.1750001,0.1750001,0.1750001],\"c\":[1,1,1]}]},{\"b\":14,\"s\":[{\"p\":[0.01526029,-0.004488066,-0.1800335],\"r\":[20.73565,184.544,90.88078],\"s\":[0.06000002,0.06000002,0.06000003],\"c\":[1,1,1]}]}]}"},{"id":"5c3cbd05069c9e1e05baaeeb","def":"{\"v\":7,\"p\":[{\"b\":251,\"s\":[{\"p\":[0,0,0],\"r\":[0,0,8.537737E-07],\"s\":[0.24,0.2400001,0.2400001],\"c\":[1,1,1]}]}]}"}],"serveTime":6}