{"thingDefinitions":[{"id":"59d67cc336c4a71610dbd661","def":"{\"n\":\"thing\",\"p\":[{\"s\":[{\"p\":[0,0,0],\"r\":[0,0,1.400722E-06],\"s\":[0.1750002,0.175,0.1750001],\"c\":[1,1,1]}]},{\"s\":[{\"p\":[0.1721809,0.006460667,-0.001834616],\"r\":[59.69826,354.869,265.0958],\"s\":[0.1750005,0.1750001,0.1750002],\"c\":[1,1,1]}]},{\"b\":104,\"e\":\"TEST\",\"s\":[{\"p\":[0.06561582,0.01133721,-0.334686],\"r\":[58.77565,200.2311,146.8762],\"s\":[0.003000004,0.003000001,0.003000002],\"c\":[1,1,1],\"b\":[\"when starts then play doorbell\"]},{\"p\":[0.06561582,0.01133721,-0.334686],\"r\":[58.77565,200.2311,146.8762],\"s\":[0.003000004,0.003000001,0.003000002],\"c\":[1,1,1]}]}]}"}],"serveTime":4}