{"thingDefinitions":[{"id":"5ef2b9aba4137f2b0ebef099","def":"{\"v\":9,\"p\":[{\"s\":[{\"p\":[0,0,0],\"r\":[0,0,-1.707547E-06],\"s\":[0.4085296,14.20942,13.19799],\"c\":[1,1,1]}]}]}"}],"serveTime":11}