{"thingDefinitions":[{"id":"59bebcc43ddce4ab13964a3a","def":"{\"n\":\"thing\",\"p\":[{\"b\":71,\"s\":[{\"p\":[-0.07026146,0.1414006,0.2117683],\"r\":[20.39295,275.3146,52.81021],\"s\":[0.1250002,0.1250002,0.1250002],\"c\":[1,1,1]}]},{\"b\":71,\"s\":[{\"p\":[0.01112704,-0.001120225,0.08218727],\"r\":[43.84904,301.8557,173.3603],\"s\":[0.1250007,0.1250009,0.1250004],\"c\":[1,1,1]}]},{\"b\":71,\"s\":[{\"p\":[-0.2535706,-0.0225057,0.04455915],\"r\":[23.22809,54.34189,34.75853],\"s\":[0.1250004,0.1250004,0.1250004],\"c\":[1,1,1]}]}]}"}],"serveTime":4}