{"thingDefinitions":[{"id":"5c311f615496586f5aa0ce8d","def":"{\"n\":\"ground\",\"v\":7,\"a\":[1],\"p\":[{\"b\":17,\"s\":[{\"p\":[0,0,0],\"r\":[0,0,0],\"s\":[31.86309,0.11062,29.52302],\"c\":[0,0.5555556,0.222222]}]}]}"}],"serveTime":4}