{"thingDefinitions":[{"id":"5c7c21a38ce0830566ed32ea","def":"{\"v\":7,\"p\":[{\"b\":154,\"s\":[{\"p\":[0.6756359,-0.6073728,0.4126224],\"r\":[336.02,39.03822,21.31394],\"s\":[0.4528053,0.07000005,0.4487726],\"c\":[1,1,1]}]},{\"b\":154,\"s\":[{\"p\":[0.4670741,-0.3913995,0.9530057],\"r\":[332.4141,30.64654,208.8375],\"s\":[2.907804,0.6207709,4.544268],\"c\":[1,1,1]}]}]}"}],"serveTime":5}