{"thingDefinitions":[{"id":"59f4ea3ac0d0e8fb6bf4dedb","def":"{\"n\":\"ground\",\"v\":1,\"a\":[1],\"p\":[{\"b\":17,\"s\":[{\"p\":[0,0,0],\"r\":[0,0,0],\"s\":[3.363346,0.11062,3.201102],\"c\":[0.9019608,0.8509804,0.7215686]}]},{\"b\":3,\"s\":[{\"p\":[2.033406,1.589496,1.263915],\"r\":[352.0263,164.6414,295.5097],\"s\":[0.1250003,0.1250001,0.1250005],\"c\":[1,1,1]}]},{\"b\":13,\"s\":[{\"p\":[2.174457,1.46056,1.49903],\"r\":[4.513615,124.7846,313.8231],\"s\":[0.06000006,0.06000003,0.06000012],\"c\":[1,1,1]}]}]}"}],"serveTime":5}