{"thingDefinitions":[{"id":"5d9607a1d5576b062a94ba93","def":"{\"v\":9,\"p\":[{\"b\":9,\"s\":[{\"p\":[0,0,0],\"r\":[0,0,0],\"s\":[0.001000002,0.001000004,0.3298452],\"c\":[1,1,1]}]}]}"},{"id":"5d960858a1cf1e392b56b431","def":"{\"v\":9,\"p\":[{\"b\":3,\"s\":[{\"p\":[0,0,0],\"r\":[0,0,1.067217E-06],\"s\":[0.1250001,0.1250001,0.1250001],\"c\":[1,0,0.3428572]}]},{\"b\":4,\"s\":[{\"p\":[0.1899538,-0.00890404,-0.06006281],\"r\":[336.3527,99.19967,92.98537],\"s\":[0.1988283,0.1826204,0.1227178],\"c\":[1,0,0.3428572]}]}]}"}],"serveTime":6}