{"thingDefinitions":[{"id":"5d9916b2309ea4392c5a8742","def":"{\"n\":\"ground\",\"v\":9,\"a\":[1,4,12],\"p\":[{\"b\":9,\"s\":[{\"p\":[0.02525425,1.479442,2.348982],\"r\":[53.3013,110.2701,182.4588],\"s\":[0.1250011,0.04641834,0.1250011],\"c\":[1,1,1]}]},{\"b\":17,\"sa\":88,\"s\":[{\"p\":[0.4920247,0.7399969,1.03709],\"r\":[1.223667,279.7386,4.318488],\"s\":[3.363351,0.11062,3.201109],\"c\":[0.9019608,0.8509804,0.7215686]},{\"p\":[0,0,0],\"r\":[0,0,0],\"s\":[3.363346,0.11062,3.201102],\"c\":[0.9019608,0.8509804,0.7215686]}]}]}"}],"serveTime":5}