{"thingDefinitions":[{"id":"5b82fe3f01110105771d53ce","def":"{\"v\":6,\"p\":[{\"b\":9,\"s\":[{\"p\":[-0.07945575,-0.2514699,-0.2850806],\"r\":[60.79346,344.446,313.2619],\"s\":[0.1250008,0.1250008,0.1250012],\"c\":[1,1,1]}]},{\"b\":9,\"s\":[{\"p\":[0.02030629,0.0452982,0.03963472],\"r\":[342.1733,10.05581,359.5176],\"s\":[0.1250011,0.1250008,0.1250015],\"c\":[1,1,1]}]},{\"b\":9,\"s\":[{\"p\":[-0.06079789,-0.1372939,-0.114737],\"r\":[23.94713,347.1454,355.5244],\"s\":[0.03323279,0.04266933,0.04456787],\"c\":[1,1,1]}]}]}"}],"serveTime":4}