{"thingDefinitions":[{"id":"5bf88fa375b22a64fb6e0166","def":"{\"n\":\"ground\",\"v\":7,\"a\":[1],\"p\":[{\"b\":17,\"s\":[{\"p\":[0,0,0],\"r\":[0,0,0],\"s\":[3.363346,0.11062,3.201102],\"c\":[0.9019608,0.8509804,0.7215686]},{\"p\":[0,0,0],\"r\":[0,0,0],\"s\":[3.363346,0.11062,3.201102],\"c\":[0.9019608,0.8509804,0.7215686]}]},{\"b\":12,\"s\":[{\"p\":[3.737403,1.36966,0.1723302],\"r\":[350.5967,281.8334,151.171],\"s\":[0.06000013,0.06000017,0.06000007],\"c\":[1,1,1]}]}]}"}],"serveTime":4}