{"thingDefinitions":[{"id":"5d21f4347ecd3005d3b7d35e","def":"{\"n\":\"ground\",\"v\":9,\"a\":[1],\"p\":[{\"s\":[{\"p\":[-0.4365136,1.333172,2.614374],\"r\":[317.3833,356.5941,335.4695],\"s\":[0.175,0.175,0.175],\"c\":[1,1,1]},{\"p\":[-0.4365136,1.333172,2.614374],\"r\":[317.3833,356.5941,335.4695],\"s\":[0.175,0.175,0.175],\"c\":[1,1,1]}]},{\"s\":[{\"p\":[-0.5986453,1.394431,2.557003],\"r\":[316.2383,358.8795,331.4704],\"s\":[0.175,0.1750001,0.1750001],\"c\":[1,1,1]}]},{\"b\":17,\"s\":[{\"p\":[0.1022174,0.0324893,-0.02777579],\"r\":[0.8819776,357.4121,359.7367],\"s\":[3.003121,0.1106199,3.741776],\"c\":[0.9019608,0.8509804,0.7215686]}]}]}"}],"serveTime":6}