{"thingDefinitions":[{"id":"5f55fa8b270c134f5d1f2711","def":"{\"n\":\"ground\",\"v\":9,\"a\":[1,7],\"p\":[{\"b\":17,\"s\":[{\"p\":[0,0,0],\"r\":[0,0,0],\"s\":[2500.009,0.1068833,2317.439],\"c\":[0.3333332,0.3333332,0.3333332],\"b\":[\"when told by any kc then destroy all parts with 2s disappear\"]}]},{\"s\":[{\"p\":[1.26923,5.477954,0.7094577],\"r\":[270,0,0],\"s\":[3.497192,7.333413,10.72944],\"c\":[0,0,0],\"b\":[\"when told by any kc then destroy all parts with 2s disappear\"]}]}]}"},{"id":"5f55f9e4455ff8347bebd500","def":"{\"v\":9,\"p\":[{\"s\":[{\"p\":[0,0,0],\"r\":[0,0,-4.268868E-07],\"s\":[0.175,0.1750001,0.175],\"c\":[1,1,1],\"b\":[\"when touches hand then tell any kc\"]}]}]}"}],"serveTime":5}