{"thingDefinitions":[{"id":"5a60ee4818efeaf41c92e564","def":"{\"n\":\"thing\",\"v\":2,\"p\":[{\"b\":14,\"s\":[{\"p\":[0,0,0],\"r\":[0,0,0],\"s\":[0.06000004,0.06000002,0.06000003],\"c\":[1,1,1]}]},{\"b\":14,\"s\":[{\"p\":[0.008492224,0.0009998828,-0.1617786],\"r\":[1.86919,270.9447,1.356434],\"s\":[0.06000001,0.06000001,0.06000002],\"c\":[1,1,1]}]},{\"s\":[{\"p\":[-0.1458156,-0.216781,-0.3565851],\"r\":[8.399111,322.2269,328.648],\"s\":[0.1750004,0.1750003,0.1750003],\"c\":[1,1,1]}]},{\"s\":[{\"p\":[0.06751996,-0.1170298,-0.7990118],\"r\":[54.26365,256.4953,236.3112],\"s\":[0.1750004,0.1750002,0.1750004],\"c\":[1,1,1]}]}]}"}],"serveTime":4}