{"thingDefinitions":[{"id":"5e1b758df349cf24dd87af6f","def":"{\"v\":9,\"p\":[{\"b\":9,\"s\":[{\"p\":[0,0,0],\"r\":[0,0,-1.707547E-06],\"s\":[0.1207613,0.9931381,0.1596373],\"c\":[1,1,1]}]},{\"b\":9,\"s\":[{\"p\":[0.167088,-0.004090391,-0.0721017],\"r\":[312.7277,26.35692,350.412],\"s\":[0.1207612,0.9931387,0.1596371],\"c\":[1,1,1]}]}]}"}],"serveTime":4}