{"thingDefinitions":[{"id":"5ab1a870f3bb701371e18a52","def":"{\"v\":2,\"p\":[{\"b\":9,\"s\":[{\"p\":[0.2122584,-0.2029018,-0.3863261],\"r\":[78.841,52.54647,73.02779],\"s\":[0.125,0.1250001,0.1250001],\"c\":[1,1,1]}]},{\"b\":9,\"s\":[{\"p\":[0.3385426,0.4529259,-0.8963212],\"r\":[336.7924,100.0499,135.9185],\"s\":[0.1250001,0.1250002,0.1250001],\"c\":[1,1,1]}]}]}"}],"serveTime":4}