{"thingDefinitions":[{"id":"5ca01498be9cdc77d3bd2f76","def":"{\"v\":9,\"p\":[{\"b\":3,\"s\":[{\"p\":[0,0,0],\"r\":[0,0,8.537737E-07],\"s\":[0.1250001,0.1250002,0.1250001],\"c\":[1,1,1]}]}]}"}],"serveTime":5}