{"thingDefinitions":[{"id":"5b2327f1a89a95056f91b906","def":"{\"v\":5,\"p\":[{\"s\":[{\"p\":[0,0,0],\"r\":[0,0,0],\"s\":[0.1750003,0.1750001,0.1750002],\"c\":[1,1,1]}]}]}"}],"serveTime":4}