{"thingDefinitions":[{"id":"5ca65dc2d4b669642153ace2","def":"{\"v\":9,\"p\":[{\"b\":10,\"s\":[{\"p\":[0,0,0],\"r\":[0,0,0],\"s\":[0.125,0.1250002,0.1250001],\"c\":[1,1,1]}]},{\"b\":10,\"s\":[{\"p\":[-0.05318639,0.1768812,-0.1156578],\"r\":[29.38919,101.2038,160.7706],\"s\":[0.125,0.1250001,0.1250001],\"c\":[1,1,1]}]}]}"}],"serveTime":7}