{"thingDefinitions":[{"id":"5a5afe82bfd9e2ed0fcf9b5c","def":"{\"n\":\"thing\",\"v\":2,\"p\":[{\"b\":40,\"s\":[{\"p\":[0.07158221,-0.2263884,-0.02053861],\"r\":[57.74997,286.809,90.98442],\"s\":[0.1248445,0.01315999,0.2066984],\"c\":[1,1,1]}]},{\"b\":56,\"s\":[{\"p\":[0.01418163,0.007128969,0.0008589942],\"r\":[359.92,352.7096,357.5291],\"s\":[0.005000008,1.513008,0.004999999],\"c\":[1,1,1]}]}]}"}],"serveTime":5}