{"thingDefinitions":[{"id":"5d23482b3d89487882ef9a89","def":"{\"n\":\"ground\",\"v\":9,\"a\":[1],\"p\":[{\"b\":17,\"a\":[1,4],\"s\":[{\"p\":[0,0,0],\"r\":[0,0,6.403303E-07],\"s\":[3.363349,0.1106201,3.201105],\"c\":[0.9019608,0.8509804,0.7215686]},{\"p\":[0,0,0],\"r\":[0,0,6.403303E-07],\"s\":[3.363349,0.1106201,3.201105],\"c\":[0.9019608,0.8509804,0.7215686]}]},{\"s\":[{\"p\":[-0.02581279,1.419698,-0.4348569],\"r\":[293.8306,132.0492,229.7335],\"s\":[0.1730407,0.02521788,0.1825689],\"c\":[1,1,1]}]}]}"}],"serveTime":4}