{"thingDefinitions":[{"id":"5ca0bf23713c7577cd38410c","def":"{\"v\":9,\"p\":[{\"s\":[{\"p\":[0,0,0],\"r\":[0,0,0],\"s\":[0.175,0.1750003,0.1750001],\"c\":[1,1,1]}]},{\"s\":[{\"p\":[-0.1476641,0.7522916,-0.225464],\"r\":[296.2037,243.7593,116.5944],\"s\":[1.210284,2.431035,0.0795591],\"c\":[1,1,1]}]}]}"}],"serveTime":3}