{"thingDefinitions":[{"id":"5c393647de198331858109b8","def":"{\"v\":7,\"p\":[{\"b\":179,\"s\":[{\"p\":[0,0,0],\"r\":[0,0,0],\"s\":[0.2150002,0.2150002,0.2150001],\"c\":[1,1,1]}]}]}"}],"serveTime":9}