{"thingDefinitions":[{"id":"5d4c9c3a1daaf72b3d63d046","def":"{\"v\":9,\"p\":[{\"s\":[{\"p\":[0,0,0],\"r\":[0,0,0],\"s\":[0.1750004,0.1750003,0.1750005],\"c\":[1,1,1]}]},{\"s\":[{\"p\":[0.0007734327,-0.01359537,-0.1482517],\"r\":[76.89628,16.13621,193.3602],\"s\":[0.1750001,0.175,0.1750001],\"c\":[1,1,1]}]}]}"}],"serveTime":6}