{"thingDefinitions":[{"id":"5ead75eb9359840c3ec7e8d6","def":"{\"n\":\"ground\",\"v\":9,\"a\":[1],\"p\":[{\"b\":17,\"s\":[{\"p\":[0,0,0],\"r\":[0,0,7.387143E-07],\"s\":[3.363346,0.11062,3.201103],\"c\":[0.9019608,0.8509804,0.7215686]}]}]}"}],"serveTime":5}