{"thingDefinitions":[{"id":"59e2fa4c20450b1a15cec1b8","def":"{\"n\":\"thing\",\"v\":2,\"p\":[{\"b\":16,\"s\":[{\"p\":[0.2719559,-0.03425974,0.03073718],\"r\":[26.53333,357.9775,324.5371],\"s\":[0.2943814,0.2083976,0.2949333],\"c\":[0.165432,0.08641968,0.7777778]}]},{\"b\":15,\"s\":[{\"p\":[0.1238246,-0.188246,-0.1673969],\"r\":[323.6005,45.99393,311.2274],\"s\":[0.009332651,0.01083511,0.6874506],\"c\":[0.01269842,0,0.111111]}]},{\"b\":34,\"s\":[{\"p\":[-0.0334665,-0.3674825,-0.3246097],\"r\":[322.7813,294.0191,50.31082],\"s\":[0.06152278,0.04273469,0.04737391],\"c\":[0.01269842,0,0.111111]}]},{\"b\":34,\"s\":[{\"p\":[0.007275194,-0.4043134,-0.3396236],\"r\":[40.24137,109.2407,130.1516],\"s\":[0.06152309,0.0427349,0.04737401],\"c\":[0.01269842,0,0.111111]}]}]}"}],"serveTime":3}