{"thingDefinitions":[{"id":"5d2fa29bc300ad0622de1a29","def":"{\"v\":9,\"p\":[{\"s\":[{\"p\":[0,0,0],\"r\":[3.841982E-06,0,0],\"s\":[0.2417922,0.001,0.3214031],\"c\":[1,1,1]}]}]}"}],"serveTime":5}