{"thingDefinitions":[{"id":"5c9a85b0c921f67b439df9de","def":"{\"v\":9,\"p\":[{\"b\":9,\"s\":[{\"p\":[0,0,0],\"r\":[0,0,8.537737E-07],\"s\":[0.001000007,0.03575488,0.06122073],\"c\":[1,1,1]}]},{\"b\":9,\"s\":[{\"p\":[0.2917059,0.2016347,-0.1611587],\"r\":[7.378614,129.201,24.39713],\"s\":[0.1973606,0.2046364,0.1250001],\"c\":[1,1,1]}]},{\"b\":9,\"s\":[{\"p\":[-0.342873,-0.009325266,0.1181649],\"r\":[84.00237,191.3399,113.4422],\"s\":[0.197361,0.2046368,0.1250001],\"c\":[1,1,1]}]},{\"b\":9,\"s\":[{\"p\":[0.4604959,-0.1924445,-0.7261596],\"r\":[291.1539,93.03291,105.9782],\"s\":[0.1973609,0.2046369,0.1250003],\"c\":[1,1,1]}]}]}"}],"serveTime":6}