{"thingDefinitions":[{"id":"5a37325bd6c888b013aec7a6","def":"{\"n\":\"thing\",\"v\":2,\"p\":[{\"b\":9,\"s\":[{\"p\":[-0.2189506,-0.01341829,-0.02808479],\"r\":[10.67914,309.8236,34.68649],\"s\":[0.1250001,0.1250002,0.1250003],\"c\":[1,1,1]}]},{\"b\":6,\"s\":[{\"p\":[0.01263258,0.02673081,-0.02191633],\"r\":[358.6838,356.6514,356.6046],\"s\":[0.1250002,0.1250003,0.1250005],\"c\":[1,1,1]}]},{\"b\":9,\"s\":[{\"p\":[-0.06392471,-0.07180817,-0.05024483],\"r\":[354.8668,306.2737,56.20391],\"s\":[0.1250002,0.1250002,0.1250002],\"c\":[1,1,1]}]}]}"}],"serveTime":5}