{"thingDefinitions":[{"id":"59df81162c5332b1136205a8","def":"{\"n\":\"thing\",\"a\":[6,5,25],\"p\":[{\"t\":8,\"a\":[12,14],\"s\":[{\"p\":[0,0,0],\"r\":[0,0,0],\"s\":[0.1750001,0.1750002,0.1750002],\"c\":[1,1,1],\"b\":[\"when starts then become untweened next\"]},{\"p\":[0,0,0],\"r\":[0,0,0],\"s\":[0.1750001,0.1750002,0.1750002],\"c\":[1,1,1],\"b\":[\"when starts then send one nearby to previous\",\"when starts then become untweened previous\"]}]},{\"t\":8,\"a\":[4,12],\"s\":[{\"p\":[-0.3334784,-0.0856691,0.02822936],\"r\":[351.8835,352.6701,343.2729],\"s\":[0.1750001,0.1750001,0.1750001],\"c\":[1,1,1],\"b\":[\"when starts then play male pain grunt with 300 varied-pitch\"]}]}]}"}],"serveTime":5}