{"thingDefinitions":[{"id":"5a99df9168a1b1841364b719","def":"{\"v\":2,\"p\":[{\"b\":9,\"s\":[{\"p\":[-0.01497076,-0.2740828,-0.1087771],\"r\":[319.4208,306.7988,22.40898],\"s\":[0.2594855,0.1597224,0.1250007],\"c\":[1,1,1]}]},{\"b\":12,\"s\":[{\"p\":[-0.2346272,-0.01182047,0.05388511],\"r\":[27.87482,348.4038,294.6706],\"s\":[0.1715,0.06000028,0.08629856],\"c\":[1,1,1]}]},{\"b\":149,\"s\":[{\"p\":[0.1391823,-0.1733136,-0.1513748],\"r\":[46.28926,117.2806,253.7013],\"s\":[0.01992545,0.009653144,0.0110023],\"c\":[1,1,1]}]}]}"}],"serveTime":4}