{"thingDefinitions":[{"id":"5a5ff86ac92db4e00fe09edd","def":"{\"n\":\"ground\",\"v\":3,\"a\":[1],\"p\":[{\"b\":17,\"s\":[{\"p\":[0,0,0],\"r\":[0,0,0],\"s\":[3.363346,0.11062,3.201102],\"c\":[0.9019608,0.8509804,0.7215686]}]},{\"b\":9,\"s\":[{\"p\":[-0.5674876,0.8739107,1.531623],\"r\":[67.34871,282.4345,308.4026],\"s\":[0.1250003,0.1250003,0.1250003],\"c\":[1,1,1]}]}]}"}],"serveTime":4}