{"thingDefinitions":[{"id":"59d7c88dbd893ec213634d4e","def":"{\"n\":\"thing\",\"p\":[{\"b\":2,\"s\":[{\"p\":[0,0,0],\"r\":[4.268868E-06,0,0],\"s\":[0.1250004,0.1250004,0.1250002],\"c\":[1,1,1]}]}]}"},{"id":"59d7c93b44e041c33cb6f870","def":"{\"n\":\"thing\",\"p\":[{\"b\":9,\"s\":[{\"p\":[0.3541662,0.2106641,-0.03938597],\"r\":[333.9052,32.83816,29.26562],\"s\":[0.1250001,0.125,0.1250002],\"c\":[1,1,1]}]},{\"b\":9,\"s\":[{\"p\":[0.3342166,0.7683188,-0.1872936],\"r\":[291.9751,82.52023,346.12],\"s\":[0.1250003,0.1250001,0.1250003],\"c\":[1,1,1]}]},{\"b\":9,\"s\":[{\"p\":[0.1429741,0.02761272,-0.03588885],\"r\":[358.8146,18.55627,19.48489],\"s\":[0.1250002,0.1250001,0.1250002],\"c\":[1,1,1]}]}]}"}],"serveTime":5}