{"thingDefinitions":[{"id":"5e5c5fcfa614d40691eb3793","def":"{\"n\":\"ground\",\"v\":9,\"a\":[1],\"p\":[{\"b\":17,\"t\":9,\"s\":[{\"p\":[0,0,0],\"r\":[0,0,0],\"s\":[7.03052,0.11062,8.952136],\"c\":[0.6666667,0.5968254,0.4444443]}]}]}"}],"serveTime":4}