{"thingDefinitions":[{"id":"5aa9b6bcfa05cf0fe7ef1e6a","def":"{\"v\":2,\"p\":[{\"b\":9,\"s\":[{\"p\":[0,0,0],\"r\":[0,0,3.415095E-06],\"s\":[0.1250002,0.1250001,0.1250002],\"c\":[1,1,1]}]}]}"},{"id":"5aa9b6e38c6a9e13be78b2ed","def":"{\"v\":2,\"p\":[{\"b\":14,\"s\":[{\"p\":[0,0,0],\"r\":[0,0,0],\"s\":[0.06000002,0.06000003,0.06000003],\"c\":[1,1,1]}]},{\"b\":14,\"s\":[{\"p\":[-0.2963715,0.1644209,-0.2745558],\"r\":[17.38302,333.8726,291.9777],\"s\":[0.05999999,0.05999999,0.06000002],\"c\":[1,1,1]}]}]}"}],"serveTime":5}