{"thingDefinitions":[{"id":"5ada42dd608b460fc982a010","def":"{\"v\":4,\"p\":[{\"b\":9,\"s\":[{\"p\":[0,0,0],\"r\":[0,0,-1.707547E-06],\"s\":[0.1250001,0.125,0.1250001],\"c\":[1,1,1]}]},{\"b\":14,\"s\":[{\"p\":[0.06084172,0.1892867,0.08123802],\"r\":[355.774,317.1364,22.68256],\"s\":[0.06000002,0.06000001,0.06000003],\"c\":[1,1,1]}]}]}"}],"serveTime":4}