{"thingDefinitions":[{"id":"5a117dd36cf0d0ab13953ed8","def":"{\"n\":\"thing\",\"v\":2,\"p\":[{\"b\":73,\"s\":[{\"p\":[0.03227746,-0.03932038,-0.08217417],\"r\":[31.21396,284.3611,28.72902],\"s\":[0.05529502,0.05529489,0.05529523],\"c\":[1,1,1]}]},{\"s\":[{\"p\":[0.02002555,-0.01444001,0.006016225],\"r\":[345.2242,354.8803,3.235621],\"s\":[0.1750008,0.175001,0.1750006],\"c\":[1,1,1]}]}]}"}],"serveTime":3}