{"thingDefinitions":[{"id":"5c5676a43edb123fdb280b99","def":"{\"v\":7,\"p\":[{\"b\":9,\"s\":[{\"p\":[0,0,0],\"r\":[0,0,0],\"s\":[0.1250001,0.1250003,0.1250003],\"c\":[1,1,1]}]}]}"}],"serveTime":4}