{"thingDefinitions":[{"id":"5e3b65c101cc824f508f8ba4","def":"{\"n\":\"ground\",\"v\":9,\"a\":[1],\"p\":[{\"b\":17,\"s\":[{\"p\":[0,0,0],\"r\":[0,0,2.968197E-07],\"s\":[3.363347,0.11062,3.201103],\"c\":[0.9019608,0.8509804,0.7215686]},{\"p\":[0,0,0],\"r\":[0,0,2.968197E-07],\"s\":[3.363347,0.11062,3.201103],\"c\":[0.9019608,0.8509804,0.7215686]},{\"p\":[0,0,0],\"r\":[0,0,2.968197E-07],\"s\":[3.363347,0.11062,3.201103],\"c\":[0.9019608,0.8509804,0.7215686]},{\"p\":[0,0,0],\"r\":[0,0,2.968197E-07],\"s\":[3.363347,0.11062,3.201103],\"c\":[0.9019608,0.8509804,0.7215686]}]}]}"}],"serveTime":5}