{"thingDefinitions":[{"id":"5a850543cb3469981389b7fa","def":"{\"n\":\"pipe\",\"v\":2,\"p\":[{\"s\":[{\"p\":[-0.1328917,0.1150481,-0.02148727],\"r\":[16.21479,3.674758,326.7184],\"s\":[0.04230279,0.04123236,0.04797469],\"c\":[1,1,1]}]},{\"s\":[{\"p\":[-0.07687195,0.2020097,-0.01867415],\"r\":[17.54772,2.244478,325.9354],\"s\":[0.005000005,0.1750014,0.005000006],\"c\":[1,1,1]}]}]}"}],"serveTime":4}