{"thingDefinitions":[{"id":"5beb59fa3555a7275159b84b","def":"{\"v\":7,\"p\":[{\"b\":3,\"s\":[{\"p\":[-0.3504986,0.03958451,-0.1605536],\"r\":[355.9937,258.2404,32.28564],\"s\":[0.1250001,0.1250001,0.1250001],\"c\":[1,1,1]}]}]}"}],"serveTime":5}