{"thingDefinitions":[{"id":"5c99897b08075605575ee6e5","def":"{\"v\":9,\"p\":[{\"s\":[{\"p\":[-0.2264288,-0.006858736,-0.2216943],\"r\":[71.68308,175.2958,134.3905],\"s\":[0.1750001,0.1750004,0.1750003],\"c\":[1,1,1]}]},{\"s\":[{\"p\":[0.09170035,-0.3377545,0.4730692],\"r\":[277.9986,224.495,45.42942],\"s\":[0.4280415,2.694422,0.6967887],\"c\":[1,1,1]}]}]}"}],"serveTime":4}