{"thingDefinitions":[{"id":"5b74658bf5069f056127d521","def":"{\"v\":6,\"p\":[{\"b\":173,\"s\":[{\"p\":[0,0,0],\"r\":[0,0,0],\"s\":[0.045,0.04500001,0.045],\"c\":[1,1,1]}]}]}"},{"id":"5b746661dd2f636214267318","def":"{\"v\":6,\"p\":[{\"b\":121,\"e\":\"ICH LIEBE DIE \\nBIENE\",\"s\":[{\"p\":[0,0,0],\"r\":[3.415095E-06,-5.088888E-14,-1.707547E-06],\"s\":[0.003,0.003,0.003],\"c\":[1,1,1]}]}]}"}],"serveTime":7}