{"thingDefinitions":[{"id":"5cbca315bfde14791842ced0","def":"{\"v\":9,\"a\":[12,48],\"tp_m\": 8,\"tp_m\": 8,\"tp_lr\": [1,0,0],\"p\":[{\"b\":9,\"s\":[{\"p\":[0.1029392,0.171689,0.2476765],\"r\":[317.5024,344.6,35.03584],\"s\":[0.1691836,0.1333598,0.1250002],\"c\":[1,1,1]}]},{\"b\":2,\"s\":[{\"p\":[0.05966487,0.002551518,-0.0908789],\"r\":[314.5973,324.3927,8.3507],\"s\":[0.1975079,0.1250002,0.1250002],\"c\":[1,1,1]}]},{\"b\":17,\"s\":[{\"p\":[-0.2237781,0.1146919,-0.07570431],\"r\":[347.839,309.0352,7.94807],\"s\":[0.06000006,0.06000026,0.06000027],\"c\":[1,1,1]}]}]}"}],"serveTime":5}