{"thingDefinitions":[{"id":"5829f7eda019beef0fb6ed7d","def":"{\"n\":\"thing\",\"p\":[{\"s\":[{\"p\":[0,0,0],\"r\":[0,0,3.601857E-07],\"s\":[0.1750001,0.1750001,0.1750001],\"c\":[1,1,1]}]}]}"},{"id":"5829f9d9820b3e065fc0bbca","def":"{\"n\":\"thing\",\"p\":[{\"b\":9,\"s\":[{\"p\":[0.107352,0.02750157,-0.193954],\"r\":[346.3015,81.37684,315.368],\"s\":[0.1250001,0.1250001,0.1250001],\"c\":[1,1,1]}]},{\"b\":9,\"s\":[{\"p\":[-0.002482007,-0.0001083102,0.001253213],\"r\":[0.1829572,359.4751,0.06075383],\"s\":[0.1250001,0.125,0.1250001],\"c\":[1,1,1]}]}]}"}],"serveTime":7}