{"thingDefinitions":[{"id":"58594b41a6efe87a13792369","def":"{\"n\":\"thing\",\"p\":[{\"b\":9,\"s\":[{\"p\":[0,0,0],\"r\":[0,0,0],\"s\":[0.1250001,0.1250003,0.1250003],\"c\":[1,1,1]}]},{\"b\":9,\"s\":[{\"p\":[-0.2214622,-0.04421771,0.001292821],\"r\":[38.28033,280.7575,5.60755],\"s\":[0.1250001,0.125,0.1250001],\"c\":[1,1,1]}]},{\"s\":[{\"p\":[-0.3980298,-0.08753935,0.003711698],\"r\":[16.87431,271.0203,7.533998],\"s\":[0.1750001,0.1750002,0.1750002],\"c\":[1,1,1]}]},{\"b\":7,\"s\":[{\"p\":[0.1453045,0.01471983,0.01205005],\"r\":[14.84636,269.2285,14.67276],\"s\":[0.1250001,0.1250001,0.1250001],\"c\":[1,1,1]}]}]}"}],"serveTime":5}