{"thingDefinitions":[{"id":"5d17e4927ecd3005d3b7d137","def":"{\"v\":9,\"a\":[4],\"tp_lp\": [0,1,0],\"tp_lp\": [0,1,0],\"tp_lr\": [0,0,1],\"p\":[{\"b\":5,\"s\":[{\"p\":[0.3594131,0.1716351,0.0358513],\"r\":[319.2419,336.1785,46.30547],\"s\":[0.09999999,0.09999998,0.09999996],\"c\":[1,1,1]}]},{\"b\":11,\"s\":[{\"p\":[-0.15703,0.1112437,0.1259409],\"r\":[1.795227,345.0638,347.2945],\"s\":[0.1000003,0.1000001,0.1000003],\"c\":[1,1,1]}]},{\"b\":80,\"s\":[{\"p\":[0.1503385,0.07398612,-0.1022415],\"r\":[34.81722,331.7791,0.9330893],\"s\":[0.07500001,0.07500001,0.07500001],\"c\":[1,1,1]}]},{\"b\":9,\"s\":[{\"p\":[0.1410061,0.6290214,0.3231084],\"r\":[314.2986,350.0399,28.34191],\"s\":[0.1250016,0.1250006,0.1250013],\"c\":[1,1,1]}]}]}"}],"serveTime":4}