{"thingDefinitions":[{"id":"5c23cb6b39f34d317e595d48","def":"{\"v\":7,\"p\":[{\"b\":2,\"s\":[{\"p\":[0,0,0],\"r\":[0,0,0],\"s\":[0.1250001,0.1250001,0.1250002],\"c\":[1,1,1]}]},{\"b\":3,\"s\":[{\"p\":[0.17257,0.3253149,0.224497],\"r\":[50.1665,54.20868,81.649],\"s\":[0.1250001,0.125,0.125],\"c\":[1,1,1]}]}]}"}],"serveTime":5}