{"thingDefinitions":[{"id":"5b950ac1085469057ad11f0e","def":"{\"v\":6,\"p\":[{\"s\":[{\"p\":[0,0,0],\"r\":[0,0,4.268868E-07],\"s\":[0.175,66.64939,1542.741],\"c\":[1,1,1]}]}]}"}],"serveTime":3}