{"thingDefinitions":[{"id":"5ae1147760f9ae4106e2b853","def":"{\"n\":\"0\",\"v\":4,\"p\":[{\"b\":173,\"s\":[{\"p\":[-0.01763627,0.02186612,0.05145086],\"r\":[61.75762,296.0711,314.9648],\"s\":[0.045,0.04500001,0.04500002],\"c\":[0.2126982,1,0.111111]}]},{\"b\":3,\"s\":[{\"p\":[0.00381319,0.0004717791,-0.02256668],\"r\":[359.3163,2.438473,1.920681],\"s\":[0.125,0.1250001,0.1250001],\"c\":[0.2126982,1,0.111111]}]},{\"b\":174,\"s\":[{\"p\":[-0.07027578,0.05069308,-0.05105897],\"r\":[55.00386,266.7002,5.152648],\"s\":[0.04373152,0.04500005,0.02059307],\"c\":[0.2126982,1,0.111111]}]}]}"}],"serveTime":4}