{"thingDefinitions":[{"id":"5deafe30bb4dfa359ccdec2e","def":"{\"v\":9,\"p\":[{\"b\":9,\"s\":[{\"p\":[0,0,0],\"r\":[0,0,0],\"s\":[0.1250003,0.1250003,0.1250002],\"c\":[0.6285716,0,1]}]}]}"}],"serveTime":5}