{"thingDefinitions":[{"id":"5cf2659c78e7a6063139b219","def":"{\"v\":9,\"p\":[{\"b\":3,\"s\":[{\"p\":[0,0,0],\"r\":[0,0,-3.122314E-07],\"s\":[0.125,0.125,0.1250001],\"c\":[1,1,1]}]},{\"s\":[{\"p\":[-0.1084111,-0.0208677,-0.4037187],\"r\":[24.63428,126.8648,20.63349],\"s\":[0.1750006,0.1750001,0.1750005],\"c\":[1,1,1]}]}]}"}],"serveTime":4}