{"thingDefinitions":[{"id":"5caa08540002a5480fc044a3","def":"{\"v\":9,\"p\":[{\"b\":15,\"s\":[{\"p\":[0,0,0],\"r\":[0,0,8.537737E-07],\"s\":[0.1250001,0.1250001,0.125],\"c\":[1,1,1]}]}]}"}],"serveTime":4}