{"thingDefinitions":[{"id":"5a393b08767286c713113bcc","def":"{\"n\":\"777\",\"v\":2,\"a\":[7],\"p\":[{\"b\":12,\"s\":[{\"p\":[0,0,0],\"r\":[0,0,0],\"s\":[0.4836718,0.06001403,0.326529],\"c\":[0.8888889,0.7901235,0.8409171],\"b\":[\"when et*/\"]}]}]}"}],"serveTime":4}