{"thingDefinitions":[{"id":"5ce1351c96010b604ee59bef","def":"{\"v\":9,\"p\":[{\"b\":2,\"s\":[{\"p\":[0,0,0],\"r\":[0,0,0],\"s\":[0.1250001,0.1250002,0.1250002],\"c\":[0,0,0]}]},{\"b\":5,\"c\":[[0.6,-0.7,-0.4,11,42],[0.3,-0.6,-0.4,9,36,7],[0.4,-0.5,-0.4,5,39],[0.3,0,-0.4,1,42,-29,32,-28,17,-15,17],[0.6,-0.2,-0.4,2,46],[0.4,0.4,-0.4,6,41],[0,-0.1,-0.4,16,20,-14,16],[-0.4,-0.2,-0.4,24,15],[-0.6,-0.6,-0.4,26,15],[-0.3,-1,-0.4,28,14,9],[-0.5,-0.6,-0.4,30,20],[0,-0.3,-0.4,13,19,8,9,5],[0.6,-0.5,0.4,4,67],[0.8,-0.1,0.4,0,72,-69,66,5],[0.5,0.5,0.4,7,61],[-0.4,0.8,0.4,15,52],[-0.6,0.6,0.4,17,49,-47,46],[-1,0.3,0.4,21,43],[-0.8,0.5,0.4,23,40,14],[-0.6,0,0.4,25,36],[0.1,-1,0.4,29,30],[-0.5,-1.3,-0.1,31,27],[0,-1.4,0.1,12,21,23],[1,-0.2,0.1,8,62],[0.6,-0.9,0.4,10,47]],\"s\":[{\"p\":[0.03150854,0.03621149,-0.1501155],\"r\":[353.8369,99.20972,268.9324],\"s\":[0.1000004,0.1000004,0.1000004],\"c\":[0.3086419,0.3227511,0.5555556],\"b\":[\"when \"]}]},{\"b\":6,\"s\":[{\"p\":[0.003981313,0.08148368,-0.1375493],\"r\":[18.03392,359.165,22.8912],\"s\":[0.1250003,0.1250004,0.1250004],\"c\":[0,0,0]}]},{\"s\":[{\"p\":[0.07822209,0.06261726,-0.1344129],\"r\":[3.922853,3.699521,4.716019],\"s\":[0.1750001,0.1750008,0.1750008],\"c\":[0,0,0]}]}]}"}],"serveTime":4}