{"thingDefinitions":[{"id":"5bef88b85e64ee676ef22792","def":"{\"v\":7,\"p\":[{\"s\":[{\"p\":[0,0,0],\"r\":[0,0,-7.687297E-07],\"s\":[0.1750001,0.1750001,0.175],\"c\":[1,1,1]}]},{\"b\":12,\"s\":[{\"p\":[-0.1139629,0.009009078,-2.494827E-05],\"r\":[358.01,3.174379,88.64776],\"s\":[0.06000002,0.06000001,0.06000001],\"c\":[1,1,1]}]},{\"b\":9,\"s\":[{\"p\":[-0.2281125,0.0211014,0.01926381],\"r\":[348.9984,333.3217,80.77311],\"s\":[0.125,0.125,0.125],\"c\":[1,1,1]}]}]}"}],"serveTime":5}