{"thingDefinitions":[{"id":"5ba0cbaae9dd3f04ab225a07","def":"{\"v\":6,\"p\":[{\"b\":147,\"s\":[{\"p\":[0,0,0],\"r\":[0,0,0],\"s\":[0.2295773,0.02447928,0.03084426],\"c\":[1,1,1]}]}]}"},{"id":"5ba0cc7c4c5b8f71afb58c45","def":"{\"v\":6,\"p\":[{\"b\":182,\"s\":[{\"p\":[0,0,0],\"r\":[0,0,0],\"s\":[0.06000007,0.09129809,0.0924136],\"c\":[1,1,1]}]}]}"}],"serveTime":5}