{"thingDefinitions":[{"id":"5e4b2f79037b0d2871282365","def":"{\"v\":9,\"p\":[{\"b\":2,\"s\":[{\"p\":[0,0,0],\"r\":[0,0,-8.537737E-07],\"s\":[0.1250003,0.125,0.1250003],\"c\":[1,1,1]}]},{\"b\":2,\"s\":[{\"p\":[0.05593447,0.1579046,0.05774537],\"r\":[326.7834,93.13071,242.3747],\"s\":[0.1250006,0.1250004,0.1250007],\"c\":[1,1,1]}]},{\"b\":2,\"s\":[{\"p\":[-0.001541596,0.02668612,-0.08193584],\"r\":[310.2946,143.0943,202.1461],\"s\":[0.1250004,0.1250002,0.1250003],\"c\":[1,1,1]}]},{\"s\":[{\"p\":[0.4595211,0.3817583,-0.044707],\"r\":[310.9838,331.7705,318.4554],\"s\":[0.1750002,0.1750001,0.1750002],\"c\":[1,1,1]}]}]}"}],"serveTime":5}