{"thingDefinitions":[{"id":"5b822c0b2f0ce47ae2901e5c","def":"{\"v\":6,\"p\":[{\"b\":9,\"s\":[{\"p\":[-0.1123353,0.2438504,0.01896111],\"r\":[326.7601,356.0939,342.9478],\"s\":[0.1250004,0.1250004,0.1250001],\"c\":[1,1,1]}]},{\"b\":9,\"s\":[{\"p\":[0.2159296,-0.2002383,-0.1169991],\"r\":[12.84833,3.251552,69.33703],\"s\":[0.1250006,0.1250006,0.1250001],\"c\":[1,1,1]}]},{\"b\":9,\"s\":[{\"p\":[0.06132924,-0.288151,-0.0971951],\"r\":[3.725146,23.20424,356.8556],\"s\":[0.1250009,0.1250008,0.1250003],\"c\":[1,1,1]}]},{\"b\":9,\"s\":[{\"p\":[-0.245332,0.1824857,0.04359412],\"r\":[350.7949,18.07694,283.7362],\"s\":[0.1250009,0.1250008,0.1250002],\"c\":[1,1,1]}]}]}"}],"serveTime":3}