{"thingDefinitions":[{"id":"59b52acdab8c95b213c8d1d4","def":"{\"n\":\"thing\",\"p\":[{\"b\":10,\"s\":[{\"p\":[0,0,0],\"r\":[0,0,4.443958E-07],\"s\":[0.1250011,0.1250003,0.1250009],\"c\":[1,1,1]}]},{\"b\":12,\"s\":[{\"p\":[0.0320113,0.1836438,0.000655413],\"r\":[78.1713,263.4795,273.1363],\"s\":[0.06,0.06,0.06000004],\"c\":[1,1,1]}]}]}"}],"serveTime":5}