{"thingDefinitions":[{"id":"5e1e669286c3fb287e653d68","def":"{\"n\":\"ground\",\"v\":9,\"a\":[1],\"p\":[{\"b\":17,\"s\":[{\"p\":[0.5613614,-1.075137,0.1615095],\"r\":[358.2049,356.3828,3.702584],\"s\":[3.363346,0.11062,3.201102],\"c\":[0.9019608,0.8509804,0.7215686]}]},{\"b\":10,\"t\":3,\"a\":[8,36,42],\"pr\":6,\"t2\":4,\"s\":[{\"p\":[0.05833334,-0.1583447,0.007304366],\"r\":[8.079805,358.7086,283.2532],\"s\":[0.1250183,0.1250231,0.1250119],\"c\":[0.111111,1,1],\"t2\":{\"c\":[0,0,0],\"x\":0.17,\"y\":0.17,\"a\":0.69625,\"m\":0.5,\"n\":0.5,\"r\":0,\"g\":0,\"o\":0.5,\"t\":0.5,\"e\":0.5},\"pr\":{\"c\":[0,0,0],\"m\":0.25,\"a\":0.25,\"s\":0.15,\"z\":0.25,\"g\":0.5,\"h\":0.25}},{\"p\":[-0.2716053,-0.05381,-0.1188091],\"r\":[301.3739,9.05573,299.8925],\"s\":[0.1250001,0.1250001,0.125],\"c\":[1,1,1],\"t2\":{\"c\":[0,0,0],\"x\":0.17,\"y\":0.17,\"a\":0.69625,\"m\":0.5,\"n\":0.5,\"r\":0,\"g\":0,\"o\":0.5,\"t\":0.5,\"e\":0.5},\"pr\":{\"c\":[1,1,1],\"m\":0.25,\"a\":0.25,\"s\":0.15,\"z\":0.25,\"g\":0.5,\"h\":0.25}},{\"p\":[-0.2716053,-0.05381,-0.1188091],\"r\":[301.3739,9.055736,299.8924],\"s\":[0.1250001,0.1250001,0.125],\"c\":[1,1,1],\"t2\":{\"c\":[0,0,0],\"x\":0.17,\"y\":0.17,\"a\":0.69625,\"m\":0.5,\"n\":0.5,\"r\":0,\"g\":0,\"o\":0.5,\"t\":0.5,\"e\":0.5},\"pr\":{\"c\":[1,1,1],\"m\":0.25,\"a\":0.25,\"s\":0.15,\"z\":0.25,\"g\":0.5,\"h\":0.25}}]}]}"}],"serveTime":3}