{"thingDefinitions":[{"id":"5c75b694d3b2930552d026ad","def":"{\"v\":7,\"p\":[{\"s\":[{\"p\":[0,0,0],\"r\":[0,0,0],\"s\":[0.1750002,0.1750002,0.1750002],\"c\":[1,1,1]}]},{\"b\":14,\"s\":[{\"p\":[-0.1562604,0.0720816,0.3189543],\"r\":[17.22969,275.7904,40.92503],\"s\":[0.06000007,0.06000004,0.06000005],\"c\":[1,1,1]}]},{\"b\":12,\"s\":[{\"p\":[-0.1614744,0.3056485,0.4732927],\"r\":[56.78769,57.7221,44.12288],\"s\":[0.06000005,0.06000006,0.06000007],\"c\":[1,1,1]}]},{\"b\":13,\"s\":[{\"p\":[-0.1949906,0.01030661,-0.4013411],\"r\":[75.14072,279.9788,355.6656],\"s\":[0.0600001,0.06,0.06000009],\"c\":[1,1,1]}]}]}"}],"serveTime":5}