{"thingDefinitions":[{"id":"5d59ffe425ca400620baeb93","def":"{\"v\":9,\"p\":[{\"b\":13,\"s\":[{\"p\":[0,0,0],\"r\":[0,0,0],\"s\":[12.92158,0.001000003,11.09239],\"c\":[1,1,1]}]}]}"}],"serveTime":4}