{"thingDefinitions":[{"id":"5b20ad65e1bfd80f9248515d","def":"{\"v\":5,\"p\":[{\"b\":3,\"s\":[{\"p\":[0.08593248,0.08087417,-0.2554219],\"r\":[19.36452,230.7406,275.0956],\"s\":[0.1250002,0.1250001,0.1250003],\"c\":[1,1,1]}]},{\"b\":3,\"s\":[{\"p\":[0.1678138,-0.03092556,-0.1975572],\"r\":[23.71111,30.16106,359.1906],\"s\":[0.1250001,0.1250003,0.1250003],\"c\":[1,1,1]}]},{\"b\":5,\"s\":[{\"p\":[0.09667645,0.1494634,0.09901448],\"r\":[339.8819,351.3356,23.4542],\"s\":[0.06911185,0.06470414,0.781152],\"c\":[1,1,1]}]},{\"b\":76,\"s\":[{\"p\":[0.04905033,0.2757155,0.4397274],\"r\":[322.401,246.8433,115.9996],\"s\":[0.05824913,0.07500054,0.05137441],\"c\":[1,1,1]}]}]}"}],"serveTime":4}