{"thingDefinitions":[{"id":"5c5474a232a8d31d99c457bd","def":"{\"v\":7,\"p\":[{\"s\":[{\"p\":[0.2817492,0.0009644032,0.006298937],\"r\":[353.6914,359.3991,89.01759],\"s\":[0.04875248,0.6815894,0.06145778],\"c\":[1,1,1]}]},{\"s\":[{\"p\":[-0.04321802,0.001396276,0.009756116],\"r\":[358.8587,271.9758,97.86196],\"s\":[0.1750155,0.3206964,0.1750102],\"c\":[1,1,1]}]}]}"}],"serveTime":4}