{"thingDefinitions":[{"id":"5a263ec4561d61b313e41c39","def":"{\"n\":\"thing\",\"v\":2,\"p\":[{\"b\":14,\"t\":17,\"pr\":4,\"t1\":158,\"s\":[{\"p\":[0,0,0],\"r\":[0,0,0],\"s\":[0.06000053,0.06000078,0.06000063],\"c\":[0,1,1],\"t1\":{\"c\":[0,0,0],\"x\":0.5,\"y\":0.5,\"a\":0.8925,\"m\":0,\"n\":0,\"r\":0,\"g\":0,\"o\":0.5,\"t\":0.5,\"e\":0.5},\"pr\":{\"c\":[0.1728395,0.7777778,0.3111111],\"m\":0.25,\"a\":0.25,\"s\":0.15,\"z\":0.25,\"g\":0.5,\"h\":0.25}}]}]}"}],"serveTime":4}