{"thingDefinitions":[{"id":"5d1834df3909260621ffed30","def":"{\"v\":9,\"p\":[{\"b\":9,\"s\":[{\"p\":[0.6904373,0.4525024,-0.07366526],\"r\":[296.1457,89.52833,331.8937],\"s\":[0.1250001,0.1250001,0.1250002],\"c\":[1,1,1]}]},{\"b\":9,\"s\":[{\"p\":[0.8405411,0.002001703,-0.1971697],\"r\":[60.28688,47.09763,235.5363],\"s\":[0.1250002,0.125,0.1250003],\"c\":[1,1,1]}]},{\"b\":40,\"s\":[{\"p\":[2.023728,-0.3190966,5.759241],\"r\":[10.23697,317.0524,179.6339],\"s\":[0.1250004,0.1250006,0.1250005],\"c\":[1,1,1]}]}]}"}],"serveTime":5}