{"thingDefinitions":[{"id":"5ab62be1d7842f2c86e7845f","def":"{\"v\":2,\"p\":[{\"b\":10,\"s\":[{\"p\":[-0.1693071,0.006531429,-0.2324472],\"r\":[52.6151,45.77261,35.0581],\"s\":[0.01472764,0.06208041,0.005],\"c\":[1,1,1]}]},{\"b\":40,\"s\":[{\"p\":[-0.04792248,0.04623723,-0.1018628],\"r\":[30.72679,192.2084,7.37283],\"s\":[0.1250001,0.125,0.1250001],\"c\":[1,1,1]}]},{\"b\":57,\"s\":[{\"p\":[-0.1283589,0.06940794,-0.4158909],\"r\":[350.7211,278.1659,333.121],\"s\":[0.005,0.005,0.005],\"c\":[1,1,1]}]},{\"b\":11,\"s\":[{\"p\":[0.1306996,0.1203937,0.07561465],\"r\":[359.6339,273.8817,63.05898],\"s\":[0.005000002,0.6313513,0.1553443],\"c\":[1,1,1]}]}]}"}],"serveTime":3}