{"thingDefinitions":[{"id":"5b7d45ed13103e0e88cb87e6","def":"{\"v\":6,\"p\":[{\"b\":9,\"s\":[{\"p\":[0,0,0],\"r\":[0,0,-1.707547E-06],\"s\":[0.125,0.1250001,0.1250001],\"c\":[1,1,1]}]},{\"b\":2,\"s\":[{\"p\":[0.08872144,0.05877418,0.1073776],\"r\":[332.4056,44.48228,356.3783],\"s\":[0.125,0.1250001,0.1250001],\"c\":[1,1,1]}]}]}"}],"serveTime":4}