{"thingDefinitions":[{"id":"5a2162cc4b7055292660a33a","def":"{\"n\":\"thing\",\"v\":2,\"p\":[{\"b\":5,\"s\":[{\"p\":[0,0,0],\"r\":[0,0,-8.537737E-07],\"s\":[0.1250004,0.1250002,0.1250001],\"c\":[1,1,1]}]}]}"}],"serveTime":4}