{"thingDefinitions":[{"id":"5dfd512d1a116335d40d918c","def":"{\"n\":\"ground\",\"v\":9,\"a\":[1],\"p\":[{\"b\":17,\"t\":10,\"t1\":162,\"s\":[{\"p\":[0,0,0],\"r\":[0,0,-5.336085E-08],\"s\":[3.363345,0.11062,3.201102],\"c\":[0.02469136,0.2222221,0.2052909],\"t1\":{\"c\":[0.1481481,0.4444444,0.4190476],\"x\":0.5,\"y\":0.5,\"a\":0.8925,\"m\":0,\"n\":0,\"r\":0,\"g\":0,\"o\":0.5,\"t\":0.5,\"e\":0.5}}]}]}"},{"id":"5dfd51937024472b8c3a2544","def":"{\"v\":9,\"p\":[{\"b\":12,\"t\":10,\"s\":[{\"p\":[0,0,0],\"r\":[0,0,-5.336085E-08],\"s\":[0.1964538,0.06000008,0.2060895],\"c\":[0.02469136,0.2222221,0.2052909]}]}]}"},{"id":"5dfd5214337aa835be82b994","def":"{\"v\":9,\"p\":[{\"b\":250,\"t1\":162,\"s\":[{\"p\":[0,0,0],\"r\":[0,0,0],\"s\":[0.2400001,0.9606447,0.9636599],\"c\":[0.02469136,0.2222221,0.2052909],\"t1\":{\"c\":[0.1481481,0.4444444,0.4190476],\"x\":0.5,\"y\":0.5,\"a\":0.8925,\"m\":0,\"n\":0,\"r\":0,\"g\":0,\"o\":0.5,\"t\":0.5,\"e\":0.5}}]}]}"}],"serveTime":6}