{"thingDefinitions":[{"id":"5af5c57c80008a05673e42f3","def":"{\"v\":4,\"p\":[{\"b\":9,\"s\":[{\"p\":[-0.08358975,0.08446975,0.05011982],\"r\":[7.557625,7.419671,351.4255],\"s\":[0.125,0.1250001,0.125],\"c\":[1,1,1]}]},{\"b\":40,\"s\":[{\"p\":[-0.01407702,0.1163425,-0.0214287],\"r\":[32.63909,214.9445,0.04290948],\"s\":[0.1250003,0.1250002,0.1250002],\"c\":[1,1,1]}]},{\"b\":154,\"s\":[{\"p\":[-0.1731805,0.01957095,0.04528227],\"r\":[51.5424,22.32985,116.0535],\"s\":[0.07000002,0.07,0.07000001],\"c\":[1,1,1]}]},{\"b\":154,\"s\":[{\"p\":[-0.086725,0.1254882,0.126258],\"r\":[59.43124,330.9594,344.8841],\"s\":[0.07000003,0.07000002,0.07000003],\"c\":[1,1,1]}]}]}"}],"serveTime":3}