{"thingDefinitions":[{"id":"5a492d26a493d7a51314c463","def":"{\"n\":\"vrworld\",\"v\":3,\"a\":[7,18],\"p\":[{\"t\":2,\"t1\":156,\"s\":[{\"p\":[0,0,0],\"r\":[0,0,0],\"s\":[4.858299,4.85841,0.5161961],\"c\":[0,0.05714229,1],\"t1\":{\"c\":[0,0,0],\"x\":0.110527,\"y\":0.1108131,\"a\":1,\"m\":0,\"n\":0,\"r\":0,\"g\":0,\"o\":0.5,\"t\":0.5,\"e\":0.5}}]}]}"}],"serveTime":4}