{"thingDefinitions":[{"id":"5df70de09153495bbf2e681b","def":"{\"n\":\"ground\",\"v\":9,\"a\":[2,4,7],\"p\":[{\"b\":17,\"s\":[{\"p\":[0,0,0],\"r\":[0,0,0],\"s\":[3.337649,0.11062,3.201102],\"c\":[0.9019608,0.8509804,0.7215686]}]},{\"a\":[33],\"s\":[{\"p\":[-0.8309914,1.253164,0.6450467],\"r\":[270,0,0],\"s\":[0.1750175,0.1750512,0.1750456],\"c\":[1,1,1]}]},{\"a\":[33],\"s\":[{\"p\":[-1.425399,1.202504,0.2587988],\"r\":[270,1.001791E-05,0],\"s\":[0.1750421,0.1751258,0.1751177],\"c\":[1,1,1]}]}]}"}],"serveTime":4}