{"thingDefinitions":[{"id":"5bf5378ccb36950547472a4a","def":"{\"n\":\"laserpinne\",\"v\":7,\"a\":[2,3,12],\"p\":[{\"b\":14,\"s\":[{\"p\":[0,0,0],\"r\":[0,0,0],\"s\":[0.03613501,0.03014436,0.02917174],\"c\":[1,1,1]}]}]}"}],"serveTime":4}