{"thingDefinitions":[{"id":"5c3047c18436ee6f7daa6f89","def":"{\"v\":7,\"p\":[{\"s\":[{\"p\":[0,0,0],\"r\":[0,0,0],\"s\":[0.1750005,0.1750005,0.1750009],\"c\":[1,1,1]}]}]}"}],"serveTime":5}