{"thingDefinitions":[{"id":"5d81c93e2067ba3932339546","def":"{\"n\":\"ground\",\"v\":9,\"a\":[1],\"p\":[{\"b\":17,\"s\":[{\"p\":[0,0,0],\"r\":[0,0,-5.336085E-08],\"s\":[3.363346,0.11062,3.201103],\"c\":[0.9019608,0.8509804,0.7215686]}]}]}"}],"serveTime":5}