{"thingDefinitions":[{"id":"5cfd218579fa6e3894096809","def":"{\"v\":9,\"p\":[{\"b\":10,\"s\":[{\"p\":[0,0,0],\"r\":[0,0,0],\"s\":[0.125,0.125,0.1250001],\"c\":[0.9936507,0.7777778,1]}]}]}"},{"id":"5cfd21bd6a2bcc25187a3241","def":"{\"v\":9,\"p\":[{\"b\":57,\"s\":[{\"p\":[0,0,0],\"r\":[0,0,0],\"s\":[0.1250001,0.1250001,0.1250001],\"c\":[0,0.7428569,1]}]}]}"}],"serveTime":5}