{"thingDefinitions":[{"id":"5cc05498364a29481c9371f1","def":"{\"v\":9,\"p\":[{\"b\":181,\"s\":[{\"p\":[0,0,0],\"r\":[0,0,-5.336085E-08],\"s\":[0.06,0.06000001,0.06],\"c\":[1,1,1]}]},{\"b\":181,\"s\":[{\"p\":[0.3159316,0.01014107,-0.04320733],\"r\":[1.622233,19.37439,340.8282],\"s\":[0.06,0.05999999,0.06000002],\"c\":[1,1,1]}]}]}"}],"serveTime":4}