{"thingDefinitions":[{"id":"5a8d172d0372a1da57c040d4","def":"{\"n\":\"ground\",\"v\":3,\"a\":[1],\"p\":[{\"b\":17,\"s\":[{\"p\":[0,0,0],\"r\":[0,0,0],\"s\":[25.25338,0.11062,29.23056],\"c\":[0.9019608,0.8509804,0.7215686]}]},{\"b\":10,\"s\":[{\"p\":[-0.6614243,1.652758,-2.671172],\"r\":[321.2544,25.80414,5.625171],\"s\":[0.125,0.1250001,0.1250001],\"c\":[1,1,1]}]}]}"}],"serveTime":5}