{"thingDefinitions":[{"id":"5f21e46a43cb020636e11b6a","def":"{\"n\":\"sword\",\"v\":9,\"p\":[{\"b\":14,\"s\":[{\"p\":[-0.0431568,-0.01151517,0.3257743],\"r\":[5.32242,3.053706,346.204],\"s\":[0.004621763,0.08564142,0.1530832],\"c\":[0.4444443,0.4444443,0.4444443]}]},{\"b\":5,\"s\":[{\"p\":[-0.06573636,0.03482656,-0.2108594],\"r\":[5.304271,3.077927,4.51057],\"s\":[0.01858298,0.02032338,0.3132337],\"c\":[0.6666667,0.5820107,0.07407401]}]},{\"b\":14,\"s\":[{\"p\":[-0.06590789,0.01872432,-0.07373357],\"r\":[72.68687,262.6773,166.9104],\"s\":[0.0600002,0.01970807,0.02081428],\"c\":[0.4444443,0.388007,0.04938262]}]}]}"}],"serveTime":4}