{"thingDefinitions":[{"id":"5bb9170fb3301523d721fb7d","def":"{\"v\":7,\"a\":[4],\"p\":[{\"b\":13,\"s\":[{\"p\":[0,0,0],\"r\":[0,0,-2.134434E-07],\"s\":[0.06000004,0.06000002,0.06000009],\"c\":[0,1,1]}]},{\"b\":13,\"s\":[{\"p\":[0.1824452,0.00766379,0.009105921],\"r\":[352.5558,3.164495,269.5663],\"s\":[0.06000002,0.06000001,0.06000001],\"c\":[0,1,1]}]},{\"b\":79,\"s\":[{\"p\":[-0.1361012,0.01444994,-0.05261852],\"r\":[351.1719,348.8803,271.5972],\"s\":[0.07500006,0.07500006,0.07500002],\"c\":[0.1142857,0,1]}]},{\"b\":79,\"s\":[{\"p\":[0.326493,0.02787323,-0.04943591],\"r\":[284.4044,349.4285,98.23171],\"s\":[0.07500037,0.07500021,0.07500032],\"c\":[0.1142857,0,1]}]}]}"}],"serveTime":4}