{"thingDefinitions":[{"id":"5cc4b2cacb9a5b056fb95b0c","def":"{\"n\":\"ground\",\"v\":9,\"a\":[1],\"p\":[{\"b\":17,\"s\":[{\"p\":[0,0,0],\"r\":[0,0,0],\"s\":[3.363346,0.11062,3.201102],\"c\":[0.9019608,0.8509804,0.7215686]}]},{\"b\":12,\"s\":[{\"p\":[0.8588797,1.38944,-0.3253801],\"r\":[19.38845,40.80604,43.53067],\"s\":[0.06000027,0.06000018,0.06000016],\"c\":[1,1,1]}]},{\"s\":[{\"p\":[0.7460523,1.334687,-0.7035692],\"r\":[6.32754,214.0247,77.89342],\"s\":[0.1750008,0.1750004,0.1750005],\"c\":[1,1,1]}]}]}"}],"serveTime":6}