{"thingDefinitions":[{"id":"5a9338a864975dac5cc63bbf","def":"{\"n\":\"car\",\"v\":2,\"p\":[{\"b\":7,\"s\":[{\"p\":[-0.1067176,-0.2433989,0.168483],\"r\":[348.5185,190.2483,153.5071],\"s\":[0.1250001,0.1250003,0.1250003],\"c\":[0.2126983,0.111111,1]}]},{\"b\":163,\"s\":[{\"p\":[-0.1392329,-0.187786,0.06649341],\"r\":[15.88732,14.11924,33.14576],\"s\":[0.1000002,0.1000005,0.1000004],\"c\":[0.5079363,0.4444443,1]}]},{\"b\":16,\"s\":[{\"p\":[-0.1520498,-0.1766446,0.01465646],\"r\":[318.7001,305.4835,63.00904],\"s\":[0.1250001,0.1250001,0.125],\"c\":[0.2126983,0.111111,1]}]}]}"}],"serveTime":4}