{"thingDefinitions":[{"id":"5805d99a5355d44c13882886","def":"{\"n\":\"thing\",\"a\":[2],\"p\":[{\"b\":3,\"t\":3,\"s\":[{\"p\":[0,0,0],\"r\":[0,0,1.2273E-06],\"s\":[0.1250001,0.1250001,0.1250001],\"c\":[1,0,0.6857142]}]}]}"}],"serveTime":4}