{"thingDefinitions":[{"id":"5df6c0529153495bbf2e67f5","def":"{\"v\":9,\"a\":[7],\"p\":[{\"b\":12,\"pr\":3,\"t1\":45,\"t2\":134,\"s\":[{\"p\":[0,0,0],\"r\":[0,0,-8.537737E-07],\"s\":[2.757155,1.576799,2.63986],\"c\":[0.5530864,0.7777778,0.1728394],\"t1\":{\"c\":[0.3449734,0.6666667,0.07407404],\"x\":0.2566686,\"y\":0.5,\"a\":1,\"m\":0,\"n\":0,\"r\":0.3887558,\"g\":0.8332372,\"o\":0.5,\"t\":0.5,\"e\":0.5},\"t2\":{\"c\":[0.06349199,0.5555556,0],\"x\":0.5,\"y\":0.5,\"a\":0.8925,\"m\":0,\"n\":0,\"r\":0,\"g\":0,\"o\":0.5,\"t\":0.5,\"e\":0.5},\"pr\":{\"c\":[1,1,1],\"m\":0,\"a\":0,\"s\":0.15,\"z\":0.25,\"g\":0.5,\"h\":0}}]}]}"},{"id":"5df6c0a6d0675a5bb3f313d9","def":"{\"v\":9,\"p\":[{\"b\":12,\"pr\":3,\"t1\":45,\"t2\":134,\"s\":[{\"p\":[0,0,0],\"r\":[0,0,-8.537737E-07],\"s\":[2.757155,1.576799,2.63986],\"c\":[0.5530864,0.7777778,0.1728394],\"t1\":{\"c\":[0.3449734,0.6666667,0.07407404],\"x\":0.2566686,\"y\":0.5,\"a\":1,\"m\":0,\"n\":0,\"r\":0.3887558,\"g\":0.8332372,\"o\":0.5,\"t\":0.5,\"e\":0.5},\"t2\":{\"c\":[0.06349199,0.5555556,0],\"x\":0.5,\"y\":0.5,\"a\":0.8925,\"m\":0,\"n\":0,\"r\":0,\"g\":0,\"o\":0.5,\"t\":0.5,\"e\":0.5},\"pr\":{\"c\":[1,1,1],\"m\":0,\"a\":0,\"s\":0.15,\"z\":0.25,\"g\":0.5,\"h\":0}}]}]}"},{"id":"5df6c24852318c5bb2dbf429","def":"{\"v\":9,\"p\":[{\"b\":12,\"pr\":3,\"t1\":45,\"t2\":134,\"c\":[[1.537,-0.493,-2.011,33,25,278,5],[0.495,-0.527,-2.008,90,6,232,5],[1.033,-0.454,-2.015,61,32,239,5],[-1.49,-0.454,-1.997,214,29,69,5],[-1.994,-0.9,-2.029,246,61,6],[-1.588,-0.601,-1.005,206,3,26,5],[-2.047,-0.974,-1.009,238,3,58,5],[-2.111,-1.036,-0.408,234,3,58,5],[-2.003,-0.689,0.508,226,3,58,5],[-1.481,-0.597,0.935,173,21,25,5],[-2.091,-0.983,0.976,222,3,58,5],[-2.067,-0.715,1.498,218,3,58,5],[-1.427,-0.731,1.552,163,30,22,5],[-0.936,-0.915,1.022,160,6,6,19],[-0.096,-1.137,1.543,100,3,20,7],[-0.011,-0.711,0.502,108,3,22,5],[-0.56,-0.682,-0.498,144,3,28,5],[-1.528,-0.827,-0.406,202,3,26,5],[-0.985,-0.854,0.065,171,6,18,5],[-0.445,-0.781,1.577,126,5,27],[-0.887,-1.196,1.973,127,34,106,5],[-1.624,-0.935,2.03,162,54,55,5],[-1.989,-1.239,1.955,217,58,5],[0.001,-0.97,1.893,99,25,135,5],[0.938,-0.889,2.033,36,27,188,5],[1.458,-0.578,1.526,3,3,28,5],[1.527,-0.723,2.019,2,33,212,5],[1.568,-0.704,-1.558,29,3,22,5],[1.967,-0.96,-1.381,26,5,313,5],[1.544,-0.539,-0.561,19,5,27],[1.944,-0.837,-0.906,22,5,321,5],[1.952,-0.735,-0.416,16,7,329,5],[1.452,-0.451,0.005,15,3,28],[1.979,-0.642,-0.009,12,5,339,5],[1.482,-0.513,0.536,11,3,28,5],[1.986,-0.539,0.554,8,5,347,5],[1.507,-0.622,0.937,7,3,28,5],[1.957,-0.701,0.989,4,5,355],[1.95,-0.544,2.068,1,247,122],[0.444,-0.609,1.05,69,3,29,5],[2.007,-0.522,-2.048,30,310,5],[1.51,-0.587,-1.042,25,3,22,5]],\"s\":[{\"p\":[0,0,0],\"r\":[0,0,-8.537737E-07],\"s\":[2.757155,1.576799,2.63986],\"c\":[0.5530864,0.7777778,0.1728394],\"t1\":{\"c\":[0.3449734,0.6666667,0.07407404],\"x\":0.2566686,\"y\":0.5,\"a\":1,\"m\":0,\"n\":0,\"r\":0.3887558,\"g\":0.8332372,\"o\":0.5,\"t\":0.5,\"e\":0.5},\"t2\":{\"c\":[0.06349199,0.5555556,0],\"x\":0.5,\"y\":0.5,\"a\":0.8925,\"m\":0,\"n\":0,\"r\":0,\"g\":0,\"o\":0.5,\"t\":0.5,\"e\":0.5},\"pr\":{\"c\":[1,1,1],\"m\":0,\"a\":0,\"s\":0.15,\"z\":0.25,\"g\":0.5,\"h\":0}}]}]}"},{"id":"5df6c663b9268d3a393704e6","def":"{\"v\":9,\"a\":[7],\"p\":[{\"t\":1,\"t1\":127,\"t2\":132,\"s\":[{\"p\":[0,0,0],\"r\":[0,0,0],\"s\":[8.369473,1.686388,6.824492],\"c\":[1,1,1],\"t1\":{\"c\":[0.2931217,0.3333333,0.2592592],\"x\":0.2679222,\"y\":0.3102438,\"a\":1,\"m\":0,\"n\":0.2928653,\"r\":0.1133449,\"g\":0,\"o\":0.5,\"t\":0.5,\"e\":0.5},\"t2\":{\"c\":[1,1,1],\"x\":0.5,\"y\":0.5,\"a\":0.8925,\"m\":0,\"n\":0,\"r\":0,\"g\":0,\"o\":0.5,\"t\":0.5,\"e\":0.5}}]},{\"b\":11,\"s\":[{\"p\":[-0.4098751,0.1513758,-3.904442],\"r\":[270,1.931869E-05,0],\"s\":[0.6705291,0.938912,0.5466079],\"c\":[1,1,1]}]}]}"},{"id":"5df82eb28aeda906288d8018","def":"{\"v\":9,\"p\":[{\"b\":45,\"t1\":47,\"s\":[{\"p\":[0,0,0],\"r\":[0,0,0],\"s\":[0.3608852,0.4497082,0.2734229],\"c\":[1,1,1],\"t1\":{\"c\":[0.1954144,0.1728394,0.2222221],\"x\":0.5,\"y\":0.5,\"a\":0.8925,\"m\":0,\"n\":0,\"r\":0,\"g\":0,\"o\":0.5,\"t\":0.5,\"e\":0.5}}]},{\"b\":64,\"t1\":47,\"c\":[[1.142,-0.214,0.75,29,13,15],[1.141,0.402,0.734,28,26,4],[1.094,-0.469,0.348,27,13],[1.098,0.52,0.357,26,26],[1.045,-0.272,-0.062,23,15],[1.042,0.412,-0.05,22,28],[0.997,-0.712,-0.383,21,3,12],[0.978,0.433,-0.383,20,5,23]],\"s\":[{\"p\":[0.009794086,0.2155924,-0.04196858],\"r\":[-7.098869E-06,67.5,-4.743312E-06],\"s\":[0.1371746,0.0205547,0.1253432],\"c\":[1,1,1],\"t1\":{\"c\":[0.1954144,0.1728394,0.2222221],\"x\":0.5,\"y\":0.5,\"a\":0.8925,\"m\":0,\"n\":0,\"r\":0,\"g\":0,\"o\":0.5,\"t\":0.5,\"e\":0.5}}]},{\"b\":64,\"t1\":47,\"c\":[[1.176,-0.5,0.75,29,13,15],[1.132,-0.5,0.362,27,13],[1.094,-0.5,0,23,15],[1.001,-0.49,-0.313,21,3,12],[1.198,0.5,0.75,28,26,4],[1.112,0.406,0.349,26,26],[1.065,0.473,0.016,22,28],[1.032,0.545,-0.317,20,5,23]],\"s\":[{\"p\":[0.009324703,0.008990258,-0.04216301],\"r\":[2.839547E-06,67.50002,1.897325E-06],\"s\":[0.1371746,0.0205547,0.1253432],\"c\":[1,1,1],\"t1\":{\"c\":[0.1954144,0.1728394,0.2222221],\"x\":0.5,\"y\":0.5,\"a\":0.8925,\"m\":0,\"n\":0,\"r\":0,\"g\":0,\"o\":0.5,\"t\":0.5,\"e\":0.5}}]},{\"t1\":47,\"s\":[{\"p\":[-0.0724402,0.110486,-0.07197106],\"r\":[2.016972E-06,157.5,180],\"s\":[0.03918513,0.1750927,0.1750853],\"c\":[1,1,1],\"t1\":{\"c\":[0.1954144,0.1728394,0.2222221],\"x\":0.5,\"y\":0.5,\"a\":0.8925,\"m\":0,\"n\":0,\"r\":0,\"g\":0,\"o\":0.5,\"t\":0.5,\"e\":0.5}}]},{\"s\":[{\"p\":[-0.06804188,0.1071873,-0.07658115],\"r\":[8.537737E-07,157.5,270],\"s\":[0.1461786,0.04553584,0.1182454],\"c\":[0.2328041,0.148148,0.3333332]}]},{\"t1\":47,\"s\":[{\"p\":[0.08056182,0.111083,-0.1704102],\"r\":[270.3658,21.59015,236.6446],\"s\":[0.01391444,0.1573878,0.2226543],\"c\":[1,1,1],\"t1\":{\"c\":[0.1954144,0.1728394,0.2222221],\"x\":0.5,\"y\":0.5,\"a\":0.8925,\"m\":0,\"n\":0,\"r\":0,\"g\":0,\"o\":0.5,\"t\":0.5,\"e\":0.5}}]}]}"},{"id":"5df833e29153495bbf2e683d",