{"thingDefinitions":[{"id":"5ae0969c33528c4100953b04","def":"{\"v\":4,\"p\":[{\"b\":10,\"s\":[{\"p\":[0,0,0],\"r\":[0,0,8.537737E-07],\"s\":[0.1250001,0.125,0.125],\"c\":[1,1,1]}]},{\"s\":[{\"p\":[-0.05085389,0.144749,0.1150629],\"r\":[11.57188,56.53422,307.4912],\"s\":[0.1750001,0.1750001,0.175],\"c\":[1,1,1]}]},{\"s\":[{\"p\":[-0.1087874,0.1261712,0.1182509],\"r\":[17.68267,43.06396,292.202],\"s\":[0.175,0.175,0.175],\"c\":[1,1,1]}]}]}"}],"serveTime":4}