{"thingDefinitions":[{"id":"5eb4145f523f1e4f5594ed48","def":"{\"n\":\"ground\",\"v\":9,\"a\":[1,2,14],\"p\":[{\"b\":17,\"s\":[{\"p\":[0,0,0],\"r\":[0,0,0],\"s\":[3.363346,0.11062,3.201102],\"c\":[0.9019608,0.8509804,0.7215686]}]},{\"b\":9,\"t\":2,\"s\":[{\"p\":[-5.389667,1.251353,-0.8959572],\"r\":[331.1433,61.28339,233.6476],\"s\":[0.1250002,0.1250003,0.1250001],\"c\":[0,0.05714257,1]}]},{\"b\":5,\"t\":2,\"s\":[{\"p\":[-5.422067,1.181726,-0.910933],\"r\":[293.8889,61.6257,230.3729],\"s\":[0.1000003,0.1000004,0.1000004],\"c\":[0.8888889,0.7760141,0.09876534]}]},{\"b\":12,\"s\":[{\"p\":[-5.078909,0.8899013,-0.4946555],\"r\":[55.32649,1.852717,8.145918],\"s\":[0.06000004,0.06000008,0.06000007],\"c\":[1,1,1]}]}]}"}],"serveTime":4}