{"thingDefinitions":[{"id":"5c7d9ad0b69c375384305d03","def":"{\"v\":7,\"p\":[{\"s\":[{\"p\":[0,0,0],\"r\":[0,0,0],\"s\":[0.1750005,0.175,0.1750006],\"c\":[1,1,1]}]},{\"s\":[{\"p\":[-3.095744,-0.2103855,1.009628],\"r\":[81.51942,28.22217,326.0278],\"s\":[0.1750015,0.1750009,0.1750011],\"c\":[1,1,1]}]}]}"},{"id":"5c7d9b4d7c36457253271e84","def":"{\"v\":7,\"p\":[{\"s\":[{\"p\":[0,0,0],\"r\":[0,0,0],\"s\":[0.1750005,0.175,0.1750006],\"c\":[1,1,1]}]},{\"s\":[{\"p\":[-3.095744,-0.2103855,1.009628],\"r\":[81.51942,28.22217,326.0278],\"s\":[0.1750015,0.1750009,0.1750011],\"c\":[1,1,1]}]}]}"}],"serveTime":6}