{"thingDefinitions":[{"id":"5d446b31be94f5071764e52b","def":"{\"v\":9,\"a\":[22],\"p\":[{\"s\":[{\"p\":[0,0,0],\"r\":[0,0,0],\"s\":[1783.293,0.001000044,148.7021],\"c\":[0.05079354,0.4444443,0]}]}]}"},{"id":"5d45c8238040171b46aa7143","def":"{\"v\":9,\"a\":[22],\"p\":[{\"s\":[{\"p\":[0,0,0],\"r\":[0,0,0],\"s\":[6.545366,0.0514264,2.738104],\"c\":[1,1,1]}]}]}"}],"serveTime":11}