{"thingDefinitions":[{"id":"5c23d2cfad6b9c6e49e2c4c9","def":"{\"v\":7,\"p\":[{\"s\":[{\"p\":[0,0,0],\"r\":[0,0,0],\"s\":[0.175,0.1750001,0.1750001],\"c\":[1,1,1]}]}]}"},{"id":"5c23d3197863da6f76f38997","def":"{\"v\":7,\"p\":[{\"b\":41,\"s\":[{\"p\":[0,0,0],\"r\":[0,0,-1.707547E-06],\"s\":[0.1250001,0.125,0.1250001],\"c\":[1,1,1]}]}]}"}],"serveTime":5}