{"thingDefinitions":[{"id":"5cd9d2f5391fcd6e872c2427","def":"{\"n\":\"floor\",\"v\":9,\"a\":[7],\"p\":[{\"s\":[{\"p\":[0,0,0],\"r\":[0,0,0],\"s\":[0.1750366,20.90895,317.3261],\"c\":[0,1,0.5714287]}]}]}"}],"serveTime":5}