{"thingDefinitions":[{"id":"5cc78298a13360482344b0d0","def":"{\"v\":9,\"p\":[{\"s\":[{\"p\":[0,0,0],\"r\":[0,0,0],\"s\":[0.175,0.175,0.1750001],\"c\":[1,1,1]}]}]}"},{"id":"5cc783acbdfb9370476e17ff","def":"{\"v\":9,\"p\":[{\"s\":[{\"p\":[-0.1138157,-1.081573,-0.6171219],\"r\":[3.434083,356.1944,190.3428],\"s\":[0.1750001,0.1750002,0.1750001],\"c\":[1,1,1]}]}]}"}],"serveTime":6}