{"thingDefinitions":[{"id":"5c74a677218cf023f8dc4e23","def":"{\"v\":7,\"a\":[2,49],\"p\":[{\"b\":11,\"s\":[{\"p\":[0.2655925,1.337523,-0.01990452],\"r\":[358.838,28.61033,142.2746],\"s\":[0.1000004,0.1000001,0.1000005],\"c\":[1,1,1]}]}]}"}],"serveTime":4}