{"thingDefinitions":[{"id":"5c95abcf6d71a505521e1f20","def":"{\"v\":9,\"p\":[{\"b\":9,\"s\":[{\"p\":[0.1949077,-0.2213263,0.6891994],\"r\":[25.85015,351.9858,25.201],\"s\":[0.125,0.1250002,0.1250001],\"c\":[1,1,1]}]},{\"b\":2,\"s\":[{\"p\":[-0.2228985,-0.4352388,0.4491704],\"r\":[304.599,9.82618,327.8992],\"s\":[0.125,0.1250001,0.1250002],\"c\":[1,1,1]}]},{\"s\":[{\"p\":[-0.7996752,-0.06854339,0.1307999],\"r\":[41.14336,333.4517,283.3315],\"s\":[0.1750004,0.1715737,0.1750005],\"c\":[1,1,1]}]},{\"b\":5,\"s\":[{\"p\":[0.6000218,0.2574199,0.6812271],\"r\":[346.3969,39.28027,69.33063],\"s\":[0.1,0.1,0.1000001],\"c\":[1,1,1]}]}]}"}],"serveTime":6}