{"thingDefinitions":[{"id":"5c71c5436d4edb055a655b81","def":"{\"n\":\"ground\",\"v\":7,\"a\":[1,2,3,4,12,15,48,49],\"p\":[{\"b\":17,\"s\":[{\"p\":[0,0,0],\"r\":[0,0,0],\"s\":[3.363346,0.11062,3.201102],\"c\":[0.9019608,0.8509804,0.7215686]}]},{\"s\":[{\"p\":[0.6441234,1.294371,-2.239938],\"r\":[357.312,231.8745,348.1871],\"s\":[0.1750003,0.1750001,0.1750004],\"c\":[1,1,1]}]},{\"b\":14,\"s\":[{\"p\":[0.8071508,2.055532,-2.602054],\"r\":[1.898432,202.7467,8.605489],\"s\":[0.06000001,0.05999999,0.06],\"c\":[1,1,1]}]}]}"},{"id":"5c871e745ae9521b90dd3199","def":"{\"v\":7,\"p\":[{\"b\":3,\"s\":[{\"p\":[0,0,0],\"r\":[0,0,0],\"s\":[0.125,0.125,0.125],\"c\":[1,1,1]}]}]}"}],"serveTime":5}