{"thingDefinitions":[{"id":"5ca17b99180beb057467de07","def":"{\"v\":9,\"p\":[{\"b\":12,\"s\":[{\"p\":[0,0,0],\"r\":[0,0,0],\"s\":[0.06000003,0.06000003,0.06000001],\"c\":[1,1,1]}]},{\"b\":9,\"s\":[{\"p\":[0.0586757,0.02417848,-0.2016923],\"r\":[303.2943,133.1489,203.4049],\"s\":[0.125,0.125,0.125],\"c\":[1,1,1]}]},{\"b\":10,\"s\":[{\"p\":[0.2115443,-0.03534326,-0.2764862],\"r\":[315.484,95.54215,202.9773],\"s\":[0.125,0.125,0.125],\"c\":[1,1,1]}]}]}"}],"serveTime":6}