{"thingDefinitions":[{"id":"5bf325081171b26459736610","def":"{\"v\":7,\"a\":[4],\"p\":[{\"s\":[{\"p\":[0.09495075,0.04132812,0.02838421],\"r\":[326.1168,350.9826,3.820089],\"s\":[0.1750003,0.1750003,0.1750002],\"c\":[1,1,1]}]},{\"b\":10,\"s\":[{\"p\":[-0.08346744,0.06463382,0.02844184],\"r\":[345.6287,342.4343,0.1567989],\"s\":[0.1250001,0.1250001,0.125],\"c\":[1,1,1]}]},{\"b\":66,\"s\":[{\"p\":[-0.3817883,0.4805607,0.1970942],\"r\":[62.67205,95.28046,271.0378],\"s\":[0.1250002,0.1250001,0.1250002],\"c\":[1,1,1]}]},{\"s\":[{\"p\":[0.01668739,-0.2150882,-0.1925779],\"r\":[41.62971,6.857072,0.2720615],\"s\":[0.1750003,0.1750004,0.1750004],\"c\":[1,1,1]}]}]}"}],"serveTime":14}