{"thingDefinitions":[{"id":"5d2d49064d6e2a35437e7ae1","def":"{\"n\":\"ground\",\"v\":9,\"a\":[1],\"p\":[{\"b\":17,\"s\":[{\"p\":[0,0,0],\"r\":[0,0,1.600825E-07],\"s\":[3.544239,0.11062,3.147097],\"c\":[0.9019608,0.8509804,0.7215686],\"b\":[\"when \"]}]},{\"s\":[{\"p\":[3.739504,1.136505,-0.3478418],\"r\":[335.9683,34.88449,350.5649],\"s\":[0.175,0.175,0.175],\"c\":[1,1,1]}]}]}"}],"serveTime":5}