{"thingDefinitions":[{"id":"59bec1671fe3971c10880983","def":"{\"n\":\"thing\",\"p\":[{\"s\":[{\"p\":[0,0,0],\"r\":[-1.272222E-14,-1.707547E-06,-8.537737E-07],\"s\":[0.175,0.1749999,0.175],\"c\":[1,1,1]}]},{\"b\":9,\"s\":[{\"p\":[-0.0816895,-0.1113172,-0.271229],\"r\":[23.67057,324.5662,348.4606],\"s\":[0.125,0.125,0.1250001],\"c\":[1,1,1]}]}]}"}],"serveTime":5}