{"thingDefinitions":[{"id":"5dcfb94d2f511010e59af456","def":"{\"v\":9,\"p\":[{\"b\":148,\"s\":[{\"p\":[0,0,0],\"r\":[0,0,0],\"s\":[0.09000006,0.09,0.09000005],\"c\":[1,1,1]}]}]}"}],"serveTime":4}