{"thingDefinitions":[{"id":"5c12c056ea1f546e4855dd77","def":"{\"v\":7,\"a\":[2,3],\"tp_m\": 99,\"p\":[{\"b\":9,\"s\":[{\"p\":[0,0,0],\"r\":[0,0,0],\"s\":[0.1250001,0.1250001,0.125],\"c\":[1,1,1]}]},{\"b\":17,\"s\":[{\"p\":[0.1547565,-0.2192445,-0.04459469],\"r\":[42.24622,298.1965,47.78094],\"s\":[0.06000005,0.06000005,0.06000002],\"c\":[1,1,1]}]},{\"b\":14,\"s\":[{\"p\":[0.001323983,-0.2161775,-0.3585025],\"r\":[13.71248,250.7452,344.1145],\"s\":[0.06000025,0.001000001,0.06000011],\"c\":[1,1,1]}]},{\"b\":4,\"s\":[{\"p\":[-0.02006306,-1.78853,1.408285],\"r\":[34.36012,289.8849,288.6356],\"s\":[0.01191209,0.001000004,0.06817574],\"c\":[1,1,1]}]}]}"}],"serveTime":5}