{"thingDefinitions":[{"id":"5c08a782021a9d6779147dfd","def":"{\"v\":7,\"p\":[{\"s\":[{\"p\":[0,0,0],\"r\":[0,0,0],\"s\":[0.1750002,0.1750014,0.1750015],\"c\":[1,1,1]}]}]}"}],"serveTime":4}