{"thingDefinitions":[{"id":"5c91b3d56527035a7a566793","def":"{\"v\":9,\"p\":[{\"b\":17,\"s\":[{\"p\":[0,0,0],\"r\":[0,0,8.537737E-07],\"s\":[0.06000003,0.06000003,0.06000001],\"c\":[1,1,1]}]},{\"b\":12,\"s\":[{\"p\":[-0.02129864,0.01436552,0.07000643],\"r\":[16.14927,55.84981,82.00172],\"s\":[0.06000001,0.06000004,0.06000002],\"c\":[1,1,1]}]}]}"}],"serveTime":4}