{"thingDefinitions":[{"id":"5f626631700581255fa1a7d4","def":"{\"v\":9,\"p\":[{\"b\":9,\"s\":[{\"p\":[0,0,0],\"r\":[0,0,1.707547E-06],\"s\":[0.125,0.125,0.125],\"c\":[1,1,1]}]},{\"b\":7,\"s\":[{\"p\":[-0.5208313,0.1132392,-0.1479891],\"r\":[321.8436,348.5346,303.154],\"s\":[0.6402614,0.125,0.125],\"c\":[1,0.8571429,0]}]}]}"}],"serveTime":5}