{"thingDefinitions":[{"id":"5c4538b89e61d1567d9c6a96","def":"{\"v\":7,\"p\":[{\"b\":14,\"s\":[{\"p\":[0,0,0],\"r\":[0,0,0],\"s\":[0.06000013,0.06000002,0.06000015],\"c\":[1,1,1]}]}]}"}],"serveTime":5}