{"thingDefinitions":[{"id":"5adbc6605bb49c1329b91468","def":"{\"n\":\"ground\",\"v\":4,\"a\":[1],\"p\":[{\"b\":17,\"s\":[{\"p\":[0,0,0],\"r\":[0,0,0],\"s\":[3.363346,0.11062,3.201102],\"c\":[0.9019608,0.8509804,0.7215686]}]},{\"s\":[{\"p\":[-1.062694,1.316255,2.63245],\"r\":[338.0128,307.0009,328.5559],\"s\":[0.1750001,0.175,0.1750001],\"c\":[1,1,1]}]},{\"s\":[{\"p\":[-1.062189,1.358596,2.666905],\"r\":[2.479414,338.6857,307.8398],\"s\":[0.1750001,0.1750001,0.175],\"c\":[1,1,1]}]}]}"}],"serveTime":4}