{"thingDefinitions":[{"id":"5a8df8d035eb387513baec60","def":"{\"v\":2,\"p\":[{\"s\":[{\"p\":[0,0,0],\"r\":[0,0,0],\"s\":[150.0001,78.78143,0.1750008],\"c\":[0.4938272,0.5555556,0.5185186]}]}]}"},{"id":"5a8df8e68dc07c9e132efec2","def":"{\"v\":2,\"p\":[{\"b\":173,\"s\":[{\"p\":[0,0,0],\"r\":[0,0,-1.067217E-07],\"s\":[0.04500015,0.04500006,0.04500018],\"c\":[1,1,1]}]}]}"}],"serveTime":4}