{"thingDefinitions":[{"id":"5da22636288c857ffcc87099","def":"{\"v\":9,\"p\":[{\"b\":2,\"s\":[{\"p\":[-0.4352697,-0.1788904,0.3573536],\"r\":[316.1435,167.1222,201.0591],\"s\":[0.125,0.125,0.125],\"c\":[1,1,1]}]},{\"b\":2,\"s\":[{\"p\":[-0.6674394,-0.4237577,0.3442161],\"r\":[305.9115,40.72254,292.5432],\"s\":[0.125,0.1250001,0.125],\"c\":[1,1,1]}]},{\"b\":9,\"s\":[{\"p\":[-0.2205662,0.01047343,0.4683752],\"r\":[293.3639,324.9773,63.37476],\"s\":[0.1250001,0.1250002,0.1250001],\"c\":[1,1,1]}]},{\"b\":9,\"s\":[{\"p\":[-0.2278906,0.2757229,0.4440089],\"r\":[329.1295,295.601,41.39294],\"s\":[0.1250001,0.125,0.125],\"c\":[1,1,1]}]}]}"}],"serveTime":4}