{"thingDefinitions":[{"id":"5d98feeda997d87fe66e6c8b","def":"{\"v\":9,\"a\":[2,4,9],\"tp_d\": 3,\"tp_d\": 3,\"tp_lr\": [1,1,1],\"p\":[{\"b\":5,\"s\":[{\"p\":[1.465387,-1.434768,-0.3207138],\"r\":[339.4464,31.84913,106.4952],\"s\":[0.338693,0.301567,0.7066504],\"c\":[1,0,0.5142856]}]},{\"b\":5,\"s\":[{\"p\":[0.4645495,-0.8075502,0.003031075],\"r\":[328.5803,25.92367,78.51772],\"s\":[0.3386935,0.301567,0.7066509],\"c\":[0,0.5714284,1]}]}]}"}],"serveTime":4}