{"thingDefinitions":[{"id":"59c19518100e319e130a56be","def":"{\"n\":\"red necktie\",\"a\":[1,2],\"p\":[{\"b\":13,\"s\":[{\"p\":[0,0,0],\"r\":[0,0,0],\"s\":[0.02127297,0.007605426,0.008647848],\"c\":[0.8888889,0.2962962,0.2962962]}]},{\"b\":71,\"s\":[{\"p\":[0.001907927,-0.006819919,-0.1930211],\"r\":[2.257757,269.8623,2.158844],\"s\":[0.2238489,0.005186711,0.04130161],\"c\":[0.8888889,0.2962962,0.2962962]}]},{\"b\":45,\"s\":[{\"p\":[0.05383567,-0.03957103,0.03011068],\"r\":[33.41251,70.82564,240.3946],\"s\":[0.1250007,0.03477694,0.1250013],\"c\":[0.8888889,0.2962962,0.2962962]}]},{\"b\":45,\"s\":[{\"p\":[-0.05076389,-0.04295619,0.01280132],\"r\":[30.4439,286.9229,296.0219],\"s\":[0.1250007,0.03477667,0.1250008],\"c\":[0.8888889,0.2962962,0.2962962]}]}]}"}],"serveTime":9}