{"thingDefinitions":[{"id":"5d5f0e55f6584a63b407b59c","def":"{\"v\":9,\"p\":[{\"b\":10,\"s\":[{\"p\":[-0.04456213,0.0734751,0.06499675],\"r\":[350.0935,8.02398,7.896875],\"s\":[0.1250003,0.1250006,0.1250005],\"c\":[1,1,1]}]},{\"b\":10,\"s\":[{\"p\":[-0.007329836,0.0302518,0.02951664],\"r\":[2.602855,7.578048,359.1589],\"s\":[0.1250003,0.125001,0.1250008],\"c\":[1,1,1]}]},{\"b\":10,\"s\":[{\"p\":[0.09534766,-0.1210281,-0.1150423],\"r\":[9.411419,346.9064,3.842186],\"s\":[0.1250004,0.1250011,0.1339509],\"c\":[1,1,1]}]},{\"b\":10,\"s\":[{\"p\":[0.08983655,-0.0249543,-0.06994535],\"r\":[312.8566,261.4734,108.0702],\"s\":[0.001000002,0.2275341,0.2202365],\"c\":[1,1,1]}]}]}"}],"serveTime":4}