{"thingDefinitions":[{"id":"5c60a9a172517b055547d4fb","def":"{\"v\":7,\"p\":[{\"b\":10,\"s\":[{\"p\":[0,0,0],\"r\":[0,0,0],\"s\":[0.1250001,0.1250001,0.125],\"c\":[1,1,1]}]},{\"b\":16,\"s\":[{\"p\":[0.2500359,0.2365239,-0.1134471],\"r\":[45.87272,321.5861,351.8785],\"s\":[0.1000002,0.1000002,0.1000001],\"c\":[1,1,1]}]},{\"b\":5,\"s\":[{\"p\":[0.2705338,0.2112385,-0.1455874],\"r\":[315.5756,339.4305,21.49145],\"s\":[0.1000001,0.1000003,0.1000001],\"c\":[1,1,1]}]}]}"}],"serveTime":4}