{"thingDefinitions":[{"id":"5dddd2787d882c0d5d532d33","def":"{\"n\":\"ground\",\"v\":9,\"a\":[1],\"p\":[{\"b\":17,\"s\":[{\"p\":[0,0,0],\"r\":[0,0,0],\"s\":[3.363345,0.1106199,3.201103],\"c\":[0.9019608,0.8509804,0.7215686]}]}]}"}],"serveTime":8}