{"thingDefinitions":[{"id":"5806dcb82c464b5813c1a85d","def":"{\"n\":\"thing\",\"p\":[{\"b\":3,\"s\":[{\"p\":[0,0,0],\"r\":[0,0,-1.707547E-06],\"s\":[0.1250001,0.1250001,0.125],\"c\":[1,1,1]}]}]}"}],"serveTime":4}