{"thingDefinitions":[{"id":"5c69e48321ed7105508f3898","def":"{\"v\":7,\"p\":[{\"t\":9,\"t1\":43,\"s\":[{\"p\":[0,0,0],\"r\":[0,0,0],\"s\":[0.9620214,0.9145094,0.0758483],\"c\":[0,0,0],\"t1\":{\"c\":[0.3333333,0.3333333,0.3333333],\"x\":0.5,\"y\":0.5,\"a\":0.8925,\"m\":0,\"n\":0,\"r\":0,\"g\":0,\"o\":0.5,\"t\":0.5,\"e\":0.5}}]}]}"},{"id":"5cb318d7981488266be4bab1","def":"{\"v\":9,\"p\":[{\"b\":3,\"s\":[{\"p\":[0.002463457,0.003465161,-0.1868781],\"r\":[2.198815,40.24719,10.29929],\"s\":[0.125,0.1250001,0.1250001],\"c\":[1,1,1]}]},{\"b\":14,\"s\":[{\"p\":[-0.001506048,0.005473681,-0.02444091],\"r\":[358.3763,1.5732,357.9499],\"s\":[0.06000001,0.0600001,0.06000008],\"c\":[1,1,1]}]}]}"}],"serveTime":6}