{"thingDefinitions":[{"id":"5f5c09173667f71b66cfb22b","def":"{\"v\":9,\"p\":[{\"s\":[{\"p\":[0,0,0],\"r\":[0,0,0],\"s\":[0.1750001,0.175,0.175],\"c\":[1,1,1]}]},{\"b\":4,\"s\":[{\"p\":[-0.3660097,-0.01591549,-0.0819442],\"r\":[281.7792,296.0612,12.15282],\"s\":[0.125,0.125,0.125],\"c\":[1,1,1]}]}]}"},{"id":"5f5e04afe1b6880553d8743a","def":"{\"v\":9,\"p\":[{\"s\":[{\"p\":[0,0,0],\"r\":[0,0,5.336085E-08],\"s\":[0.1749999,0.1750001,0.175],\"c\":[0.7777778,0.5333333,0]}]}]}"},{"id":"5f5e0589184d8e4f64b42560","def":"{\"v\":9,\"p\":[{\"s\":[{\"p\":[0,0,0],\"r\":[0,0,0],\"s\":[0.175001,0.1750001,0.1750011],\"c\":[0.7777778,0.5333333,0]}]}]}"}],"serveTime":5}