{"thingDefinitions":[{"id":"5ad05b721ed0a90fe7610403","def":"{\"v\":2,\"p\":[{\"b\":9,\"s\":[{\"p\":[0,0,0],\"r\":[0,0,0],\"s\":[0.1250001,0.1250004,0.1250003],\"c\":[1,0,0.3428572]}]}]}"},{"id":"5ad0610fb08dcf0fe86dd498","def":"{\"v\":2,\"p\":[{\"b\":12,\"s\":[{\"p\":[0,0,0],\"r\":[0,0,0],\"s\":[0.06000011,0.06000009,0.06000012],\"c\":[1,1,1]}]},{\"b\":14,\"s\":[{\"p\":[-0.5420629,-0.1365759,0.116517],\"r\":[7.047015,43.59043,203.3067],\"s\":[0.06000007,0.06000005,0.06000005],\"c\":[1,1,1]}]}]}"}],"serveTime":5}