{"thingDefinitions":[{"id":"5cdf7e7e516cae604dbb2617","def":"{\"v\":9,\"p\":[{\"s\":[{\"p\":[0,0,0],\"r\":[0,0,0],\"s\":[0.9555624,0.2090771,0.6611963],\"c\":[1,1,1]}]}]}"}],"serveTime":6}