{"thingDefinitions":[{"id":"5cb6915d70ae44056618c188","def":"{\"v\":9,\"p\":[{\"b\":10,\"s\":[{\"p\":[-0.1723188,-0.06303453,-0.3119349],\"r\":[53.52488,270.3791,299.5607],\"s\":[0.1250004,0.1250003,0.1250003],\"c\":[1,1,1]}]},{\"b\":10,\"s\":[{\"p\":[-0.1412526,0.322616,-0.2666245],\"r\":[65.25659,85.95486,322.6797],\"s\":[0.1250005,0.1250006,0.1250007],\"c\":[1,1,1]}]}]}"}],"serveTime":5}