{"thingDefinitions":[{"id":"5dcb56372f511010e59af2db","def":"{\"v\":9,\"a\":[7,31],\"p\":[{\"s\":[{\"p\":[0,0,0],\"r\":[0,0,0],\"s\":[0.4817569,0.4820407,0.4818782],\"c\":[1,1,1],\"b\":[\"when touched then destroy all parts with burst 0 force\"]},{\"p\":[0,0,0],\"r\":[0,0,0],\"s\":[0.4817569,0.4820407,0.4818782],\"c\":[1,1,1]}]},{\"s\":[{\"p\":[-0.1675719,1.289863,0.2102969],\"r\":[8.537737E-06,90,270],\"s\":[0.1751078,0.1750842,0.1751441],\"c\":[1,1,1]}]}]}"},{"id":"5dcdf70c6508a310d89bdcc3","def":"{\"v\":9,\"a\":[7],\"p\":[{\"s\":[{\"p\":[0,0,0],\"r\":[0,0,0],\"s\":[0.1750816,2500,2500],\"c\":[1,1,1]}]}]}"}],"serveTime":5}