{"thingDefinitions":[{"id":"5bec3c484921640557733565","def":"{\"v\":7,\"p\":[{\"b\":14,\"s\":[{\"p\":[0,0,0],\"r\":[0,0,0],\"s\":[0.06000008,0.06000011,0.06000009],\"c\":[1,1,1]}]},{\"b\":14,\"s\":[{\"p\":[0.1588418,0.09754662,-0.203669],\"r\":[327.2175,95.72926,296.4185],\"s\":[0.06000011,0.06000017,0.06000011],\"c\":[1,1,1]}]}]}"}],"serveTime":9}