{"thingDefinitions":[{"id":"5c8b0c981bca78671b67aba1","def":"{\"v\":7,\"p\":[{\"s\":[{\"p\":[0,0,0],\"r\":[0,0,0],\"s\":[0.175,0.175,0.175],\"c\":[1,1,1]}]},{\"b\":2,\"s\":[{\"p\":[-0.0102349,0.01292242,0.1326081],\"r\":[0.4287231,359.2643,3.184201],\"s\":[0.09290624,0.09295943,0.07279041],\"c\":[1,1,1]}]}]}"}],"serveTime":4}