{"thingDefinitions":[{"id":"5a7778c4cb5c3969131014bc","def":"{\"n\":\"thing\",\"v\":2,\"p\":[{\"s\":[{\"p\":[0,0,0],\"r\":[0,0,2.134434E-07],\"s\":[0.1750003,0.1750001,0.1750003],\"c\":[1,1,1]}]}]}"}],"serveTime":4}