{"thingDefinitions":[{"id":"5bb0cd6ea2139d757a0be2b1","def":"{\"v\":7,\"p\":[{\"b\":9,\"s\":[{\"p\":[0,0,0],\"r\":[0,0,8.537735E-07],\"s\":[0.1250004,0.1250005,0.1250002],\"c\":[1,1,1]}]}]}"}],"serveTime":4}