{"thingDefinitions":[{"id":"5c7628e37792ec32ae88a186","def":"{\"n\":\"ground\",\"v\":7,\"a\":[1],\"p\":[{\"b\":17,\"s\":[{\"p\":[0,0,0],\"r\":[0,0,0],\"s\":[3.363346,0.11062,3.201102],\"c\":[0.9019608,0.8509804,0.7215686]}]}]}"},{"id":"5c762947588993054c9f6a0c","def":"{\"v\":7,\"p\":[{\"s\":[{\"p\":[0,0,0],\"r\":[0,0,1.707547E-06],\"s\":[0.1750003,0.1750003,0.1750002],\"c\":[1,1,1]}]},{\"s\":[{\"p\":[-0.04232673,0.3012397,0.04686319],\"r\":[322.3976,353.7886,3.758574],\"s\":[0.1750003,0.1750002,0.1750003],\"c\":[1,1,1]}]},{\"s\":[{\"p\":[-0.002748719,0.5748324,-0.1512033],\"r\":[290.322,348.7688,9.808851],\"s\":[0.1750005,0.1750005,0.1750007],\"c\":[1,1,1]}]}]}"}],"serveTime":6}