{"thingDefinitions":[{"id":"5ad940552768656f7f72b004","def":"{\"v\":4,\"p\":[{\"b\":9,\"s\":[{\"p\":[0,0,0],\"r\":[0,0,1.280661E-06],\"s\":[0.125,0.1250001,0.125],\"c\":[0,1,1]}]}]}"}],"serveTime":4}