{"thingDefinitions":[{"id":"5b863407e181e55c0b449729","def":"{\"v\":6,\"p\":[{\"b\":9,\"t\":22,\"s\":[{\"p\":[0,0,0],\"r\":[0,0,0],\"s\":[0.1250003,0.1250004,0.1250005],\"c\":[0.6666666,1,1]}]}]}"}],"serveTime":4}