{"thingDefinitions":[{"id":"5b284731ebb29e7e3b1ad83f","def":"{\"v\":5,\"p\":[{\"s\":[{\"p\":[0,0,0],\"r\":[0,0,-1.707547E-06],\"s\":[0.1750001,0.175,0.175],\"c\":[1,1,1]}]},{\"s\":[{\"p\":[-0.3987895,0.04518265,-0.438547],\"r\":[47.34521,306.8145,277.0703],\"s\":[0.1750002,0.1750002,0.175],\"c\":[1,1,1]}]}]}"}],"serveTime":5}