{"thingDefinitions":[{"id":"5b8d7edb62c06c60010c3854","def":"{\"v\":6,\"p\":[{\"b\":9,\"s\":[{\"p\":[0,0,0],\"r\":[0,0,5.336085E-08],\"s\":[0.1250003,0.125,0.1250002],\"c\":[1,1,1]}]}]}"},{"id":"5b8d7f00ce33f50576c742ad","def":"{\"v\":6,\"a\":[4],\"p\":[{\"b\":84,\"s\":[{\"p\":[0,0,0],\"r\":[0,0,0],\"s\":[0.07500009,0.07500002,0.07500003],\"c\":[1,1,1]}]},{\"b\":84,\"s\":[{\"p\":[-0.03460251,0.1087267,-0.04673945],\"r\":[328.1397,0.5218052,11.80921],\"s\":[0.07499999,0.075,0.07499998],\"c\":[1,1,1]}]},{\"b\":81,\"s\":[{\"p\":[-0.05633719,0.3168313,-0.06930991],\"r\":[56.30135,171.1989,336.2211],\"s\":[0.07500006,0.07500003,0.07500006],\"c\":[1,1,1]}]}]}"}],"serveTime":5}