{"thingDefinitions":[{"id":"5d38e00294525829c75cab93","def":"{\"v\":9,\"p\":[{\"b\":17,\"s\":[{\"p\":[0,0,0],\"r\":[0,0,-8.537737E-07],\"s\":[0.06000004,0.06000013,0.06000006],\"c\":[1,1,1]}]},{\"s\":[{\"p\":[0.1471627,-0.004472498,-0.0820976],\"r\":[1.537313,297.031,72.79452],\"s\":[0.1750004,0.1750005,0.1750001],\"c\":[1,1,1]}]}]}"}],"serveTime":3}