{"thingDefinitions":[{"id":"5c5b0812461dac5cec4eaeec","def":"{\"v\":7,\"p\":[{\"s\":[{\"p\":[0.3153201,0.2833642,0.2595351],\"r\":[328.4959,80.71396,322.7477],\"s\":[0.1750003,0.1750003,0.175],\"c\":[1,1,1]}]},{\"s\":[{\"p\":[0.3235703,-0.1155692,-0.3648011],\"r\":[41.0397,5.076733,59.50261],\"s\":[0.1750003,0.1750003,0.175],\"c\":[1,1,1]}]},{\"s\":[{\"p\":[0.02448165,-0.08009505,-0.226139],\"r\":[35.49506,334.3654,14.75348],\"s\":[0.1750002,0.1750003,0.175],\"c\":[1,1,1]}]},{\"s\":[{\"p\":[0.09721101,0.1159112,0.1540906],\"r\":[339.888,28.66849,354.8385],\"s\":[0.1750002,0.1750002,0.175],\"c\":[1,1,1]}]}]}"}],"serveTime":5}