{"thingDefinitions":[{"id":"5cec671796010b604ee59f1f","def":"{\"v\":9,\"p\":[{\"b\":145,\"s\":[{\"p\":[0,0,0],\"r\":[8.537737E-07,0,0],\"s\":[0.09,0.08999999,0.09000005],\"c\":[1,1,1]}]}]}"}],"serveTime":5}