{"thingDefinitions":[{"id":"58330f6accd99a5a13e13d30","def":"{\"n\":\"thing\",\"a\":[21],\"p\":[{\"b\":3,\"t\":3,\"s\":[{\"p\":[0,0,0],\"r\":[0,0,0],\"s\":[0.01891511,0.04368041,0.04368031],\"c\":[0.9555555,1,0.7777778]}]}]}"}],"serveTime":5}