{"thingDefinitions":[{"id":"5c6f5a3dc72f895b72b49c5f","def":"{\"v\":7,\"p\":[{\"b\":10,\"s\":[{\"p\":[0,0,0],\"r\":[0,0,1.013856E-06],\"s\":[0.001,0.2744537,0.4146197],\"c\":[1,1,1]}]}]}"}],"serveTime":4}