{"thingDefinitions":[{"id":"59f412f3336f83211007ab9c","def":"{\"n\":\"thing\",\"v\":2,\"p\":[{\"s\":[{\"p\":[0,0,0],\"r\":[0,0,0],\"s\":[0.1750002,0.1750001,0.1750003],\"c\":[1,1,1]}]}]}"}],"serveTime":4}