{"thingDefinitions":[{"id":"5a54168bad31da9b1327308c","def":"{\"n\":\"ground\",\"v\":3,\"a\":[1],\"p\":[{\"b\":17,\"s\":[{\"p\":[0,0,0],\"r\":[0,0,0],\"s\":[3.363346,0.11062,3.201102],\"c\":[0.9019608,0.8509804,0.7215686]}]},{\"b\":9,\"s\":[{\"p\":[-1.551637,0.9236119,0.8207871],\"r\":[337.6284,38.50852,356.1388],\"s\":[0.125,0.1250001,0.1250001],\"c\":[1,1,1]}]},{\"b\":17,\"s\":[{\"p\":[-1.886874,1.181947,0.8082452],\"r\":[46.36107,358.8722,226.5924],\"s\":[0.06000004,0.06000001,0.06000003],\"c\":[1,1,1]}]},{\"s\":[{\"p\":[-2.139573,1.019821,0.8921322],\"r\":[83.31422,156.7046,56.18708],\"s\":[0.1750001,0.1750001,0.1750001],\"c\":[1,1,1]}]}]}"}],"serveTime":4}