{"thingDefinitions":[{"id":"5b81772ea26b660e8e21b3e2","def":"{\"v\":6,\"p\":[{\"s\":[{\"p\":[0,0,0],\"r\":[0,0,-8.537735E-07],\"s\":[0.1750001,0.1750001,0.175],\"c\":[1,1,1]}]}]}"},{"id":"5b8177592f0ce47ae2901dc5","def":"{\"v\":6,\"p\":[{\"s\":[{\"p\":[0,0,0],\"r\":[0,0,0],\"s\":[0.175,0.1750001,0.1750001],\"c\":[1,1,1]}]},{\"s\":[{\"p\":[0.09390751,0.08098647,-0.4209518],\"r\":[351.2941,151.0248,300.2737],\"s\":[0.1750001,0.1750003,0.1750003],\"c\":[1,1,1]}]}]}"}],"serveTime":5}