{"thingDefinitions":[{"id":"5ac415fcf9d1930ff7be1643","def":"{\"v\":2,\"p\":[{\"b\":9,\"s\":[{\"p\":[0.007669431,-0.0001012743,0.01283369],\"r\":[358.7307,356.1245,2.751699],\"s\":[0.1250004,0.1250003,0.1250001],\"c\":[1,1,1]}]},{\"b\":173,\"s\":[{\"p\":[-0.05317741,-0.0128434,0.008728866],\"r\":[32.04721,17.32209,109.903],\"s\":[0.04500009,0.04500011,0.04500009],\"c\":[1,1,1]}]}]}"}],"serveTime":4}