{"thingDefinitions":[{"id":"5c944b860bca0c054f59d39e","def":"{\"v\":9,\"p\":[{\"b\":11,\"s\":[{\"p\":[0,0,0],\"r\":[0,0,6.403302E-07],\"s\":[0.1000001,0.1000003,0.1],\"c\":[1,1,1]}]},{\"b\":14,\"s\":[{\"p\":[-0.1054245,0.04037247,0.005940312],\"r\":[0.780766,281.0343,65.16709],\"s\":[0.06000001,0.0600002,0.06000016],\"c\":[1,1,1]}]}]}"}],"serveTime":6}