{"thingDefinitions":[{"id":"5cdf975fa89f2e52a40ff3f2","def":"{\"n\":\"ground\",\"v\":9,\"a\":[1],\"p\":[{\"b\":17,\"s\":[{\"p\":[0,0,0],\"r\":[0,0,0],\"s\":[3.363346,0.11062,3.201102],\"c\":[0.9019608,0.8509804,0.7215686]}]}]}"},{"id":"5b04a32c96e5c64b9789cae4","def":"{\"v\":4,\"p\":[{\"s\":[{\"p\":[0,0,0],\"r\":[0,0,0],\"s\":[0.1750004,0.1750002,0.1750004],\"c\":[1,1,1]}]}]}"}],"serveTime":7}