{"thingDefinitions":[{"id":"5daf588f7a12512b199ab37d","def":"{\"v\":9,\"p\":[{\"b\":11,\"s\":[{\"p\":[0,0,0],\"r\":[0,0,0],\"s\":[0.1000001,0.1000002,0.1000002],\"c\":[1,1,1]}]},{\"b\":11,\"s\":[{\"p\":[-0.1613752,0.09033056,-0.07346433],\"r\":[11.0557,332.2978,98.65213],\"s\":[0.1000002,0.1000001,0.1000001],\"c\":[1,1,1]}]},{\"b\":11,\"s\":[{\"p\":[-0.210781,0.06575715,-0.2339736],\"r\":[340.2303,34.98221,62.56177],\"s\":[0.1000004,0.1000002,0.1000005],\"c\":[1,1,1]}]}]}"}],"serveTime":5}