{"thingDefinitions":[{"id":"5a945022158a31e20f1893ad","def":"{\"v\":2,\"p\":[{\"b\":73,\"s\":[{\"p\":[0,0,0],\"r\":[0,0,0],\"s\":[0.2478433,0.2478435,0.2478435],\"c\":[1,1,1]}]}]}"}],"serveTime":8}