{"thingDefinitions":[{"id":"5e9da64525fac63bebbab155","def":"{\"v\":9,\"p\":[{\"b\":9,\"s\":[{\"p\":[0,0,0],\"r\":[0,0,4.268868E-07],\"s\":[0.125,0.125,0.125],\"c\":[1,1,1]}]},{\"b\":27,\"s\":[{\"p\":[-0.1023739,0.2817882,-0.1346133],\"r\":[295.0607,266.9509,70.22305],\"s\":[0.1250001,0.1250001,0.125],\"c\":[1,1,1]}]},{\"b\":66,\"s\":[{\"p\":[0.1270858,0.4605868,-0.06902171],\"r\":[9.58987,282.9431,43.62312],\"s\":[0.1250001,0.125,0.1250001],\"c\":[1,1,1]}]},{\"b\":10,\"s\":[{\"p\":[-0.0267852,0.4065658,-0.06885117],\"r\":[16.08052,358.4055,80.30984],\"s\":[0.1250004,0.1250004,0.125],\"c\":[1,1,1]}]}]}"}],"serveTime":7}