{"thingDefinitions":[{"id":"5e6859386e7bc521f62edf05","def":"{\"v\":9,\"a\":[2,4,9],\"p\":[{\"b\":3,\"s\":[{\"p\":[0,0,0],\"r\":[0,0,0],\"s\":[0.1249999,0.1249999,0.1249999],\"c\":[1,1,1]}]}]}"},{"id":"5e685975385f7d0d03634a06","def":"{\"v\":9,\"p\":[{\"b\":17,\"s\":[{\"p\":[0,0,0],\"r\":[0,0,0],\"s\":[1.44405,1.509411,0.06000021],\"c\":[1,1,1]}]}]}"},{"id":"5e6859f04555141c6d33261d","def":"{\"v\":9,\"a\":[2,15],\"p\":[{\"b\":9,\"s\":[{\"p\":[0,0,0],\"r\":[0,0,-1.707547E-06],\"s\":[0.125,0.1249999,0.1249999],\"c\":[1,1,1]}]}]}"}],"serveTime":9}