{"thingDefinitions":[{"id":"5a1778e4f6747c18164b0d6b","def":"{\"n\":\"thing\",\"v\":2,\"p\":[{\"b\":5,\"s\":[{\"p\":[0,0,0],\"r\":[0,0,0],\"s\":[0.1250001,0.1250002,0.1250001],\"c\":[1,1,1]}]},{\"b\":10,\"s\":[{\"p\":[0.01142201,0.01364168,0.08891188],\"r\":[348.2148,193.8227,164.3664],\"s\":[0.1250003,0.1250006,0.1250004],\"c\":[1,1,1]}]}]}"}],"serveTime":4}