{"thingDefinitions":[{"id":"5b4e62f08b05fc0f952327bf","def":"{\"v\":5,\"p\":[{\"b\":10,\"s\":[{\"p\":[0.7398359,-0.2041256,0.1037008],\"r\":[12.36228,159.6568,326.666],\"s\":[0.1479728,0.1250002,0.5134168],\"c\":[1,1,1]}]},{\"b\":9,\"s\":[{\"p\":[-0.0875468,0.0382534,0.3929344],\"r\":[2.315709,210.6929,28.4146],\"s\":[0.1250005,0.1250001,0.1250005],\"c\":[1,1,1]}]},{\"b\":9,\"s\":[{\"p\":[0.08195468,-0.09066653,0.4067594],\"r\":[6.59612,234.5255,6.465289],\"s\":[0.1250001,0.125,0.1250001],\"c\":[1,1,1]}]},{\"b\":10,\"s\":[{\"p\":[0.05428566,0.005621831,0.005107548],\"r\":[1.115682,353.3911,5.242249],\"s\":[0.1479729,0.1250003,0.5134175],\"c\":[1,1,1]}]}]}"}],"serveTime":5}