{"thingDefinitions":[{"id":"59b305f5f09f862710604f3c","def":"{\"n\":\"thing\",\"p\":[{\"b\":5,\"s\":[{\"p\":[0.0002301219,-0.0250867,0.06546926],\"r\":[349.2371,356.7344,0.3685721],\"s\":[0.1250003,0.1250002,0.1250002],\"c\":[1,1,1]}]},{\"b\":43,\"s\":[{\"p\":[0.02744813,0.1071667,0.00522439],\"r\":[356.7013,263.4619,278.3394],\"s\":[0.1250002,0.125,0.1250002],\"c\":[1,1,1]}]},{\"b\":17,\"s\":[{\"p\":[0.003260236,-0.02557182,0.1907471],\"r\":[31.31594,1.805277,344.4157],\"s\":[0.0600001,0.06000003,0.06000008],\"c\":[1,1,1]}]},{\"b\":14,\"s\":[{\"p\":[-0.01273436,-0.01404488,0.3389449],\"r\":[350.9933,355.4102,344.1273],\"s\":[0.06000027,0.06000027,0.06000033],\"c\":[1,1,1]}]}]}"}],"serveTime":4}