{"thingDefinitions":[{"id":"5d7394f6309ea4392c5a75ac","def":"{\"n\":\"ground\",\"v\":9,\"a\":[1],\"p\":[{\"b\":17,\"s\":[{\"p\":[0,0,0],\"r\":[0,0,0],\"s\":[3.363346,0.11062,3.201102],\"c\":[0.9019608,0.8509804,0.7215686]}]},{\"b\":14,\"s\":[{\"p\":[-0.4257398,1.394027,-0.223408],\"r\":[293.3404,344.6575,38.88224],\"s\":[0.06000001,0.06,0.05999999],\"c\":[1,1,1]}]}]}"}],"serveTime":5}