{"thingDefinitions":[{"id":"59dd9760cb3fa1c513aaef27","def":"{\"n\":\"4 ww5\",\"p\":[{\"b\":5,\"s\":[{\"p\":[0,0,0],\"r\":[0,0,0],\"s\":[0.1250002,0.1250004,0.1250003],\"c\":[1,1,1]}]},{\"b\":2,\"s\":[{\"p\":[-0.9081707,-0.01994151,-0.832063],\"r\":[355.4563,235.8215,29.16015],\"s\":[0.1250002,0.1250001,0.1250001],\"c\":[1,1,1]}]},{\"b\":2,\"s\":[{\"p\":[-0.4383274,-0.08314258,-0.823284],\"r\":[3.731743,123.7519,19.12409],\"s\":[0.1250001,0.1250001,0.1250001],\"c\":[1,1,1]}]}]}"}],"serveTime":4}