{"thingDefinitions":[{"id":"5bd2c20f8909a03a00744423","def":"{\"v\":7,\"p\":[{\"b\":17,\"s\":[{\"p\":[0,0,0],\"r\":[0,0,0],\"s\":[11.35154,10.70425,0.2256944],\"c\":[0.2857141,1,0]}]}]}"},{"id":"5bd2c333f393013a06f2b7e3","def":"{\"v\":7,\"p\":[{\"b\":174,\"s\":[{\"p\":[0,0,0],\"r\":[0,0,-3.335053E-09],\"s\":[0.04500001,0.04499999,0.04499999],\"c\":[1,1,1]}]},{\"b\":177,\"s\":[{\"p\":[0.297437,0.457393,0.4066803],\"r\":[2.150563,262.4596,57.90615],\"s\":[0.3174406,0.1635427,0.6148905],\"c\":[1,1,1]}]},{\"b\":193,\"s\":[{\"p\":[0.5785051,1.309183,1.519446],\"r\":[0.6249977,181.6937,354.3286],\"s\":[0.4814919,0.1695945,0.2792476],\"c\":[1,1,1]}]}]}"}],"serveTime":5}