{"thingDefinitions":[{"id":"5c3143070d1a750548d336d5","def":"{\"v\":7,\"p\":[{\"b\":9,\"s\":[{\"p\":[0,0,0],\"r\":[0,0,1.707547E-06],\"s\":[0.1250002,0.1250001,0.1250001],\"c\":[1,1,1]}]}]}"},{"id":"5c31433239f34d317e596084","def":"{\"v\":7,\"p\":[{\"b\":3,\"s\":[{\"p\":[0,0,0],\"r\":[0,0,1.494104E-06],\"s\":[0.1250003,0.1250004,0.1250002],\"c\":[1,1,1]}]}]}"}],"serveTime":5}