{"thingDefinitions":[{"id":"5a22dfe3efd135ac1371f980","def":"{\"n\":\"thing\",\"v\":2,\"p\":[{\"b\":82,\"s\":[{\"p\":[0,0,0],\"r\":[0,0,0],\"s\":[0.02053362,0.7509692,0.01920672],\"c\":[1,1,1]}]},{\"b\":73,\"s\":[{\"p\":[-0.002045721,0.3696631,0.0008091629],\"r\":[5.770349,40.82492,296.8828],\"s\":[0.04313277,0.04313285,0.04313271],\"c\":[1,1,1]}]}]}"}],"serveTime":5}