{"thingDefinitions":[{"id":"5a58ec98e353b5a313c38c3e","def":"{\"n\":\"thing\",\"v\":2,\"p\":[{\"s\":[{\"p\":[0,0,0],\"r\":[0,0,1.707547E-06],\"s\":[0.1750001,0.1750001,0.1750001],\"c\":[1,1,1]}]}]}"},{"id":"5a58ece18728928b13f4459c","def":"{\"n\":\"thing\",\"v\":2,\"p\":[{\"b\":42,\"s\":[{\"p\":[0,0,0],\"r\":[0,0,0],\"s\":[0.1250002,0.1250001,0.1250002],\"c\":[1,1,1]}]}]}"}],"serveTime":5}