{"thingDefinitions":[{"id":"5ab5a74d1ec6fd136363a16d","def":"{\"v\":2,\"p\":[{\"b\":69,\"s\":[{\"p\":[0,0,0],\"r\":[0,0,4.268869E-07],\"s\":[0.07500002,0.07500001,0.07499999],\"c\":[1,1,1]}]}]}"},{"id":"5ab5a9bed7842f2c86e78422","def":"{\"v\":2,\"a\":[7],\"p\":[{\"b\":10,\"s\":[{\"p\":[0,0,0],\"r\":[0,0,0],\"s\":[0.1250009,0.1250015,0.2372326],\"c\":[1,1,1]}]}]}"}],"serveTime":7}