{"thingDefinitions":[{"id":"581c8ce95b4f1e3011a4d021","def":"{\"n\":\"thing\",\"p\":[{\"s\":[{\"p\":[0,0,0],\"r\":[0,0,0],\"s\":[50,50,0.1656287],\"c\":[1,1,1]}]}]}"},{"id":"581c8d735b4f1e3011a4d023","def":"{\"n\":\"deck\",\"p\":[{\"s\":[{\"p\":[0,0,0],\"r\":[0,0,0],\"s\":[1.156907,0.9821354,0.02481056],\"c\":[0.8888889,0.8268077,0.691358]}]}]}"}],"serveTime":5}