{"thingDefinitions":[{"id":"5a456ba850f8968313cbd3f6","def":"{\"n\":\"thing\",\"v\":2,\"p\":[{\"b\":59,\"s\":[{\"p\":[-0.1846113,0.02986479,0.02092985],\"r\":[349.7104,312.5703,355.0218],\"s\":[0.1250001,0.1250003,0.1250003],\"c\":[1,1,1]}]},{\"b\":59,\"s\":[{\"p\":[-0.3335032,0.08531997,0.02529544],\"r\":[337.0914,301.1132,351.35],\"s\":[0.1250002,0.1250003,0.1250003],\"c\":[1,1,1]}]},{\"b\":59,\"s\":[{\"p\":[0.09741282,-0.01922046,-0.03540418],\"r\":[355.2309,10.34864,357.1428],\"s\":[0.125,0.1250002,0.1250002],\"c\":[1,1,1]}]},{\"b\":59,\"s\":[{\"p\":[-0.01820831,0.002130209,-0.0134417],\"r\":[353.0256,2.093382,348.5314],\"s\":[0.125,0.1250002,0.1250002],\"c\":[1,1,1]}]}]}"}],"serveTime":6}