{"thingDefinitions":[{"id":"5adb208e1a8b1c132a6f7625","def":"{\"n\":\"ground\",\"v\":4,\"a\":[1,7],\"p\":[{\"b\":17,\"s\":[{\"p\":[0,0,0],\"r\":[0,0,0],\"s\":[2.973358,0.1813799,2.851954],\"c\":[0.9019608,0.8509804,0.7215686]}]}]}"},{"id":"5adb210a1a8b1c132a6f7626","def":"{\"n\":\"ground\",\"v\":4,\"a\":[1,7],\"p\":[{\"b\":17,\"s\":[{\"p\":[0,0,0],\"r\":[0,0,0],\"s\":[2.642957,0.2039928,2.394246],\"c\":[0,1,1]}]}]}"}],"serveTime":6}