{"thingDefinitions":[{"id":"5b9d0ee53d55e871b0bd6c8e","def":"{\"v\":6,\"p\":[{\"s\":[{\"p\":[0.656968,0.4837236,-0.1464785],\"r\":[340.9351,24.92324,62.77118],\"s\":[0.1750003,0.1750003,0.1750002],\"c\":[1,1,1]}]},{\"b\":14,\"s\":[{\"p\":[-0.2007832,0.09430559,-0.1351861],\"r\":[357.5777,349.0634,5.604808],\"s\":[0.06000009,0.06000013,0.0600001],\"c\":[0,1,1]}]},{\"b\":9,\"s\":[{\"p\":[-0.03582746,0.08852625,-0.3016117],\"r\":[37.65523,14.38448,5.191875],\"s\":[0.125,0.1250002,0.1250003],\"c\":[0,1,1]}]},{\"b\":9,\"s\":[{\"p\":[-0.2674071,0.07838555,-0.3346637],\"r\":[39.68535,22.85037,343.4452],\"s\":[0.1250001,0.1250003,0.1250001],\"c\":[0,1,1]}]}]}"}],"serveTime":6}