{"thingDefinitions":[{"id":"5b53f0e9bf9a230f8eacdabd","def":"{\"v\":5,\"p\":[{\"b\":73,\"s\":[{\"p\":[-0.3219147,0.130168,-0.0189625],\"r\":[0.4727608,6.134695,296.7915],\"s\":[0.2250002,0.2250002,0.2250002],\"c\":[0.111111,1,0.4666664]}]},{\"b\":84,\"s\":[{\"p\":[-0.3268386,0.04662753,-0.03275907],\"r\":[354.6928,276.4407,350.1418],\"s\":[0.07500037,0.07500028,0.07500015],\"c\":[0.111111,0.9238093,1]}]},{\"b\":84,\"s\":[{\"p\":[0.1204718,0.03590709,0.008914307],\"r\":[9.524416,321.1269,156.5854],\"s\":[0.07500006,0.07500038,0.07500031],\"c\":[0.111111,0.9238093,1]}]}]}"}],"serveTime":4}