{"thingDefinitions":[{"id":"5c393828ea1f546e4855e690","def":"{\"v\":7,\"p\":[{\"s\":[{\"p\":[0,0,0],\"r\":[0,0,-8.537737E-07],\"s\":[0.175,0.1750001,0.1750001],\"c\":[1,1,1]}]},{\"s\":[{\"p\":[0.006044004,-0.005302891,0.1698891],\"r\":[2.158665,1.870798,359.3361],\"s\":[0.175,0.175,0.175],\"c\":[1,1,1]}]},{\"b\":10,\"s\":[{\"p\":[0.01524044,-0.009277582,0.3281872],\"r\":[5.795176,20.94531,13.70362],\"s\":[0.125,0.1250001,0.125],\"c\":[1,1,1]}]}]}"}],"serveTime":5}