{"thingDefinitions":[{"id":"5c7a0030f7eac05383938b4a","def":"{\"v\":7,\"p\":[{\"b\":10,\"s\":[{\"p\":[0,0,0],\"r\":[0,0,0],\"s\":[0.1250002,0.1250001,0.1250004],\"c\":[1,1,1]}]},{\"b\":9,\"s\":[{\"p\":[0.4437004,0.3099157,0.03082287],\"r\":[337.9589,330.7395,113.2752],\"s\":[0.1250001,0.125,0.1250001],\"c\":[1,1,1]}]},{\"b\":9,\"s\":[{\"p\":[0.3380473,-0.07936698,-0.1618451],\"r\":[27.95063,339.3469,76.19144],\"s\":[0.1250001,0.125,0.125],\"c\":[1,1,1]}]},{\"b\":2,\"s\":[{\"p\":[0.1363908,0.2777054,0.1646814],\"r\":[51.17527,185.5022,68.56356],\"s\":[0.125,0.125,0.125],\"c\":[1,1,1]}]}]}"}],"serveTime":5}