{"thingDefinitions":[{"id":"5ca4aaac0293c70aa7677172","def":"{\"v\":9,\"p\":[{\"s\":[{\"p\":[0,0,0],\"r\":[0,0,-1.707547E-06],\"s\":[0.1750001,0.175,0.1750001],\"c\":[1,1,1]}]}]}"}],"serveTime":5}