{"thingDefinitions":[{"id":"580d1cbbf92e87ed0fd559c7","def":"{\"n\":\"thing\",\"a\":[7,18],\"p\":[{\"s\":[{\"p\":[0,0,0],\"r\":[0,0,0],\"s\":[50.01712,50.01403,0.1913811],\"c\":[0.15873,0.5555556,0]}]}]}"}],"serveTime":7}