{"thingDefinitions":[{"id":"5daa30dc6865a239b1bda910","def":"{\"n\":\"ground\",\"v\":9,\"a\":[1],\"p\":[{\"b\":17,\"s\":[{\"p\":[0,0,0],\"r\":[0,0,0],\"s\":[3.363346,0.11062,3.201102],\"c\":[0.9019608,0.8509804,0.7215686]}]},{\"b\":3,\"s\":[{\"p\":[0.2257281,0.6721252,-0.02666098],\"r\":[41.66105,286.1003,270.8152],\"s\":[0.1250001,0.1250001,0.1250001],\"c\":[1,1,1]}]},{\"b\":3,\"s\":[{\"p\":[0.135273,1.504278,0.04387283],\"r\":[45.06763,209.648,209.058],\"s\":[0.1250005,0.1250004,0.1250003],\"c\":[1,1,1]}]}]}"}],"serveTime":4}