{"thingDefinitions":[{"id":"5a4b818dce03f9fd65178a2e","def":"{\"n\":\"thing\",\"v\":2,\"p\":[{\"b\":70,\"s\":[{\"p\":[0,0,0],\"r\":[0,0,-2.668043E-08],\"s\":[0.1250001,0.1250002,0.125],\"c\":[1,1,1]}]},{\"b\":77,\"s\":[{\"p\":[-0.005613759,-0.1965323,0.008399514],\"r\":[358.8192,342.4271,359.1782],\"s\":[0.07500004,0.07500003,0.07500002],\"c\":[1,1,1]}]},{\"b\":152,\"s\":[{\"p\":[-0.03600008,0.05709447,-0.1875622],\"r\":[358.818,281.9876,90.51204],\"s\":[0.04000002,0.04000001,0.04000001],\"c\":[1,1,1]}]}]}"}],"serveTime":5}