{"thingDefinitions":[{"id":"586e956f3c21196b13064f63","def":"{\"n\":\"thing\",\"p\":[{\"s\":[{\"p\":[0,0,0],\"r\":[0,0,4.268868E-07],\"s\":[0.1750003,0.1750007,0.1750006],\"c\":[1,1,1]}]}]}"}],"serveTime":3}