{"thingDefinitions":[{"id":"5b80bf3c8c37227ae883a84b","def":"{\"v\":6,\"p\":[{\"s\":[{\"p\":[0,0,0],\"r\":[0,0,0],\"s\":[0.1750006,0.1750001,0.1750007],\"c\":[1,1,1]}]},{\"s\":[{\"p\":[0.2613548,0.1565071,0.02755275],\"r\":[24.1119,354.0621,73.81488],\"s\":[0.1750005,0.175,0.1750004],\"c\":[1,1,1]}]}]}"}],"serveTime":4}