{"thingDefinitions":[{"id":"5c0e84e36e3e726e4f898009","def":"{\"v\":7,\"p\":[{\"s\":[{\"p\":[0,0,0],\"r\":[0,0,0],\"s\":[1.322713,0.1750003,1.249965],\"c\":[0,1,0.2285714]}]},{\"s\":[{\"p\":[0.7193172,0.6320172,-0.1629179],\"r\":[2.069855,2.463586,92.8316],\"s\":[1.065889,0.1750003,1.624622],\"c\":[0,1,0.2285714]}]}]}"}],"serveTime":4}