{"thingDefinitions":[{"id":"5861487fa0f27568130dae1b","def":"{\"n\":\"ground\",\"a\":[1],\"p\":[{\"b\":17,\"s\":[{\"p\":[0,0,0],\"r\":[0,0,0],\"s\":[3.363346,0.11062,3.201102],\"c\":[0.9019608,0.8509804,0.7215686]}]},{\"s\":[{\"p\":[-0.09762287,1.536019,-0.5781087],\"r\":[14.21136,148.9057,88.95945],\"s\":[0.1750003,0.1750002,0.1750003],\"c\":[1,1,1]}]}]}"}],"serveTime":4}