{"thingDefinitions":[{"id":"5aa1c5a5f75e4d13812b7f0d","def":"{\"n\":\"non-functional portal device\",\"v\":3,\"d\":\"Version 0.8.1: Added sound and recoil animation\",\"a\":[2,3,7],\"p\":[{\"t\":8,\"a\":[12],\"i\":[{\"t\":\"5aa1c1cbb5d0e11387112f07\",\"p\":[0.05016166,-0.07037857,0.04669273],\"r\":[-1.707547E-06,90,270]}],\"s\":[{\"p\":[0.2067174,-0.1918021,0.1807016],\"r\":[0,0,0],\"s\":[0.240086,0.2064419,0.201313],\"c\":[1,1,1],\"b\":[\"when told by body orange then become next in 0.2s\",\"when told by body blue then become next in 0.2s\"]},{\"p\":[0.2667174,-0.1918021,0.1807016],\"r\":[355.0191,5.018991,359.5631],\"s\":[0.240086,0.2064419,0.201313],\"c\":[1,1,1],\"b\":[\"when starts then become previous in 0.3\"]}]}]}"}],"serveTime":4}