{"thingDefinitions":[{"id":"5cbb7274a13360482344ac7e","def":"{\"n\":\"ground\",\"v\":9,\"a\":[1,7],\"p\":[{\"b\":17,\"s\":[{\"p\":[0,0,0],\"r\":[0,0,0],\"s\":[3.363357,0.11062,3.259105],\"c\":[0.9019608,0.8509804,0.7215686]}]}]}"}],"serveTime":4}