{"thingDefinitions":[{"id":"5c5c8a28590c5059c6ca66b4","def":"{\"v\":7,\"a\":[2],\"p\":[{\"b\":39,\"s\":[{\"p\":[0.1719483,0.2371908,0.1016167],\"r\":[323.7939,7.106388,0.8658257],\"s\":[0.125,0.1250001,0.1250001],\"c\":[1,1,1]}]},{\"b\":9,\"s\":[{\"p\":[-0.01565229,0.1457664,-0.2262308],\"r\":[22.67973,274.2046,195.2008],\"s\":[0.1250012,0.1250014,0.125001],\"c\":[1,1,1]}]},{\"b\":205,\"s\":[{\"p\":[0.3369646,0.1730934,-0.06982186],\"r\":[24.89764,255.5323,345.0991],\"s\":[0.04500002,0.04500002,0.04500002],\"c\":[1,1,1]}]}]}"}],"serveTime":6}