{"thingDefinitions":[{"id":"5aa84d19a7004b0fe7fb935d","def":"{\"n\":\"--0987thgfhhgh \",\"v\":2,\"p\":[{\"b\":17,\"s\":[{\"p\":[0,0,0],\"r\":[-3.415095E-06,0,0],\"s\":[0.0868291,0.1248464,0.1197156],\"c\":[1,1,1]}]}]}"}],"serveTime":4}