{"thingDefinitions":[{"id":"5b7ab275f8fcf70576ee670a","def":"{\"v\":6,\"p\":[{\"b\":163,\"s\":[{\"p\":[0,0,0],\"r\":[0,0,0],\"s\":[0.1000001,0.1,0.1000001],\"c\":[1,1,1]}]}]}"},{"id":"5b7ab2c260f6e9057d0163a1","def":"{\"v\":6,\"p\":[{\"b\":78,\"s\":[{\"p\":[0,0,0],\"r\":[0,0,0],\"s\":[0.07500029,0.07500062,0.07500012],\"c\":[1,1,1]}]},{\"b\":68,\"s\":[{\"p\":[-0.09470458,0.2908144,0.1036931],\"r\":[67.7831,76.44627,9.479272],\"s\":[0.1000004,0.1000002,0.1000002],\"c\":[1,1,1]}]},{\"b\":68,\"s\":[{\"p\":[-0.01369109,0.3181557,-0.05918477],\"r\":[75.22592,87.28125,206.0491],\"s\":[0.1000001,0.1000001,0.1000002],\"c\":[1,1,1]}]}]}"}],"serveTime":5}