{"thingDefinitions":[{"id":"5bfa21d1021a9d677914786a","def":"{\"v\":7,\"p\":[{\"b\":17,\"s\":[{\"p\":[0,0,0],\"r\":[0,0,0],\"s\":[0.06000006,0.05999999,0.06000005],\"c\":[1,1,1]}]}]}"}],"serveTime":6}