{"thingDefinitions":[{"id":"5cf87be97da6307d2a7797dc","def":"{\"v\":9,\"p\":[{\"b\":183,\"s\":[{\"p\":[0,0,0],\"r\":[0,0,-4.168817E-07],\"s\":[0.05999998,0.05999999,0.05999999],\"c\":[1,1,1]}]}]}"}],"serveTime":4}