{"thingDefinitions":[{"id":"5a57b313c037a197047fd169","def":"{\"n\":\"ground\",\"v\":3,\"a\":[1],\"p\":[{\"b\":17,\"s\":[{\"p\":[0,0,0],\"r\":[0,0,0],\"s\":[150,0.11062,150],\"c\":[0.9019608,0.8509804,0.7215686]}]}]}"},{"id":"5a57b473330d2e651372c97c","def":"{\"n\":\"thing\",\"v\":3,\"a\":[7,18,21],\"p\":[{\"b\":75,\"s\":[{\"p\":[0,0,0],\"r\":[0,0,0],\"s\":[1.653472,1.654453,1.653574],\"c\":[0.9019608,0.8509804,0.7215686]}]}]}"}],"serveTime":6}