{"thingDefinitions":[{"id":"5a7ddd079a9c16ea1380566a","def":"{\"n\":\"thing\",\"v\":2,\"p\":[{\"s\":[{\"p\":[-0.7907031,-1.122789,0.1330568],\"r\":[346.9796,320.9442,89.10061],\"s\":[0.005000008,3.373806,3.799099],\"c\":[0,1,1]}]}]}"},{"id":"5a7ddee849d877f013bc78b2","def":"{\"n\":\"thing\",\"v\":2,\"p\":[{\"s\":[{\"p\":[0.18936,3.380778,-3.636652],\"r\":[84.63524,326.2239,324.4619],\"s\":[5.025771,0.0079778,6.799769],\"c\":[1,1,1]}]},{\"s\":[{\"p\":[0.03905619,-0.04501463,-0.01116401],\"r\":[0.538967,0.7061233,357.0087],\"s\":[4.959847,0.007977781,6.777927],\"c\":[1,1,1]}]}]}"}],"serveTime":6}