{"thingDefinitions":[{"id":"5af9fe0efe6e943a7f9135bf","def":"{\"v\":4,\"p\":[{\"s\":[{\"p\":[-0.08928785,-0.2393739,-0.2130663],\"r\":[30.30775,336.1863,345.9228],\"s\":[0.1750005,0.1750001,0.1750005],\"c\":[1,1,1]}]},{\"s\":[{\"p\":[-0.09618314,-0.1073994,-0.1318417],\"r\":[29.81824,335.9072,353.5056],\"s\":[0.1750006,0.1750001,0.1750005],\"c\":[1,1,1]}]},{\"s\":[{\"p\":[-0.1197509,0.003163557,-0.07436347],\"r\":[29.71353,336.7171,7.895253],\"s\":[0.1750008,0.1750003,0.1750006],\"c\":[1,1,1]}]},{\"s\":[{\"p\":[-0.1544394,0.096563,-0.03273682],\"r\":[29.70346,337.8597,102.2668],\"s\":[0.1750008,0.1750003,0.1750008],\"c\":[1,1,1]}]}]}"}],"serveTime":3}