{"thingDefinitions":[{"id":"5c63a603b054a20558f174e6","def":"{\"v\":7,\"p\":[{\"b\":10,\"s\":[{\"p\":[0,0,0],\"r\":[0,0,8.537735E-07],\"s\":[0.1250003,0.1250002,0.1250004],\"c\":[1,1,1]}]},{\"b\":10,\"s\":[{\"p\":[0.2565777,0.00145191,-0.2202196],\"r\":[22.0742,44.65632,351.4838],\"s\":[0.125,0.125,0.125],\"c\":[1,1,1]}]},{\"b\":11,\"s\":[{\"p\":[-0.03702592,-0.02422886,-0.2763314],\"r\":[5.092126,347.82,278.4557],\"s\":[0.1000002,0.1000004,0.1000002],\"c\":[1,1,1]}]}]}"}],"serveTime":4}