{"thingDefinitions":[{"id":"5b6512978a2e2d206bf99d89","def":"{\"n\":\"ground\",\"v\":6,\"a\":[1],\"p\":[{\"b\":17,\"s\":[{\"p\":[0,0,0],\"r\":[0,0,0],\"s\":[3.363346,0.11062,3.201102],\"c\":[0.9019608,0.8509804,0.7215686]}]},{\"b\":5,\"s\":[{\"p\":[0.1707628,0.9101965,0.6203661],\"r\":[320.4073,209.4016,102.6005],\"s\":[0.1250001,0.1250004,0.1250004],\"c\":[1,1,1]}]}]}"}],"serveTime":4}