{"thingDefinitions":[{"id":"5f49f9ed3082390558663d3e","def":"{\"v\":9,\"a\":[1,4,7,18,49],\"tp_m\": 90,\"tp_d\": 0.0001,\"tp_m\": 90,\"tp_d\": 0.0001,\"tp_lp\": [1,1,1],\"tp_m\": 90,\"tp_d\": 0.0001,\"tp_m\": 90,\"tp_d\": 0.0001,\"tp_lp\": [1,1,1],\"tp_lr\": [1,1,1],\"p\":[{\"s\":[{\"p\":[0,0,0],\"r\":[0,0,0],\"s\":[0.1751986,0.1750173,0.1752106],\"c\":[1,1,1]}]}]}"}],"serveTime":4}