{"thingDefinitions":[{"id":"5ce48465d62b6a0e3de29c8f","def":"{\"n\":\"ground\",\"v\":9,\"a\":[1,20],\"p\":[{\"b\":17,\"s\":[{\"p\":[0,0,0],\"r\":[0,0,0],\"s\":[3.363346,0.11062,3.201102],\"c\":[0.9019608,0.8509804,0.7215686]}]}]}"},{"id":"5ce56dbca89f2e52a40ff594","def":"{\"v\":9,\"p\":[{\"s\":[{\"p\":[0,0,0],\"r\":[0,0,0],\"s\":[0.175,0.1750001,0.1750001],\"c\":[1,1,1],\"b\":[\"when starts then become 2 in 25s\"]},{\"p\":[0,0,0],\"r\":[0,0,0],\"s\":[0.175,0.1750001,0.1750001],\"c\":[1,1,1],\"b\":[\"when starts then send all to terminal 8, then become untweened 1\"]}]}]}"}],"serveTime":7}