{"thingDefinitions":[{"id":"5cb36455fb0ce72671539fea","def":"{\"v\":9,\"p\":[{\"s\":[{\"p\":[-0.2434337,-0.08359905,0.001653723],\"r\":[314.2892,25.47293,326.7158],\"s\":[0.1211503,1.24116,0.03133732],\"c\":[1,1,1]},{\"p\":[-0.03407336,0.2583267,-0.3715878],\"r\":[281.0245,334.1849,17.93828],\"s\":[0.1750001,0.175,0.1750001],\"c\":[1,1,1]},{\"p\":[-0.03407336,0.2583267,-0.3715878],\"r\":[281.0245,334.1849,17.93829],\"s\":[0.1750001,0.175,0.1750001],\"c\":[1,1,1]}]}]}"}],"serveTime":3}