{"thingDefinitions":[{"id":"5caab10a24a1d92f91de5eb6","def":"{\"n\":\"manyland terrain\",\"v\":9,\"a\":[7,18,20,21],\"p\":[{\"b\":245,\"im\":\"952983267761510712/7317286180FA0620D86B7C9F38EA74993F1255D7/\",\"c\":[[0.100041,-0.0001254972,-0.001146881,14],[0.101376,0.245657,-0.02541738,20],[0.1023792,-0.2585561,-0.03428702,5],[-0.1011999,-0.0009238964,0.02755358,15],[-0.3059455,-0.5186988,-0.1748099,8],[-0.08343804,-0.5047468,-0.1276715,6],[0.1213805,-0.4627412,-0.322731,4],[0.3118959,-0.4829895,-0.1457991,2]],\"s\":[{\"p\":[0,0,0],\"r\":[0,0,0],\"s\":[709.4291,391.4689,175.1949],\"c\":[1,1,1]}]}]}"},{"id":"5caaaf208f048f7d90bd83d6","def":"{\"v\":9,\"a\":[7,18],\"p\":[{\"t\":7,\"s\":[{\"p\":[0,0,0],\"r\":[0,0,0],\"s\":[0.1750032,0.1750036,0.03304718],\"c\":[1,1,1]}]}]}"}],"serveTime":6}