{"thingDefinitions":[{"id":"5d15424e46de801fb06cd554","def":"{\"v\":9,\"a\":[7],\"p\":[{\"s\":[{\"p\":[-2.338842,-0.7056458,-0.1330751],\"r\":[19.34632,264.7702,326.2246],\"s\":[11.93202,12.07142,0.2201678],\"c\":[1,1,1]}]},{\"s\":[{\"p\":[3.81924,-1.85539,5.311687],\"r\":[31.63775,7.263153,22.89886],\"s\":[11.95408,12.10084,0.2204118],\"c\":[1,1,1]}]},{\"s\":[{\"p\":[3.994081,-1.405949,4.589957],\"r\":[308.3452,328.4203,32.27446],\"s\":[11.95978,6.075721,0.1314531],\"c\":[1,1,1]}]}]}"},{"id":"5d154284d5de7e3514b0cd8e","def":"{\"v\":9,\"a\":[7],\"p\":[{\"s\":[{\"p\":[0,0,0],\"r\":[0,0,0],\"s\":[0.02069655,0.5501285,0.8489633],\"c\":[1,1,1]}]}]}"}],"serveTime":5}