{"thingDefinitions":[{"id":"5e1fbd929aa36c061c0e4369","def":"{\"v\":9,\"p\":[{\"a\":[33],\"s\":[{\"p\":[-0.2222631,0.3763142,-0.3987471],\"r\":[356.8733,352.1204,346.4702],\"s\":[0.1751614,0.1751542,0.1751455],\"c\":[1,1,1]}]},{\"b\":14,\"a\":[33],\"s\":[{\"p\":[-0.4496857,0.1732721,-0.193502],\"r\":[356.0009,357.4955,334.6277],\"s\":[0.06005355,0.06004969,0.06004948],\"c\":[1,1,1]}]}]}"}],"serveTime":4}