{"thingDefinitions":[{"id":"5c748f149fdad523ed6d0ca9","def":"{\"v\":7,\"a\":[22,18,31],\"p\":[{\"b\":13,\"s\":[{\"p\":[0,0,0],\"r\":[0,0,0],\"s\":[0.3529843,0.3529613,0.352933],\"c\":[1,1,1]}]}]}"}],"serveTime":4}