{"thingDefinitions":[{"id":"5b228714e8ac46057509b9d4","def":"{\"v\":5,\"p\":[{\"b\":5,\"s\":[{\"p\":[0,0,0],\"r\":[0,0,0],\"s\":[0.1250003,0.1250001,0.1250005],\"c\":[1,1,1]}]},{\"b\":5,\"s\":[{\"p\":[0.002011747,-0.002224848,0.07806365],\"r\":[3.992119,5.205091,331.1332],\"s\":[0.1250003,0.1250001,0.1250003],\"c\":[1,1,1]}]},{\"b\":3,\"s\":[{\"p\":[0.02306846,-0.004190505,0.2088312],\"r\":[56.23988,3.064585,327.3842],\"s\":[0.125,0.125,0.125],\"c\":[1,1,1]}]}]}"}],"serveTime":4}