{"thingDefinitions":[{"id":"5b5ca9419fb42e1ef2fc5b44","def":"{\"n\":\"ground\",\"v\":6,\"a\":[1,7],\"p\":[{\"b\":17,\"s\":[{\"p\":[0,0,0],\"r\":[0,0,0],\"s\":[10.49173,0.11062,16.24987],\"c\":[0.9019608,0.8509804,0.7215686]}]},{\"s\":[{\"p\":[-1.592781,0.2325179,-2.726677],\"r\":[1.324208,5.552129,359.932],\"s\":[8.536619,0.001,7.422958],\"c\":[1,0.9682539,0.7777778]}]}]}"},{"id":"5b5cac107de3a8188e4d0d6b","def":"{\"v\":6,\"a\":[48],\"p\":[{\"b\":10,\"t\":3,\"s\":[{\"p\":[0,0,0],\"r\":[0,0,-4.268868E-07],\"s\":[0.1250001,0.1250001,0.1250001],\"c\":[1,1,1]}]},{\"b\":10,\"t\":3,\"s\":[{\"p\":[-7.371475,-0.1425014,7.487645],\"r\":[281.6239,83.82066,261.9949],\"s\":[0.8745537,0.1250004,1.098677],\"c\":[1,1,1]}]}]}"}],"serveTime":5}