{"thingDefinitions":[{"id":"5afd9a1b8f9b1d1b4b3ac254","def":"{\"n\":\"whaat the ehck am i doingg \",\"v\":4,\"a\":[2,5,9,14,15,16,17,29],\"p\":[{\"b\":14,\"s\":[{\"p\":[0.318817,0.2363473,-0.1324211],\"r\":[358.9052,23.3624,88.38319],\"s\":[0.06000013,0.06000031,0.06000034],\"c\":[1,1,1]}]},{\"s\":[{\"p\":[0.2008726,0.2440315,0.004205532],\"r\":[321.6273,29.80297,33.20397],\"s\":[0.1750003,0.1750007,0.1750006],\"c\":[0,1,1]}]},{\"s\":[{\"p\":[0.5826415,1.673941,-0.007835865],\"r\":[329.8831,319.4991,125.3296],\"s\":[0.1750008,0.175001,0.1750011],\"c\":[0,1,1]}]}]}"}],"serveTime":5}