{"thingDefinitions":[{"id":"5d33bb5074304635373f2b97","def":"{\"n\":\"ground\",\"v\":9,\"a\":[1],\"p\":[{\"b\":17,\"s\":[{\"p\":[0,0,0],\"r\":[0,0,0],\"s\":[976.9554,0.11062,1953.51],\"c\":[0.9019608,0.8509804,0.7215686]}]}]}"}],"serveTime":5}