{"thingDefinitions":[{"id":"5dfe90df30b50d061d905c79","def":"{\"v\":9,\"p\":[{\"b\":9,\"s\":[{\"p\":[0,0,0],\"r\":[0,0,4.839996E-07],\"s\":[0.04913543,1.41785,1.437993],\"c\":[0.4444443,0.3809522,0]}]}]}"}],"serveTime":4}