{"thingDefinitions":[{"id":"5b2470ed10ae570569f6e65a","def":"{\"v\":5,\"p\":[{\"s\":[{\"p\":[0,0,0],\"r\":[0,0,-1.707547E-06],\"s\":[0.1750003,0.1750003,0.1750001],\"c\":[1,1,1]}]},{\"s\":[{\"p\":[0.02641919,-0.246772,-0.2389916],\"r\":[24.78458,0.1187035,3.012694],\"s\":[0.1750004,0.1750004,0.1750003],\"c\":[1,1,1]}]},{\"s\":[{\"p\":[-0.1275728,0.2752601,0.07583401],\"r\":[345.2742,356.7063,343.1984],\"s\":[0.1750005,0.1750005,0.1750001],\"c\":[1,1,1]}]}]}"}],"serveTime":4}