{"thingDefinitions":[{"id":"5c9016f26aa16818bbfcbedc","def":"{\"v\":8,\"p\":[{\"s\":[{\"p\":[0,0,0],\"r\":[0,0,1.053877E-06],\"s\":[0.175,0.175,0.1750001],\"c\":[1,1,1]}]}]}"},{"id":"5c9017dc700f2674b458325a","def":"{\"v\":8,\"p\":[{\"b\":175,\"s\":[{\"p\":[0,0,0],\"r\":[0,0,0],\"s\":[0.04500002,0.04500001,0.04500002],\"c\":[1,1,1]}]}]}"},{"id":"5c97fbc7ebfb317b4a278c6d","def":"{\"v\":9,\"p\":[{\"b\":251,\"s\":[{\"p\":[0,0,0],\"r\":[0,0,0],\"s\":[0.2400002,0.2400005,0.2400002],\"c\":[1,1,1]}]},{\"b\":251,\"t\":3,\"s\":[{\"p\":[-0.1542747,0.1237292,-0.02941447],\"r\":[342.8133,1.027066,79.69949],\"s\":[0.2400003,0.2400006,0.2400006],\"c\":[0,1,0.2285714]}]}]}"}],"serveTime":7}