{"thingDefinitions":[{"id":"5ea3478a2cbd0c4577ff300b","def":"{\"n\":\"ground\",\"v\":9,\"a\":[1],\"p\":[{\"b\":17,\"s\":[{\"p\":[0,0,0],\"r\":[0,0,-1.067217E-06],\"s\":[3.165063,0.11062,2.817689],\"c\":[0.9019608,0.8509804,0.7215686]}]},{\"b\":16,\"s\":[{\"p\":[-0.07277143,0.8592796,4.422946],\"r\":[58.72197,48.63822,180.881],\"s\":[0.1000003,0.1000002,0.1000002],\"c\":[1,1,1]}]},{\"b\":9,\"s\":[{\"p\":[-0.2410732,0.8533733,4.305944],\"r\":[1.998145,204.0666,359.4794],\"s\":[0.1250001,0.125,0.1250002],\"c\":[1,1,1]}]}]}"}],"serveTime":4}