{"thingDefinitions":[{"id":"5cef9dbb74f08d0629fd51a3","def":"{\"v\":9,\"a\":[4,32],\"p\":[{\"b\":14,\"t\":1,\"s\":[{\"p\":[0,0,0],\"r\":[0,0,1.707547E-06],\"s\":[0.06000061,76.45148,2.947635],\"c\":[0.2222221,0.1410933,0.09876531]}]}]}"}],"serveTime":5}