{"thingDefinitions":[{"id":"5aef9342c722a7133e090fa2","def":"{\"v\":4,\"p\":[{\"s\":[{\"p\":[0,0,0],\"r\":[0,0,0],\"s\":[0.175,0.175,0.1750001],\"c\":[0,1,1]}]},{\"b\":10,\"s\":[{\"p\":[0.002477102,-0.0104933,0.1827651],\"r\":[28.72965,332.9254,16.72278],\"s\":[0.1250001,0.1250001,0.1250001],\"c\":[0,1,1]}]}]}"}],"serveTime":4}