{"thingDefinitions":[{"id":"5a43bd8d35824aa713a46485","def":"{\"n\":\"thing\",\"v\":2,\"p\":[{\"s\":[{\"p\":[0,0,0],\"r\":[0,0,-3.415095E-06],\"s\":[0.1750002,0.1750002,0.1750002],\"c\":[1,1,1]}]}]}"}],"serveTime":5}