{"thingDefinitions":[{"id":"5f5bc17dd68c3060789d9e19","def":"{\"v\":9,\"p\":[{\"b\":17,\"s\":[{\"p\":[0,0,0],\"r\":[0,0,0],\"s\":[3.363346,0.11062,3.201102],\"c\":[0.9019608,0.8509804,0.7215686]}]}]}"}],"serveTime":5}