{"thingDefinitions":[{"id":"5ee7b46c41137a2999644fe5","def":"{\"n\":\"ground\",\"v\":9,\"a\":[1],\"p\":[{\"b\":17,\"s\":[{\"p\":[0,0,0],\"r\":[0,0,0],\"s\":[7.070832,1.207635,3.9749],\"c\":[0.9019608,0.8509804,0.7215686]}]},{\"b\":9,\"s\":[{\"p\":[0.8343562,2.950374,-0.718935],\"r\":[336.0801,27.44389,359.0462],\"s\":[0.1250001,0.125,0.125],\"c\":[1,1,1]}]},{\"b\":5,\"s\":[{\"p\":[0.862942,3.082386,-0.7114036],\"r\":[274.1439,35.37806,15.25459],\"s\":[0.09999999,0.1,0.1],\"c\":[1,1,1]}]}]}"}],"serveTime":5}