{"thingDefinitions":[{"id":"5c7abb173d49d2054e83613f","def":"{\"v\":7,\"p\":[{\"s\":[{\"p\":[0,0,0],\"r\":[0,0,0],\"s\":[0.1750001,0.1750001,0.1750002],\"c\":[1,1,1]}]},{\"b\":11,\"s\":[{\"p\":[0.2177762,0.2080165,0.06821398],\"r\":[8.934728,358.9623,30.8786],\"s\":[0.1,0.1000001,0.1000001],\"c\":[1,1,1]}]},{\"b\":17,\"s\":[{\"p\":[0.08055759,0.321246,-0.1125365],\"r\":[37.56937,90.42619,6.12951],\"s\":[0.06000005,0.06000004,0.06000005],\"c\":[1,1,1]}]}]}"}],"serveTime":4}