{"thingDefinitions":[{"id":"5c3bcbf26e3e726e4f898b52","def":"{\"v\":7,\"p\":[{\"b\":10,\"s\":[{\"p\":[0.1237348,-0.006572023,-0.01015146],\"r\":[38.33034,166.5568,12.12065],\"s\":[0.125,0.125,0.1250001],\"c\":[1,1,1]}]},{\"s\":[{\"p\":[0.1457514,0.000857614,0.001269229],\"r\":[4.062115,270.2636,15.49224],\"s\":[0.1750005,0.1750003,0.1750002],\"c\":[1,1,1]}]},{\"b\":17,\"s\":[{\"p\":[0.2327234,0.1418234,0.2035593],\"r\":[55.23822,132.6121,328.1534],\"s\":[0.06000001,0.06000001,0.06000003],\"c\":[1,1,1]}]}]}"}],"serveTime":4}