{"thingDefinitions":[{"id":"5b6db2e561be7374d914d6f4","def":"{\"v\":6,\"p\":[{\"s\":[{\"p\":[0,0,0],\"r\":[0,0,8.537735E-07],\"s\":[0.1750004,0.1750004,0.1750003],\"c\":[1,1,1]}]}]}"}],"serveTime":5}