{"thingDefinitions":[{"id":"5a7b05a3685a067a138c02ea","def":"{\"n\":\"thing\",\"v\":2,\"p\":[{\"b\":14,\"s\":[{\"p\":[0,0,0],\"r\":[0,0,2.134434E-07],\"s\":[0.05999999,0.06000001,0.06000001],\"c\":[1,1,1]}]}]}"}],"serveTime":5}