{"thingDefinitions":[{"id":"5ababec10c11b533961b4844","def":"{\"v\":2,\"p\":[{\"s\":[{\"p\":[0,0,0],\"r\":[0,0,-4.268868E-07],\"s\":[0.175,0.1750002,0.1750002],\"c\":[1,1,1]}]}]}"}],"serveTime":4}