{"thingDefinitions":[{"id":"5aff03f79a1e2316f0a916eb","def":"{\"v\":4,\"p\":[{\"s\":[{\"p\":[0,0,0],\"r\":[0,0,-4.268868E-07],\"s\":[0.1750002,0.1750002,0.1750002],\"c\":[1,1,1]}]},{\"s\":[{\"p\":[-0.2306137,0.01200566,-0.1909007],\"r\":[15.20433,339.7809,336.336],\"s\":[0.1750003,0.1750003,0.175],\"c\":[1,1,1]}]}]}"},{"id":"5aff041e83b7167fb8e2f038","def":"{\"v\":4,\"p\":[{\"b\":3,\"s\":[{\"p\":[0,0,0],\"r\":[0,0,0],\"s\":[0.1250005,0.1250007,0.1250002],\"c\":[1,1,1]}]}]}"}],"serveTime":7}