{"thingDefinitions":[{"id":"5d4f0d913e45a61b64ce7c93","def":"{\"v\":9,\"p\":[{\"b\":10,\"s\":[{\"p\":[0,0,0],\"r\":[0,0,0],\"s\":[0.1250001,0.125,0.1250001],\"c\":[0.6666667,0.07407401,0.3788359]}]}]}"},{"id":"5d4f0dd14e3a0d2b3799e848","def":"{\"v\":9,\"p\":[{\"b\":17,\"s\":[{\"p\":[0,0,0],\"r\":[0,0,0],\"s\":[3.363346,0.11062,3.201102],\"c\":[0.9019608,0.8509804,0.7215686]}]},{\"b\":14,\"s\":[{\"p\":[-0.61208,0.3729843,-0.2796498],\"r\":[83.07955,184.2645,345.5532],\"s\":[0.05999999,0.05999999,0.05999994],\"c\":[1,1,1]}]}]}"},{"id":"5d4f0e291ed2a81b5ebcbbfd","def":"{\"v\":9,\"p\":[{\"b\":10,\"s\":[{\"p\":[0,0,0],\"r\":[0,0,0],\"s\":[0.1250001,0.125,0.1250001],\"c\":[0.6666667,0.07407398,0.3788359]}]}]}"}],"serveTime":8}