{"thingDefinitions":[{"id":"5d6eafd306579920a9bc855c","def":"{\"v\":9,\"p\":[{\"s\":[{\"p\":[0,0,0],\"r\":[0,0,0],\"s\":[0.1750003,0.1750001,0.1750003],\"c\":[1,1,1]}]},{\"s\":[{\"p\":[-0.2048679,0.2904153,0.1131158],\"r\":[337.6586,9.222719,318.9896],\"s\":[0.1750005,0.1750003,0.1750005],\"c\":[1,1,1]}]},{\"s\":[{\"p\":[-0.138883,-0.1723752,-0.3691947],\"r\":[6.02982,326.4746,8.909834],\"s\":[0.1750004,0.1750002,0.1750004],\"c\":[1,1,1]}]}]}"}],"serveTime":5}