{"thingDefinitions":[{"id":"58891b57a2b9bf93132d2dfe","def":"{\"n\":\"thing\",\"p\":[{\"b\":12,\"s\":[{\"p\":[0,0,0],\"r\":[0,0,0],\"s\":[8.672958,0.06000004,2.251355],\"c\":[0.6666667,0.6666667,0.6666667]}]}]}"},{"id":"58891bd74be458a538cda8e4","def":"{\"n\":\"thing\",\"p\":[{\"b\":12,\"s\":[{\"p\":[0,0,0],\"r\":[0,0,0],\"s\":[8.672964,0.06000004,6.071742],\"c\":[0.6666667,0.6666667,0.6666667]}]}]}"}],"serveTime":6}