{"thingDefinitions":[{"id":"5dd0f492463cde1159d6a7e9","def":"{\"v\":9,\"a\":[1],\"p\":[{\"b\":14,\"s\":[{\"p\":[0,0,0],\"r\":[0,0,0],\"s\":[0.06000005,0.06000003,0.06000005],\"c\":[1,1,1]}]}]}"}],"serveTime":11}