{"thingDefinitions":[{"id":"5ae466f5628db00f8fee610c","def":"{\"v\":4,\"p\":[{\"b\":73,\"s\":[{\"p\":[0,0,0],\"r\":[0,0,0],\"s\":[0.3074991,0.3074992,0.3074992],\"c\":[1,0.9460317,0.8888889],\"pr\":{\"c\":[0.6666667,0.4148147,0.1481481],\"m\":0.25,\"a\":0.25,\"s\":0.15,\"z\":0.25,\"g\":0.5,\"h\":0.25}}]},{\"b\":77,\"s\":[{\"p\":[0.03033132,0.1208009,0.08779779],\"r\":[328.1924,158.8608,200.589],\"s\":[0.02249567,0.02169442,0.02198779],\"c\":[1,1,1],\"pr\":{\"c\":[0.6666667,0.4148147,0.1481481],\"m\":0.25,\"a\":0.25,\"s\":0.15,\"z\":0.25,\"g\":0.5,\"h\":0.25}}]},{\"b\":77,\"s\":[{\"p\":[-0.08047663,0.1296495,0.03236705],\"r\":[331.0082,152.364,178.4124],\"s\":[0.02249567,0.02169444,0.0219878],\"c\":[1,1,1],\"pr\":{\"c\":[0.6666667,0.4148147,0.1481481],\"m\":0.25,\"a\":0.25,\"s\":0.15,\"z\":0.25,\"g\":0.5,\"h\":0.25}}]}]}"}],"serveTime":3}