{"thingDefinitions":[{"id":"5e8a5ca097bdc806221cf738","def":"{\"n\":\"ground\",\"v\":9,\"a\":[4],\"p\":[{\"b\":17,\"s\":[{\"p\":[0,0,0],\"r\":[0,0,-2.134434E-07],\"s\":[3.363347,0.1219195,3.090356],\"c\":[0.9019608,0.8509804,0.7215686]}]}]}"},{"id":"5f3d79053c5673630c79d00e","def":"{\"v\":9,\"p\":[{\"b\":10,\"s\":[{\"p\":[0,0,0],\"r\":[0,0,-7.47052E-07],\"s\":[0.125,0.125,0.125],\"c\":[1,1,1]}]}]}"},{"id":"5f3d791e7f0c750619067602","def":"{\"v\":9,\"a\":[2,9],\"p\":[{\"b\":10,\"s\":[{\"p\":[0,0,0],\"r\":[0,0,0],\"s\":[0.125,0.1250001,0.1250001],\"c\":[1,1,1]}]}]}"}],"serveTime":8}