{"thingDefinitions":[{"id":"5f5c063ec84ce61b5fec69cb","def":"{\"v\":9,\"p\":[{\"b\":9,\"s\":[{\"p\":[0,0,0],\"r\":[0,0,-1.707547E-06],\"s\":[0.1250001,0.1250003,0.1250004],\"c\":[1,1,1]}]}]}"}],"serveTime":5}