{"thingDefinitions":[{"id":"5d4eb6b1c50d98062848769c","def":"{\"v\":9,\"p\":[{\"s\":[{\"p\":[0,0,0],\"r\":[-5.976415E-06,-3.116943E-13,5.976415E-06],\"s\":[0.1750001,0.1750001,0.1750001],\"c\":[1,1,1]}]}]}"}],"serveTime":5}