{"thingDefinitions":[{"id":"5a413dc1b78dedc613abbaa4","def":"{\"n\":\"thing\",\"v\":2,\"p\":[{\"b\":151,\"s\":[{\"p\":[0,0,0],\"r\":[0,0,-1.707547E-06],\"s\":[0.06000032,0.06000039,0.06000005],\"c\":[1,1,1]}]}]}"}],"serveTime":4}