{"thingDefinitions":[{"id":"5ddc9db29185fe0627161587","def":"{\"n\":\"gro-nd\",\"v\":9,\"a\":[1,4],\"p\":[{\"b\":17,\"s\":[{\"p\":[0,0,0],\"r\":[0,0,0],\"s\":[3.363346,0.11062,3.201102],\"c\":[0.9019608,0.8509804,0.7215686]}]},{\"b\":10,\"s\":[{\"p\":[0.6322396,1.35319,0.9871897],\"r\":[332.4177,11.73331,71.53226],\"s\":[0.125,0.1250001,0.125],\"c\":[1,1,1]}]}]}"}],"serveTime":4}