{"thingDefinitions":[{"id":"5a6ff309846a8b6e25f130a7","def":"{\"n\":\"thing\",\"v\":2,\"p\":[{\"s\":[{\"p\":[0,0,0],\"r\":[0,0,0],\"s\":[0.1750003,0.1750005,0.1750005],\"c\":[1,1,1]}]},{\"s\":[{\"p\":[0.02483857,0.1417866,-0.1741829],\"r\":[7.225358,172.2115,41.682],\"s\":[0.1750005,0.1750004,0.1750005],\"c\":[1,1,1]}]}]}"}],"serveTime":4}