{"thingDefinitions":[{"id":"5c37f66ffbe56c6f83fe1dfa","def":"{\"v\":7,\"p\":[{\"b\":14,\"s\":[{\"p\":[0,0,0],\"r\":[0,0,-1.707547E-06],\"s\":[0.06000007,0.06000006,0.06000002],\"c\":[1,1,1]}]}]}"}],"serveTime":7}