{"thingDefinitions":[{"id":"5d3ea873c7bb73381427be6b","def":"{\"n\":\"ground\",\"v\":9,\"a\":[1],\"p\":[{\"b\":17,\"s\":[{\"p\":[0,0,0],\"r\":[0,0,0],\"s\":[3.363346,0.11062,3.201102],\"c\":[0.9019608,0.8509804,0.7215686]}]},{\"b\":10,\"s\":[{\"p\":[-3.10446,0.3644678,-1.623946],\"r\":[344.9832,98.17405,17.0208],\"s\":[0.1250004,0.1250004,0.1250005],\"c\":[1,1,1]}]}]}"}],"serveTime":4}