{"thingDefinitions":[{"id":"5efc94a8e5b9a0120f78164d","def":"{\"n\":\"ground\",\"v\":9,\"a\":[1],\"p\":[{\"b\":17,\"s\":[{\"p\":[0,0,0],\"r\":[0,0,0],\"s\":[3.363346,0.11062,3.201102],\"c\":[0.9019608,0.8509804,0.7215686]}]},{\"s\":[{\"p\":[-0.8479288,0.8729994,1.172716],\"r\":[276.2078,83.24406,106.8964],\"s\":[0.1750011,0.1750006,0.1750008],\"c\":[1,1,1]}]},{\"b\":164,\"s\":[{\"p\":[-1.054618,0.8915786,1.196476],\"r\":[8.022774,99.20444,276.6802],\"s\":[0.1000001,0.1000001,0.1],\"c\":[1,1,1]}]}]}"}],"serveTime":5}