{"thingDefinitions":[{"id":"5bdc58537feb047f7046dac0","def":"{\"v\":7,\"p\":[{\"s\":[{\"p\":[0,0,0],\"r\":[0,0,0],\"s\":[0.1750003,0.1750004,0.1750004],\"c\":[1,1,1]}]},{\"b\":11,\"s\":[{\"p\":[0.0156593,-0.04073361,0.1590695],\"r\":[358.1833,0.5293035,359.4845],\"s\":[0.1000001,0.1000001,0.1000001],\"c\":[1,1,1]}]}]}"}],"serveTime":5}