{"thingDefinitions":[{"id":"5aad5bfd4a299c1b9c3e68ff","def":"{\"v\":2,\"p\":[{\"b\":136,\"e\":\"GRATZ THE ANGEL SNAPPED YOUR NECK\",\"s\":[{\"p\":[0,0,0],\"r\":[0,0,0],\"s\":[0.01227465,0.01227466,0.01227465],\"c\":[1,0.5142855,0]}]},{\"b\":136,\"e\":\"GRATZ THE ANGEL SNAPPED YOUR NECK\",\"s\":[{\"p\":[1.857649,-0.2339911,-2.590514],\"r\":[7.652594,139.4918,357.5345],\"s\":[0.01227467,0.01227465,0.01227468],\"c\":[1,0.5142855,0]}]}]}"}],"serveTime":5}