{"thingDefinitions":[{"id":"5a23862bbafb93b713502ff3","def":"{\"n\":\"thing\",\"v\":2,\"a\":[21],\"p\":[{\"s\":[{\"p\":[0,0,0],\"r\":[1.067217E-07,6.833219E-17,7.337115E-08],\"s\":[0.175,0.175,0.175],\"c\":[1,1,1]}]}]}"},{"id":"59e3a5653b30a4744be87ddd","def":"{\"n\":\"big green ground\",\"v\":1,\"a\":[7],\"p\":[{\"b\":12,\"s\":[{\"p\":[0,0,0],\"r\":[0,0,0],\"s\":[50.01931,0.2438223,49.62429],\"c\":[0.2962962,0.6666667,0.6349207]}]}]}"}],"serveTime":5}