{"thingDefinitions":[{"id":"5e2fa926a3a6473806f0c743","def":"{\"v\":9,\"p\":[{\"s\":[{\"p\":[0,0,0],\"r\":[0,0,0],\"s\":[0.175001,0.1750007,0.1750009],\"c\":[0,1,1]}]},{\"b\":2,\"s\":[{\"p\":[0.1574697,-0.01676874,0.03521538],\"r\":[7.054633,90.40482,268.772],\"s\":[0.1250001,0.125,0.125],\"c\":[1,0,0.3428572]}]}]}"}],"serveTime":5}