{"thingDefinitions":[{"id":"5dc459394bff4c1c646371f8","def":"{\"v\":9,\"p\":[{\"b\":3,\"t\":3,\"s\":[{\"p\":[0,0,0],\"r\":[0,0,0],\"s\":[0.1250137,0.1250223,0.12501],\"c\":[0.9936507,1,0.7777778]}]}]}"},{"id":"5dc456306508a310d89bd803","def":"{\"v\":9,\"a\":[32],\"p\":[{\"t\":1,\"s\":[{\"p\":[0,0,0],\"r\":[0,0,-1.707547E-06],\"s\":[0.1750008,2500,52.38313],\"c\":[0,1,1]}]}]}"},{"id":"5dc45a370c301d062f79dd69","def":"{\"v\":9,\"a\":[2,15],\"tp_m\": 0.2,\"tp_d\": 7,\"p\":[{\"b\":3,\"t\":3,\"s\":[{\"p\":[0,0,0],\"r\":[0,0,0],\"s\":[0.1273718,0.1250002,0.1234884],\"c\":[0.9936507,1,0.7777778]}]}]}"}],"serveTime":8}