{"thingDefinitions":[{"id":"5b591a617de3a8188e4d0c81","def":"{\"v\":5,\"p\":[{\"s\":[{\"p\":[0,0,0],\"r\":[0,0,0],\"s\":[52.06888,58.98364,0.007689281],\"c\":[0.5555556,0.4003526,0.0617283]}]}]}"}],"serveTime":33}