{"thingDefinitions":[{"id":"5d7fcbdd565d5720a3a6aeca","def":"{\"v\":9,\"p\":[{\"b\":3,\"s\":[{\"p\":[0.02435599,0.01242547,0.1946323],\"r\":[76.69145,219.0296,81.24869],\"s\":[0.1250002,0.1250002,0.1250002],\"c\":[1,1,1]}]},{\"b\":3,\"s\":[{\"p\":[-0.06842622,-0.1057101,-0.280488],\"r\":[14.70915,300.8219,42.21358],\"s\":[0.0514062,0.1250005,0.02688702],\"c\":[1,1,1]}]}]}"}],"serveTime":5}