{"thingDefinitions":[{"id":"5e1e83f61005a306224fa8b0","def":"{\"n\":\"ground\",\"v\":9,\"a\":[1],\"p\":[{\"b\":17,\"s\":[{\"p\":[0,0,0],\"r\":[0,0,0],\"s\":[3.363346,0.11062,3.201102],\"c\":[0.9019608,0.8509804,0.7215686]}]},{\"b\":14,\"s\":[{\"p\":[-0.6861092,1.62422,-0.0961381],\"r\":[356.9991,350.7417,2.557458],\"s\":[0.06000003,0.05999999,0.05999999],\"c\":[1,1,1]}]},{\"b\":10,\"s\":[{\"p\":[-0.8154612,1.487414,0.03735954],\"r\":[327.7062,149.8145,136.3423],\"s\":[0.1250003,0.1250003,0.1250002],\"c\":[1,1,1]}]},{\"b\":10,\"s\":[{\"p\":[-0.597946,1.486826,0.07858461],\"r\":[339.8611,20.7227,255.603],\"s\":[0.1250004,0.1250005,0.1250002],\"c\":[1,1,1]}]}]}"}],"serveTime":6}