{"thingDefinitions":[{"id":"5830320b840ed6a764013351","def":"{\"n\":\"thing\",\"p\":[{\"b\":9,\"s\":[{\"p\":[0,0,0],\"r\":[0,0,0],\"s\":[0.1250002,0.1250002,0.1250002],\"c\":[1,1,1]}]}]}"}],"serveTime":4}