{"thingDefinitions":[{"id":"5d2cb42a74304635373f29fa","def":"{\"n\":\"ground\",\"v\":9,\"a\":[1],\"p\":[{\"b\":17,\"s\":[{\"p\":[0,0,0],\"r\":[0,0,0],\"s\":[3.363346,0.11062,3.201102],\"c\":[0.9019608,0.8509804,0.7215686]}]},{\"s\":[{\"p\":[-0.06647122,1.409162,0.05843192],\"r\":[3.993411,355.4886,332.7106],\"s\":[0.1750002,0.1750002,0.1750002],\"c\":[1,1,1]}]},{\"b\":10,\"s\":[{\"p\":[0.1032366,1.305028,-0.1482414],\"r\":[330.5354,353.9865,347.2643],\"s\":[0.1250001,0.1250001,0.1250001],\"c\":[1,1,1]}]}]}"}],"serveTime":4}