{"thingDefinitions":[{"id":"5b021a8355bf010f5234a9e2","def":"{\"v\":4,\"a\":[2,3,22,18],\"inc\":[[\"thing\",\"5af23eab03f5447e6cd5071d\"],[\"bubu\",\"5afcae585c857e61005d7999\"],[\"thing 2\",\"5b0219a510b1364b8bb86c4f\"],[\"thing 3\",\"5b021a4b9a1e2316f0a9185e\"]],\"p\":[{\"a\":[12],\"i\":[{\"t\":\"5b0218dc10b1364b8bb86c4e\",\"p\":[-0.01476479,-0.003047951,0.0650313],\"r\":[0,270,0],\"a\":[2]}],\"s\":[{\"p\":[0,0,0],\"r\":[0,0,0],\"s\":[0.06700762,0.03602494,0.1750033],\"c\":[1,1,1],\"b\":[\"when triggered then become untweened next , tell shoot\"]},{\"p\":[0,0,0],\"r\":[1.537767,9.67377,358.747],\"s\":[0.06700762,0.03602494,0.1750033],\"c\":[1,1,1],\"b\":[\"when starts then become previous in 0.09\"]}]},{\"b\":4,\"a\":[12,37],\"s\":[{\"p\":[-0.366808,-0.00313808,0.1019435],\"r\":[0,270,180],\"s\":[0.005000342,0.0050003,0.04785786],\"c\":[1,1,1],\"b\":[\"when told shoot then play gun shot 5 , play slow firing heavy weapon with 0.3 octaves 0.3s skip 77%\",\"when told shoot then emit gravity-free bubu with 100\"]}]},{\"b\":4,\"a\":[12,14],\"s\":[{\"p\":[-0.06012584,-0.02586772,0.1219771],\"r\":[20.70482,9.007166,271.6487],\"s\":[0.005000731,0.005001075,0.02630562],\"c\":[1,1,1],\"b\":[\"when told shoot then emit thing 3 with 2.7\"]}]}]}"}],"serveTime":4}