{"thingDefinitions":[{"id":"5c26338f6e3e726e4f898528","def":"{\"n\":\"ground\",\"v\":7,\"a\":[1],\"p\":[{\"b\":17,\"s\":[{\"p\":[0,0,0],\"r\":[0,0,0],\"s\":[19.16659,0.11062,8.33441],\"c\":[0.9019608,0.8509804,0.7215686]}]}]}"},{"id":"5c2632ac4d67fc6f6091fbb5","def":"{\"v\":7,\"p\":[{\"s\":[{\"p\":[0,0,0],\"r\":[0,0,0],\"s\":[0.1750004,0.1750005,0.1750005],\"c\":[1,1,1]}]}]}"}],"serveTime":9}