{"thingDefinitions":[{"id":"5974d9b0d209acfb3086acf2","def":"{\"n\":\"thing\",\"a\":[2,9,14,15],\"p\":[{\"b\":3,\"s\":[{\"p\":[0.145217,0.1081164,0.2204388],\"r\":[77.99754,164.104,26.4482],\"s\":[0.1250005,0.1250005,0.1250006],\"c\":[1,1,1]}]},{\"b\":3,\"s\":[{\"p\":[-0.117992,-0.2749624,-0.2344485],\"r\":[349.8989,330.2546,334.1491],\"s\":[0.1250005,0.1250006,0.1250005],\"c\":[1,1,1]}]},{\"b\":3,\"s\":[{\"p\":[-0.05312355,0.369752,0.06759705],\"r\":[343.916,253.948,77.30018],\"s\":[0.1250003,0.1250004,0.1250004],\"c\":[1,1,1]}]},{\"b\":3,\"s\":[{\"p\":[-0.3411421,0.1519335,-0.3433015],\"r\":[354.3333,331.3549,276.6894],\"s\":[0.1250003,0.1250004,0.1250003],\"c\":[1,1,1]}]}]}"}],"serveTime":4}