{"thingDefinitions":[{"id":"5a14ec365aad6abd13351619","def":"{\"n\":\"ground\",\"v\":2,\"a\":[7,18],\"p\":[{\"s\":[{\"p\":[0,0,0],\"r\":[0,0,0],\"s\":[44.74749,150,0.1750021],\"c\":[0.1523808,0.3333332,0]}]}]}"}],"serveTime":4}