{"thingDefinitions":[{"id":"5cd91c8c7f22196e94f2ddbf","def":"{\"n\":\"ground\",\"v\":9,\"a\":[1],\"p\":[{\"b\":17,\"c\":[[-1.079,0.784,0.872,256,3,66,5],[-1.000449,1.40878,0.7031626,544,3,66,5]],\"cx\":0,\"s\":[{\"p\":[0,0,0],\"r\":[0,0,0],\"s\":[3.363346,0.11062,3.201102],\"c\":[0.9019608,0.8509804,0.7215686]}]}]}"}],"serveTime":8}