{"thingDefinitions":[{"id":"5d221adcd8a7b705d9e0819e","def":"{\"v\":9,\"p\":[{\"b\":9,\"s\":[{\"p\":[0,0,0],\"r\":[0,0,-1.707547E-06],\"s\":[0.125,0.1250002,0.1250002],\"c\":[1,1,1]}]},{\"b\":14,\"s\":[{\"p\":[-0.3255278,0.03353462,-0.275321],\"r\":[40.46098,27.98645,352.9187],\"s\":[0.06000005,0.06000013,0.06000009],\"c\":[1,1,1]}]}]}"}],"serveTime":4}