{"thingDefinitions":[{"id":"5bd75722ee4c2f3a0c6d2376","def":"{\"v\":7,\"p\":[{\"t\":2,\"s\":[{\"p\":[0,0,0],\"r\":[0,0,0],\"s\":[0.175,0.175,0.175],\"c\":[0,1,0.7428571]}]},{\"b\":2,\"s\":[{\"p\":[-0.5610428,0.1126344,-0.1795171],\"r\":[292.5417,290.7792,4.9372],\"s\":[0.125,0.125,0.125],\"c\":[1,1,1]}]},{\"b\":11,\"t\":1,\"s\":[{\"p\":[-0.4930969,0.2883161,-0.3403471],\"r\":[353.0093,304.6429,315.5819],\"s\":[0.1,0.1,0.1],\"c\":[0.6285716,0,1],\"pr\":{\"c\":[1,1,1],\"m\":0.25,\"a\":0.25,\"s\":0.15,\"z\":0.25,\"g\":0.5,\"h\":0.25}}]},{\"b\":17,\"t\":1,\"pr\":6,\"s\":[{\"p\":[-0.3563082,0.3381699,-0.2059266],\"r\":[357.1928,317.3833,351.9708],\"s\":[0.06000003,0.06000002,0.06000005],\"c\":[0.6285716,0,1],\"pr\":{\"c\":[1,1,1],\"m\":0.25,\"a\":0.25,\"s\":0.15,\"z\":0.25,\"g\":0.5,\"h\":0.25}}]}]}"}],"serveTime":4}