{"thingDefinitions":[{"id":"5a3e3b90ce03f9fd65178657","def":"{\"n\":\"thing\",\"v\":2,\"p\":[{\"s\":[{\"p\":[0,0,0],\"r\":[0,0,0],\"s\":[0.1750002,0.175,0.1750002],\"c\":[1,1,1]}]},{\"b\":2,\"s\":[{\"p\":[0.01174592,0.1511102,0.00270539],\"r\":[272.8629,327.4393,34.31171],\"s\":[0.1250003,0.1250007,0.1250007],\"c\":[1,1,1]}]}]}"}],"serveTime":6}