{"thingDefinitions":[{"id":"5b2ead3c89053c040178c61c","def":"{\"v\":5,\"p\":[{\"b\":13,\"s\":[{\"p\":[0,0,0],\"r\":[0,0,-2.134434E-07],\"s\":[0.06000032,0.06000014,0.06000028],\"c\":[1,1,1]}]}]}"},{"id":"5b2ead6d2721160f78f18050","def":"{\"v\":5,\"p\":[{\"s\":[{\"p\":[0,0,0],\"r\":[0,0,0],\"s\":[0.230337,0.1856204,0.175001],\"c\":[1,1,1]}]}]}"}],"serveTime":6}