{"thingDefinitions":[{"id":"5b997aec6ffd3d04845c169d","def":"{\"v\":6,\"p\":[{\"b\":2,\"s\":[{\"p\":[0.6341649,-0.2134035,-0.5206501],\"r\":[3.595228,332.2324,46.65768],\"s\":[0.2944088,0.3275314,0.8086078],\"c\":[1,1,1]}]},{\"b\":92,\"e\":\"IOL\",\"s\":[{\"p\":[0.3398161,-0.1876979,0.002523735],\"r\":[32.83365,154.8972,176.3658],\"s\":[0.003000017,0.003000013,0.003000016],\"c\":[1,1,1]}]}]}"}],"serveTime":5}