{"thingDefinitions":[{"id":"5c1053d5ea1f546e4855dd2d","def":"{\"v\":7,\"p\":[{\"b\":3,\"s\":[{\"p\":[-1.465178,0.2859629,-0.8438101],\"r\":[352.5944,125.1096,34.39034],\"s\":[0.7860466,0.5764596,0.5621396],\"c\":[1,1,1]}]},{\"b\":3,\"s\":[{\"p\":[-1.06594,0.4276835,-0.3965338],\"r\":[47.60884,84.46342,13.62571],\"s\":[0.1250002,0.1250002,0.1250002],\"c\":[1,1,1]}]}]}"}],"serveTime":4}