{"thingDefinitions":[{"id":"5c4694ff67025064670e5fea","def":"{\"v\":7,\"p\":[{\"b\":39,\"s\":[{\"p\":[0.05415295,-0.2619461,-0.2330058],\"r\":[74.14057,291.6447,5.84057],\"s\":[0.1250004,0.1250001,0.1250004],\"c\":[1,1,1]}]},{\"b\":61,\"s\":[{\"p\":[-0.07551503,-0.4189126,-0.7682617],\"r\":[46.45798,235.4101,316.8468],\"s\":[0.1250001,0.1250001,0.1250001],\"c\":[1,1,1]}]},{\"b\":59,\"s\":[{\"p\":[-0.09866936,-0.4248782,-0.766188],\"r\":[48.36114,252.5283,331.9086],\"s\":[0.1250002,0.1250001,0.1250003],\"c\":[1,1,1]}]}]}"}],"serveTime":7}