{"thingDefinitions":[{"id":"59e3f573f44d546e4b69d299","def":"{\"n\":\"ground\",\"v\":1,\"a\":[1],\"p\":[{\"b\":17,\"s\":[{\"p\":[0,0,0],\"r\":[0,0,0],\"s\":[3.363346,0.11062,3.201102],\"c\":[0.9019608,0.8509804,0.7215686]}]}]}"}],"serveTime":6}