{"thingDefinitions":[{"id":"5c69c1b0636c692876543bf3","def":"{\"v\":7,\"p\":[{\"s\":[{\"p\":[0,0,0],\"r\":[0,0,0],\"s\":[0.175,0.175,0.175],\"c\":[1,1,1]}]},{\"b\":249,\"s\":[{\"p\":[-0.1560061,-0.04479459,0.2976975],\"r\":[3.121906,287.6872,34.28033],\"s\":[0.2200004,0.2200003,0.2200002],\"c\":[1,1,1]}]},{\"b\":175,\"s\":[{\"p\":[-0.1631733,-0.1694183,-0.0546232],\"r\":[48.95259,86.69839,169.8115],\"s\":[0.04500005,0.04500002,0.04500003],\"c\":[1,1,1]}]}]}"}],"serveTime":5}