{"thingDefinitions":[{"id":"5b23dfad4abb476f83749527","def":"{\"v\":5,\"p\":[{\"b\":12,\"s\":[{\"p\":[0,0,0],\"r\":[0,0,0],\"s\":[0.05999999,0.06000013,0.06000013],\"c\":[1,1,1]}]},{\"b\":9,\"s\":[{\"p\":[0.1221184,-0.02647323,-0.008131079],\"r\":[342.2373,31.87578,9.910101],\"s\":[0.125,0.1250002,0.1250002],\"c\":[1,1,1]}]},{\"b\":9,\"s\":[{\"p\":[-0.16124,-0.03238831,0.01226988],\"r\":[356.668,331.3537,16.11156],\"s\":[0.125,0.1250002,0.1250002],\"c\":[1,1,1]}]},{\"b\":8,\"s\":[{\"p\":[-0.002492349,0.03497341,-0.1468244],\"r\":[359.9153,354.9456,24.57696],\"s\":[0.1250001,0.1250001,0.1250002],\"c\":[1,1,1]}]}]}"}],"serveTime":5}