{"thingDefinitions":[{"id":"5d290bab17d727062c2f0a54","def":"{\"v\":9,\"p\":[{\"s\":[{\"p\":[0.5134365,0.349744,-0.08647889],\"r\":[358.1749,9.504273,47.05514],\"s\":[0.8793641,0.6705946,0.8218672],\"c\":[1,1,1]}]},{\"b\":16,\"s\":[{\"p\":[0.4243795,0.4157686,-0.9189101],\"r\":[40.7561,124.8012,287.3632],\"s\":[0.1710008,0.559935,0.1000002],\"c\":[1,1,1]}]}]}"}],"serveTime":5}