{"thingDefinitions":[{"id":"5c390eb6de198331858109a9","def":"{\"n\":\"satellite\",\"v\":7,\"p\":[{\"b\":12,\"s\":[{\"p\":[-0.1747948,-0.01743495,-0.01346613],\"r\":[86.87325,316.873,226.4026],\"s\":[0.08623486,0.06000009,0.1010671],\"c\":[1,1,1]}]},{\"b\":12,\"s\":[{\"p\":[0.1458375,-0.05167681,-0.03687707],\"r\":[86.98962,0.4259813,267.9483],\"s\":[0.08623491,0.06000014,0.1010672],\"c\":[1,1,1]}]},{\"s\":[{\"p\":[-0.02672863,-0.03501436,-0.002269238],\"r\":[359.4227,359.1905,0.4333488],\"s\":[0.2952498,0.1750004,0.1750004],\"c\":[1,1,1]}]}]}"}],"serveTime":4}