{"thingDefinitions":[{"id":"59b414af79ce72a513e72c72","def":"{\"n\":\"thing\",\"p\":[{\"b\":9,\"s\":[{\"p\":[0,0,0],\"r\":[0,0,1.494104E-06],\"s\":[0.125,0.125,0.125],\"c\":[1,1,1]}]},{\"b\":5,\"s\":[{\"p\":[0.1074612,-0.04362135,0.02789261],\"r\":[343.2546,247.5732,84.44038],\"s\":[0.125,0.1250001,0.1250001],\"c\":[1,1,1]}]},{\"b\":17,\"s\":[{\"p\":[-0.1682114,0.03970386,-0.03525591],\"r\":[7.395461,264.8006,62.74001],\"s\":[0.06000002,0.06000003,0.06000003],\"c\":[1,1,1]}]}]}"}],"serveTime":4}