{"thingDefinitions":[{"id":"5be34a4f5237c4053f78ddf2","def":"{\"v\":7,\"p\":[{\"b\":12,\"s\":[{\"p\":[0,0,0],\"r\":[0,0,0],\"s\":[0.06000002,0.06000001,0.06000004],\"c\":[1,1,1]}]}]}"},{"id":"5be34b6f712db7053800a9d2","def":"{\"v\":7,\"p\":[{\"b\":14,\"s\":[{\"p\":[0,0,0],\"r\":[0,0,0],\"s\":[0.06000004,0.06000002,0.06000002],\"c\":[1,1,1]}]}]}"}],"serveTime":7}