{"thingDefinitions":[{"id":"5b44fe7c73001321d16f89bd","def":"{\"v\":5,\"a\":[2],\"p\":[{\"b\":175,\"s\":[{\"p\":[-0.02505353,0.01263248,0.06628384],\"r\":[79.2999,43.59925,60.42588],\"s\":[0.045,0.04500002,0.045],\"c\":[1,1,1]}]},{\"b\":17,\"s\":[{\"p\":[-0.01626169,0.03975318,-0.01907681],\"r\":[339.0001,48.68864,359.9808],\"s\":[0.06000006,0.06000004,0.06000005],\"c\":[1,1,1]}]},{\"b\":3,\"s\":[{\"p\":[-0.007899813,0.004984483,0.005774801],\"r\":[6.929207,6.351315,9.889886],\"s\":[0.125,0.125,0.125],\"c\":[1,1,1]}]}]}"}],"serveTime":5}