{"thingDefinitions":[{"id":"5b1703a76146050f822dc892","def":"{\"n\":\"ground\",\"v\":4,\"a\":[1],\"p\":[{\"b\":17,\"s\":[{\"p\":[0,0,0],\"r\":[0,0,0],\"s\":[3.363346,0.11062,3.201102],\"c\":[0.9019608,0.8509804,0.7215686]}]}]}"},{"id":"5b1f8c3d9603fe4f5e7794dc","def":"{\"v\":5,\"p\":[{\"b\":31,\"s\":[{\"p\":[0,0,0],\"r\":[0,0,1.707548E-06],\"s\":[0.1250002,0.1250001,0.1250001],\"c\":[1,1,1],\"b\":[\"when touched then loop glimmer\",\"when r \"]},{\"p\":[0,0,0],\"r\":[0,0,1.707548E-06],\"s\":[0.1250002,0.1250001,0.1250001],\"c\":[1,1,1]}]}]}"}],"serveTime":11}