{"thingDefinitions":[{"id":"5c22a4e7403de8055664ad31","def":"{\"v\":7,\"p\":[{\"b\":10,\"s\":[{\"p\":[-0.3108888,-0.1047636,-0.2200451],\"r\":[23.57499,298.2537,341.3937],\"s\":[0.1250001,0.125,0.1250001],\"c\":[1,1,1]}]},{\"b\":10,\"s\":[{\"p\":[-0.1491786,-0.08434743,-0.06510922],\"r\":[3.332574,346.4316,352.6888],\"s\":[0.1250001,0.1250001,0.1250001],\"c\":[1,1,1]}]},{\"b\":14,\"s\":[{\"p\":[-0.3651422,0.03236503,-0.01326811],\"r\":[325.2414,312.6782,7.531862],\"s\":[0.06000004,0.06000007,0.06000008],\"c\":[1,1,1]}]}]}"}],"serveTime":4}