{"thingDefinitions":[{"id":"5c8142cd0fe37c41581ef533","def":"{\"v\":7,\"p\":[{\"s\":[{\"p\":[0,0,0],\"r\":[0,0,0],\"s\":[0.1750009,0.1750009,0.1750005],\"c\":[1,1,1]}]}]}"},{"id":"5c8143537c3645725327200b","def":"{\"v\":7,\"p\":[{\"s\":[{\"p\":[0,0,0],\"r\":[0,0,0],\"s\":[0.1750006,0.1750005,0.1750007],\"c\":[1,1,1]}]}]}"}],"serveTime":4}