{"thingDefinitions":[{"id":"5e2c32aacf649524d1952d21","def":"{\"v\":9,\"p\":[{\"b\":18,\"e\":\"TINOU\",\"s\":[{\"p\":[0,0,0],\"r\":[0,0,0],\"s\":[0.03782724,0.03782719,0.03782724],\"c\":[1,1,1]},{\"p\":[0,0,0],\"r\":[0,0,0],\"s\":[0.03782724,0.03782719,0.03782724],\"c\":[1,1,1]}]},{\"b\":173,\"s\":[{\"p\":[0.5739951,-0.2819775,0.2928983],\"r\":[341.1255,279.9918,16.28962],\"s\":[0.04500024,0.04500001,0.04500017],\"c\":[0,1,0.9142858]}]}]}"}],"serveTime":4}