{"thingDefinitions":[{"id":"5eeed7702430217308f2b72e","def":"{\"n\":\"ground\",\"v\":9,\"a\":[1],\"p\":[{\"b\":183,\"s\":[{\"p\":[0.2778729,-0.3924114,0.4052632],\"r\":[44.18415,269.3963,325.1931],\"s\":[0.06000019,0.06000038,0.06000034],\"c\":[1,1,1]}]},{\"b\":183,\"s\":[{\"p\":[0.05574066,-0.3917412,0.5082663],\"r\":[330.1274,207.5983,57.85496],\"s\":[0.06000004,0.06000018,0.06000024],\"c\":[1,1,1]}]},{\"b\":183,\"s\":[{\"p\":[0.1480655,-0.2051448,0.4507535],\"r\":[7.757064,118.6122,155.8821],\"s\":[0.06000004,0.06000018,0.06000016],\"c\":[1,1,1]}]}]}"}],"serveTime":3}