{"thingDefinitions":[{"id":"5c8087660a88025010c7ac52","def":"{\"v\":7,\"p\":[{\"b\":17,\"s\":[{\"p\":[0,0,0],\"r\":[0,0,0],\"s\":[0.06000002,0.06000001,0.06000005],\"c\":[1,1,1]}]},{\"b\":17,\"s\":[{\"p\":[-0.1447554,0.07863328,0.2606476],\"r\":[351.4395,26.28446,353.9402],\"s\":[0.06000001,0.06000002,0.06000005],\"c\":[1,1,1]}]},{\"b\":17,\"s\":[{\"p\":[-0.1827477,0.1760409,-0.1172694],\"r\":[357.6644,347.8334,342.3476],\"s\":[0.03682406,0.06000001,0.06000001],\"c\":[1,1,1]}]}]}"}],"serveTime":4}