{"thingDefinitions":[{"id":"5d0f944153c86c7ec3d268e4","def":"{\"v\":9,\"p\":[{\"b\":3,\"s\":[{\"p\":[0,0,0],\"r\":[0,0,5.869694E-07],\"s\":[0.1249999,0.125,0.125],\"c\":[1,1,1]}]}]}"}],"serveTime":5}