{"thingDefinitions":[{"id":"5c1ae5fc7863da6f76f387a2","def":"{\"n\":\"ground\",\"v\":7,\"a\":[1],\"p\":[{\"b\":17,\"s\":[{\"p\":[0,0,0],\"r\":[0,0,0],\"s\":[3.363346,0.11062,3.201102],\"c\":[0.04938262,0.4444443,0.1396825]}]}]}"},{"id":"5c1ae61e5496586f5aa0c99a","def":"{\"v\":7,\"a\":[7,31],\"p\":[{\"s\":[{\"p\":[0,0,0],\"r\":[0,0,0],\"s\":[0.4475217,0.4475165,0.4475526],\"c\":[1,1,1]}]}]}"},{"id":"5bf1bbba021a9d6779147581","def":"{\"n\":\"graphics\",\"v\":7,\"a\":[2],\"p\":[{\"t\":2,\"im\":\"938321411920087117/3421005FB546299835BFE011AB7EAFCC98B568FA/\",\"s\":[{\"p\":[-0.02980658,0.00863719,0.5933881],\"r\":[0,0,0],\"s\":[0.8831689,0.06636299,0.8083634],\"c\":[1,1,1]}]}]}"}],"serveTime":6}