{"thingDefinitions":[{"id":"5a1ce2993ebea32a106443f2","def":"{\"n\":\"thing\",\"v\":2,\"p\":[{\"b\":14,\"s\":[{\"p\":[0.05613935,0.09869716,0.05658185],\"r\":[42.67577,204.364,103.1581],\"s\":[0.06000008,0.0600001,0.06000005],\"c\":[1,1,1]}]},{\"b\":6,\"s\":[{\"p\":[-0.006401354,-0.06509633,0.02971313],\"r\":[346.8058,14.50377,10.22278],\"s\":[0.1250002,0.1250005,0.1250003],\"c\":[1,1,1]}]},{\"b\":17,\"s\":[{\"p\":[0.07133022,0.1141615,0.2772467],\"r\":[45.18006,335.1325,220.6098],\"s\":[0.06000002,0.06000001,0.06000001],\"c\":[1,1,1]}]},{\"b\":12,\"s\":[{\"p\":[0.1309645,0.01183619,-0.1776823],\"r\":[9.05393,250.9947,208.7671],\"s\":[0.06000001,0.06000004,0.06000001],\"c\":[1,1,1]}]}]}"}],"serveTime":6}