{"thingDefinitions":[{"id":"5e139b993a308b5c14332029","def":"{\"n\":\"ground\",\"v\":9,\"a\":[1],\"p\":[{\"b\":9,\"s\":[{\"p\":[-0.6822116,1.096972,1.425777],\"r\":[328.8631,130.0888,96.46178],\"s\":[0.1250001,0.125,0.1250001],\"c\":[1,1,1]}]},{\"b\":17,\"s\":[{\"p\":[-0.009420395,-0.007278979,0.003536105],\"r\":[359.5977,0.8895411,0.3590343],\"s\":[3.363347,0.11062,3.201104],\"c\":[0.9019608,0.8509804,0.7215686]}]}]}"}],"serveTime":5}