{"thingDefinitions":[{"id":"5e35fdb3037b0d28712820bb","def":"{\"n\":\"ground\",\"v\":9,\"a\":[1],\"p\":[{\"b\":17,\"s\":[{\"p\":[0,0,0],\"r\":[0,0,0],\"s\":[3.363348,0.11062,3.201104],\"c\":[0.03809522,0.3333332,0]}]}]}"}],"serveTime":5}