{"thingDefinitions":[{"id":"5bcb490058547c3a12f1bb13","def":"{\"v\":7,\"p\":[{\"b\":2,\"s\":[{\"p\":[0.008877009,0.1446755,0.03096059],\"r\":[270.7489,313.7401,48.55255],\"s\":[0.1250002,0.1250002,0.1250002],\"c\":[1,1,1]}]},{\"s\":[{\"p\":[0.1583427,0.1915226,0.0588648],\"r\":[17.97851,4.331705,124.8162],\"s\":[0.1750008,0.1750004,0.1750007],\"c\":[1,1,1]}]},{\"b\":12,\"s\":[{\"p\":[-0.09435846,-0.07920161,-0.01873451],\"r\":[346.0311,257.1292,149.5243],\"s\":[0.06000054,0.06000032,0.06000032],\"c\":[1,1,1]}]}]}"}],"serveTime":5}