{"thingDefinitions":[{"id":"5c8ea316a487f31f94d4d11a","def":"{\"v\":7,\"p\":[{\"s\":[{\"p\":[0,0,0],\"r\":[0,0,0],\"s\":[0.1750006,0.1750004,0.1750004],\"c\":[1,1,1]}]},{\"b\":2,\"s\":[{\"p\":[-0.002944023,0.01973324,0.1230621],\"r\":[357.7285,356.9731,0.7783279],\"s\":[0.1250008,0.1250006,0.1250005],\"c\":[1,1,1]}]}]}"}],"serveTime":6}