{"thingDefinitions":[{"id":"5eef415f4e455c2619c50932","def":"{\"n\":\"ground\",\"v\":9,\"a\":[1],\"p\":[{\"b\":17,\"s\":[{\"p\":[0,0,0],\"r\":[0,0,0],\"s\":[3.33668,0.11062,3.201102],\"c\":[0.9019608,0.8509804,0.7215686]}]},{\"b\":10,\"s\":[{\"p\":[-0.7002633,1.276995,0.06149882],\"r\":[21.63155,7.048296,9.202364],\"s\":[0.1250001,0.125,0.1250001],\"c\":[1,1,1]}]},{\"b\":10,\"s\":[{\"p\":[-0.178944,1.473685,0.04261661],\"r\":[358.3745,74.12183,321.4428],\"s\":[0.1250001,0.1249999,0.125],\"c\":[1,1,1]}]}]}"}],"serveTime":4}