{"thingDefinitions":[{"id":"5ca9f45ea46d045b678c6c6d","def":"{\"v\":9,\"a\":[7],\"inc\":[[\"thing\",\"5ca9f39d2666825b797ac3a6\"]],\"p\":[{\"a\":[42],\"s\":[{\"p\":[0.008795994,0.0989783,0.002893105],\"r\":[-8.964216E-08,-8.964215E-08,270],\"s\":[0.3494152,0.5376173,0.5629607],\"c\":[1,1,1],\"b\":[\"when starts then emit gravity-free thing with 3\",\"when starts then become 2\"]},{\"p\":[0,0,0],\"r\":[0,0,0],\"s\":[0.3494131,0.001000094,0.429205],\"c\":[1,1,1],\"b\":[\"when starts then become 1 in 2\"]}]}]}"}],"serveTime":4}