{"thingDefinitions":[{"id":"5ac87571942dc30fea0e46d1","def":"{\"v\":2,\"p\":[{\"s\":[{\"p\":[0,0,0],\"r\":[0,0,0],\"s\":[0.175,0.1750001,0.1750001],\"c\":[1,1,1]}]}]}"}],"serveTime":4}