{"thingDefinitions":[{"id":"5f2e79d056dc833193904a2b","def":"{\"v\":9,\"p\":[{\"s\":[{\"p\":[0,0,0],\"r\":[0,0,0],\"s\":[0.1750005,0.1750002,0.1750003],\"c\":[1,1,1]}]}]}"}],"serveTime":5}