{"thingDefinitions":[{"id":"59d62a2f9a5003c713556434","def":"{\"n\":\"thing\",\"p\":[{\"b\":9,\"s\":[{\"p\":[0,0,0],\"r\":[0,0,1.28066E-06],\"s\":[0.1250004,0.1250005,0.1250002],\"c\":[1,1,1]}]}]}"}],"serveTime":5}