{"thingDefinitions":[{"id":"5c5746f4c075311098f1c884","def":"{\"n\":\"ground\",\"v\":7,\"a\":[1,7],\"p\":[{\"b\":17,\"s\":[{\"p\":[0,0,0],\"r\":[0,0,-6.157171E-14],\"s\":[3.363737,0.1106313,3.201421],\"c\":[0.9019608,0.8509804,0.7215686]}]}]}"},{"id":"5c0859b75e64ee676ef23102","def":"{\"n\":\"epilepsy inducer\",\"v\":7,\"a\":[2],\"p\":[{\"s\":[{\"p\":[0,0,0],\"r\":[0,0,0],\"s\":[0.1750004,0.1750002,0.1750003],\"c\":[1,1,1],\"b\":[\"when starts then become next\"]},{\"p\":[0,0,0],\"r\":[0,0,0],\"s\":[0.2959722,0.316763,0.3357913],\"c\":[1,1,1],\"b\":[\"when starts then become previous\"]}]}]}"}],"serveTime":5}