{"thingDefinitions":[{"id":"5cc5f40afb0ce7267153a876","def":"{\"v\":9,\"p\":[{\"b\":3,\"s\":[{\"p\":[-0.1809135,-0.1698344,-0.1846108],\"r\":[37.80486,287.5961,7.118748],\"s\":[0.125,0.1250001,0.1250001],\"c\":[1,1,1]}]}]}"}],"serveTime":4}