{"thingDefinitions":[{"id":"5d9d00cf288c857ffcc8663c","def":"{\"v\":9,\"p\":[{\"b\":14,\"s\":[{\"p\":[0,0,0],\"r\":[0,0,8.537737E-07],\"s\":[0.05999999,0.06000001,0.06],\"c\":[1,1,1]}]}]}"},{"id":"5d9d0167f6629f062dce21d5","def":"{\"v\":9,\"p\":[{\"s\":[{\"p\":[0,0,0],\"r\":[0,0,-1.707547E-06],\"s\":[0.1750004,0.1750003,0.1750004],\"c\":[1,1,1]}]}]}"}],"serveTime":6}