{"thingDefinitions":[{"id":"5adb65c05bb49c1329b91430","def":"{\"v\":4,\"p\":[{\"b\":163,\"s\":[{\"p\":[0,0,0],\"r\":[0,0,0],\"s\":[0.1000141,0.1000085,0.10002],\"c\":[1,1,1]}]},{\"b\":91,\"e\":\"MJ\",\"s\":[{\"p\":[0.4268729,0.3536615,0.06318733],\"r\":[349.6754,209.5143,345.0728],\"s\":[0.003000001,0.002999999,0.003],\"c\":[1,1,1]},{\"p\":[0.4268729,0.3536615,0.06318733],\"r\":[349.6754,209.5143,345.0728],\"s\":[0.003000001,0.002999999,0.003],\"c\":[1,1,1]}]}]}"}],"serveTime":3}