{"thingDefinitions":[{"id":"5bc3db86ce29a14590e4e505","def":"{\"n\":\"ground\",\"v\":7,\"a\":[1,7,18],\"p\":[{\"b\":17,\"s\":[{\"p\":[0,0,0],\"r\":[0,0,7.656432E-20],\"s\":[3.363346,0.1106203,3.201107],\"c\":[0.9019608,0.8509804,0.7215686]}]}]}"},{"id":"5bc3d698ce29a14590e4e500","def":"{\"v\":7,\"a\":[7,18],\"p\":[{\"s\":[{\"p\":[0,0,0],\"r\":[0,0,0],\"s\":[0.1750005,0.1750018,0.1750019],\"c\":[1,1,1],\"b\":[\"when touches hand then resize nearby to 11%\"]}]}]}"},{"id":"5bc3db5917333f05751dc36d","def":"{\"n\":\"arch entrance\",\"v\":7,\"a\":[7,18],\"p\":[{\"b\":57,\"s\":[{\"p\":[0,0,0],\"r\":[0,0,0],\"s\":[0.1113604,0.6347542,0.214228],\"c\":[0.6825397,1,0.5555556]}]}]}"}],"serveTime":6}