{"thingDefinitions":[{"id":"5cbe27445c008a0564a5925e","def":"{\"v\":9,\"a\":[32],\"p\":[{\"b\":2,\"s\":[{\"p\":[0,0,0],\"r\":[0,0,0],\"s\":[0.1250015,0.1250026,0.125002],\"c\":[1,1,1]}]}]}"}],"serveTime":4}