{"thingDefinitions":[{"id":"5e31348401cc824f508f8a0e","def":"{\"n\":\"ground\",\"v\":9,\"a\":[1],\"p\":[{\"b\":17,\"s\":[{\"p\":[0,0,0],\"r\":[0,0,0],\"s\":[9.771608,0.11062,8.879295],\"c\":[0.9019608,0.8509804,0.7215686]}]}]}"}],"serveTime":5}