{"thingDefinitions":[{"id":"5a8ce61aad1731d20f697111","def":"{\"n\":\"physics\",\"v\":2,\"a\":[6],\"p\":[{\"b\":17,\"s\":[{\"p\":[0,0,0],\"r\":[0,0,0],\"s\":[0.06000011,0.06000011,0.06000023],\"c\":[1,1,1]}]}]}"}],"serveTime":4}