{"thingDefinitions":[{"id":"5d38e2ec5220f2380e1d2997","def":"{\"n\":\"ground\",\"v\":9,\"a\":[1],\"p\":[{\"b\":17,\"s\":[{\"p\":[0,0,0],\"r\":[0,0,0],\"s\":[3.363346,0.11062,3.201102],\"c\":[0.9019608,0.8509804,0.7215686]}]},{\"s\":[{\"p\":[-4.933447,-2.589605,-5.071016],\"r\":[2.776779,191.8123,6.185643],\"s\":[191.8016,0.2659657,2500.029],\"c\":[1,0.5142855,0],\"pr\":{\"c\":[1,0.1111111,0.1111111],\"m\":0.25,\"a\":0.25,\"s\":0.15,\"z\":0.25,\"g\":0.5,\"h\":0.25}}]}]}"}],"serveTime":4}