{"thingDefinitions":[{"id":"5c0e9c26638de76f667e8b1f","def":"{\"v\":7,\"p\":[{\"b\":3,\"s\":[{\"p\":[0,0,0],\"r\":[0,0,-8.537735E-07],\"s\":[0.3823052,0.2960924,0.2623556],\"c\":[1,1,1]}]},{\"b\":3,\"s\":[{\"p\":[-0.1198577,0.1211877,0.1858267],\"r\":[21.14059,11.36216,12.42662],\"s\":[0.2378288,0.2510489,0.2191607],\"c\":[1,1,1]}]},{\"b\":3,\"s\":[{\"p\":[-0.252723,0.3434307,0.3470108],\"r\":[14.45984,286.5817,145.9809],\"s\":[0.04629229,0.1250004,0.1172419],\"c\":[1,1,1]}]},{\"b\":14,\"s\":[{\"p\":[-0.2533433,0.3604724,0.3650584],\"r\":[319.8836,203.2099,57.38037],\"s\":[0.01986338,0.0111352,0.06000031],\"c\":[1,1,1]}]}]}"}],"serveTime":5}