{"thingDefinitions":[{"id":"5c4f700e33cf490558fcd77a","def":"{\"v\":7,\"p\":[{\"s\":[{\"p\":[0.2850681,-0.05544472,-0.4472026],\"r\":[77.83587,59.24723,31.98954],\"s\":[0.4913204,0.09993073,0.1750006],\"c\":[1,1,1]}]},{\"s\":[{\"p\":[-0.003299989,-0.09222201,-0.3076777],\"r\":[75.74901,78.75427,50.34259],\"s\":[0.1750003,0.1750003,0.1750001],\"c\":[1,1,1]}]},{\"s\":[{\"p\":[0.02122983,-0.01068813,-0.6090392],\"r\":[70.44266,112.971,162.7675],\"s\":[0.00906754,0.1750005,0.1750002],\"c\":[1,1,1]}]}]}"}],"serveTime":6}