{"thingDefinitions":[{"id":"5d150d1c811952062c72a4bc","def":"{\"n\":\"ground\",\"v\":9,\"a\":[1],\"p\":[{\"b\":17,\"s\":[{\"p\":[0,0,0],\"r\":[0,0,0],\"s\":[3.363346,0.11062,3.201102],\"c\":[0.9019608,0.8509804,0.7215686]}]},{\"b\":9,\"s\":[{\"p\":[-0.3092405,1.342315,0.2205193],\"r\":[21.70796,252.0634,117.7712],\"s\":[0.1250002,0.1250002,0.1250001],\"c\":[1,1,1]}]}]}"}],"serveTime":4}