{"thingDefinitions":[{"id":"5aba2c2a99ab882c7acef12f","def":"{\"v\":2,\"a\":[2,7,18],\"p\":[{\"b\":5,\"s\":[{\"p\":[0.8309732,0.7166771,-0.149827],\"r\":[2.739645,349.6462,119.5048],\"s\":[0.2687718,0.2421002,0.2492154],\"c\":[1,1,1]}]},{\"b\":5,\"s\":[{\"p\":[-0.122447,-0.2022111,0.0345401],\"r\":[7.110838,7.026498,346.9759],\"s\":[0.125,0.1250002,0.1250002],\"c\":[1,1,1]}]},{\"b\":5,\"s\":[{\"p\":[0.157817,-0.1323223,0.06587732],\"r\":[341.8532,97.03519,4.70943],\"s\":[0.1250185,0.1250137,0.1250141],\"c\":[1,1,1]}]},{\"b\":17,\"s\":[{\"p\":[0.4702506,0.1752417,0.07400247],\"r\":[71.27197,111.8509,194.0632],\"s\":[0.06001197,0.06001224,0.06000464],\"c\":[1,1,1]}]}]}"}],"serveTime":5}