{"thingDefinitions":[{"id":"5b13e057ea23510f8c413522","def":"{\"v\":4,\"p\":[{\"s\":[{\"p\":[0,0,0],\"r\":[0,0,0],\"s\":[0.005000001,0.1750002,0.2869896],\"c\":[1,1,1]}]}]}"}],"serveTime":4}