{"thingDefinitions":[{"id":"5dc1e0d5463cde1159d6a14b","def":"{\"v\":9,\"p\":[{\"s\":[{\"p\":[0,0,0],\"r\":[0,0,0],\"s\":[0.1750001,0.1749999,0.1749999],\"c\":[1,1,1]}]}]}"}],"serveTime":4}