{"thingDefinitions":[{"id":"5cc5faa4edcbae0576b06f86","def":"{\"v\":9,\"p\":[{\"b\":9,\"s\":[{\"p\":[-0.6723296,-0.06276233,0.1469794],\"r\":[336.2162,349.1514,292.9799],\"s\":[0.1250005,0.1250003,0.1250002],\"c\":[1,1,1]}]},{\"b\":9,\"s\":[{\"p\":[-0.4832982,-0.06830315,0.09344226],\"r\":[7.592832,344.2272,341.8889],\"s\":[0.125001,0.1250007,0.1250004],\"c\":[1,1,1]}]},{\"b\":9,\"s\":[{\"p\":[-0.1407495,0.2939826,0.3230365],\"r\":[14.6326,303.8542,35.02016],\"s\":[0.1250008,0.1250008,0.1250005],\"c\":[1,1,1]}]},{\"b\":11,\"s\":[{\"p\":[0.3411986,-0.9901004,-0.7049273],\"r\":[26.70072,153.0004,110.6979],\"s\":[0.1000004,0.1000002,0.1000004],\"c\":[1,1,1]}]}]}"}],"serveTime":5}