{"thingDefinitions":[{"id":"5a707afee1c9f9e30f6bb243","def":"{\"n\":\"ground\",\"v\":3,\"a\":[1,2,3,4,7,8,18],\"p\":[{\"b\":17,\"s\":[{\"p\":[0,0,0],\"r\":[0,0,0],\"s\":[3.363346,0.11062,3.201102],\"c\":[0.9019608,0.8509804,0.7215686]}]},{\"b\":9,\"t\":1,\"s\":[{\"p\":[2.570513,0.9230978,-0.3231359],\"r\":[284.1167,237.2307,169.4724],\"s\":[0.1250001,0.1250002,0.1250002],\"c\":[0.8,1,0]}]},{\"b\":9,\"t\":1,\"s\":[{\"p\":[2.451097,0.9198873,-0.01981476],\"r\":[334.901,152.8847,138.6598],\"s\":[0.125,0.1250001,0.1250001],\"c\":[0,1,0.3999999]}]},{\"b\":14,\"s\":[{\"p\":[2.349316,1.077014,-0.2106101],\"r\":[359.1588,157.9815,201.8573],\"s\":[0.06000007,0.06000018,0.1343616],\"c\":[1,1,1]}]}]}"}],"serveTime":4}