{"thingDefinitions":[{"id":"5acb818e4a5cb40fcd5515be","def":"{\"v\":2,\"p\":[{\"b\":17,\"s\":[{\"p\":[0,0,0],\"r\":[0,0,1.707547E-06],\"s\":[0.06000012,0.0600001,0.0600001],\"c\":[1,1,1]}]}]}"},{"id":"5acb82745ea07c338f9e4632","def":"{\"v\":2,\"p\":[{\"b\":3,\"s\":[{\"p\":[0,0,0],\"r\":[0,0,0],\"s\":[0.125,0.125,0.125],\"c\":[1,1,1]}]}]}"}],"serveTime":6}