{"thingDefinitions":[{"id":"5ab85f9882707a13b7f27fbf","def":"{\"v\":2,\"p\":[{\"b\":150,\"s\":[{\"p\":[-1.270444,0.3167554,-0.3810506],\"r\":[2.040836,190.9306,239.9806],\"s\":[0.005000011,0.06000078,0.005000006],\"c\":[1,1,1]}]},{\"b\":150,\"s\":[{\"p\":[-1.474834,0.4038495,-0.3975934],\"r\":[3.410191,211.6773,116.6961],\"s\":[0.005000002,0.06000085,0.005000003],\"c\":[1,1,1]}]},{\"s\":[{\"p\":[-0.6997409,-0.6142476,-0.1741289],\"r\":[0.4963155,4.541678,314.9234],\"s\":[1.471605,0.248807,1.225669],\"c\":[1,1,1]}]}]}"}],"serveTime":4}