{"thingDefinitions":[{"id":"5bae921378e7916cbb38d047","def":"{\"v\":7,\"p\":[{\"s\":[{\"p\":[0,0,0],\"r\":[0,0,0],\"s\":[0.1750004,0.1750002,0.1750004],\"c\":[1,1,1]}]},{\"s\":[{\"p\":[-0.1744527,0.0003568679,-3.442541E-05],\"r\":[358.3801,269.6452,358.8171],\"s\":[0.1750002,0.175,0.1750001],\"c\":[1,1,1]}]},{\"s\":[{\"p\":[-0.3514412,0.004788786,-0.00290262],\"r\":[357.9395,271.4079,357.3495],\"s\":[0.1750003,0.1750001,0.1750002],\"c\":[1,1,1]}]}]}"}],"serveTime":5}