{"thingDefinitions":[{"id":"5bbab59ad53e024520b0d9b5","def":"{\"v\":7,\"p\":[{\"b\":9,\"s\":[{\"p\":[0,0,0],\"r\":[0,0,0],\"s\":[0.4098055,0.4745206,0.4127355],\"c\":[1,1,1]}]}]}"}],"serveTime":6}