{"thingDefinitions":[{"id":"5b1d80fbc148c51e3fe7ce3a","def":"{\"v\":5,\"p\":[{\"b\":86,\"s\":[{\"p\":[-0.03125547,0.1281316,0.08582953],\"r\":[24.35109,308.0858,343.783],\"s\":[0.07500009,0.07500002,0.07500008],\"c\":[1,1,1]}]},{\"b\":3,\"s\":[{\"p\":[-0.02670711,0.006193192,-0.01565989],\"r\":[4.356612,352.8161,348.2672],\"s\":[0.125,0.125,0.1250001],\"c\":[1,1,1]}]}]}"},{"id":"5b1d816d8b75da1e6b10fdc4","def":"{\"v\":5,\"p\":[{\"b\":69,\"s\":[{\"p\":[0,0,0],\"r\":[0,0,0],\"s\":[0.07500004,0.07499997,0.075],\"c\":[1,1,1]}]}]}"}],"serveTime":6}