{"thingDefinitions":[{"id":"5c3e49b4d02855582f951710","def":"{\"v\":7,\"p\":[{\"b\":9,\"s\":[{\"p\":[0,0,0],\"r\":[0,0,-1.067217E-07],\"s\":[0.1250003,0.1250003,0.1250001],\"c\":[1,1,1]}]}]}"}],"serveTime":4}