{"thingDefinitions":[{"id":"5cee5aa082562d0634b54abb","def":"{\"v\":9,\"p\":[{\"b\":3,\"s\":[{\"p\":[0,0,0],\"r\":[0,0,0],\"s\":[0.125,0.1250001,0.1250001],\"c\":[0,0.711111,0.7777778]}]},{\"b\":73,\"s\":[{\"p\":[-0.04477566,0.1079799,0.039238],\"r\":[10.97873,25.25597,0.1901856],\"s\":[0.03808735,0.03808747,0.03808738],\"c\":[0,0,0]}]},{\"b\":73,\"s\":[{\"p\":[-0.1155507,0.01836922,0.02599401],\"r\":[47.65044,6.137048,348.2834],\"s\":[0.03808735,0.03808744,0.03808741],\"c\":[0,0,0]}]}]}"}],"serveTime":6}