{"thingDefinitions":[{"id":"5e03ac601a116335d40d928a","def":"{\"v\":9,\"p\":[{\"b\":3,\"s\":[{\"p\":[0,0,0],\"r\":[0,0,0],\"s\":[0.125,0.1250001,0.1250001],\"c\":[1,1,1]}]},{\"b\":3,\"s\":[{\"p\":[-0.3119374,0.04153008,-0.3533854],\"r\":[8.351234,323.6906,334.8415],\"s\":[0.125,0.125,0.125],\"c\":[1,1,1]}]},{\"b\":14,\"s\":[{\"p\":[0.009793016,0.4903889,0.1073959],\"r\":[310.9052,339.1943,59.02971],\"s\":[0.06000002,0.06000004,0.06000004],\"c\":[1,1,1]}]}]}"},{"id":"5e03ac8630d1e135c436a1e4","def":"{\"v\":9,\"p\":[{\"b\":3,\"s\":[{\"p\":[0,0,0],\"r\":[0,0,0],\"s\":[0.1250001,0.125,0.1250001],\"c\":[1,1,1]}]}]}"}],"serveTime":8}