{"thingDefinitions":[{"id":"59574299414747c7133e26fc","def":"{\"n\":\"thing\",\"a\":[9],\"p\":[{\"b\":17,\"a\":[5],\"s\":[{\"p\":[0,0,0],\"r\":[0,0,-2.134434E-07],\"s\":[0.06000008,0.0600001,0.06000001],\"c\":[1,1,1]}]}]}"}],"serveTime":5}