{"thingDefinitions":[{"id":"5d183ffb266eea0621a5f084","def":"{\"v\":9,\"p\":[{\"b\":14,\"s\":[{\"p\":[0,0,0],\"r\":[0,0,0],\"s\":[0.06000003,0.06000009,0.06000008],\"c\":[1,1,1]}]}]}"}],"serveTime":4}