{"thingDefinitions":[{"id":"5a624c75e5d1fc641306580b","def":"{\"n\":\"thing\",\"v\":2,\"p\":[{\"s\":[{\"p\":[0,0,0],\"r\":[0,0,-1.707547E-06],\"s\":[0.1750001,0.175,0.175],\"c\":[1,1,1]}]},{\"s\":[{\"p\":[0.05513536,-0.04376438,-0.01832335],\"r\":[358.2437,3.235146,359.929],\"s\":[0.1750001,0.1750001,0.175],\"c\":[1,1,1]}]},{\"s\":[{\"p\":[0.09771784,-0.09166686,-0.0346041],\"r\":[2.928943,359.2925,359.8127],\"s\":[0.175,0.175,0.175],\"c\":[1,1,1]}]}]}"},{"id":"5a624d0082eac5e2133e774a","def":"{\"n\":\"thing\",\"v\":2,\"p\":[{\"s\":[{\"p\":[0,0,0],\"r\":[0,0,-4.268868E-07],\"s\":[0.175,0.175,0.175],\"c\":[1,1,1]}]}]}"}],"serveTime":5}