{"thingDefinitions":[{"id":"5c13e1425dd4c405614a9af7","def":"{\"n\":\"ground\",\"v\":7,\"a\":[1],\"p\":[{\"b\":17,\"s\":[{\"p\":[0,0,0],\"r\":[0,0,-1.707547E-06],\"s\":[4.943154,0.1270476,3.201104],\"c\":[0.9019608,0.8509804,0.7215686]}]}]}"}],"serveTime":5}