{"thingDefinitions":[{"id":"58636dff4795926824c2ca50","def":"{\"n\":\"floor\",\"a\":[7],\"p\":[{\"s\":[{\"p\":[-0.05621248,-0.01505917,0.002003463],\"r\":[0,0,0],\"s\":[3.226338,3.470956,0.005006934],\"c\":[0.5555556,0.3809523,0]}]},{\"s\":[{\"p\":[1.097873,-1.273466,0.01463163],\"r\":[0,89.99999,180],\"s\":[0.03470385,0.9521142,3.611826],\"c\":[0.5555556,0.8095238,1]}]}]}"}],"serveTime":5}