{"thingDefinitions":[{"id":"5b232e7247f70d6f90a96041","def":"{\"v\":5,\"p\":[{\"s\":[{\"p\":[0,0,0],\"r\":[0,0,0],\"s\":[0.1750002,0.1750004,0.1750005],\"c\":[1,1,1]}]},{\"b\":2,\"s\":[{\"p\":[-0.005356729,-0.02897398,0.1545147],\"r\":[357.6216,0.3730839,354.45],\"s\":[0.1250002,0.1250002,0.1250002],\"c\":[1,1,1]}]}]}"}],"serveTime":5}