{"thingDefinitions":[{"id":"5a73974dbc909b9a134b669a","def":"{\"n\":\"thing\",\"v\":2,\"p\":[{\"s\":[{\"p\":[0,0,0],\"r\":[0,0,0],\"s\":[0.1750001,0.1750002,0.1750003],\"c\":[1,1,1]}]},{\"b\":10,\"s\":[{\"p\":[0.00549233,-0.02351536,0.1754909],\"r\":[61.19289,23.01207,327.8621],\"s\":[0.1250001,0.125,0.125],\"c\":[1,1,1]}]}]}"}],"serveTime":4}