{"thingDefinitions":[{"id":"5a6ef8f26e04aeba131204ae","def":"{\"n\":\"thing\",\"v\":2,\"p\":[{\"b\":12,\"s\":[{\"p\":[1.008729,0.1764594,-0.6126087],\"r\":[344.3438,122.3585,176.3165],\"s\":[0.06000011,0.06000011,0.06000008],\"c\":[1,1,1]}]},{\"b\":9,\"s\":[{\"p\":[1.025734,-0.2664797,-0.8062647],\"r\":[60.19201,22.95087,77.16988],\"s\":[0.6099404,0.1250017,1.131001],\"c\":[1,1,1]}]},{\"b\":9,\"s\":[{\"p\":[1.215935,-0.06656355,-0.5439811],\"r\":[51.00528,66.52071,111.2546],\"s\":[0.1793088,0.5136896,1.142786],\"c\":[1,1,1]}]},{\"b\":125,\"e\":\"abc\",\"s\":[{\"p\":[0.2257649,0.1015712,-0.4050839],\"r\":[328.4044,211.4939,152.0616],\"s\":[0.003000007,0.003000008,0.003000008],\"c\":[1,1,1],\"b\":[\"when starts then become next in 2\"]}]}]}"}],"serveTime":4}