{"thingDefinitions":[{"id":"5c309f704d67fc6f6091fdc5","def":"{\"n\":\"5\",\"v\":7,\"p\":[{\"s\":[{\"p\":[0,0,0],\"r\":[0,0,8.537735E-07],\"s\":[0.1750002,0.1750002,0.1750002],\"c\":[1,1,1]}]},{\"b\":9,\"s\":[{\"p\":[0.005315455,0.009144487,0.01494656],\"r\":[16.32341,291.884,76.52591],\"s\":[0.125,0.125,0.125],\"c\":[1,1,1]}]},{\"b\":14,\"s\":[{\"p\":[-0.2036433,0.01397881,0.03200834],\"r\":[355.8828,286.9931,84.39633],\"s\":[0.06000001,0.06000003,0.06000005],\"c\":[1,1,1]}]},{\"b\":11,\"s\":[{\"p\":[0.008101398,0.1539588,0.05297148],\"r\":[272.6943,7.452275,352.8575],\"s\":[0.1000001,0.1,0.1000001],\"c\":[1,1,1]}]}]}"}],"serveTime":4}