{"thingDefinitions":[{"id":"59ed1d7acbee25a51394d46c","def":"{\"n\":\"thing\",\"v\":2,\"p\":[{\"b\":9,\"s\":[{\"p\":[0,0,0],\"r\":[0,0,0],\"s\":[0.1250001,0.125,0.1250001],\"c\":[0,1,1]}]},{\"b\":14,\"s\":[{\"p\":[0.1774667,-0.04612803,-0.09456663],\"r\":[338.4955,295.4858,61.09573],\"s\":[0.05999999,0.06000001,0.06],\"c\":[0,1,1]}]}]}"}],"serveTime":6}