{"thingDefinitions":[{"id":"581297c136f958e10f7dbdc0","def":"{\"n\":\"thing\",\"a\":[7],\"p\":[{\"s\":[{\"p\":[0,0,0],\"r\":[0,0,0],\"s\":[0.1750001,0.1750028,0.1750024],\"c\":[1,1,1]}]},{\"s\":[{\"p\":[-0.8472123,2.236058,-0.05115986],\"r\":[0,0,90],\"s\":[0.1750009,0.1750013,0.1750028],\"c\":[1,1,1]}]},{\"s\":[{\"p\":[-0.3710197,-0.7528565,-0.1169338],\"r\":[0,270,270],\"s\":[0.1750022,0.1750005,0.1750031],\"c\":[1,1,1]}]}]}"}],"serveTime":4}