{"thingDefinitions":[{"id":"5a4ee28dbc48b5e80fa9cf6c","def":"{\"n\":\"thing\",\"v\":2,\"p\":[{\"b\":16,\"s\":[{\"p\":[0,0,0],\"r\":[0,0,0],\"s\":[145.0855,0.1250003,144.6882],\"c\":[0.2821868,0.5555556,0.2469135]}]}]}"}],"serveTime":7}