{"thingDefinitions":[{"id":"5814cbed2447a561136ede67","def":"{\"n\":\"thing\",\"a\":[2,21],\"p\":[{\"b\":10,\"s\":[{\"p\":[0,0,0],\"r\":[0,0,0],\"s\":[0.125,0.1250001,0.1250001],\"c\":[1,0.895238,0.6666666]}]},{\"b\":10,\"s\":[{\"p\":[0.113744,0.0566231,-0.344233],\"r\":[9.984191,48.96028,353.0146],\"s\":[0.125,0.125,0.1250001],\"c\":[1,1,1]}]}]}"}],"serveTime":3}