{"thingDefinitions":[{"id":"5ad3a670f073c51c6c08098a","def":"{\"v\":3,\"p\":[{\"b\":9,\"s\":[{\"p\":[0,0,0],\"r\":[0,0,0],\"s\":[0.1250005,0.1250006,0.1250006],\"c\":[1,1,1]}]}]}"}],"serveTime":4}