{"thingDefinitions":[{"id":"5e59cf5872690a557406aa5f","def":"{\"v\":9,\"p\":[{\"s\":[{\"p\":[0,0,0],\"r\":[0,0,0],\"s\":[0.1750007,0.1750004,0.175001],\"c\":[0.1142856,1,0]}]}]}"}],"serveTime":5}