{"thingDefinitions":[{"id":"5bc6da9deee4011f3c278916","def":"{\"v\":7,\"p\":[{\"b\":10,\"s\":[{\"p\":[0,0,0],\"r\":[0,0,0],\"s\":[0.1250001,0.1250002,0.1250001],\"c\":[1,1,1]}]},{\"b\":10,\"s\":[{\"p\":[-0.2325563,-0.1721914,-0.4662112],\"r\":[34.97557,294.277,279.7452],\"s\":[0.1250001,0.1250002,0.125],\"c\":[1,1,1]}]}]}"}],"serveTime":6}