{"thingDefinitions":[{"id":"5e05c3ce72f69235c5eb40bc","def":"{\"n\":\"ground\",\"v\":9,\"a\":[1],\"p\":[{\"b\":17,\"s\":[{\"p\":[0,0,0],\"r\":[0,0,0],\"s\":[2.723735,0.1102548,3.174379],\"c\":[0.9019608,0.8509804,0.7215686]},{\"p\":[0,0,0],\"r\":[0,0,0],\"s\":[2.723735,0.1102548,3.174379],\"c\":[0.9019608,0.8509804,0.7215686]}]}]}"}],"serveTime":6}