{"thingDefinitions":[{"id":"588404dfa60dbb5713fd5249","def":"{\"n\":\"thing\",\"p\":[{\"s\":[{\"p\":[0,0,0],\"r\":[0,0,-1.667527E-08],\"s\":[150,0.5499605,149.9999],\"c\":[1,1,1]}]},{\"t\":1,\"a\":[1],\"s\":[{\"p\":[-74.57407,1.296653,8.189415],\"r\":[284.0127,9.0851,254.1587],\"s\":[2.877608,0.05206028,3.001097],\"c\":[0,0,0]}]},{\"t\":1,\"a\":[2],\"s\":[{\"p\":[-74.53654,0.8322994,9.451275],\"r\":[358.0305,260.6125,358.5121],\"s\":[0.1750003,0.175,0.1750003],\"c\":[0,0,0],\"b\":[\"when touched then become next in 1s\"]},{\"p\":[-74.52226,1.108983,9.503331],\"r\":[359.4401,262.6591,353.469],\"s\":[0.1750002,0.175,0.1750003],\"c\":[0,0,0]}]}]}"}],"serveTime":5}