{"thingDefinitions":[{"id":"5e10573eaa9d90062781f634","def":"{\"v\":9,\"p\":[{\"b\":3,\"s\":[{\"p\":[0,0,0],\"r\":[0,0,8.537735E-07],\"s\":[0.2984307,0.2022506,0.1284108],\"c\":[1,1,1]}]}]}"},{"id":"5e10575f614b36062d5e0fc2","def":"{\"v\":9,\"p\":[{\"b\":3,\"s\":[{\"p\":[0,0,0],\"r\":[0,0,-1.707547E-06],\"s\":[0.192807,0.2106814,0.1545315],\"c\":[1,1,1]}]}]}"}],"serveTime":9}