{"thingDefinitions":[{"id":"5a550cdd76499eb913fbd420","def":"{\"n\":\"thing\",\"v\":2,\"p\":[{\"b\":6,\"s\":[{\"p\":[0,0,0],\"r\":[0,0,0],\"s\":[0.1250002,0.1250002,0.1250001],\"c\":[1,1,1]}]},{\"b\":6,\"s\":[{\"p\":[0.2648797,-0.06033475,0.008398518],\"r\":[3.189494,355.0359,151.7166],\"s\":[0.1250001,0.1250001,0.1250001],\"c\":[1,1,1]}]}]}"}],"serveTime":4}