{"thingDefinitions":[{"id":"5c7b9b900a88025010c7a9a9","def":"{\"v\":7,\"p\":[{\"b\":2,\"s\":[{\"p\":[0,0,0],\"r\":[0,0,0],\"s\":[0.1250002,0.1250007,0.1250005],\"c\":[1,1,1]}]}]}"},{"id":"5c8d975dd8ee786d528730ef","def":"{\"v\":7,\"p\":[{\"b\":11,\"s\":[{\"p\":[-0.03607584,0.2379915,-0.05124845],\"r\":[334.1649,3.372768,7.645088],\"s\":[0.1000001,0.02392366,0.1000002],\"c\":[1,1,1]}]},{\"b\":11,\"s\":[{\"p\":[0.03871465,-0.04882387,-0.1187062],\"r\":[68.50861,303.1718,198.4477],\"s\":[0.1000005,0.04785119,0.04111055],\"c\":[1,1,1]}]},{\"b\":11,\"s\":[{\"p\":[0.06071199,-0.008316711,-0.1254037],\"r\":[30.90125,102.2418,353.5902],\"s\":[0.1000004,0.04785122,0.04111055],\"c\":[1,1,1]}]}]}"}],"serveTime":6}