{"thingDefinitions":[{"id":"5ce7e2fa6793656054e9ce59","def":"{\"v\":9,\"p\":[{\"b\":3,\"s\":[{\"p\":[0,0,0],\"r\":[0,0,0],\"s\":[0.1058637,0.1058638,0.1058638],\"c\":[1,0.9301587,0.7777778]}]}]}"}],"serveTime":5}