{"thingDefinitions":[{"id":"5adc576ac063400fd5f6a1d5","def":"{\"v\":4,\"p\":[{\"b\":5,\"s\":[{\"p\":[-0.02375375,0.004506767,-0.05962863],\"r\":[351.8127,89.67746,355.9901],\"s\":[0.264643,0.1854685,0.1250001],\"c\":[1,1,1]}]},{\"b\":5,\"s\":[{\"p\":[-0.01034146,-0.00111045,-0.002986047],\"r\":[2.398682,347.4489,357.7412],\"s\":[0.264643,0.1854684,0.1250001],\"c\":[1,1,1]}]}]}"}],"serveTime":4}