{"thingDefinitions":[{"id":"5c8adb7796215e3ebe934c25","def":"{\"n\":\"ground\",\"v\":7,\"a\":[1],\"p\":[{\"b\":17,\"s\":[{\"p\":[0,0,0],\"r\":[0,0,0],\"s\":[1169.631,0.2380303,116.4735],\"c\":[0.9019608,0.8509804,0.7215686]}]}]}"},{"id":"5c8adcc113fe3343df1453f9","def":"{\"v\":7,\"a\":[7],\"p\":[{\"s\":[{\"p\":[0.01815478,0.06945532,-0.1268801],\"r\":[77.98747,180.0263,179.8236],\"s\":[0.8433815,0.58946,0.9064088],\"c\":[0.1142857,0,1]}]},{\"s\":[{\"p\":[0.05776004,0.2055432,-0.808101],\"r\":[77.98745,180.0263,179.8236],\"s\":[0.8433235,0.5894007,0.9064083],\"c\":[1,0,0.5142855]}]},{\"s\":[{\"p\":[0.03187846,-0.08714659,0.6143804],\"r\":[282.0125,0.02638608,0.1763361],\"s\":[0.8433266,0.5893939,0.9064421],\"c\":[0.1142857,0,1]}]}]}"}],"serveTime":5}