{"thingDefinitions":[{"id":"5df962007d9ea63a4640a261","def":"{\"v\":9,\"p\":[{\"b\":14,\"s\":[{\"p\":[0,0,0],\"r\":[0,0,0],\"s\":[0.02955027,0.03682746,0.5321672],\"c\":[0.5555556,0.5467371,0.4938272]}]},{\"s\":[{\"p\":[0.04748426,-0.3924789,1.16831],\"r\":[359.7137,359.2305,96.46056],\"s\":[0.8397921,0.0247469,0.5500124],\"c\":[0.2857141,0,1]}]}]}"},{"id":"5df962cd9f233b33fb093c98","def":"{\"v\":9,\"p\":[{\"b\":14,\"s\":[{\"p\":[0,0,0],\"r\":[0,0,0],\"s\":[0.01829668,0.03418009,0.04220011],\"c\":[1,1,1]}]},{\"b\":14,\"s\":[{\"p\":[0.1612852,0.3247185,0.01546102],\"r\":[358.7839,352.1841,56.40784],\"s\":[0.01829667,0.03418009,0.04220009],\"c\":[1,1,1]}]}]}"}],"serveTime":5}