{"thingDefinitions":[{"id":"5ba835bf96906a649a281cb5","def":"{\"v\":7,\"p\":[{\"b\":13,\"s\":[{\"p\":[0,0,0],\"r\":[0,0,-1.280661E-06],\"s\":[0.06000001,0.06000004,0.06000002],\"c\":[1,1,1]}]}]}"}],"serveTime":7}