{"thingDefinitions":[{"id":"5c45d172753fa20eb7c81e87","def":"{\"v\":7,\"a\":[2],\"p\":[{\"b\":13,\"s\":[{\"p\":[0,0,0],\"r\":[0,0,0],\"s\":[0.06,0.06000005,0.06000004],\"c\":[1,1,1]}]},{\"b\":14,\"s\":[{\"p\":[-0.213778,-0.005448405,-0.02391899],\"r\":[354.2471,80.79388,359.7793],\"s\":[0.06,0.06000008,0.06000009],\"c\":[1,1,1]}]}]}"}],"serveTime":5}