{"thingDefinitions":[{"id":"5c24ec257863da6f76f389ce","def":"{\"v\":7,\"p\":[{\"s\":[{\"p\":[0,0,0],\"r\":[0,0,0],\"s\":[0.1750002,0.1750006,0.1750007],\"c\":[1,1,1],\"b\":[\"when touched then become next in 1s\"]},{\"p\":[0,0,0],\"r\":[0,0,0],\"s\":[0.3488706,0.2045959,0.2600384],\"c\":[1,0.1714284,0],\"b\":[\"when starts then become next\"]}]}]}"}],"serveTime":5}