{"thingDefinitions":[{"id":"5e3887ec6d8eca4f5d1a715a","def":"{\"n\":\"ground\",\"v\":9,\"a\":[1],\"p\":[{\"b\":17,\"s\":[{\"p\":[0,0,0],\"r\":[0,0,0],\"s\":[3.363344,0.11062,3.201101],\"c\":[0.9019608,0.8509804,0.7215686]}]}]}"}],"serveTime":5}