{"thingDefinitions":[{"id":"5c357a1c573d946f77419065","def":"{\"n\":\"graphics\",\"v\":7,\"a\":[1,2,12,45],\"p\":[{\"t\":2,\"im\":\"938321411920087117/3421005FB546299835BFE011AB7EAFCC98B568FA/\",\"s\":[{\"p\":[0,0,0],\"r\":[0,0,0],\"s\":[0.883173,0.06636319,0.8083671],\"c\":[1,1,1]}]}]}"},{"id":"5c47ff3c6b94253f2cc3ebb9","def":"{\"n\":\"ground\",\"v\":7,\"a\":[7,18],\"p\":[{\"s\":[{\"p\":[0,0,0],\"r\":[0,0,0],\"s\":[17.33351,18.49373,0.1750033],\"c\":[0.1587299,0.5555556,0]}]}]}"}],"serveTime":6}