{"thingDefinitions":[{"id":"5caac4c54265947d9167f8fb","def":"{\"n\":\"ground\",\"v\":9,\"a\":[1],\"p\":[{\"b\":17,\"s\":[{\"p\":[0,0,0],\"r\":[0,0,0],\"s\":[3.363346,0.11062,3.201102],\"c\":[0.9019608,0.8509804,0.7215686]}]},{\"s\":[{\"p\":[-2.823947,1.339504,1.862658],\"r\":[10.80718,10.44348,83.9628],\"s\":[0.1750002,0.1750003,0.1750001],\"c\":[1,0,0.3428572]}]},{\"b\":9,\"s\":[{\"p\":[-2.481729,1.395168,1.225829],\"r\":[329.1057,99.51666,328.9749],\"s\":[0.1250003,0.1250002,0.1250004],\"c\":[1,0,0.3428572]}]},{\"b\":16,\"s\":[{\"p\":[-2.489614,1.380785,1.230165],\"r\":[15.64859,54.41265,353.6864],\"s\":[0.1000001,0.1000001,0.1000001],\"c\":[1,1,1]}]}]}"}],"serveTime":4}