{"thingDefinitions":[{"id":"5f513773154599055e093ff9","def":"{\"v\":9,\"p\":[{\"b\":9,\"s\":[{\"p\":[0,0,0],\"r\":[0,0,-2.134434E-07],\"s\":[0.1250007,0.1250006,0.1250004],\"c\":[1,1,1]}]}]}"}],"serveTime":4}