{"thingDefinitions":[{"id":"5ada59e0e050e704d0854a2f","def":"{\"v\":4,\"p\":[{\"b\":5,\"s\":[{\"p\":[0,0,0],\"r\":[0,0,0],\"s\":[0.125,0.125,0.125],\"c\":[1,1,1]}]}]}"},{"id":"5ada5a94711e330fcf0debf1","def":"{\"v\":4,\"a\":[2,9,15,31],\"p\":[{\"b\":2,\"s\":[{\"p\":[-0.7097342,0.3644583,0.3352658],\"r\":[41.91687,32.55863,276.126],\"s\":[0.1250004,0.1250007,0.1250006],\"c\":[0.3851852,0.148148,0.6666667]}]},{\"b\":2,\"s\":[{\"p\":[-0.5313026,0.6660875,0.3057758],\"r\":[36.79028,325.0473,127.1062],\"s\":[0.1250003,0.1250005,0.1250003],\"c\":[0.3851852,0.148148,0.6666667]}]},{\"b\":12,\"s\":[{\"p\":[-0.6323727,-0.008166477,-0.0245434],\"r\":[33.84402,272.9591,236.4698],\"s\":[0.06000004,0.06000002,0.06000002],\"c\":[0.148148,0.533333,0.6666667]}]}]}"}],"serveTime":6}