{"thingDefinitions":[{"id":"5e2239e4cf649524d1952a69","def":"{\"v\":9,\"p\":[{\"s\":[{\"p\":[0,0,0],\"r\":[0,0,0],\"s\":[0.1750013,0.175001,0.1750012],\"c\":[0.6285716,0,1]}]}]}"}],"serveTime":5}