{"thingDefinitions":[{"id":"5e20c87ee49cc6062720eeb5","def":"{\"v\":9,\"p\":[{\"t\":10,\"s\":[{\"p\":[0,0,0],\"r\":[0,0,0],\"s\":[0.1750001,0.1750001,0.1750001],\"c\":[1,0.1714285,0]}]}]}"}],"serveTime":5}