{"thingDefinitions":[{"id":"5a5017d06570d8a113a5e779","def":"{\"n\":\"thing\",\"v\":2,\"p\":[{\"b\":12,\"s\":[{\"p\":[0,0,0],\"r\":[0,0,1.000516E-08],\"s\":[0.7725492,0.06000005,0.6280707],\"c\":[1,1,1]}]}]}"}],"serveTime":6}