{"thingDefinitions":[{"id":"5d73fd84d2854e061ff07cba","def":"{\"n\":\"ground\",\"v\":9,\"a\":[1],\"p\":[{\"b\":17,\"s\":[{\"p\":[0,0,0],\"r\":[0,0,0],\"s\":[3.363346,0.11062,3.201102],\"c\":[0.9019608,0.8509804,0.7215686]}]}]}"},{"id":"5d73fe5c4d61c60625e66934","def":"{\"n\":\"ground\",\"v\":9,\"a\":[1,2],\"p\":[{\"b\":17,\"s\":[{\"p\":[-0.02661499,0.01199361,-0.0009115785],\"r\":[1.055104,358.8564,3.165473],\"s\":[3.363356,0.1106201,3.201112],\"c\":[0.9019608,0.8509804,0.7215686]}]},{\"b\":9,\"s\":[{\"p\":[-1.209273,0.3787321,-1.210835],\"r\":[65.05905,225.0942,66.66805],\"s\":[0.1250006,0.1250003,0.1250005],\"c\":[1,1,1]}]}]}"}],"serveTime":5}