{"thingDefinitions":[{"id":"5eb5c5353c701a1958cbc308","def":"{\"v\":9,\"p\":[{\"b\":9,\"s\":[{\"p\":[0,0,0],\"r\":[0,0,0],\"s\":[0.1250003,0.1250005,0.1250006],\"c\":[1,1,1]}]}]}"}],"serveTime":5}