{"thingDefinitions":[{"id":"5c92bd4b9050c5627a0bf1d5","def":"{\"v\":9,\"p\":[{\"b\":194,\"s\":[{\"p\":[0,0,0],\"r\":[0,0,0],\"s\":[0.06000034,0.06000009,0.06000042],\"c\":[1,1,1]}]}]}"}],"serveTime":4}