{"thingDefinitions":[{"id":"5c84c04311b7d02c05dd1f9b","def":"{\"v\":7,\"p\":[{\"s\":[{\"p\":[0,0,0],\"r\":[0,0,0],\"s\":[0.1750001,0.175,0.1750001],\"c\":[1,1,1]}]}]}"}],"serveTime":5}