{"thingDefinitions":[{"id":"5ca69cad1dc72605544b7a35","def":"{\"v\":9,\"p\":[{\"b\":9,\"s\":[{\"p\":[0,0,0],\"r\":[0,0,0],\"s\":[0.1250001,0.1250001,0.1250001],\"c\":[1,1,1]}]}]}"},{"id":"5ca69ce1ba8cdb055aa36818","def":"{\"v\":9,\"p\":[{\"b\":7,\"s\":[{\"p\":[0,0,0],\"r\":[0,0,0],\"s\":[0.1250001,0.1250002,0.1250001],\"c\":[1,1,1]}]},{\"b\":7,\"s\":[{\"p\":[0.1919553,0.2063506,0.1038503],\"r\":[337.4611,100.682,346.4105],\"s\":[0.1250003,0.1250005,0.1250003],\"c\":[1,1,1]}]},{\"b\":7,\"s\":[{\"p\":[0.1070217,0.1667485,0.1127366],\"r\":[22.96313,282.6521,12.67199],\"s\":[0.1250002,0.1250003,0.1250003],\"c\":[1,1,1]}]}]}"}],"serveTime":4}