{"thingDefinitions":[{"id":"5c76c9d86a85730565394c56","def":"{\"n\":\"realavatar\",\"v\":7,\"a\":[2,12,14,36],\"p\":[{\"b\":9,\"s\":[{\"p\":[0,0,0],\"r\":[0,0,1.067217E-07],\"s\":[0.1853247,0.1250001,0.6446843],\"c\":[0.1728394,0.7777778,0.7777778]}]}]}"}],"serveTime":6}