{"thingDefinitions":[{"id":"5b78542d1755e905826de0d0","def":"{\"v\":6,\"a\":[2],\"tp_m\": 5,\"p\":[{\"b\":54,\"s\":[{\"p\":[0,0,0],\"r\":[0,0,0],\"s\":[0.1250004,0.1250002,0.1250003],\"c\":[1,1,1]}]}]}"},{"id":"5b79b54e7585c320e50ff9a5","def":"{\"n\":\"ground\",\"v\":6,\"a\":[1],\"p\":[{\"b\":17,\"s\":[{\"p\":[0,0,0],\"r\":[0,0,0],\"s\":[30.10603,0.11062,18.38445],\"c\":[0.9019608,0.8509804,0.7215686]}]}]}"},{"id":"5b79b6e19f99c578136b210a","def":"{\"v\":6,\"a\":[2],\"tp_m\": 5,\"p\":[{\"b\":54,\"s\":[{\"p\":[0,0,0],\"r\":[0,0,0],\"s\":[2.08975,16.59849,3.375194],\"c\":[1,1,1]}]}]}"}],"serveTime":10}