{"thingDefinitions":[{"id":"5afffe6db4fbeb0f687d8712","def":"{\"v\":4,\"p\":[{\"b\":9,\"s\":[{\"p\":[0,0,0],\"r\":[0,0,1.28066E-06],\"s\":[0.1250002,0.1250001,0.125],\"c\":[1,1,1]}]},{\"b\":14,\"s\":[{\"p\":[-0.0601572,-0.1326212,-0.1568808],\"r\":[6.457976,235.0656,53.63153],\"s\":[0.06000002,0.06,0.06000002],\"c\":[1,1,1]}]},{\"b\":9,\"s\":[{\"p\":[0.1301274,-0.1069208,-0.02283065],\"r\":[21.79625,276.0331,69.88927],\"s\":[0.125,0.125,0.125],\"c\":[1,1,1]}]}]}"}],"serveTime":4}