{"thingDefinitions":[{"id":"5a6035935143108a135f22cd","def":"{\"n\":\"thing\",\"v\":2,\"a\":[2,9,12,14],\"p\":[{\"b\":10,\"s\":[{\"p\":[-0.09117927,0.1557106,0.1518409],\"r\":[26.07758,118.5603,1.852332],\"s\":[0.05468734,0.0546871,0.05468707],\"c\":[0,1,1]}]},{\"b\":3,\"s\":[{\"p\":[-0.07691835,0.2093161,0.07954407],\"r\":[49.15449,1.245222,358.5694],\"s\":[0.05468703,0.05468706,0.05468697],\"c\":[0,1,1]}]},{\"b\":3,\"s\":[{\"p\":[-0.08130068,0.2202711,0.17865],\"r\":[2.303815,15.11635,333.4927],\"s\":[0.05468706,0.0546871,0.05468708],\"c\":[0,1,1]}]},{\"s\":[{\"p\":[-0.1282789,-0.001458868,-0.1533799],\"r\":[6.839974,333.2475,324.9312],\"s\":[0.3574429,0.3120706,0.7822255],\"c\":[0,1,1]}]}]}"}],"serveTime":5}