{"thingDefinitions":[{"id":"5b5dd3b23dac890ba1986e09","def":"{\"n\":\"button\",\"v\":6,\"a\":[7,18],\"p\":[{\"s\":[{\"p\":[0.04585344,3.72529E-09,0],\"r\":[0,0,0],\"s\":[0.1076901,0.2297382,0.1750508],\"c\":[0.6285715,1,0]}]},{\"s\":[{\"p\":[-0.02839256,-0.003595533,-0.01438952],\"r\":[0,270,90],\"s\":[0.0573183,0.06292211,0.04274868],\"c\":[0,0.4444443,0.4063491],\"b\":[\"when touched then become next in 0.2s, tell pressed\"]},{\"p\":[-0.01228225,-0.003595592,-0.0143894],\"r\":[0,270,90],\"s\":[0.05733062,0.06292387,0.04275388],\"c\":[0,0.4444442,0.406349],\"b\":[\"when touched then become next in 0.2s\"]}]}]}"},{"id":"5b5dd4fec10ada18a0bf6d3b","def":"{\"n\":\"ball\",\"v\":6,\"p\":[{\"b\":9,\"s\":[{\"p\":[0,0,0],\"r\":[0,0,0],\"s\":[0.1250002,0.1250004,0.1250003],\"c\":[1,1,1],\"b\":[\"when told pressed then play doorbell\"]}]}]}"}],"serveTime":6}