{"thingDefinitions":[{"id":"5a25fe2a97e2c02910bcd8bc","def":"{\"n\":\"thing\",\"v\":2,\"p\":[{\"s\":[{\"p\":[0,0,0],\"r\":[0,0,0],\"s\":[118.3275,0.3833904,150.0006],\"c\":[0.2031744,0.4444443,0]}]}]}"}],"serveTime":5}