{"thingDefinitions":[{"id":"5a8043adda8d6cf0133f8bbf","def":"{\"n\":\"ground\",\"v\":3,\"a\":[1],\"p\":[{\"b\":17,\"s\":[{\"p\":[0,0,0],\"r\":[0,0,6.003096E-08],\"s\":[150,0.641828,150],\"c\":[0.9019608,0.8509804,0.7215686]}]}]}"},{"id":"5a8043f3ab3fb8d70f8012c6","def":"{\"n\":\"thing\",\"v\":3,\"a\":[2,40],\"p\":[{\"b\":5,\"s\":[{\"p\":[0.8865515,-0.09067535,0.8287593],\"r\":[2.756345,185.6637,294.9721],\"s\":[0.2951607,0.284629,0.2002147],\"c\":[1,1,1]}]},{\"b\":5,\"s\":[{\"p\":[0.9313427,-0.1599176,-0.9473906],\"r\":[358.261,3.785288,346.7162],\"s\":[0.2951613,0.2846293,0.2002152],\"c\":[1,1,1]}]},{\"b\":14,\"s\":[{\"p\":[0.8440888,-0.09787965,-0.04405499],\"r\":[3.938325,182.978,46.34307],\"s\":[0.06001449,0.06001677,0.3354817],\"c\":[1,1,1]}]}]}"}],"serveTime":5}