{"thingDefinitions":[{"id":"5b685db2021a7020772caf30","def":"{\"v\":6,\"p\":[{\"b\":46,\"s\":[{\"p\":[0,0,0],\"r\":[0,0,1.707547E-06],\"s\":[0.125,0.125,0.1250001],\"c\":[1,1,1]}]}]}"}],"serveTime":6}