{"thingDefinitions":[{"id":"5a49902ab54c621b144a8041","def":"{\"n\":\"thing\",\"v\":2,\"p\":[{\"b\":9,\"s\":[{\"p\":[0,0,0],\"r\":[0,0,-8.537737E-07],\"s\":[0.1250009,0.1250008,0.1250008],\"c\":[1,1,1]}]},{\"b\":9,\"s\":[{\"p\":[-0.05684105,0.1372924,0.1949854],\"r\":[9.824344,121.6418,61.66723],\"s\":[0.1250006,0.1250008,0.1250009],\"c\":[1,1,1]}]},{\"b\":9,\"s\":[{\"p\":[-0.1235524,0.3096289,0.3532835],\"r\":[32.00753,187.2892,100.5245],\"s\":[0.1250006,0.1250009,0.125001],\"c\":[1,1,1]}]}]}"}],"serveTime":5}