{"thingDefinitions":[{"id":"5d199de3631945786f6b989a","def":"{\"n\":\"ground\",\"v\":9,\"a\":[1],\"p\":[{\"b\":17,\"c\":[[-1,2.5,0.2,620,3,66,5],[-0.5,0.5,1,540,3,66,5],[-0.7,24.398,1.1,468,3,66,5],[-0.9,-0.251,0.7,544,3,66,5],[-0.6,5.652,0.5,616,3,66,5],[0.6,-0.984,0.6,593,7,66,5],[0.8,-1.8,0.5,521,7,66,5],[0.9,6,0.4,589,7,66,5],[0.368,1.148,0.7,597,7,66,5],[0.015,1.641,0.418,673,7,54,3],[-0.931,1.762,0.794,472,3,66,5]],\"s\":[{\"p\":[0,0,0],\"r\":[0,0,0],\"s\":[3.699181,0.1643881,3.201102],\"c\":[0.9019608,0.8509804,0.7215686]}]},{\"b\":9,\"s\":[{\"p\":[-0.1837288,1.742673,0.2901678],\"r\":[302.5136,209.2609,220.1543],\"s\":[0.125,0.125,0.1250001],\"c\":[1,1,1]}]},{\"b\":9,\"s\":[{\"p\":[-0.3500445,1.788516,0.8794663],\"r\":[332.69,291.597,94.53584],\"s\":[0.1250002,0.1250002,0.1250002],\"c\":[1,1,1]}]}]}"}],"serveTime":5}