{"thingDefinitions":[{"id":"5b270655dff1076fcd370d93","def":"{\"v\":5,\"p\":[{\"b\":91,\"e\":\"ZACH IS a school friend\",\"s\":[{\"p\":[0,0,0],\"r\":[0,0,0],\"s\":[0.003000003,0.003000004,0.003000003],\"c\":[0,1,0.5714287]},{\"p\":[0,0,0],\"r\":[0,0,0],\"s\":[0.003000003,0.003000004,0.003000003],\"c\":[1,1,1]},{\"p\":[0,0,0],\"r\":[0,0,0],\"s\":[0.003000003,0.003000004,0.003000003],\"c\":[1,1,1]},{\"p\":[0,0,0],\"r\":[0,0,0],\"s\":[0.003000003,0.003000004,0.003000003],\"c\":[1,1,1]}]}]}"}],"serveTime":4}