{"thingDefinitions":[{"id":"5e8a1eb8b03f8b057affd687","def":"{\"n\":\"ground\",\"v\":9,\"a\":[1],\"p\":[{\"b\":17,\"s\":[{\"p\":[0,0,0],\"r\":[0,0,0],\"s\":[3.363346,0.11062,3.201102],\"c\":[0.9019608,0.8509804,0.7215686]}]},{\"b\":10,\"s\":[{\"p\":[-0.5348563,1.536455,0.4759534],\"r\":[351.9271,39.96691,333.0308],\"s\":[0.125,0.1250001,0.1250001],\"c\":[1,1,1]}]},{\"b\":14,\"s\":[{\"p\":[-0.4567177,1.768795,0.401899],\"r\":[298.2006,122.5675,239.2536],\"s\":[0.06000003,0.06000008,0.06000011],\"c\":[1,1,1]}]}]}"}],"serveTime":6}