{"thingDefinitions":[{"id":"5ed7146bff67107ac92bfd07","def":"{\"v\":9,\"a\":[2,7],\"inc\":[[\"thing\",\"5ed61b39bf007b393423f286\"],[\"thing 2\",\"5ed71394956f620ad693dbc2\"]],\"p\":[{\"b\":62,\"t1\":10,\"s\":[{\"p\":[-0.001027107,-0.01087707,0.001538279],\"r\":[-1.221333E-12,270,1.001791E-05],\"s\":[0.1250698,0.03885986,0.1250704],\"c\":[0,0.7428569,1],\"b\":[\"when consumed then change head to thing 2\",\"when consumed then play electro wobble dubstep 3 with very-low-pitch \",\"when consumed then destroy all parts\"],\"t1\":{\"c\":[1,0,0],\"a\":0}}]},{\"b\":61,\"t1\":10,\"s\":[{\"p\":[-0.0009365082,-0.006494105,0.0008611693],\"r\":[-1.001791E-05,-8.757938E-13,1.001791E-05],\"s\":[0.0620041,0.0340445,0.06217472],\"c\":[1,0,0],\"t1\":{\"c\":[0,0.05714262,1],\"a\":0}}]}]}"},{"id":"5f32c56111766f3186f93b87","def":"{\"v\":9,\"a\":[32,43],\"p\":[{\"s\":[{\"p\":[-0.03208956,0.06252588,0.02866916],\"r\":[352.8782,359.093,357.592],\"s\":[0.04768497,0.5030804,0.7653121],\"c\":[1,1,1]}]},{\"b\":14,\"a\":[34],\"s\":[{\"p\":[-0.1643792,0.117317,-0.3780126],\"r\":[351.3969,0.03371708,356.0944],\"s\":[0.03566051,0.02527238,0.06002922],\"c\":[1,1,1]}]}]}"}],"serveTime":4}