{"thingDefinitions":[{"id":"5e76570839e75474ab4f477e","def":"{\"v\":9,\"p\":[{\"b\":2,\"c\":[[0.248,0.02,3.564,1,2,3,4],[-1.688,1.492,-0.024,5,2,7],[2.417,1.26,-0.059,0,4,11]],\"sa\":52,\"s\":[{\"p\":[0,0,0],\"r\":[0,0,0],\"s\":[0.1250001,0.1250001,0.1250001],\"c\":[1,1,1]}]},{\"s\":[{\"p\":[0.03091486,0.03085473,0.2923278],\"r\":[4.615064,1.30693,357.4745],\"s\":[0.175,0.175,0.175],\"c\":[1,1,1]}]}]}"}],"serveTime":4}