{"thingDefinitions":[{"id":"59826b65ccbb6431107b59d7","def":"{\"n\":\"ground\",\"a\":[1],\"p\":[{\"b\":17,\"s\":[{\"p\":[0,0,0],\"r\":[0,0,0],\"s\":[18.25513,0.11062,14.04912],\"c\":[0.9019608,0.8509804,0.7215686]}]}]}"},{"id":"59826c054b874eb913d9cb8f","def":"{\"n\":\"thing\",\"a\":[2,17],\"p\":[{\"b\":14,\"s\":[{\"p\":[0,0,0],\"r\":[0,0,0],\"s\":[0.006531529,0.008462261,0.2005987],\"c\":[0,0,0]}]}]}"}],"serveTime":5}