{"thingDefinitions":[{"id":"5a7e7517efebdd263bb4695e","def":"{\"n\":\"ground\",\"v\":3,\"a\":[1],\"p\":[{\"b\":17,\"s\":[{\"p\":[0,0,0],\"r\":[0,0,0],\"s\":[3.363346,0.11062,3.201102],\"c\":[0.9019608,0.8509804,0.7215686]}]}]}"},{"id":"5a7e76f48896f62c3b0449c9","def":"{\"n\":\"thing\",\"v\":2,\"p\":[{\"b\":17,\"s\":[{\"p\":[0,0,0],\"r\":[0,0,-1.707547E-06],\"s\":[0.06000006,0.06000004,0.06000003],\"c\":[1,1,1]}]}]}"}],"serveTime":6}