{"thingDefinitions":[{"id":"5cdd7cb9db3a9b31f4214eeb","def":"{\"n\":\"ground\",\"v\":9,\"a\":[1],\"p\":[{\"b\":17,\"s\":[{\"p\":[0,0,0],\"r\":[0,0,2.643029E-07],\"s\":[101.6495,0.11062,80.06631],\"c\":[0.9019608,0.8509804,0.7215686]}]}]}"}],"serveTime":4}