{"thingDefinitions":[{"id":"5bdcd16bd2760b5a33b9abe1","def":"{\"v\":7,\"p\":[{\"b\":9,\"s\":[{\"p\":[0,0,0],\"r\":[0,0,8.537735E-07],\"s\":[0.1143839,0.1061923,0.1308224],\"c\":[1,1,1]}]},{\"b\":8,\"s\":[{\"p\":[-0.09340219,0.02433131,0.04772481],\"r\":[22.68117,22.89024,64.24337],\"s\":[0.02857253,0.01117785,0.03425386],\"c\":[1,1,1]}]}]}"}],"serveTime":4}