{"thingDefinitions":[{"id":"5c886eabdcfa662aca72f439","def":"{\"v\":7,\"p\":[{\"s\":[{\"p\":[0,0,0],\"r\":[0,0,0],\"s\":[0.1750002,0.1750003,0.1750004],\"c\":[1,1,1]}]},{\"s\":[{\"p\":[-0.0562759,0.1238293,-0.1702635],\"r\":[4.548924,353.3709,325.5337],\"s\":[0.175,0.1750001,0.1750002],\"c\":[1,1,1]}]}]}"}],"serveTime":7}