{"thingDefinitions":[{"id":"5cb8d448bdfb9370476e11da","def":"{\"n\":\"ground\",\"v\":9,\"a\":[1,7,18],\"p\":[{\"b\":17,\"s\":[{\"p\":[0,0,0],\"r\":[0,0,0],\"s\":[3.363346,0.11062,3.201102],\"c\":[0.9019608,0.8509804,0.7215686]}]}]}"},{"id":"5cb8d1f5ef5174481d2df4f4","def":"{\"v\":9,\"p\":[{\"b\":9,\"s\":[{\"p\":[0,0,0],\"r\":[0,0,0],\"s\":[0.125,0.1250002,0.1250002],\"c\":[1,1,1]}]}]}"}],"serveTime":6}