{"thingDefinitions":[{"id":"5b80884e5875427aee16c662","def":"{\"v\":6,\"p\":[{\"b\":9,\"s\":[{\"p\":[0,0,0],\"r\":[0,0,-3.415094E-06],\"s\":[0.1250001,0.1250003,0.1250003],\"c\":[1,1,1]}]},{\"b\":9,\"s\":[{\"p\":[0.04277422,-0.090607,0.1669098],\"r\":[31.72887,139.3987,12.27251],\"s\":[0.1250002,0.1250003,0.1250003],\"c\":[1,1,1]}]},{\"b\":14,\"s\":[{\"p\":[0.1680291,-0.1840813,-0.01818938],\"r\":[36.0006,124.2004,17.25142],\"s\":[0.06000003,0.06000006,0.06000005],\"c\":[1,1,1]}]}]}"}],"serveTime":5}