{"thingDefinitions":[{"id":"5ca7ff93cf0d3c17bf99bd0e","def":"{\"v\":9,\"p\":[{\"s\":[{\"p\":[0.09153921,0.1703454,0.02246929],\"r\":[284.4855,76.07287,254.4832],\"s\":[0.1750001,0.1750002,0.1750001],\"c\":[1,1,1]}]},{\"s\":[{\"p\":[-0.02602257,0.1286192,0.01653445],\"r\":[328.2165,2.147925,335.7873],\"s\":[0.1750004,0.1750001,0.1750002],\"c\":[1,1,1]}]}]}"}],"serveTime":4}