{"thingDefinitions":[{"id":"5ba4ccf1510cb966cb568183","def":"{\"v\":7,\"a\":[2,48],\"p\":[{\"b\":5,\"s\":[{\"p\":[0.306071,0.3397421,-0.1361389],\"r\":[323.8308,103.8573,149.1196],\"s\":[0.0378142,0.03945897,0.3027247],\"c\":[1,1,1]}]},{\"b\":5,\"s\":[{\"p\":[-0.2061194,-0.06566209,-0.0238075],\"r\":[323.1766,102.3859,42.16569],\"s\":[0.02055926,0.01941252,1.417955],\"c\":[1,0,0],\"b\":[\"when \"]},{\"p\":[0,0,0],\"r\":[0,0,0],\"s\":[0.1000006,0.1000002,1.417942],\"c\":[1,1,1]}]}]}"}],"serveTime":5}