{"thingDefinitions":[{"id":"5d56e0a9492e5221b107eacf","def":"{\"v\":9,\"p\":[{\"b\":12,\"s\":[{\"p\":[0,0,0],\"r\":[0,0,0],\"s\":[0.06000005,0.06000001,0.06000004],\"c\":[1,1,1]}]}]}"}],"serveTime":4}