{"thingDefinitions":[{"id":"5baef527b529eb09ad3e0c1f","def":"{\"v\":7,\"p\":[{\"b\":12,\"s\":[{\"p\":[0,0,0],\"r\":[0,0,0],\"s\":[0.06000001,0.06000008,0.06000008],\"c\":[1,1,1]}]}]}"}],"serveTime":7}