{"thingDefinitions":[{"id":"5cbb8dc4981488266be4bf24","def":"{\"v\":9,\"p\":[{\"b\":9,\"s\":[{\"p\":[0,0,0],\"r\":[0,0,1.707547E-06],\"s\":[0.1250002,0.1250001,0.1250001],\"c\":[1,1,1]}]},{\"b\":11,\"s\":[{\"p\":[-0.06537416,0.003353529,0.05582129],\"r\":[343.6747,322.3042,1.901578],\"s\":[0.09999999,0.1000001,0.1000001],\"c\":[1,1,1]}]},{\"b\":6,\"s\":[{\"p\":[-0.1210796,0.07843076,0.1409312],\"r\":[307.758,319.6114,11.11955],\"s\":[0.125,0.125,0.125],\"c\":[1,1,1]}]},{\"b\":14,\"s\":[{\"p\":[-0.0641432,0.03030429,0.05479692],\"r\":[344.6039,329.9848,4.796224],\"s\":[0.07029787,0.06000002,0.06000004],\"c\":[1,1,1]}]}]}"}],"serveTime":3}