{"thingDefinitions":[{"id":"5a04df7574d313b413732ac1","def":"{\"n\":\"thing\",\"v\":2,\"p\":[{\"b\":73,\"t\":2,\"s\":[{\"p\":[0,0,0],\"r\":[0,0,4.268868E-07],\"s\":[1.34533,1.34533,1.34533],\"c\":[0.9714286,1,0]}]}]}"},{"id":"5a061efe38a48cac137466a1","def":"{\"n\":\"thing\",\"v\":2,\"a\":[22,18],\"p\":[{\"s\":[{\"p\":[0.03414011,-1.038771E-07,-0.594108],\"r\":[-1.001791E-05,0,0],\"s\":[0.1750821,2.524229,3.685801],\"c\":[1,1,1]},{\"p\":[0,0,0],\"r\":[0,0,0],\"s\":[0.1750406,2.524072,2.671466],\"c\":[1,1,1]}]}]}"}],"serveTime":6}