{"thingDefinitions":[{"id":"5bbd2fe30b969a057535d80e","def":"{\"n\":\"ground\",\"v\":7,\"a\":[1],\"p\":[{\"b\":17,\"s\":[{\"p\":[0,0,0],\"r\":[0,0,0],\"s\":[2500,0.11062,2500],\"c\":[0.9019608,0.8509804,0.7215686]}]}]}"}],"serveTime":4}