{"thingDefinitions":[{"id":"5bfafccec8f9ed644c751726","def":"{\"v\":7,\"a\":[2,3,27],\"p\":[{\"s\":[{\"p\":[-0.05702162,0.0529226,0.00656798],\"r\":[0.8324317,7.149853,339.4596],\"s\":[0.0591094,0.3040813,0.05039015],\"c\":[0,0.3333332,0.3333332]}]},{\"s\":[{\"p\":[0.05369357,0.1924751,-0.006452918],\"r\":[359.8,8.563571,295.9669],\"s\":[0.05910999,0.1726929,0.05039103],\"c\":[0,0.2222221,0.126984]}]},{\"s\":[{\"p\":[0.02135395,0.1270641,-0.005087513],\"r\":[36.1262,295.9787,190.3394],\"s\":[0.02802948,0.04930447,0.01630289],\"c\":[0,0,0]}]},{\"b\":43,\"s\":[{\"p\":[0.03830789,0.1276537,0.042048],\"r\":[41.57217,288.6647,98.40121],\"s\":[0.2244809,0.1116911,0.08639061],\"c\":[0.8,1,0]}]}]}"}],"serveTime":4}