{"thingDefinitions":[{"id":"5d0426c23a4be050ef93e98d","def":"{\"n\":\"ground\",\"v\":9,\"a\":[1],\"p\":[{\"b\":17,\"s\":[{\"p\":[0,0,0],\"r\":[0,0,0],\"s\":[3.363346,0.11062,3.201102],\"c\":[0.9019608,0.8509804,0.7215686]}]}]}"},{"id":"5d0425bd3a4be050ef93e98a","def":"{\"v\":9,\"a\":[22,31],\"p\":[{\"b\":10,\"s\":[{\"p\":[-0.03291621,-0.3039807,-0.03752824],\"r\":[13.44266,326.3648,161.817],\"s\":[0.1250235,0.1018658,0.2065019],\"c\":[1,1,1]}]},{\"b\":11,\"s\":[{\"p\":[0.07943547,-0.4786017,-0.07428163],\"r\":[321.8164,163.5314,65.12688],\"s\":[0.1000132,0.1000126,0.1000115],\"c\":[1,1,1]}]}]}"}],"serveTime":6}