{"thingDefinitions":[{"id":"5ad248a64143dd15819a54ef","def":"{\"v\":3,\"a\":[7,18],\"p\":[{\"t\":10,\"t1\":152,\"t2\":147,\"s\":[{\"p\":[0,0,0],\"r\":[0,0,0],\"s\":[153.2466,162.4256,0.08806982],\"c\":[0.09523786,0.3333331,0],\"t1\":{\"c\":[0,0,0],\"x\":0.5,\"y\":0.5,\"a\":0.8925,\"m\":0,\"n\":0,\"r\":0,\"g\":0,\"o\":0.5,\"t\":0.5,\"e\":0.5},\"t2\":{\"c\":[0,0,0],\"x\":0.05107999,\"y\":0.01272178,\"a\":0.8925,\"m\":0,\"n\":0,\"r\":0,\"g\":0,\"o\":0.5,\"t\":0.5,\"e\":0.5}}]}]}"}],"serveTime":4}