{"thingDefinitions":[{"id":"5cb8f9a55220eb05580b5e22","def":"{\"v\":9,\"d\":\"ARBOLITO-SETA\",\"a\":[4],\"tp_m\": 666,\"tp_m\": 666,\"tp_lr\": [0,0,1],\"p\":[{\"b\":156,\"s\":[{\"p\":[-0.004394941,0.1347163,0.003367551],\"r\":[351.0174,336.4979,5.112432],\"s\":[0.08000019,0.08000002,0.0800002],\"c\":[0.03703704,0.3333332,0.1047618]}]},{\"b\":166,\"sa\":176,\"s\":[{\"p\":[-0.004965433,-0.01310488,0.01688404],\"r\":[350.7016,359.9294,0.7372425],\"s\":[0.0300001,0.03000003,0.0300001],\"c\":[0.3238093,0.3333331,0]}]}]}"}],"serveTime":4}