{"thingDefinitions":[{"id":"5e4ba26b5acb892877a40ea8","def":"{\"n\":\"ground\",\"v\":9,\"a\":[1],\"p\":[{\"b\":17,\"s\":[{\"p\":[0,0,0],\"r\":[0,0,0],\"s\":[3.363346,0.11062,3.201102],\"c\":[0.9019608,0.8509804,0.7215686]}]},{\"b\":2,\"s\":[{\"p\":[-0.7205011,1.257954,0.006247342],\"r\":[285.3104,180.1877,99.05592],\"s\":[0.1250001,0.1250001,0.1250002],\"c\":[1,1,1]}]}]}"}],"serveTime":6}