{"thingDefinitions":[{"id":"5d6341ca5b135f4d4f829fb2","def":"{\"v\":9,\"p\":[{\"s\":[{\"p\":[0,0,0],\"r\":[0,0,0],\"s\":[0.1750001,0.1750002,0.1750001],\"c\":[1,1,1]}]},{\"b\":3,\"s\":[{\"p\":[0.06115776,0.05653088,-0.3697976],\"r\":[52.58048,269.528,314.902],\"s\":[0.1250001,0.1250001,0.125],\"c\":[1,1,1]}]},{\"b\":17,\"s\":[{\"p\":[0.3042072,0.3268233,-0.5947102],\"r\":[38.45758,201.1444,234.4474],\"s\":[0.06000007,0.06000009,0.06000002],\"c\":[1,1,1]}]}]}"}],"serveTime":5}