{"thingDefinitions":[{"id":"5f02d5ca45b62a0c10ba3799","def":"{\"v\":9,\"p\":[{\"t\":1,\"s\":[{\"p\":[0,0,0],\"r\":[0,0,0],\"s\":[0.1750001,0.1750002,0.1750001],\"c\":[0.1347441,0.1234567,0.2222221]}]},{\"b\":2,\"t\":1,\"s\":[{\"p\":[0.2167809,-0.009670064,0.0107015],\"r\":[273.6211,266.6149,99.325],\"s\":[0.1250001,0.1250001,0.1250002],\"c\":[0.1347441,0.1234567,0.2222221]}]}]}"}],"serveTime":4}