{"thingDefinitions":[{"id":"5c0278a01fa21763f2eb6c22","def":"{\"n\":\"ground\",\"v\":7,\"a\":[1],\"p\":[{\"b\":17,\"s\":[{\"p\":[0,0,0],\"r\":[0,0,0],\"s\":[3.363346,0.11062,3.201102],\"c\":[0.9019608,0.8509804,0.7215686]},{\"p\":[0,0,0],\"r\":[0,0,0],\"s\":[3.363346,0.11062,3.201102],\"c\":[0.9019608,0.8509804,0.7215686]}]},{\"s\":[{\"p\":[-0.8371421,1.459562,0.123305],\"r\":[328.4638,346.8896,37.75209],\"s\":[0.1750002,0.1750001,0.1750002],\"c\":[1,1,1]}]}]}"}],"serveTime":3}