{"thingDefinitions":[{"id":"5cace5269f0f1e0561b5126c","def":"{\"v\":9,\"p\":[{\"b\":17,\"s\":[{\"p\":[0,0,0],\"r\":[0,0,-4.268868E-07],\"s\":[0.06000002,0.0600001,0.0600001],\"c\":[1,1,1]}]}]}"}],"serveTime":6}