{"thingDefinitions":[{"id":"5a0c7ecc473da64b17430b57","def":"{\"n\":\"thing\",\"v\":2,\"p\":[{\"s\":[{\"p\":[0,0,0],\"r\":[0,0,0],\"s\":[0.1750001,0.1750001,0.175],\"c\":[1,1,1]}]}]}"},{"id":"5a0d3e894584503917cde502","def":"{\"n\":\"thing\",\"v\":2,\"p\":[{\"s\":[{\"p\":[0,0,0],\"r\":[0,0,0],\"s\":[0.1750004,0.1750002,0.1750002],\"c\":[1,1,1]}]}]}"}],"serveTime":10}