{"thingDefinitions":[{"id":"5c295531285ab86f59fd6640","def":"{\"v\":7,\"p\":[{\"s\":[{\"p\":[0,0,0],\"r\":[0,0,0],\"s\":[0.1750003,0.1512257,0.1750006],\"c\":[1,1,1]}]},{\"s\":[{\"p\":[0.3717123,0.7420166,-0.3443112],\"r\":[22.61863,103.474,196.7507],\"s\":[0.1750004,0.1750007,0.1750002],\"c\":[1,1,1]}]},{\"b\":3,\"s\":[{\"p\":[0.4037862,0.7103348,-0.1951659],\"r\":[293.2599,106.2748,29.58558],\"s\":[0.1250001,0.1250001,0.1250001],\"c\":[1,1,1]}]},{\"b\":8,\"s\":[{\"p\":[0.3517737,0.7698175,-0.5267019],\"r\":[290.0645,318.3654,124.0441],\"s\":[0.1250001,0.125,0.125],\"c\":[1,1,1]}]}]}"}],"serveTime":4}