{"thingDefinitions":[{"id":"5d65f876e3a91a622b2d7595","def":"{\"v\":9,\"p\":[{\"s\":[{\"p\":[-0.03226525,0.03341758,-0.1000921],\"r\":[6.053437,19.48292,336.3669],\"s\":[0.175,0.175,0.175],\"c\":[1,1,1]}]},{\"b\":9,\"s\":[{\"p\":[-0.03913754,0.2886762,-0.4113662],\"r\":[5.198346,10.51326,353.1347],\"s\":[0.1250003,0.1250003,0.1250004],\"c\":[1,1,1]}]}]}"}],"serveTime":4}