{"thingDefinitions":[{"id":"5cc0f5a3364a29481c937214","def":"{\"v\":9,\"p\":[{\"b\":9,\"s\":[{\"p\":[0,0,0],\"r\":[0,0,3.415094E-06],\"s\":[0.1250002,0.1250001,0.1250001],\"c\":[1,1,1]}]},{\"b\":9,\"s\":[{\"p\":[-0.09400395,0.3226639,0.1025993],\"r\":[340.7475,338.3964,353.9522],\"s\":[0.1250009,0.1250003,0.1250006],\"c\":[1,1,1]}]},{\"b\":9,\"s\":[{\"p\":[-0.5294686,-0.07280505,0.005143225],\"r\":[21.41899,302.3665,18.16189],\"s\":[0.125001,0.1250003,0.1250007],\"c\":[1,1,1]}]},{\"b\":17,\"s\":[{\"p\":[-0.1805811,0.300941,0.0961286],\"r\":[328.2611,355.1517,344.9183],\"s\":[0.06000018,0.06000016,0.06000015],\"c\":[1,1,1]}]}]}"}],"serveTime":5}