{"thingDefinitions":[{"id":"5c393bf23fa57f0549bd0b4e","def":"{\"v\":7,\"p\":[{\"b\":9,\"s\":[{\"p\":[0,0,0],\"r\":[0,0,-8.537735E-07],\"s\":[0.1250005,0.1250007,0.1250005],\"c\":[1,1,1]}]},{\"b\":12,\"s\":[{\"p\":[0.1074227,0.1012743,-0.2080259],\"r\":[73.1488,81.19152,108.8083],\"s\":[0.06000001,0.06000006,0.06000003],\"c\":[1,1,1]}]}]}"}],"serveTime":4}