{"thingDefinitions":[{"id":"5db2c51739effe115f71a93e","def":"{\"n\":\"ground\",\"v\":9,\"a\":[1],\"p\":[{\"b\":17,\"c\":[[-0.6,0.8,0.1,627,69,2,50],[0,12.5,0.2,699,3,3,3,3,1,3,3,3,3,3,3,3,5,3,3,3,3],[1.1,3.8,0,513,7,66,5],[0.6,7.2,0.7,593,7,66,5],[0.8,6.8,0.7,521,7,66,5],[-0.2,8.1,-0.8,568,4,65,6],[-1.5,12.5,0,195,69,2,67],[-1.3,-0.7,0.4,476,3,66,5],[-1.3,12.4,0.6,260,3,66,5],[-0.9,13.4,1,472,3,66,5],[-0.5,3.9,1,540,3,66,5],[-0.3,13.5,1.3,461,6,67,4],[0.3,14.6,1.4,385,7,66,5],[0.8,19.6,1.2,381,7,66,5],[-1.4,18.9,-0.5,412,3,66,5],[-0.6,4.4,-1,420,3,66,5],[-0.7,19.9,-1.3,276,3,66,5],[0.4,20,-1.5,353,7,66,5],[1.1,20.1,-1.1,361,7,66,5],[1.5,19.7,0.5,301,7,66,5],[0.8,1,0.3,589,7,66,5]],\"sa\":153,\"s\":[{\"p\":[0,0,0],\"r\":[0,0,0],\"s\":[3.363346,0.11062,3.201102],\"c\":[0.9019608,0.8509804,0.7215686]},{\"p\":[0,0,0],\"r\":[0,0,0],\"s\":[3.363346,0.11062,3.201102],\"c\":[0.9019608,0.8509804,0.7215686]}]}]}"}],"serveTime":4}