{"thingDefinitions":[{"id":"5e4d86e55acb892877a40eec","def":"{\"v\":9,\"p\":[{\"s\":[{\"p\":[0,0,0],\"r\":[0,0,8.537737E-07],\"s\":[0.1749999,0.175,0.1749999],\"c\":[1,1,1]}]},{\"b\":68,\"s\":[{\"p\":[0.05378333,-0.05926597,-0.04470464],\"r\":[343.826,19.99018,351.3808],\"s\":[0.1,0.1000001,0.1],\"c\":[1,1,1],\"b\":[\"whe 46y5\"]},{\"p\":[0.05378333,-0.05926597,-0.04470464],\"r\":[343.826,19.99018,351.3808],\"s\":[0.1,0.1000001,0.1],\"c\":[1,1,1]}]}]}"}],"serveTime":4}