{"thingDefinitions":[{"id":"5c77d6faa4756735bde4730a","def":"{\"v\":7,\"p\":[{\"s\":[{\"p\":[0,0,0],\"r\":[0,0,0],\"s\":[0.1750005,0.1750002,0.1750003],\"c\":[1,1,1]}]}]}"},{"id":"5c77d73100b8ee668fd0738b","def":"{\"v\":7,\"p\":[{\"b\":2,\"s\":[{\"p\":[0,0,0],\"r\":[0,0,0],\"s\":[0.1250002,0.1250001,0.125],\"c\":[1,1,1]}]},{\"b\":9,\"s\":[{\"p\":[0.5867785,0.2014038,-0.02159619],\"r\":[344.9991,73.29633,11.39053],\"s\":[0.1250001,0.1250001,0.125],\"c\":[1,1,1]}]},{\"b\":9,\"s\":[{\"p\":[0.4134021,0.007258639,-0.08735472],\"r\":[52.00307,83.11005,66.05255],\"s\":[0.8636962,0.6844414,0.1250001],\"c\":[1,1,1]}]}]}"}],"serveTime":6}