{"thingDefinitions":[{"id":"5917fe2eac11ef9b1389038f","def":"{\"n\":\"thing\",\"p\":[{\"s\":[{\"p\":[1.227125,0.1696311,0.4793062],\"r\":[340.1305,57.5309,99.14198],\"s\":[0.8334932,0.9147865,0.1750002],\"c\":[1,1,1]}]},{\"s\":[{\"p\":[0.9266269,0.9474683,0.4453256],\"r\":[339.7023,52.65479,280.9431],\"s\":[150,150,0.3677226],\"c\":[1,1,1]}]},{\"s\":[{\"p\":[0.04768255,0.192902,0.1098936],\"r\":[4.793911,24.96888,323.1369],\"s\":[0.1750004,0.1750004,0.1750001],\"c\":[1,1,1]}]},{\"s\":[{\"p\":[0.1804726,-0.2919855,-0.02877861],\"r\":[348.6607,334.814,183.0303],\"s\":[0.1750006,0.3390507,0.1750003],\"c\":[1,1,1]}]}]}"}],"serveTime":4}