{"thingDefinitions":[{"id":"5c0483d375b22a64fb6e04e1","def":"{\"v\":7,\"p\":[{\"s\":[{\"p\":[0,0,0],\"r\":[0,0,1.067217E-06],\"s\":[0.1750005,0.1750004,0.1750002],\"c\":[1,1,1]}]}]}"},{"id":"5c0483f3c8f9ed644c751b1c","def":"{\"v\":7,\"p\":[{\"b\":12,\"s\":[{\"p\":[0,0,0],\"r\":[0,0,0],\"s\":[0.06000004,0.05999999,0.06000002],\"c\":[1,1,1]}]}]}"}],"serveTime":6}