{"thingDefinitions":[{"id":"5d4330fefd0b123d54ea8e06","def":"{\"v\":9,\"p\":[{\"s\":[{\"p\":[0,0,0],\"r\":[0,0,0],\"s\":[0.1750005,1.139711,0.1750007],\"c\":[1,1,1]}]},{\"s\":[{\"p\":[-0.162111,0.4820339,0.02050482],\"r\":[1.458786,89.72826,271.4941],\"s\":[0.1750007,0.9036988,0.1750008],\"c\":[1,1,1]}]},{\"s\":[{\"p\":[0.1706688,0.4688882,0.03199592],\"r\":[359.3193,91.91554,272.8249],\"s\":[0.1750007,0.9036988,0.1750009],\"c\":[1,1,1]}]}]}"}],"serveTime":5}