{"thingDefinitions":[{"id":"5c3ad3a9638de76f667e95a9","def":"{\"n\":\"ground\",\"v\":7,\"a\":[1],\"p\":[{\"b\":17,\"s\":[{\"p\":[0,0,0],\"r\":[0,0,0],\"s\":[7.398374,0.11062,7.192764],\"c\":[0.9019608,0.8509804,0.7215686]}]},{\"s\":[{\"p\":[0.6074753,1.401846,-1.606089],\"r\":[2.10399,151.6356,3.495469],\"s\":[0.0879487,0.4620163,0.4438507],\"c\":[1,1,1]}]}]}"}],"serveTime":4}