{"thingDefinitions":[{"id":"5c81f25ed442260558555b58","def":"{\"v\":7,\"p\":[{\"b\":9,\"s\":[{\"p\":[0,0,0],\"r\":[0,0,-1.28066E-06],\"s\":[0.1250003,0.1250004,0.1250003],\"c\":[1,1,1]}]},{\"b\":12,\"s\":[{\"p\":[0.4038091,-0.4084656,0.09535866],\"r\":[74.76638,153.7315,171.1528],\"s\":[0.0600004,0.06000061,0.06000032],\"c\":[1,1,1]}]},{\"b\":78,\"s\":[{\"p\":[0.168808,-0.1094088,0.08490714],\"r\":[37.39477,309.6447,51.24941],\"s\":[0.07500002,0.07499999,0.075],\"c\":[1,1,1]}]},{\"b\":87,\"s\":[{\"p\":[-0.2691236,0.1462165,-0.1301122],\"r\":[83.82829,120.1607,52.95422],\"s\":[0.1250002,0.1250002,0.1250001],\"c\":[1,1,1]}]}]}"}],"serveTime":6}