{"thingDefinitions":[{"id":"5a2aca1d44ca9fab13e89798","def":"{\"n\":\"thing\",\"v\":2,\"p\":[{\"b\":9,\"s\":[{\"p\":[0,0,0],\"r\":[0,0,-8.537737E-07],\"s\":[0.1250002,0.125,0.1250002],\"c\":[1,0,0.6857142]}]},{\"b\":148,\"s\":[{\"p\":[0.5062475,-0.6148319,-0.7160536],\"r\":[38.46776,146.259,142.5691],\"s\":[0.09000006,0.09000006,0.09],\"c\":[1,1,1]}]},{\"b\":9,\"s\":[{\"p\":[0.1351983,-0.0820954,-0.1957044],\"r\":[20.4342,353.0969,8.749434],\"s\":[0.1250001,0.125,0.1250001],\"c\":[0,0.8888889,0.2031746]}]}]}"},{"id":"5a2acb954caae46735d08a70","def":"{\"n\":\"thing\",\"v\":2,\"p\":[{\"b\":12,\"s\":[{\"p\":[0,0,0],\"r\":[0,0,0],\"s\":[2.05579,0.2275627,2.125069],\"c\":[1,1,1]}]}]}"}],"serveTime":6}