{"thingDefinitions":[{"id":"5e87f471b4d0c2060a95ef20","def":"{\"v\":9,\"p\":[{\"b\":9,\"t\":3,\"s\":[{\"p\":[0,0,0],\"r\":[0,0,0],\"s\":[0.1250001,0.125,0.1250001],\"c\":[0,0.8888889,0.8888889]}]}]}"}],"serveTime":4}