{"thingDefinitions":[{"id":"5f20de7143ec5270f3e3d170","def":"{\"n\":\"ground\",\"v\":9,\"a\":[1],\"p\":[{\"b\":17,\"s\":[{\"p\":[0,0,0],\"r\":[0,0,0],\"s\":[3.363346,0.11062,3.201102],\"c\":[0.9019608,0.8509804,0.7215686]}]},{\"s\":[{\"p\":[0.9477558,1.024254,1.425422],\"r\":[351.1432,351.3323,352.1749],\"s\":[0.175,0.175,0.175],\"c\":[1,1,1]}]},{\"s\":[{\"p\":[0.1427532,1.094665,2.994504],\"r\":[345.5332,305.0271,13.75967],\"s\":[0.175,0.175,0.264868],\"c\":[1,1,1]}]}]}"}],"serveTime":5}