{"thingDefinitions":[{"id":"5cf26d1c15dedc06304630ae","def":"{\"n\":\"ground\",\"v\":9,\"a\":[1],\"p\":[{\"b\":17,\"s\":[{\"p\":[0,0,0],\"r\":[0,0,0],\"s\":[3.363346,0.11062,3.201102],\"c\":[0.9019608,0.8509804,0.7215686]}]},{\"b\":11,\"s\":[{\"p\":[-4.308434,1.030855,-0.7232293],\"r\":[9.626509,81.59034,35.42331],\"s\":[0.1000001,0.1,0.1000001],\"c\":[1,1,1]}]},{\"s\":[{\"p\":[-4.341322,1.04548,-0.7187673],\"r\":[330.7198,41.34737,29.95143],\"s\":[0.1750001,0.1750001,0.1750001],\"c\":[1,1,1]}]},{\"s\":[{\"p\":[-4.309699,1.055809,-0.7289482],\"r\":[301.4242,23.80142,113.5849],\"s\":[0.1750004,0.1750002,0.1750002],\"c\":[1,1,1]}]}]}"}],"serveTime":4}