{"thingDefinitions":[{"id":"5c02b6efc75fcf650fdfb7e9","def":"{\"v\":7,\"p\":[{\"b\":14,\"s\":[{\"p\":[0,0,0],\"r\":[0,0,0],\"s\":[0.06000001,0.06000002,0.06000001],\"c\":[1,1,1]}]}]}"},{"id":"5c02b7438a41dd65026eb513","def":"{\"v\":7,\"p\":[{\"b\":14,\"s\":[{\"p\":[0,0,0],\"r\":[0,0,0],\"s\":[0.06000001,0.05999999,0.06],\"c\":[1,1,1]}]}]}"},{"id":"5c02b7e421bd35055a34ae6c","def":"{\"v\":7,\"p\":[{\"s\":[{\"p\":[0,0,0],\"r\":[0,0,-4.268868E-07],\"s\":[0.175,0.1749999,0.175],\"c\":[1,1,1]}]}]}"},{"id":"5c02b932b64774055bef67ec","def":"{\"v\":7,\"p\":[{\"b\":180,\"s\":[{\"p\":[0,0,0],\"r\":[0,0,-2.134434E-07],\"s\":[0.125,0.125,0.125],\"c\":[1,1,1]}]}]}"}],"serveTime":9}