{"thingDefinitions":[{"id":"5814aae09145e8d242c46ba0","def":"{\"n\":\"thing\",\"p\":[{\"b\":10,\"s\":[{\"p\":[0,0,0],\"r\":[0,0,0],\"s\":[0.1250001,0.125,0.1250001],\"c\":[1,1,1]}]},{\"b\":10,\"s\":[{\"p\":[0.1627463,0.3447013,-0.1863463],\"r\":[318.0662,38.08157,354.4413],\"s\":[0.1250004,0.1250004,0.1250004],\"c\":[1,1,1]}]}]}"}],"serveTime":5}