{"thingDefinitions":[{"id":"5d9b9cbca1cf1e392b56b975","def":"{\"v\":9,\"a\":[12],\"p\":[{\"b\":9,\"s\":[{\"p\":[0,0,0],\"r\":[0,0,1.707548E-06],\"s\":[0.1250002,0.1250003,0.1250004],\"c\":[1,1,1]}]},{\"b\":3,\"s\":[{\"p\":[0.1910909,-0.1096573,0.09771599],\"r\":[355.568,58.87814,314.4763],\"s\":[0.125,0.1250001,0.125],\"c\":[1,1,1]}]},{\"b\":5,\"s\":[{\"p\":[-0.1280482,0.05974287,-0.04504756],\"r\":[24.3387,65.48288,329.9357],\"s\":[0.1000001,0.1000001,0.1000001],\"c\":[1,1,1]}]}]}"}],"serveTime":5}