{"thingDefinitions":[{"id":"5b82d4397e72580579bb630f","def":"{\"v\":6,\"p\":[{\"b\":2,\"s\":[{\"p\":[0,0,0],\"r\":[0,0,0],\"s\":[0.125,0.1250001,0.125],\"c\":[1,1,1]}]}]}"},{"id":"5b82d739bc700128a8bdf62d","def":"{\"v\":6,\"a\":[2,9,41],\"p\":[{\"b\":175,\"a\":[32],\"s\":[{\"p\":[0.1480635,0,0.06368206],\"r\":[7.840797,3.16041,309.1854],\"s\":[0.04501457,0.0450092,0.04501471],\"c\":[1,1,1]}]},{\"b\":151,\"a\":[32],\"s\":[{\"p\":[0.2371722,-0.2563222,-0.08403952],\"r\":[314.2655,29.99723,352.3889],\"s\":[0.06000561,0.06000292,0.06000463],\"c\":[1,1,1]}]}]}"}],"serveTime":7}