{"thingDefinitions":[{"id":"5be9416afec0f7275205ef28","def":"{\"v\":7,\"p\":[{\"b\":175,\"s\":[{\"p\":[0,0,0],\"r\":[0,0,-1.000516E-07],\"s\":[0.04500006,0.04499999,0.04500006],\"c\":[1,1,1]}]},{\"b\":175,\"s\":[{\"p\":[0.4377174,0.01543546,-0.2325361],\"r\":[357.7943,48.09199,349.728],\"s\":[0.04500011,0.04499999,0.0450001],\"c\":[1,1,1]}]},{\"b\":175,\"s\":[{\"p\":[0.2474532,0.0147059,-0.1059031],\"r\":[358.6545,18.66132,358.0471],\"s\":[0.04500011,0.04499998,0.04500009],\"c\":[1,1,1]}]}]}"}],"serveTime":4}