{"thingDefinitions":[{"id":"5cf967dfdd84d64ed9482561","def":"{\"v\":9,\"p\":[{\"s\":[{\"p\":[0,0,0],\"r\":[0,0,0],\"s\":[0.001,134.2998,48.38469],\"c\":[0.3185183,0.7777778,0.2592591]}]}]}"},{"id":"5cf96a1158d1de773550da09","def":"{\"n\":\"baton\",\"v\":9,\"a\":[2],\"p\":[{\"s\":[{\"p\":[-0.05122798,0.1551375,0.1131852],\"r\":[19.41351,353.6266,105.362],\"s\":[0.5469906,0.03447822,0.04857629],\"c\":[0.04938262,0.05925908,0.2222221]}]},{\"s\":[{\"p\":[-0.005041465,0.05698767,-0.005242754],\"r\":[19.34616,357.7611,17.06565],\"s\":[0.03633261,0.02802495,0.121149],\"c\":[0.04938262,0.05925908,0.2222221]}]}]}"}],"serveTime":6}