{"thingDefinitions":[{"id":"5a12106b28234a241090e84e","def":"{\"n\":\"thing\",\"v\":2,\"a\":[7,21],\"p\":[{\"b\":77,\"s\":[{\"p\":[0,0,0],\"r\":[0,0,-5.336086E-08],\"s\":[0.07593796,0.07593798,0.07593797],\"c\":[1,1,1]}]},{\"b\":77,\"s\":[{\"p\":[0.07305543,0.07663547,-0.0190175],\"r\":[346.4216,15.09546,89.09499],\"s\":[0.07593835,0.07593828,0.07593796],\"c\":[1,1,1]}]}]}"},{"id":"5a12151ae631f59e13d3c728","def":"{\"n\":\"thing\",\"v\":2,\"p\":[{\"b\":73,\"s\":[{\"p\":[0,0,0],\"r\":[0,0,-8.537737E-07],\"s\":[5.894268,5.894255,5.89425],\"c\":[1,1,1]}]}]}"}],"serveTime":6}