{"thingDefinitions":[{"id":"57fe6af08d4d958113368a58","def":"{\"n\":\"thing\",\"a\":[7,18],\"p\":[{\"b\":12,\"s\":[{\"p\":[0,0,0],\"r\":[0,0,0],\"s\":[0.8097944,0.06006953,0.8960857],\"c\":[0.8888889,0.6095237,0]}]}]}"},{"id":"57fe6ca3d1d39d9713adc1ba","def":"{\"n\":\"thing\",\"a\":[7,18],\"p\":[{\"b\":12,\"s\":[{\"p\":[0,0,0],\"r\":[0,0,0],\"s\":[0.8100117,0.0600949,0.2484169],\"c\":[0.8888889,0.6095237,0]}]}]}"}],"serveTime":5}