{"thingDefinitions":[{"id":"5837945639ef911910223426","def":"{\"n\":\"thing\",\"p\":[{\"t\":6,\"s\":[{\"p\":[0,0,0],\"r\":[0,0,0],\"s\":[0.1750001,0.1750003,0.1750004],\"c\":[1,0,0]}]}]}"},{"id":"5837946c5c66790e1012a217","def":"{\"n\":\"thing\",\"p\":[{\"s\":[{\"p\":[0,0,0],\"r\":[0,0,0],\"s\":[0.1749999,0.1750002,0.1750002],\"c\":[1,1,1]}]}]}"}],"serveTime":8}