{"thingDefinitions":[{"id":"5e2d0be50d37d23816f73509","def":"{\"v\":9,\"a\":[2,9],\"p\":[{\"b\":4,\"s\":[{\"p\":[-0.5247285,-0.2024201,-0.1739156],\"r\":[351.3581,332.2579,306.4366],\"s\":[0.1250004,0.1250002,0.1250004],\"c\":[1,1,1]}]},{\"s\":[{\"p\":[-0.4577682,-0.05256043,0.1278576],\"r\":[350.4252,269.799,359.6807],\"s\":[0.1750005,0.1750005,0.1750005],\"c\":[1,1,1]}]}]}"}],"serveTime":4}