{"thingDefinitions":[{"id":"5b108960fde3ec03d83a106e","def":"{\"v\":4,\"p\":[{\"b\":3,\"s\":[{\"p\":[0.7738308,1.606837,-0.5344611],\"r\":[310.0499,191.2584,232.7028],\"s\":[0.8250291,0.1934814,0.361154],\"c\":[1,1,1]}]},{\"b\":5,\"s\":[{\"p\":[-0.2219261,0.08048892,-0.3073644],\"r\":[66.15152,321.8057,275.1117],\"s\":[0.5999504,0.4108456,0.1205758],\"c\":[1,1,1]}]}]}"}],"serveTime":4}