{"thingDefinitions":[{"id":"5c8a47319639d47ef028e1ff","def":"{\"v\":7,\"p\":[{\"b\":13,\"s\":[{\"p\":[0,0,0],\"r\":[0,0,0],\"s\":[0.06000027,0.06000003,0.06000023],\"c\":[1,1,1]}]},{\"b\":13,\"s\":[{\"p\":[-0.005487863,-0.1637008,0.01340603],\"r\":[351.853,0.08658008,358.9316],\"s\":[0.06000033,0.06000002,0.06000033],\"c\":[1,1,1]}]}]}"}],"serveTime":10}