{"thingDefinitions":[{"id":"5d4ec73de51a7e1b3fb8a672","def":"{\"n\":\"ground\",\"v\":9,\"a\":[1],\"p\":[{\"b\":17,\"c\":[[0.779,0.437,0.761,601,7,66,5],[0.852,0.857,0.719,521,7,66,5]],\"s\":[{\"p\":[0,0,0],\"r\":[0,0,0],\"s\":[3.363346,0.11062,3.201102],\"c\":[0.9019608,0.8509804,0.7215686]}]}]}"}],"serveTime":5}