{"thingDefinitions":[{"id":"5d983795c4010f0628bcbd1e","def":"{\"v\":9,\"p\":[{\"b\":12,\"s\":[{\"p\":[0,0,0],\"r\":[0,0,0],\"s\":[0.2834477,0.05999999,0.2690724],\"c\":[1,1,1]}]}]}"}],"serveTime":13}