{"thingDefinitions":[{"id":"5cc3125702726879123b7a01","def":"{\"v\":9,\"p\":[{\"b\":3,\"s\":[{\"p\":[0,0,0],\"r\":[0,0,-1.28066E-06],\"s\":[0.1250002,0.1250002,0.1250001],\"c\":[1,1,1]}]}]}"}],"serveTime":5}