{"thingDefinitions":[{"id":"5a7670fbee5802841334c701","def":"{\"n\":\"thing\",\"v\":2,\"p\":[{\"b\":10,\"s\":[{\"p\":[0,0,0],\"r\":[0,0,1.280661E-06],\"s\":[0.1115054,0.125,0.1995447],\"c\":[1,1,1]}]}]}"}],"serveTime":3}