{"thingDefinitions":[{"id":"5ade47a55b0f8c410744349d","def":"{\"v\":4,\"p\":[{\"b\":9,\"s\":[{\"p\":[0,0,0],\"r\":[0,0,-8.537737E-07],\"s\":[0.1250001,0.1250001,0.125],\"c\":[1,1,1]}]},{\"b\":9,\"s\":[{\"p\":[0.3114079,0.3235348,0.1243933],\"r\":[342.5669,350.0494,65.10744],\"s\":[0.1250001,0.1250001,0.1250001],\"c\":[1,1,1]}]},{\"b\":9,\"s\":[{\"p\":[0.3126868,0.6329203,-0.1790885],\"r\":[318.1223,349.8034,118.5171],\"s\":[0.1250001,0.1250002,0.1250002],\"c\":[1,1,1]}]}]}"}],"serveTime":4}