{"thingDefinitions":[{"id":"5a14800366c4463e101b6063","def":"{\"n\":\"thing\",\"v\":2,\"p\":[{\"s\":[{\"p\":[0,0,0],\"r\":[0,0,3.415094E-06],\"s\":[0.1750004,0.1750003,0.1750006],\"c\":[1,1,1]}]}]}"},{"id":"5a1485e2c87d4a9c13567950","def":"{\"n\":\"thing\",\"v\":2,\"p\":[{\"s\":[{\"p\":[0,0,0],\"r\":[0,0,-1.707548E-06],\"s\":[0.1750007,17.23429,35.30481],\"c\":[1,1,1]}]}]}"}],"serveTime":6}