{"thingDefinitions":[{"id":"5e3dfc7a363ca93807cc80f5","def":"{\"v\":9,\"p\":[{\"s\":[{\"p\":[0,0,0],\"r\":[0,0,0],\"s\":[0.175,0.175,0.1750001],\"c\":[1,0.111111,0.5682541]}]},{\"s\":[{\"p\":[-0.1933659,0.003288329,0.004958153],\"r\":[358.2843,359.9562,355.278],\"s\":[0.1750001,0.1750001,0.1750001],\"c\":[1,0.111111,0.5682541]}]}]}"}],"serveTime":4}