{"thingDefinitions":[{"id":"5a0dc4af28d2ab2610487ed9","def":"{\"n\":\"uy\",\"v\":2,\"p\":[{\"b\":10,\"s\":[{\"p\":[0,0,0],\"r\":[0,0,1.067217E-06],\"s\":[0.2101369,0.4672833,0.1850561],\"c\":[1,1,1]}]}]}"}],"serveTime":4}