{"thingDefinitions":[{"id":"5e5043edf2d4fa05405bdbad","def":"{\"v\":9,\"p\":[{\"b\":12,\"s\":[{\"p\":[0,0,0],\"r\":[0,0,0],\"s\":[0.06000006,0.05999999,0.06000006],\"c\":[1,1,1]}]}]}"}],"serveTime":9}