{"thingDefinitions":[{"id":"5acd17955cab430fe99be2ca","def":"{\"v\":2,\"p\":[{\"b\":3,\"t\":4,\"t1\":128,\"t2\":61,\"s\":[{\"p\":[0,0,0],\"r\":[0,0,1.067217E-07],\"s\":[0.1250001,0.1250001,0.125],\"c\":[0,1,0.5714287],\"t1\":{\"c\":[0,0,0],\"x\":0.5,\"y\":0.5,\"a\":0.8925,\"m\":0,\"n\":0,\"r\":0,\"g\":0,\"o\":0.5,\"t\":0.5,\"e\":0.5},\"t2\":{\"c\":[1,0,0.5142857],\"x\":0.5,\"y\":0.5,\"a\":0.8925,\"m\":0,\"n\":0,\"r\":0,\"g\":0,\"o\":0.5,\"t\":0.5,\"e\":0.5}}]},{\"b\":137,\"e\":\"ANALEE\",\"s\":[{\"p\":[0.02786095,-0.07131326,-0.2043055],\"r\":[23.71975,349.143,148.4819],\"s\":[0.003000001,0.003000001,0.003],\"c\":[1,1,1]},{\"p\":[0.02786095,-0.07131326,-0.2043055],\"r\":[23.71975,349.143,148.4819],\"s\":[0.003000001,0.003000001,0.003],\"c\":[1,1,1]}]}]}"}],"serveTime":4}