{"thingDefinitions":[{"id":"5c75bab6ca2dee2070496c71","def":"{\"v\":7,\"p\":[{\"b\":10,\"s\":[{\"p\":[0,0,0],\"r\":[0,0,0],\"s\":[0.1250006,0.1250003,0.1250004],\"c\":[1,1,1]}]},{\"b\":10,\"s\":[{\"p\":[0.1671111,0.1406302,-0.05442218],\"r\":[338.3909,28.93095,342.3578],\"s\":[0.1250003,0.1250002,0.1250002],\"c\":[1,1,1]}]},{\"b\":10,\"s\":[{\"p\":[0.1887397,0.5451199,-0.1822629],\"r\":[325.3708,285.9699,117.3366],\"s\":[0.1250005,0.1250003,0.1250002],\"c\":[1,1,1]}]}]}"}],"serveTime":4}