{"thingDefinitions":[{"id":"5cb3cf458b4088056594f22d","def":"{\"v\":9,\"p\":[{\"b\":17,\"s\":[{\"p\":[-0.1218844,-0.2446196,-0.1378165],\"r\":[29.38799,5.598035,5.417915],\"s\":[0.06000002,0.06000001,0.06000002],\"c\":[1,1,1]}]},{\"b\":32,\"s\":[{\"p\":[-0.02998473,-0.2431859,-0.2124239],\"r\":[34.60575,238.016,20.69155],\"s\":[0.125,0.125,0.125],\"c\":[1,1,1]}]},{\"b\":32,\"s\":[{\"p\":[0.08645302,-0.1375594,-0.1487309],\"r\":[321.1809,61.58752,146.9719],\"s\":[0.1250002,0.1250003,0.1250003],\"c\":[1,1,1]}]},{\"b\":9,\"s\":[{\"p\":[0.02601252,-0.06284942,-0.03220483],\"r\":[18.03709,350.9764,34.31458],\"s\":[0.1250001,0.125,0.1250001],\"c\":[1,1,1]}]}]}"}],"serveTime":4}