{"thingDefinitions":[{"id":"5b9cf1bae20e0462ce2ccd71","def":"{\"v\":6,\"p\":[{\"b\":9,\"s\":[{\"p\":[0,0,0],\"r\":[0,0,1.707547E-06],\"s\":[0.1250003,0.1250004,0.1250004],\"c\":[1,1,1]}]}]}"},{"id":"5b9cf2db6c3e470f9695a4e5","def":"{\"v\":6,\"p\":[{\"s\":[{\"p\":[0.02490107,0.02228795,0.2276102],\"r\":[338.0143,353.0736,4.709465],\"s\":[0.1750008,0.1750011,0.1750007],\"c\":[1,1,1]}]},{\"s\":[{\"p\":[-0.007241752,-0.006079703,-0.02184659],\"r\":[4.373683,359.5702,0.2250277],\"s\":[0.1750006,0.1750009,0.1750006],\"c\":[1,1,1]}]}]}"}],"serveTime":6}