{"thingDefinitions":[{"id":"5c254869ea1f546e4855e19c","def":"{\"v\":7,\"a\":[6,23,33],\"p\":[{\"b\":5,\"s\":[{\"p\":[0.3331231,0.01101964,0.1531338],\"r\":[338.1585,5.841183,26.646],\"s\":[0.1000007,0.1000005,0.1000002],\"c\":[1,1,1]}]}]}"}],"serveTime":4}