{"thingDefinitions":[{"id":"5c1e066d7863da6f76f38840","def":"{\"v\":7,\"a\":[21],\"p\":[{\"b\":9,\"s\":[{\"p\":[0,0,0],\"r\":[0,0,-1.28066E-06],\"s\":[0.1250002,0.1250001,0.1250001],\"c\":[1,1,1]}]}]}"}],"serveTime":4}