{"thingDefinitions":[{"id":"5c4c9b6ed728b7487b8ce017","def":"{\"v\":7,\"a\":[7],\"p\":[{\"s\":[{\"p\":[0,0,0],\"r\":[0,0,0],\"s\":[4.873533,0.001,26.14725],\"c\":[1,1,1]}]}]}"},{"id":"5c4c9c6a928d804874adc86f","def":"{\"v\":7,\"a\":[7,18],\"p\":[{\"s\":[{\"p\":[0,0,0],\"r\":[0,0,0],\"s\":[4.873533,0.001,26.14725],\"c\":[1,1,1]}]}]}"}],"serveTime":5}