{"thingDefinitions":[{"id":"5ceff7e83c486e0637989b05","def":"{\"v\":9,\"p\":[{\"b\":13,\"s\":[{\"p\":[0,0,0],\"r\":[0,0,8.537737E-07],\"s\":[0.06000005,0.06000004,0.06000008],\"c\":[1,1,1]}]}]}"}],"serveTime":13}