{"thingDefinitions":[{"id":"5be93db01a499247a48062ed","def":"{\"v\":7,\"p\":[{\"b\":183,\"s\":[{\"p\":[0,0,0],\"r\":[0,0,8.337634E-09],\"s\":[0.05999999,0.06000001,0.06000003],\"c\":[1,1,1]}]},{\"b\":197,\"s\":[{\"p\":[-0.2422189,-0.01862619,-0.02467417],\"r\":[335.6187,196.7005,354.8828],\"s\":[0.06000003,0.06000001,0.06000001],\"c\":[1,1,1]}]},{\"b\":197,\"s\":[{\"p\":[0.1696989,0.02152695,-0.2091835],\"r\":[57.37091,320.7712,303.9491],\"s\":[0.06,0.06000008,0.06000005],\"c\":[1,1,1]}]},{\"b\":180,\"s\":[{\"p\":[0.004537528,0.3269809,0.03933097],\"r\":[283.1592,24.85353,338.9],\"s\":[0.1250001,0.1250002,0.1250003],\"c\":[1,1,1]}]}]}"}],"serveTime":4}