{"thingDefinitions":[{"id":"5e29cc9e9371bd24d77a84d5","def":"{\"v\":9,\"p\":[{\"s\":[{\"p\":[0,0,0],\"r\":[0,0,0],\"s\":[0.2938444,0.3803928,0.6046313],\"c\":[1,1,1]}]}]}"}],"serveTime":4}