{"thingDefinitions":[{"id":"5b84c6da3bec4253c667898c","def":"{\"v\":6,\"p\":[{\"b\":9,\"s\":[{\"p\":[0.3136797,-0.3210583,-0.1293384],\"r\":[28.44304,5.008181,58.23589],\"s\":[0.1250004,0.1250003,0.1250006],\"c\":[1,1,1]}]},{\"b\":9,\"s\":[{\"p\":[0.3953517,0.4017485,0.06470909],\"r\":[43.14251,48.48717,251.4729],\"s\":[0.3857617,0.308663,0.3507028],\"c\":[1,1,1]}]},{\"b\":9,\"s\":[{\"p\":[0.03836718,0.6810013,-0.2904635],\"r\":[10.22142,357.0941,237.9391],\"s\":[0.3857619,0.3086631,0.350703],\"c\":[1,1,1]}]},{\"b\":9,\"s\":[{\"p\":[0.005032495,0.3237206,-0.06942289],\"r\":[24.53811,14.37501,240.5953],\"s\":[1.884463,0.3086632,0.3507033],\"c\":[1,1,1]}]}]}"}],"serveTime":4}