{"thingDefinitions":[{"id":"5b6586be52129a07314b0ac2","def":"{\"v\":6,\"p\":[{\"b\":12,\"s\":[{\"p\":[0,0,0],\"r\":[0,0,4.002064E-08],\"s\":[0.06000005,0.06000001,0.06],\"c\":[0.5555556,0.4850087,0.0617283]}]}]}"}],"serveTime":8}