{"thingDefinitions":[{"id":"5a1df4ed47bd552a10aa99fb","def":"{\"n\":\"thing\",\"v\":2,\"p\":[{\"b\":10,\"t\":3,\"s\":[{\"p\":[0,0,0],\"r\":[0,0,0],\"s\":[0.4223484,0.2522374,0.1848558],\"c\":[0,1,0.3999999]}]}]}"},{"id":"5a1df5b4202c97df13289b0d","def":"{\"n\":\"thing\",\"v\":2,\"p\":[{\"b\":5,\"s\":[{\"p\":[0,0,0],\"r\":[0,0,3.415094E-06],\"s\":[0.1250003,0.1250002,0.1250006],\"c\":[1,1,1]}]},{\"b\":5,\"t\":3,\"s\":[{\"p\":[-0.3298186,0.9485556,-0.4207357],\"r\":[337.4015,199.2135,99.63306],\"s\":[0.04465017,0.04796639,0.3923106],\"c\":[0,1,0.3999999]}]}]}"}],"serveTime":6}