{"thingDefinitions":[{"id":"5823fd1658723bea0ff0c3e6","def":"{\"n\":\"thing\",\"a\":[2,7,18,21],\"p\":[{\"b\":12,\"s\":[{\"p\":[0,0,0],\"r\":[0,0,0],\"s\":[0.06000001,0.06000001,0.06000002],\"c\":[1,1,1]}]}]}"}],"serveTime":4}