{"thingDefinitions":[{"id":"5ab33b5eb891bb13951fe0b6","def":"{\"v\":2,\"p\":[{\"s\":[{\"p\":[0,0,0],\"r\":[0,0,0],\"s\":[0.1750005,0.1750004,0.1750003],\"c\":[1,1,1]}]},{\"b\":2,\"s\":[{\"p\":[-0.1518133,0.009751901,0.03026359],\"r\":[359.9816,269.8714,88.1861],\"s\":[0.1250003,0.1250001,0.1250002],\"c\":[1,1,1]}]},{\"b\":12,\"s\":[{\"p\":[0.1155228,-0.004203089,-0.04259638],\"r\":[5.122873,355.0382,266.8127],\"s\":[0.06000002,0.06000006,0.06000007],\"c\":[1,1,1]}]}]}"}],"serveTime":4}