{"thingDefinitions":[{"id":"5e1e8e27cf649524d19529e9","def":"{\"v\":9,\"p\":[{\"b\":3,\"t\":9,\"c\":[[1.628,1.848,0.139,15,30],[-0.149,2.306,0.347,16],[-1.534,1.624,0.471,18],[-2.597,0.358,0.23,19],[-2.577,-1.022,0.29,9],[2.465,0.482,0.134,37],[2.412,-1.197,0.077,34],[-1.153,-2.242,0.16,10],[-0.044,-2.586,0.214,25,16,2,4,7,2],[1.212,-2.353,0.097,33],[0.297,-0.867,0.297,31],[-0.243,-0.904,0.298,23],[-0.661,-0.647,0.299,22],[0.78,-0.584,0.233,32],[0.914,-0.038,0.271,48],[0.788,0.499,0.221,46],[-0.886,-0.031,0.289,20],[-0.701,0.446,0.336,27],[-0.328,0.811,0.336,21],[0.297,0.827,0.315,26,24,2,1]],\"cx\":0,\"s\":[{\"p\":[0,0,0],\"r\":[0,0,0],\"s\":[0.1250018,0.1250011,0.1250013],\"c\":[1,1,1]}]}]}"}],"serveTime":5}