{"thingDefinitions":[{"id":"5ce6a508a89f2e52a40ff5f0","def":"{\"v\":9,\"p\":[{\"s\":[{\"p\":[0,0,0],\"r\":[0,0,0],\"s\":[0.1750001,0.1750002,0.1750003],\"c\":[1,1,1]}]}]}"}],"serveTime":6}