{"thingDefinitions":[{"id":"5a3acec9d1eeb1ad13c83bb9","def":"{\"n\":\"thing\",\"v\":2,\"p\":[{\"b\":9,\"s\":[{\"p\":[0,0,0],\"r\":[0,0,0],\"s\":[0.4169634,0.4053791,0.294938],\"c\":[1,1,1]}]},{\"b\":175,\"s\":[{\"p\":[-0.05257541,-0.2263259,-0.2147334],\"r\":[30.47002,287.4885,125.4963],\"s\":[0.005,0.005000003,0.005],\"c\":[1,1,1]}]}]}"}],"serveTime":4}