{"thingDefinitions":[{"id":"5b78ecf8f05273781ef42adb","def":"{\"v\":6,\"p\":[{\"s\":[{\"p\":[0,0,0],\"r\":[0,0,1.28066E-06],\"s\":[0.1750006,0.1750005,0.1750002],\"c\":[1,1,1]}]},{\"s\":[{\"p\":[0.09009703,-0.1944579,-0.2235839],\"r\":[43.38786,339.0226,40.96172],\"s\":[0.1750005,0.1750004,0.1750002],\"c\":[1,1,1]}]}]}"}],"serveTime":4}