{"thingDefinitions":[{"id":"58658cd5a16465111007dd65","def":"{\"n\":\"thing\",\"p\":[{\"s\":[{\"p\":[0,0,0],\"r\":[0,0,6.403303E-07],\"s\":[0.1750001,0.1750001,0.1750001],\"c\":[1,1,1]}]}]}"}],"serveTime":3}