{"thingDefinitions":[{"id":"5d06b7413afcca062b5c38ca","def":"{\"v\":9,\"p\":[{\"b\":4,\"s\":[{\"p\":[-0.0009209998,0.3505384,-0.02136865],\"r\":[274.1162,216.0913,88.38344],\"s\":[0.1250002,0.1250001,0.5380755],\"c\":[1,1,1]}]},{\"s\":[{\"p\":[-0.01180514,-0.3244751,-0.04454868],\"r\":[8.344435,2.889649,355.8391],\"s\":[0.4825902,0.4329229,0.2970419],\"c\":[1,1,1]}]}]}"}],"serveTime":5}