{"thingDefinitions":[{"id":"5bd367f0e1a7e8275aac1591","def":"{\"v\":7,\"p\":[{\"b\":10,\"s\":[{\"p\":[0,0,0],\"r\":[0,0,-4.268868E-07],\"s\":[0.125,0.1250001,0.125],\"c\":[1,1,1]}]},{\"b\":14,\"s\":[{\"p\":[-0.2439194,0.2472333,-0.2137371],\"r\":[39.61036,134.6927,120.631],\"s\":[0.06000011,0.06000021,0.06000017],\"c\":[1,1,1]}]},{\"b\":14,\"s\":[{\"p\":[0.1021677,0.1017183,0.08144687],\"r\":[70.37423,206.1697,148.3337],\"s\":[0.06000008,0.06000013,0.06000007],\"c\":[1,1,1]}]},{\"b\":10,\"s\":[{\"p\":[0.1465773,-0.07679486,0.05211671],\"r\":[7.782323,19.02995,340.1059],\"s\":[0.1250001,0.125,0.125],\"c\":[1,1,1]}]}]}"}],"serveTime":5}