{"thingDefinitions":[{"id":"5c5c7d2aedae896db4b99ccd","def":"{\"v\":7,\"a\":[1,4],\"p\":[{\"b\":9,\"s\":[{\"p\":[0,0,0],\"r\":[0,0,0],\"s\":[0.125,0.1250002,0.125],\"c\":[1,1,1]}]},{\"b\":10,\"s\":[{\"p\":[-0.07751568,-0.01507613,-0.284691],\"r\":[26.40345,10.83181,324.7036],\"s\":[0.1250002,0.1250002,0.1250003],\"c\":[1,1,1]}]},{\"b\":2,\"s\":[{\"p\":[0.2173395,0.03867367,-0.1891977],\"r\":[4.680381,134.3319,64.52807],\"s\":[0.125001,0.1250007,0.1250007],\"c\":[1,1,1]}]}]}"}],"serveTime":4}