{"thingDefinitions":[{"id":"5df66d45f1a891062bdcc244","def":"{\"n\":\"ground\",\"v\":9,\"a\":[1],\"p\":[{\"b\":17,\"s\":[{\"p\":[0,0,0],\"r\":[0,0,0],\"s\":[3.363346,0.11062,3.185528],\"c\":[0.9019608,0.8509804,0.7215686]}]}]}"}],"serveTime":5}