{"thingDefinitions":[{"id":"5b90aa44ea2eea28646dfa7b","def":"{\"v\":6,\"p\":[{\"b\":17,\"s\":[{\"p\":[0,0,0],\"r\":[0,0,0],\"s\":[0.06000002,0.06000001,0.06000002],\"c\":[1,1,1]}]},{\"b\":79,\"s\":[{\"p\":[-0.1142082,-0.06719961,-0.2137008],\"r\":[24.63515,331.9816,359.7395],\"s\":[0.07500002,0.07500002,0.07500003],\"c\":[1,1,1]}]}]}"}],"serveTime":5}