{"thingDefinitions":[{"id":"5aa83a8bab0a4f083f5e3ca7","def":"{\"n\":\"ground\",\"v\":3,\"a\":[1],\"p\":[{\"b\":17,\"s\":[{\"p\":[0,0,0],\"r\":[0,0,0],\"s\":[3.363346,0.11062,3.201102],\"c\":[0.9019608,0.8509804,0.7215686]}]},{\"b\":3,\"s\":[{\"p\":[-0.4530676,1.969034,-1.01899],\"r\":[303.7314,191.5223,286.6981],\"s\":[0.1250001,0.125,0.1250001],\"c\":[1,1,1]}]}]}"}],"serveTime":4}