{"thingDefinitions":[{"id":"5dab284bca53f16f28a76aef","def":"{\"n\":\"ground\",\"v\":9,\"a\":[1],\"p\":[{\"b\":17,\"s\":[{\"p\":[0,0,0],\"r\":[0,0,0],\"s\":[3.363346,0.11062,3.201102],\"c\":[0.9019608,0.8509804,0.7215686]}]},{\"b\":10,\"s\":[{\"p\":[-3.665782,0.7636114,1.981311],\"r\":[329.7077,225.7688,333.599],\"s\":[0.1250002,0.125,0.1250002],\"c\":[1,1,1]}]},{\"b\":46,\"s\":[{\"p\":[-3.812101,0.7647073,2.095027],\"r\":[23.46188,99.83985,49.832],\"s\":[0.1250001,0.1250001,0.1250001],\"c\":[1,1,1]}]},{\"b\":165,\"s\":[{\"p\":[-3.495035,0.9785989,1.974367],\"r\":[39.4419,150.8563,315.2445],\"s\":[0.09999996,0.1,0.09999996],\"c\":[1,1,1]}]}]}"}],"serveTime":5}