{"thingDefinitions":[{"id":"5da279a1288c857ffcc87293","def":"{\"n\":\"ground\",\"v\":9,\"a\":[1,7],\"p\":[{\"b\":17,\"t1\":61,\"s\":[{\"p\":[0,0,0],\"r\":[0,0,0],\"s\":[2500.511,0.1106239,2500.496],\"c\":[0.3333332,0.1714284,0],\"t1\":{\"c\":[0,0,0],\"x\":0.5,\"y\":0.5,\"a\":0.8925,\"m\":0,\"n\":0,\"r\":0,\"g\":0,\"o\":0.5,\"t\":0.5,\"e\":0.5}}]}]}"}],"serveTime":5}