{"thingDefinitions":[{"id":"5c96b0d72b58b94a53e7558b","def":"{\"v\":9,\"p\":[{\"b\":11,\"s\":[{\"p\":[0,0,0],\"r\":[0,0,-4.268868E-07],\"s\":[0.1000002,0.1,0.1000001],\"c\":[1,1,1]}]},{\"b\":11,\"s\":[{\"p\":[-0.2152644,0.2800653,-0.009866193],\"r\":[356.2696,336.4542,117.3143],\"s\":[0.1000001,0.09999999,0.1000001],\"c\":[1,1,1]}]}]}"}],"serveTime":5}