{"thingDefinitions":[{"id":"5a39a010ae350c1610ce9180","def":"{\"n\":\"ground\",\"v\":3,\"a\":[1,2,7,8],\"p\":[{\"b\":17,\"s\":[{\"p\":[0,0,0],\"r\":[0,0,0],\"s\":[3.363346,0.11062,3.201102],\"c\":[0.9019608,0.8509804,0.7215686]}]},{\"s\":[{\"p\":[-0.752305,1.753485,-0.07406861],\"r\":[327.3855,65.28508,224.2797],\"s\":[0.1750001,0.1574646,0.1395938],\"c\":[1,1,1]}]}]}"}],"serveTime":4}