{"thingDefinitions":[{"id":"5e31d332f349cf24dd87b4ad","def":"{\"v\":9,\"p\":[{\"s\":[{\"p\":[0,0,0],\"r\":[0,0,0],\"s\":[1.786502,1.527674,0.3169807],\"c\":[1,1,1]}]}]}"}],"serveTime":4}