{"thingDefinitions":[{"id":"5cad46e4eb7a030560ac078a","def":"{\"v\":9,\"p\":[{\"b\":12,\"s\":[{\"p\":[0,0,0],\"r\":[0,0,-4.268868E-07],\"s\":[0.06000008,0.06000007,0.06000002],\"c\":[1,1,1]}]},{\"b\":5,\"s\":[{\"p\":[-0.1890403,0.01395802,-0.01290625],\"r\":[15.39843,288.4935,135.1432],\"s\":[0.1,0.1,0.1],\"c\":[1,1,1]}]}]}"}],"serveTime":5}