{"thingDefinitions":[{"id":"57f8be9acd8fe78c13a2fb1e","def":"{\"n\":\"thing\",\"p\":[{\"b\":22,\"e\":\"NOTHING YET\",\"s\":[{\"p\":[0,0,0],\"r\":[0,0,0],\"s\":[0.01275007,0.01275007,0.01275007],\"c\":[1,1,1]}]}]}"},{"id":"57f8bedc82dff6861316c77a","def":"{\"n\":\"ground\",\"a\":[1],\"p\":[{\"b\":17,\"s\":[{\"p\":[0,0,0],\"r\":[0,0,0],\"s\":[3.363346,0.11062,3.201102],\"c\":[0.9019608,0.8509804,0.7215686]}]}]}"}],"serveTime":4}