{"thingDefinitions":[{"id":"5cea903788d12c0e372cf15e","def":"{\"n\":\"ground\",\"v\":9,\"a\":[1,48],\"p\":[{\"b\":17,\"s\":[{\"p\":[0,0,0],\"r\":[0,0,0],\"s\":[3.363346,0.11062,3.201102],\"c\":[0.9019608,0.8509804,0.7215686]}]},{\"s\":[{\"p\":[-0.3709857,1.224987,-0.2835696],\"r\":[46.37986,46.04018,86.35254],\"s\":[0.1750001,0.1750001,0.1750001],\"c\":[1,1,1]}]},{\"s\":[{\"p\":[-0.4857202,1.232537,-0.1539779],\"r\":[46.48062,45.4524,86.13574],\"s\":[0.1750001,0.1750002,0.1750002],\"c\":[1,1,1]}]},{\"s\":[{\"p\":[-0.2575799,1.219003,-0.4149993],\"r\":[47.56112,44.78066,86.80389],\"s\":[0.1750007,0.1750011,0.1750009],\"c\":[1,1,1]}]}]}"}],"serveTime":4}