{"thingDefinitions":[{"id":"5c4c650be97dcf74b68567ae","def":"{\"v\":7,\"a\":[4],\"p\":[{\"b\":12,\"s\":[{\"p\":[0,0,0],\"r\":[0,0,2.134434E-07],\"s\":[0.06000001,0.06000001,0.06000004],\"c\":[1,1,1]}]},{\"b\":16,\"s\":[{\"p\":[-0.1729787,-0.06940527,0.05854814],\"r\":[12.03601,7.11936,1.555284],\"s\":[0.1,0.1,0.1],\"c\":[1,1,1]}]},{\"b\":16,\"s\":[{\"p\":[-0.1348848,-0.1020338,-0.05847552],\"r\":[7.888924,335.1083,3.560657],\"s\":[0.1000002,0.1000001,0.1],\"c\":[1,1,1]}]},{\"b\":4,\"s\":[{\"p\":[0.2206802,0.1219103,-0.07303776],\"r\":[278.2279,315.0344,81.35011],\"s\":[0.125,0.125,0.125],\"c\":[1,1,1]}]}]}"}],"serveTime":5}