{"thingDefinitions":[{"id":"5d0e87d142823f2e9b43a339","def":"{\"n\":\"ground\",\"v\":9,\"a\":[1],\"p\":[{\"b\":17,\"s\":[{\"p\":[0,0,0],\"r\":[0,0,0],\"s\":[3.363346,0.11062,3.201102],\"c\":[0.9019608,0.8509804,0.7215686],\"b\":[\"when triggered then \"]}]}]}"}],"serveTime":6}