{"thingDefinitions":[{"id":"5af62d959d38670f86fe790f","def":"{\"v\":4,\"p\":[{\"b\":14,\"s\":[{\"p\":[0,0,0],\"r\":[0,0,-4.268868E-07],\"s\":[0.06000003,0.06000008,0.06000005],\"c\":[1,1,1]}]}]}"}],"serveTime":4}