{"thingDefinitions":[{"id":"5c2e800ffbec9a3178ec68f6","def":"{\"v\":7,\"a\":[31],\"p\":[{\"b\":5,\"s\":[{\"p\":[0,0,0],\"r\":[0,0,-4.268868E-07],\"s\":[0.1,0.1,0.1],\"c\":[1,1,1]}]},{\"b\":5,\"s\":[{\"p\":[-0.252677,-0.07250039,-0.1816923],\"r\":[343.5313,347.7279,332.869],\"s\":[0.1000002,0.1000002,0.1000002],\"c\":[1,1,1]}]},{\"b\":5,\"s\":[{\"p\":[-0.2403734,0.2328737,-0.05898006],\"r\":[359.6441,355.4218,58.95533],\"s\":[0.1000002,0.1000003,0.1000004],\"c\":[1,1,1]}]},{\"b\":5,\"s\":[{\"p\":[0.07430857,-0.2056538,-0.3341764],\"r\":[44.29302,273.2971,24.0823],\"s\":[0.1000002,0.1000002,0.1000004],\"c\":[1,1,1]}]}]}"}],"serveTime":5}