{"thingDefinitions":[{"id":"5c4fce5727feba62dbe85b33","def":"{\"v\":7,\"a\":[2,49],\"p\":[{\"s\":[{\"p\":[0.8370103,0.0142161,-0.4332957],\"r\":[5.923906,79.65824,43.23386],\"s\":[0.5936005,0.6689143,0.1458711],\"c\":[1,1,1]}]},{\"s\":[{\"p\":[-0.0379341,-0.1292537,0.03744488],\"r\":[3.054161,27.06682,8.201084],\"s\":[0.1750008,0.1750005,0.1750005],\"c\":[1,1,1]}]}]}"}],"serveTime":4}