{"thingDefinitions":[{"id":"5ac207f273b6db33a19b4fe0","def":"{\"v\":2,\"p\":[{\"s\":[{\"p\":[0.1257831,0.04294427,-0.2054134],\"r\":[9.46874,249.5461,344.243],\"s\":[0.06518365,0.04420406,0.4390797],\"c\":[0.4444443,0.4444443,0.4444443]}]},{\"s\":[{\"p\":[0.1072669,-0.01115686,-0.07271033],\"r\":[20.42336,347.5377,5.068457],\"s\":[0.1029895,0.04420407,0.1750011],\"c\":[0.4444443,0.4444443,0.4444443]}]}]}"},{"id":"5ac2087c9d5552100618e645","def":"{\"v\":2,\"p\":[{\"b\":34,\"s\":[{\"p\":[0,0,0],\"r\":[0,0,0],\"s\":[0.1250001,0.1250001,0.1379772],\"c\":[1,1,1]}]}]}"}],"serveTime":5}