{"thingDefinitions":[{"id":"5dc0af5ba3f82a1c584d937d","def":"{\"v\":9,\"p\":[{\"b\":3,\"s\":[{\"p\":[0,0,0],\"r\":[0,0,1.067217E-06],\"s\":[0.125,0.125,0.125],\"c\":[0.9936507,1,0.7777778]},{\"p\":[0,0,0],\"r\":[0,0,1.067217E-06],\"s\":[0.125,0.125,0.125],\"c\":[1,1,1]}]}]}"}],"serveTime":4}