{"thingDefinitions":[{"id":"5f6c340cb0f939054953c98e","def":"{\"v\":9,\"p\":[{\"b\":69,\"s\":[{\"p\":[0,0,0],\"r\":[0,0,0],\"s\":[0.07500003,0.07500003,0.07500001],\"c\":[1,1,1]}]}]}"}],"serveTime":5}