{"thingDefinitions":[{"id":"5ac92e6b5368eb138f6a442d","def":"{\"v\":3,\"p\":[{\"b\":61,\"s\":[{\"p\":[0.01539925,0.1232845,0.001291305],\"r\":[359.6552,94.13416,272.8509],\"s\":[0.1250001,0.125,0.125],\"c\":[0,0.05714257,1]}]},{\"b\":52,\"s\":[{\"p\":[0.007911909,-0.02426504,0.009978284],\"r\":[2.800211,352.2141,351.9248],\"s\":[0.1250004,0.1250001,0.1250004],\"c\":[0,0.05714257,1]}]}]}"}],"serveTime":4}