{"thingDefinitions":[{"id":"5a74e17bbf9778e90f1e5fed","def":"{\"n\":\"thing\",\"v\":2,\"p\":[{\"b\":10,\"s\":[{\"p\":[0,0,0],\"r\":[0,0,0],\"s\":[0.1250003,0.1250002,0.1250002],\"c\":[1,1,1]}]},{\"b\":10,\"s\":[{\"p\":[-0.2349647,-0.1053948,-0.06100826],\"r\":[20.82359,338.4524,153.5495],\"s\":[0.1250002,0.1250001,0.1250001],\"c\":[1,1,1]}]}]}"},{"id":"5a74f897309eb16f13a5e1fa","def":"{\"n\":\"thing\",\"v\":2,\"p\":[{\"b\":14,\"s\":[{\"p\":[0,0,0],\"r\":[0,0,0],\"s\":[0.06000002,0.06000003,0.06000003],\"c\":[1,1,1]}]}]}"}],"serveTime":6}