{"thingDefinitions":[{"id":"5e868fd53cf15245cf58fe7d","def":"{\"v\":9,\"p\":[{\"s\":[{\"p\":[0,0,0],\"r\":[0,0,1.707547E-06],\"s\":[0.1750012,0.1750004,0.1750008],\"c\":[1,1,1]}]}]}"}],"serveTime":4}