{"thingDefinitions":[{"id":"5a9dae6419f5f47561659e45","def":"{\"v\":2,\"p\":[{\"b\":9,\"s\":[{\"p\":[0,0,0],\"r\":[0,0,0],\"s\":[0.125,0.125,0.125],\"c\":[1,1,1]}]}]}"},{"id":"5a9daeb76ed1b7138ff9f9e3","def":"{\"v\":2,\"p\":[{\"b\":12,\"s\":[{\"p\":[0,0,0],\"r\":[0,0,-1.707547E-06],\"s\":[0.06000001,0.06000001,0.06000001],\"c\":[1,1,1]}]}]}"}],"serveTime":5}