{"thingDefinitions":[{"id":"5a386c0c0beaf41e1043eff1","def":"{\"n\":\"ground\",\"v\":3,\"a\":[1],\"p\":[{\"b\":17,\"s\":[{\"p\":[0,0,0],\"r\":[0,0,0],\"s\":[150,0.11062,150],\"c\":[0.9019608,0.8509804,0.7215686]}]}]}"},{"id":"5a386ccdf3e207af13747a59","def":"{\"n\":\"thing\",\"v\":2,\"a\":[2,15],\"p\":[{\"b\":17,\"s\":[{\"p\":[0,0,0],\"r\":[0,0,-1.707547E-06],\"s\":[0.06000005,0.06000006,0.06000008],\"c\":[1,1,1]}]}]}"},{"id":"5a386d562d87711710eda338","def":"{\"n\":\"thing\",\"v\":3,\"a\":[2,15],\"p\":[{\"b\":17,\"s\":[{\"p\":[0.7775031,1.012764,-0.6146787],\"r\":[344.9959,71.36505,180.8856],\"s\":[0.07996979,0.1129308,0.04939196],\"c\":[1,1,1]}]},{\"b\":17,\"s\":[{\"p\":[0.7059835,0.9966015,-0.9199464],\"r\":[354.6737,117.1793,354.0028],\"s\":[0.1261208,0.06000047,0.1610332],\"c\":[1,1,1]}]}]}"}],"serveTime":7}