{"thingDefinitions":[{"id":"5b2253b2011c880f7e3ab8bd","def":"{\"n\":\"ground\",\"v\":5,\"a\":[1],\"p\":[{\"b\":17,\"s\":[{\"p\":[0,0,0],\"r\":[0,0,0],\"s\":[3.363346,0.11062,3.201102],\"c\":[0.9019608,0.8509804,0.7215686]}]},{\"s\":[{\"p\":[1.752736,1.26804,1.891473],\"r\":[2.79064,89.96865,290.7755],\"s\":[0.1750002,0.1750002,0.1750001],\"c\":[1,1,1]}]}]}"},{"id":"5b225416d630cd5d0767dbe8","def":"{\"v\":5,\"p\":[{\"b\":3,\"s\":[{\"p\":[0.2038278,-0.1276002,-0.1826535],\"r\":[333.4698,134.4811,255.7291],\"s\":[0.125,0.125,0.125],\"c\":[1,1,1]}]},{\"b\":3,\"s\":[{\"p\":[0.1243621,0.01802292,-0.2268003],\"r\":[298.4217,8.463048,325.5771],\"s\":[0.1250001,0.125,0.1250002],\"c\":[1,1,1]}]}]}"}],"serveTime":6}