{"thingDefinitions":[{"id":"5b685439a801422065b1cafa","def":"{\"v\":6,\"p\":[{\"b\":10,\"s\":[{\"p\":[0,0,0],\"r\":[0,0,-1.494104E-06],\"s\":[0.1250001,0.1250001,0.1250001],\"c\":[0.111111,1,0.4666664]}]}]}"}],"serveTime":4}