{"thingDefinitions":[{"id":"5a80ee00362c84e50fe81198","def":"{\"n\":\"thing\",\"v\":2,\"p\":[{\"b\":10,\"s\":[{\"p\":[0.2965778,0.1902803,-0.1807814],\"r\":[31.91491,292.6614,317.0071],\"s\":[0.1861759,0.1219955,0.220741],\"c\":[0,1,1]}]},{\"b\":10,\"s\":[{\"p\":[0.01886792,-0.2356635,0.03256097],\"r\":[306.3367,351.1291,341.4178],\"s\":[0.1861758,0.1219954,0.2207412],\"c\":[0,1,1]}]},{\"b\":10,\"s\":[{\"p\":[-0.1156641,0.1168891,-0.1471895],\"r\":[11.56829,39.21761,27.66287],\"s\":[0.1861757,0.1219955,0.2207412],\"c\":[0,1,1]}]}]}"}],"serveTime":4}