{"thingDefinitions":[{"id":"5e329f24edc5ef4f511040e3","def":"{\"n\":\"ground\",\"v\":9,\"a\":[1],\"p\":[{\"b\":17,\"s\":[{\"p\":[0,0,0],\"r\":[0,0,0],\"s\":[3.363346,0.11062,3.201102],\"c\":[0.111111,1,0.4666664]}]}]}"}],"serveTime":6}