{"thingDefinitions":[{"id":"5c8ac6321bca78671b67ab73","def":"{\"v\":7,\"a\":[4],\"p\":[{\"s\":[{\"p\":[-0.00902221,0.2951273,0.1574824],\"r\":[282.7973,349.7476,6.027959],\"s\":[0.1750003,0.1750003,0.1750004],\"c\":[1,1,1]}]},{\"s\":[{\"p\":[0.02179793,0.6094963,0.1290418],\"r\":[358.3173,83.64639,253.8188],\"s\":[0.175,0.1750002,0.1750002],\"c\":[1,1,1]}]}]}"}],"serveTime":12}