{"thingDefinitions":[{"id":"5d5aa73b51ac42062f3416d7","def":"{\"v\":9,\"p\":[{\"b\":5,\"s\":[{\"p\":[0.001429467,0.05345331,-0.03112391],\"r\":[2.296332,359.5557,315.3829],\"s\":[0.1576675,0.1676383,0.1000002],\"c\":[1,1,1]}]},{\"b\":5,\"s\":[{\"p\":[0.003962245,0.03151371,0.1259445],\"r\":[4.439194,0.628809,314.9525],\"s\":[0.08789557,0.0872798,0.3423071],\"c\":[1,1,1]}]}]}"}],"serveTime":4}