{"thingDefinitions":[{"id":"5cef6aebc11870062bb04e99","def":"{\"v\":9,\"p\":[{\"s\":[{\"p\":[-0.5581977,-0.1838203,0.03830948],\"r\":[10.36631,43.46107,245.5313],\"s\":[0.5444699,0.07717578,0.2668446],\"c\":[1,1,1]}]},{\"b\":152,\"s\":[{\"p\":[-0.3614858,-0.1021484,-0.1428738],\"r\":[356.2061,359.9665,272.1541],\"s\":[0.0501749,0.0426593,0.0400001],\"c\":[1,1,1]}]}]}"}],"serveTime":6}