{"thingDefinitions":[{"id":"5e101a3b051e96062aa3094d","def":"{\"v\":9,\"p\":[{\"s\":[{\"p\":[-0.230705,0.7806249,-0.360512],\"r\":[329.0348,326.808,264.2819],\"s\":[0.1750006,0.7791298,0.7082062],\"c\":[0,0.2285712,1]}]},{\"b\":9,\"s\":[{\"p\":[0.01105825,0.4403758,0.220084],\"r\":[28.28225,6.879019,290.1027],\"s\":[0.1250005,0.5593197,0.7342296],\"c\":[0,0.2285712,1]}]},{\"b\":9,\"s\":[{\"p\":[0.7327698,-0.6560005,-0.07208842],\"r\":[71.38199,167.2438,58.16108],\"s\":[0.001,0.05767047,0.1538489],\"c\":[0,0.2285712,1]}]},{\"b\":9,\"s\":[{\"p\":[0.6827593,-0.5093455,-0.001773834],\"r\":[65.6884,268.7579,82.65186],\"s\":[0.1250004,0.5593184,0.7342294],\"c\":[0,0.2285712,1]}]}]}"}],"serveTime":5}