{"thingDefinitions":[{"id":"5f3cff3ba3e4686305c80b22","def":"{\"v\":9,\"p\":[{\"s\":[{\"p\":[0,0,0],\"r\":[0,0,0],\"s\":[0.175,0.1750002,0.1750002],\"c\":[1,1,1]}]},{\"b\":4,\"s\":[{\"p\":[-0.001003995,0.005190507,0.2064977],\"r\":[3.557142,0.651981,10.98031],\"s\":[0.125,0.1250001,0.1250001],\"c\":[1,1,1]}]}]}"}],"serveTime":5}