{"thingDefinitions":[{"id":"5cd424d383bde6056b74beea","def":"{\"n\":\"ground\",\"v\":9,\"a\":[1,4,29],\"p\":[{\"b\":17,\"s\":[{\"p\":[0,0,0],\"r\":[0,0,0],\"s\":[3.363346,0.11062,3.201102],\"c\":[0.9019608,0.8509804,0.7215686]}]},{\"s\":[{\"p\":[-0.1535716,1.63747,-1.328961],\"r\":[5.112459,251.4727,94.04014],\"s\":[0.1750004,0.1750003,0.1750004],\"c\":[1,1,1]}]},{\"b\":7,\"s\":[{\"p\":[-0.1578215,1.769718,-1.328907],\"r\":[277.0901,209.2718,43.34597],\"s\":[0.1250003,0.1250002,0.1250002],\"c\":[1,1,1]}]}]}"}],"serveTime":5}