{"thingDefinitions":[{"id":"5d05e888c8176e50f57090d0","def":"{\"n\":\"ground\",\"v\":9,\"a\":[1],\"p\":[{\"b\":17,\"s\":[{\"p\":[0,0,0],\"r\":[0,0,0],\"s\":[3.453005,0.11062,3.226747],\"c\":[0.9019608,0.8509804,0.7215686]}]},{\"s\":[{\"p\":[-0.1824801,1.446595,4.115037],\"r\":[12.60435,210.4141,77.59042],\"s\":[0.1750002,0.1750002,0.1750002],\"c\":[0.7777778,0.08641968,0.4419752]}]}]}"}],"serveTime":4}