{"thingDefinitions":[{"id":"5aed5b25f5ffe23133a47504","def":"{\"n\":\"ground\",\"v\":4,\"a\":[1],\"p\":[{\"b\":17,\"s\":[{\"p\":[0,0,0],\"r\":[0,0,0],\"s\":[298.8043,0.3877471,53.57994],\"c\":[0.9019608,0.8509804,0.7215686]}]}]}"},{"id":"5aed6222cfa5020f8790fbd1","def":"{\"v\":4,\"p\":[{\"b\":14,\"s\":[{\"p\":[0,0,0],\"r\":[0,0,0],\"s\":[0.06000001,0.06000005,2500],\"c\":[1,1,1]}]}]}"}],"serveTime":5}