{"thingDefinitions":[{"id":"5987a7ea92f1b831108b2e7a","def":"{\"n\":\"thing\",\"a\":[2,19,27],\"p\":[{\"b\":2,\"s\":[{\"p\":[0,0,0],\"r\":[0,0,0],\"s\":[0.1250001,0.1250005,0.1250005],\"c\":[1,1,1]}]},{\"b\":14,\"s\":[{\"p\":[0.6384098,-0.002325308,0.1992164],\"r\":[24.99427,40.96529,122.6831],\"s\":[0.06000013,0.0600001,0.06000021],\"c\":[1,1,1]}]},{\"b\":14,\"s\":[{\"p\":[0.3761528,0.05033977,0.04988322],\"r\":[25.3583,66.12443,53.22988],\"s\":[0.06000005,0.06000012,0.06000013],\"c\":[1,1,1]}]},{\"b\":14,\"s\":[{\"p\":[-0.0007570907,0.04903489,0.08046944],\"r\":[77.30768,161.7318,82.58436],\"s\":[0.06000008,0.06000013,0.06000013],\"c\":[1,1,1]}]}]}"}],"serveTime":4}