{"thingDefinitions":[{"id":"5cb0ec44ef5174481d2df0c7","def":"{\"v\":9,\"p\":[{\"s\":[{\"p\":[0,0,0],\"r\":[0,0,0],\"s\":[0.1750001,0.1750002,0.1750002],\"c\":[1,1,1]}]},{\"s\":[{\"p\":[-0.209683,-0.005721062,0.02178846],\"r\":[42.07762,247.7193,11.67921],\"s\":[0.1750002,0.1750003,0.1750002],\"c\":[1,1,1]}]},{\"b\":17,\"s\":[{\"p\":[-0.3544776,0.01018226,0.02471301],\"r\":[11.07676,291.6567,86.68719],\"s\":[0.0600001,0.06000007,0.06000015],\"c\":[1,1,1]}]}]}"}],"serveTime":6}