{"thingDefinitions":[{"id":"5867261bce265a69243ea834","def":"{\"n\":\"thing\",\"p\":[{\"b\":18,\"e\":\"5\",\"s\":[{\"p\":[0,0,0],\"r\":[0,0,0],\"s\":[0.003000002,0.002999999,0.003],\"c\":[1,1,1]},{\"p\":[0,0,0],\"r\":[0,0,0],\"s\":[0.003000002,0.002999999,0.003],\"c\":[1,1,1]},{\"p\":[0.1124705,0.1710168,-0.1644429],\"r\":[319.8377,16.77138,345.5134],\"s\":[0.003000008,0.003000001,0.003000007],\"c\":[0,0.03809492,0.6666667]}]}]}"}],"serveTime":4}