{"thingDefinitions":[{"id":"59e540830b5881ca13cdc59b","def":"{\"n\":\"thing\",\"v\":2,\"p\":[{\"b\":3,\"t\":3,\"s\":[{\"p\":[0,0,0],\"r\":[0,0,0],\"s\":[1.397962,0.1605272,1.736748],\"c\":[0.9746031,1,0.111111]}]}]}"}],"serveTime":4}