{"thingDefinitions":[{"id":"5d69ade2309ea4392c5a739d","def":"{\"n\":\"ground\",\"v\":9,\"a\":[1],\"p\":[{\"b\":17,\"s\":[{\"p\":[0,0,0],\"r\":[0,0,0],\"s\":[3.363346,0.11062,3.201102],\"c\":[0.9019608,0.8509804,0.7215686]}]},{\"b\":9,\"s\":[{\"p\":[-0.3608558,1.359847,1.741867],\"r\":[36.64908,70.35271,294.1895],\"s\":[0.1250002,0.125,0.1250002],\"c\":[1,1,1]}]},{\"b\":9,\"s\":[{\"p\":[-0.2327876,1.365287,1.159824],\"r\":[327.1116,123.221,325.3755],\"s\":[0.1250001,0.125,0.1250001],\"c\":[1,1,1]}]},{\"b\":9,\"s\":[{\"p\":[-0.3510336,1.656659,1.367095],\"r\":[5.98944,75.81084,252.9761],\"s\":[0.1250004,0.1250002,0.1250002],\"c\":[1,1,1]}]}]}"}],"serveTime":4}