{"thingDefinitions":[{"id":"5a4bcabd30e6e6036637b818","def":"{\"n\":\"thing\",\"v\":2,\"a\":[2,17],\"p\":[{\"s\":[{\"p\":[0,0,0],\"r\":[0,0,0],\"s\":[0.1750009,0.1750007,0.1750005],\"c\":[1,1,1]}]}]}"},{"id":"5a4ce6821d5b430014efa936","def":"{\"n\":\"thing\",\"v\":2,\"p\":[{\"b\":10,\"s\":[{\"p\":[0,0,0],\"r\":[0,0,-1.707547E-06],\"s\":[0.1250001,0.125,0.1250001],\"c\":[1,1,1]}]}]}"},{"id":"5a4ce6b21d5b430014efa937","def":"{\"n\":\"thing\",\"v\":2,\"a\":[27],\"p\":[{\"b\":10,\"s\":[{\"p\":[0,0,0],\"r\":[0,0,5.122642E-06],\"s\":[0.1250002,0.1250001,0.1250001],\"c\":[1,1,1]}]}]}"}],"serveTime":7}