{"thingDefinitions":[{"id":"59f9cbf8f5a13cac131f57eb","def":"{\"n\":\"thing\",\"v\":2,\"p\":[{\"b\":9,\"s\":[{\"p\":[0,0,0],\"r\":[0,0,-8.537738E-07],\"s\":[0.125,0.125,0.125],\"c\":[1,1,1]}]},{\"b\":14,\"s\":[{\"p\":[0.1169583,-0.0466412,-0.08737473],\"r\":[6.433851,277.0649,43.71437],\"s\":[0.06,0.06000004,0.06000002],\"c\":[1,1,1]}]},{\"b\":9,\"s\":[{\"p\":[0.01224029,-0.1368721,-0.1380722],\"r\":[353.9545,290.108,27.93014],\"s\":[0.125,0.125,0.125],\"c\":[1,1,1]}]}]}"}],"serveTime":5}