{"thingDefinitions":[{"id":"5c64b71da04ab4441f2adcde","def":"{\"v\":7,\"p\":[{\"s\":[{\"p\":[0,0,0],\"r\":[0,0,0],\"s\":[0.1750001,0.1750002,0.1750003],\"c\":[1,1,1]}]}]}"},{"id":"5c64b7ae850de8054fd9514a","def":"{\"v\":7,\"p\":[{\"b\":3,\"t\":1,\"s\":[{\"p\":[0,0,0],\"r\":[0,0,0],\"s\":[0.1250003,0.1250003,0.1250005],\"c\":[0,1,1]}]}]}"}],"serveTime":7}