{"thingDefinitions":[{"id":"5cb86d47981488266be4bd75","def":"{\"v\":9,\"a\":[4,22,18],\"p\":[{\"t\":2,\"id\":\"5cb86cd9686d373260fd4e0a\",\"t1\":18,\"s\":[{\"p\":[0,0,0],\"r\":[0,0,0],\"s\":[0.1750388,0.924803,0.04083672],\"c\":[0.5555556,0.3456789,0.1234567],\"t1\":{\"c\":[0,0,0],\"x\":0.1375305,\"y\":0.03656714,\"a\":0.8925,\"m\":0.5,\"n\":0.5,\"r\":0,\"g\":0,\"o\":0.5,\"t\":0.5,\"e\":0.5}}]},{\"t\":2,\"t1\":18,\"ac\":{\"id\":\"5cb86cd9686d373260fd4e0a\",\"c\":100},\"s\":[{\"p\":[0.2791407,0.008703642,0.1126441],\"r\":[0,0,0],\"s\":[0.1753922,0.9265002,0.04090462],\"c\":[0.5555556,0.3456788,0.1234566],\"t1\":{\"c\":[0,0,0],\"x\":0.1375305,\"y\":0.03656714,\"a\":0.8925,\"m\":0.5,\"n\":0.5,\"r\":0,\"g\":0,\"o\":0.5,\"t\":0.5,\"e\":0.5}}]}]}"}],"serveTime":9}