{"thingDefinitions":[{"id":"5bef5591021a9d67791474f7","def":"{\"v\":7,\"p\":[{\"b\":9,\"s\":[{\"p\":[0,0,0],\"r\":[0,0,1.707547E-06],\"s\":[0.1250003,0.1250006,0.1250005],\"c\":[1,1,1]}]}]}"},{"id":"5bef5747c75fcf650fdfb33f","def":"{\"v\":7,\"p\":[{\"b\":17,\"s\":[{\"p\":[0,0,0],\"r\":[0,0,0],\"s\":[0.06000013,0.06000006,0.0600001],\"c\":[1,1,1]}]},{\"b\":17,\"s\":[{\"p\":[-0.1499332,-0.05588173,-0.04667205],\"r\":[355.4159,352.4482,357.2811],\"s\":[0.06000018,0.06000008,0.0600002],\"c\":[1,1,1]}]},{\"b\":2,\"s\":[{\"p\":[-0.3025748,-0.09024145,-0.06330448],\"r\":[322.7679,62.28046,315.5971],\"s\":[0.1250003,0.1250003,0.1250004],\"c\":[1,1,1]}]}]}"}],"serveTime":8}