{"thingDefinitions":[{"id":"5b68aa5bdb5cd30dc1889670","def":"{\"v\":6,\"p\":[{\"b\":150,\"s\":[{\"p\":[0,0,0],\"r\":[0,0,2.134434E-07],\"s\":[0.05999999,0.06000001,0.05999998],\"c\":[1,1,1]}]},{\"b\":150,\"s\":[{\"p\":[2.108255,-1.695302,-0.4197996],\"r\":[32.02577,96.67281,32.88425],\"s\":[0.06,0.06000002,0.06000003],\"c\":[1,1,1]}]},{\"b\":150,\"s\":[{\"p\":[1.831718,-1.801188,-0.2071819],\"r\":[18.23238,208.2863,206.8548],\"s\":[0.06,0.06000015,0.06000012],\"c\":[1,1,1]}]},{\"b\":153,\"s\":[{\"p\":[2.149296,-0.8070868,-0.3658442],\"r\":[318.0879,104.2695,292.3981],\"s\":[0.04000001,0.04000001,0.04000001],\"c\":[1,1,1]}]}]}"}],"serveTime":5}