{"thingDefinitions":[{"id":"5dab9bbf2f8c66437dda291f","def":"{\"n\":\"ground\",\"v\":9,\"a\":[1,2,48,50],\"p\":[{\"b\":17,\"s\":[{\"p\":[0,0,0],\"r\":[0,0,0],\"s\":[3.643762,0.11062,3.242908],\"c\":[0.9019608,0.8509804,0.7215686]}]}]}"}],"serveTime":4}