{"thingDefinitions":[{"id":"5b9fc1d620d64e62b9d340a5","def":"{\"v\":6,\"p\":[{\"b\":9,\"s\":[{\"p\":[0,0,0],\"r\":[0,0,0],\"s\":[0.1250002,0.1250002,0.1250002],\"c\":[1,1,1]}]},{\"b\":9,\"s\":[{\"p\":[-0.2224827,0.05445333,0.01120235],\"r\":[16.34984,359.8857,354.6532],\"s\":[0.1250003,0.1250004,0.1250004],\"c\":[1,1,1]}]},{\"b\":9,\"s\":[{\"p\":[-0.4388615,0.0893479,0.06326664],\"r\":[349.2573,340.1861,0.08295609],\"s\":[0.1250002,0.1250002,0.1250003],\"c\":[1,1,1]}]}]}"}],"serveTime":4}