{"thingDefinitions":[{"id":"5b00b4a38e7e860f69b66a6f","def":"{\"v\":4,\"p\":[{\"b\":10,\"s\":[{\"p\":[0,0,0],\"r\":[0,0,0],\"s\":[0.1250001,0.1250001,0.1250001],\"c\":[1,0.7777778,0.8920635]}]},{\"b\":10,\"s\":[{\"p\":[0.2841088,0.1564199,-0.001667142],\"r\":[350.9941,21.63418,20.92721],\"s\":[0.1250001,0.1250001,0.1250001],\"c\":[1,0.7777778,0.8920635]}]},{\"b\":34,\"s\":[{\"p\":[0.6483312,-0.9257194,1.41026],\"r\":[337.7381,314.9285,320.0849],\"s\":[3.243706,0.7607843,0.5440521],\"c\":[1,0.7777778,0.8920635]}]},{\"b\":151,\"s\":[{\"p\":[1.365784,-2.128068,3.097344],\"r\":[24.85276,46.76726,350.4003],\"s\":[0.1881933,0.1781817,0.230884],\"c\":[0.7777778,0.1728394,0.4839506]}]}]}"}],"serveTime":4}