{"thingDefinitions":[{"id":"5ca96f601b23f15b6e4d67fb","def":"{\"v\":9,\"p\":[{\"b\":4,\"s\":[{\"p\":[0.264622,0.05879899,0.2786323],\"r\":[356.4412,274.0189,97.93156],\"s\":[0.1250001,0.1250001,0.125],\"c\":[1,1,1]}]},{\"b\":8,\"s\":[{\"p\":[0.1221699,0.05981263,0.3310429],\"r\":[309.5467,7.283129,18.7576],\"s\":[0.1250006,0.1250005,0.1250002],\"c\":[1,1,1]}]},{\"b\":9,\"s\":[{\"p\":[0.3933776,0.05762851,0.2569491],\"r\":[310.1945,11.62955,19.16838],\"s\":[0.1250001,0.1250001,0.1250002],\"c\":[1,1,1]}]}]}"}],"serveTime":4}