{"thingDefinitions":[{"id":"5a2e14701c18a6aa131c8c4a","def":"{\"n\":\"ground\",\"v\":3,\"a\":[1],\"p\":[{\"b\":17,\"s\":[{\"p\":[0,0,0],\"r\":[0,0,0],\"s\":[91.6585,1.25565,150],\"c\":[0.9019608,0.8509804,0.7215686]}]}]}"}],"serveTime":8}