{"thingDefinitions":[{"id":"5c7c3151b8c6375009b092bf","def":"{\"n\":\"ground\",\"v\":7,\"a\":[1],\"p\":[{\"b\":17,\"s\":[{\"p\":[0,0,0],\"r\":[0,0,0],\"s\":[3.363346,0.11062,3.201102],\"c\":[0.9019608,0.8509804,0.7215686]}]}]}"},{"id":"5c7c2f11f7eac05383938c4b","def":"{\"v\":7,\"p\":[{\"b\":9,\"s\":[{\"p\":[0,0,0],\"r\":[0,0,1.707547E-06],\"s\":[0.1250005,0.1250002,0.1250004],\"c\":[1,1,1]}]},{\"s\":[{\"p\":[-1.019459,0.7640522,-2.51695],\"r\":[315.4695,294.6654,320.1342],\"s\":[0.1750001,0.1750001,0.1750001],\"c\":[1,1,1]}]}]}"}],"serveTime":6}