{"thingDefinitions":[{"id":"5a9c80aa11673f7213853952","def":"{\"v\":2,\"p\":[{\"b\":175,\"s\":[{\"p\":[0,0,0],\"r\":[0,0,0],\"s\":[0.04500016,0.04500003,0.04500018],\"c\":[1,1,1]}]}]}"}],"serveTime":5}