{"thingDefinitions":[{"id":"5d0090c51df1fc0631f95445","def":"{\"n\":\"ground\",\"v\":9,\"a\":[1],\"p\":[{\"b\":17,\"s\":[{\"p\":[0,0,0],\"r\":[0,0,-8.537735E-07],\"s\":[3.363358,0.1106202,3.201108],\"c\":[0.9019608,0.8509804,0.7215686]},{\"p\":[0,0,0],\"r\":[0,0,-8.537735E-07],\"s\":[3.363358,0.1106202,3.201108],\"c\":[0.9019608,0.8509804,0.7215686]},{\"p\":[0,0,0],\"r\":[0,0,-8.537735E-07],\"s\":[3.363358,0.1106202,3.201108],\"c\":[0.9019608,0.8509804,0.7215686]}]}]}"},{"id":"5d0090d1ee91e4251e5a5a0f","def":"{\"v\":9,\"p\":[{\"b\":10,\"s\":[{\"p\":[0,0,0],\"r\":[0,0,5.336085E-08],\"s\":[0.1250001,0.1250003,0.1250003],\"c\":[1,1,1]}]}]}"}],"serveTime":5}