{"thingDefinitions":[{"id":"5dba0b462f511010e59ae933","def":"{\"v\":9,\"a\":[32,49],\"tp_m\": 500,\"p\":[{\"b\":73,\"t\":3,\"s\":[{\"p\":[0,0,0],\"r\":[0,0,0],\"s\":[8.839413,8.839412,8.839397],\"c\":[0.9714286,1,0]}]},{\"b\":179,\"t\":2,\"s\":[{\"p\":[-73.1413,70.38368,-1.749756],\"r\":[311.2944,198.979,10.50846],\"s\":[2500.003,1309.505,0.2150008],\"c\":[0.9936507,1,0.7777778]}]}]}"}],"serveTime":5}