{"thingDefinitions":[{"id":"5ad8f4a1e811274b098a9cba","def":"{\"v\":4,\"p\":[{\"im\":\"2431257546687081164/56A985ACDABCF9EF473D11B4C2D96F59CC8B9C0C/\",\"s\":[{\"p\":[0,0,0],\"r\":[0,0,0],\"s\":[2.793894,0.01,1.862596],\"c\":[1,1,1]}]}]}"},{"id":"5ad8f499c6434d0f8ac50c4a","def":"{\"v\":4,\"p\":[{\"b\":3,\"t\":3,\"s\":[{\"p\":[0,0,0],\"r\":[0,0,0],\"s\":[0.1250001,0.1250003,0.1250003],\"c\":[0.6666667,0.6666667,0.6666667]}]}]}"},{"id":"5ad8fee192361a0f8cb606d0","def":"{\"v\":4,\"p\":[{\"b\":179,\"t\":22,\"im\":\"2431257546691443757/82B9583ED1B092200380935F383B3FBF81E97459/\",\"s\":[{\"p\":[0,0,0],\"r\":[0,0,0],\"s\":[0.3348843,0.2150011,0.2150007],\"c\":[1,1,1]}]}]}"}],"serveTime":7}