{"thingDefinitions":[{"id":"5b7f4c4ee06df428ae824a95","def":"{\"v\":6,\"p\":[{\"b\":9,\"s\":[{\"p\":[0,0,0],\"r\":[0,0,-6.403303E-07],\"s\":[0.1250002,0.1250001,0.1250001],\"c\":[1,1,1]}]},{\"b\":58,\"s\":[{\"p\":[-0.009878322,0.475621,0.1328512],\"r\":[328.1599,274.413,117.7809],\"s\":[0.1250002,0.1250001,0.1250001],\"c\":[1,1,1]}]}]}"}],"serveTime":4}