{"thingDefinitions":[{"id":"5ca11daf713c7577cd38413e","def":"{\"v\":9,\"p\":[{\"b\":5,\"s\":[{\"p\":[0,0,0],\"r\":[0,0,0],\"s\":[0.009799291,0.008060675,0.1763463],\"c\":[1,1,1]}]},{\"b\":5,\"s\":[{\"p\":[-0.01173774,0.01104644,-0.1025034],\"r\":[356.6327,356.7696,16.35554],\"s\":[0.1000001,0.1000001,0.1000001],\"c\":[1,1,1]}]},{\"b\":5,\"t\":3,\"s\":[{\"p\":[-0.01135238,0.004419485,-0.1177047],\"r\":[356.8924,357.0069,17.4543],\"s\":[0.0902843,0.08912986,0.06839073],\"c\":[0.8888889,0.8578483,0.7901235]}]}]}"}],"serveTime":4}