{"thingDefinitions":[{"id":"5b74bd517a08b405f1e21de6","def":"{\"v\":6,\"p\":[{\"b\":9,\"s\":[{\"p\":[0,0,0],\"r\":[0,0,0],\"s\":[0.1497732,0.163462,0.5297585],\"c\":[1,1,1]}]}]}"}],"serveTime":4}