{"thingDefinitions":[{"id":"5c012a32c8f9ed644c7518ee","def":"{\"n\":\"skybox\",\"v\":7,\"a\":[48],\"p\":[{\"a\":[29,30],\"t1\":39,\"s\":[{\"p\":[0,0,0],\"r\":[0,0,0],\"s\":[0.1750002,0.1750004,0.1750003],\"c\":[0.2222221,0.6666666,1],\"b\":[\"when starts then become next in 300s\"],\"t1\":{\"c\":[1,1,1],\"x\":1,\"y\":1,\"a\":0.8925,\"m\":0,\"n\":0.003657222,\"r\":0,\"g\":0,\"o\":0.5,\"t\":0.5,\"e\":0.5}},{\"p\":[0,0,0],\"r\":[0,0,0],\"s\":[0.1750002,0.1750004,0.1750003],\"c\":[0.222222,0.6666666,1],\"b\":[\"when starts then become next in 300s\"],\"t1\":{\"c\":[1,1,1],\"x\":1,\"y\":1,\"a\":0.8925,\"m\":0,\"n\":0,\"r\":0.1802505,\"g\":0,\"o\":0.5,\"t\":0.5,\"e\":0.5}}]}]}"}],"serveTime":4}