{"thingDefinitions":[{"id":"5c1e4719f59abf054ec3a372","def":"{\"v\":7,\"p\":[{\"s\":[{\"p\":[0.1371628,-0.3186089,0.2527944],\"r\":[23.09072,56.88263,9.974589],\"s\":[0.6136725,0.1750005,0.4548366],\"c\":[1,1,1]}]},{\"s\":[{\"p\":[0.7948125,0.4779943,-0.2195224],\"r\":[13.95611,359.7024,5.929335],\"s\":[1.000403,1.440654,0.6896725],\"c\":[1,1,1]}]}]}"},{"id":"5c1e477339f34d317e595c0f","def":"{\"v\":7,\"p\":[{\"s\":[{\"p\":[0,0,0],\"r\":[0,0,2.134434E-07],\"s\":[0.1750007,0.175001,0.1750004],\"c\":[1,1,1]}]}]}"}],"serveTime":6}