{"thingDefinitions":[{"id":"5b2bb926cc5d1e5dbe463372","def":"{\"v\":5,\"p\":[{\"b\":9,\"s\":[{\"p\":[0,0,0],\"r\":[0,0,2.134434E-07],\"s\":[0.125,0.1250001,0.125],\"c\":[1,1,1]}]},{\"b\":9,\"s\":[{\"p\":[0.4965079,-0.04894877,-0.23136],\"r\":[12.1329,73.54035,281.1413],\"s\":[0.1250001,0.1250001,0.125],\"c\":[1,1,1]}]}]}"}],"serveTime":3}