{"thingDefinitions":[{"id":"5a5535bb63176ebe13da87d1","def":"{\"n\":\"ground\",\"v\":3,\"a\":[1],\"p\":[{\"b\":17,\"t1\":57,\"s\":[{\"p\":[0,0,0],\"r\":[0,0,0],\"s\":[12.68757,0.1472227,9.282749],\"c\":[0.4095236,1,0.3333332],\"t1\":{\"c\":[0,0,0],\"x\":0.5,\"y\":0.5,\"a\":0.8925,\"m\":0,\"n\":0,\"r\":0,\"g\":0,\"o\":0.5,\"t\":0.5,\"e\":0.5}}]}]}"},{"id":"5a553dee3729b28114cfc9c9","def":"{\"n\":\"pond\",\"v\":3,\"a\":[7],\"p\":[{\"b\":16,\"t\":4,\"s\":[{\"p\":[0.05175628,0.9482357,0.1906975],\"r\":[-1.001791E-05,1.690016E-12,180],\"s\":[0.5705422,0.191117,0.5747815],\"c\":[0.222222,0.9333332,1],\"pr\":{\"c\":[0.3333333,1,0.9428572],\"m\":0.25,\"a\":0.25,\"s\":0.15,\"z\":0.25,\"g\":0.5,\"h\":0.25}}]},{\"b\":58,\"t\":1,\"s\":[{\"p\":[0.0458845,0.9607399,0.2040764],\"r\":[1.001791E-05,180,180],\"s\":[0.8608016,0.3545103,0.8975278],\"c\":[0.111111,1,0.4666664],\"pr\":{\"c\":[0.3333333,1,0.9428572],\"m\":0.25,\"a\":0.25,\"s\":0.15,\"z\":0.25,\"g\":0.5,\"h\":0.25}}]}]}"}],"serveTime":5}