{"thingDefinitions":[{"id":"5c884d970750e12ad516d2b9","def":"{\"v\":7,\"p\":[{\"s\":[{\"p\":[0,0,0],\"r\":[0,0,0],\"s\":[0.1750001,0.1750002,0.1750004],\"c\":[0.8888889,0.1975307,0.4345679]}]},{\"b\":9,\"s\":[{\"p\":[-0.2198463,0.03229094,-0.02388726],\"r\":[337.6914,295.8979,333.3069],\"s\":[0.1250001,0.1250005,0.1250005],\"c\":[1,1,1]}]}]}"}],"serveTime":4}