{"thingDefinitions":[{"id":"5c857ffb66b4c9393d81055c","def":"{\"v\":7,\"p\":[{\"b\":40,\"s\":[{\"p\":[0,0,0],\"r\":[0,0,0],\"s\":[0.125,0.125,0.125],\"c\":[1,1,1]}]},{\"b\":40,\"s\":[{\"p\":[0.07882488,0.003388576,0.08971418],\"r\":[0.3644998,88.18746,356.2083],\"s\":[0.1250001,0.1250003,0.1250003],\"c\":[1,1,1]}]}]}"}],"serveTime":5}