{"thingDefinitions":[{"id":"5ddafbe51ea0d10d13f98dfb","def":"{\"n\":\"ground\",\"v\":9,\"a\":[1],\"p\":[{\"b\":17,\"s\":[{\"p\":[0,0,0],\"r\":[0,0,0],\"s\":[3.363346,0.11062,3.201102],\"c\":[0.9019608,0.8509804,0.7215686]}]},{\"s\":[{\"p\":[-1.776827,1.281714,-1.913256],\"r\":[0.1964846,37.92042,355.7838],\"s\":[0.1750001,0.1750001,0.175],\"c\":[0.5185186,0.6666667,0.6666667]}]},{\"s\":[{\"p\":[-1.992555,1.018033,-2.336923],\"r\":[13.84833,135.3869,39.67104],\"s\":[0.1750001,0.175,0.1750001],\"c\":[0.5185186,0.6666667,0.6666667]}]},{\"s\":[{\"p\":[-0.7765702,1.274315,-0.6893674],\"r\":[15.05861,92.85184,24.59698],\"s\":[0.1750002,0.175,0.1750001],\"c\":[0.5185186,0.6666667,0.6666667]}]}]}"}],"serveTime":12}