{"thingDefinitions":[{"id":"5c97c703b4231926ef24cff4","def":"{\"v\":9,\"p\":[{\"b\":2,\"s\":[{\"p\":[0.1949896,-0.01857708,-0.121717],\"r\":[8.009157,75.4165,328.5013],\"s\":[0.1250002,0.1250004,0.1250004],\"c\":[1,1,1]}]},{\"s\":[{\"p\":[0.06906048,0.0006077252,-0.1795512],\"r\":[50.01089,337.3283,354.9358],\"s\":[0.1750004,0.1750006,0.1750004],\"c\":[1,1,1]}]}]}"}],"serveTime":5}