{"thingDefinitions":[{"id":"5b310f514d5e990f8706d5ea","def":"{\"v\":5,\"p\":[{\"b\":9,\"s\":[{\"p\":[0,0,0],\"r\":[0,0,-8.537735E-07],\"s\":[0.1250001,0.1250001,0.125],\"c\":[1,1,1]}]},{\"b\":9,\"s\":[{\"p\":[-0.1429168,0.03916307,0.04127857],\"r\":[3.468512,315.582,37.39015],\"s\":[0.125,0.1250001,0.125],\"c\":[1,1,1]}]},{\"b\":9,\"s\":[{\"p\":[-0.2846553,-0.2647983,-0.2497425],\"r\":[40.35042,255.3329,3.552956],\"s\":[0.1250001,0.125,0.1250001],\"c\":[1,1,1]}]},{\"b\":11,\"s\":[{\"p\":[0.1188292,0.009276867,-0.4718283],\"r\":[29.50854,31.52686,35.66508],\"s\":[0.125,0.1250001,0.1250001],\"c\":[1,1,1]}]}]}"}],"serveTime":4}