{"thingDefinitions":[{"id":"5cb76fab8ea53c703a7fbbcc","def":"{\"v\":9,\"p\":[{\"b\":3,\"s\":[{\"p\":[0,0,0],\"r\":[0,0,-1.707547E-06],\"s\":[0.04882792,0.0520374,0.05568705],\"c\":[0.8888889,0.09876534,0.6405643],\"b\":[\"when touched then send one nearby to henro's home\"]}]},{\"b\":18,\"e\":\"HENROS HOME\",\"s\":[{\"p\":[-0.09553815,-0.03342807,-0.1116347],\"r\":[48.79676,57.87611,103.4718],\"s\":[0.003000001,0.003000001,0.003000001],\"c\":[1,1,1]}]}]}"}],"serveTime":5}