{"thingDefinitions":[{"id":"5ca27396d1bf040ab89b9430","def":"{\"v\":9,\"p\":[{\"b\":163,\"s\":[{\"p\":[0,0,0],\"r\":[0,0,0],\"s\":[0.1000001,0.1000001,0.1000001],\"c\":[1,1,1]}]}]}"}],"serveTime":4}