{"thingDefinitions":[{"id":"5d4aacd71ed2a81b5ebcbabd","def":"{\"v\":9,\"p\":[{\"s\":[{\"p\":[0,0,0],\"r\":[1.017777E-13,-1.707547E-06,6.830188E-06],\"s\":[0.1750006,0.1750005,0.1750006],\"c\":[1,1,1]}]},{\"b\":2,\"s\":[{\"p\":[-0.1295951,-0.03088694,0.02456168],\"r\":[3.135569,271.8157,1.561057],\"s\":[0.125,0.1250001,0.1250001],\"c\":[1,1,1]}]},{\"b\":13,\"s\":[{\"p\":[0.01597648,0.01267638,-0.00387726],\"r\":[5.381982,269.33,355.8925],\"s\":[0.06000001,0.06000002,0.06000003],\"c\":[1,1,1]}]},{\"b\":4,\"s\":[{\"p\":[-0.2039046,-0.05409819,0.03328782],\"r\":[357.7747,274.6883,17.10863],\"s\":[0.1250001,0.1250002,0.1250002],\"c\":[1,1,1]}]}]}"}],"serveTime":3}