{"thingDefinitions":[{"id":"5bc272ad530c4e0576fdd15b","def":"{\"v\":7,\"p\":[{\"b\":9,\"s\":[{\"p\":[0,0,0],\"r\":[0,0,0],\"s\":[0.4046415,0.4977749,0.739882],\"c\":[1,1,1]}]},{\"b\":45,\"s\":[{\"p\":[0.2817586,0.7848395,-0.1964411],\"r\":[47.4119,103.6487,318.6875],\"s\":[0.1250001,0.7790334,0.3246604],\"c\":[1,1,1]}]}]}"}],"serveTime":9}