{"thingDefinitions":[{"id":"5cc26980ef5174481d2df917","def":"{\"v\":9,\"p\":[{\"b\":9,\"s\":[{\"p\":[0,0,0],\"r\":[0,0,3.201651E-07],\"s\":[0.1250002,0.1250004,0.1250006],\"c\":[1,1,1]}]}]}"}],"serveTime":4}