{"thingDefinitions":[{"id":"5b58b1795c2ce84fa1c15028","def":"{\"v\":5,\"p\":[{\"b\":9,\"s\":[{\"p\":[0.01073614,0.0404577,0.4041493],\"r\":[331.8874,10.58177,352.6244],\"s\":[0.1250003,0.1250001,0.1250003],\"c\":[1,1,1]}]},{\"b\":9,\"s\":[{\"p\":[-0.2728307,-0.007474765,0.2089602],\"r\":[329.7433,4.600253,339.6877],\"s\":[0.1250002,0.125,0.1250002],\"c\":[1,1,1]}]}]}"}],"serveTime":5}