{"thingDefinitions":[{"id":"5c5251de3eea2d056544a666","def":"{\"v\":7,\"p\":[{\"b\":2,\"s\":[{\"p\":[0,0,0],\"r\":[0,0,0],\"s\":[0.125,0.1250001,0.1250001],\"c\":[1,1,1]}]}]}"}],"serveTime":5}