{"thingDefinitions":[{"id":"5ce1945159c7f8605a13b6cf","def":"{\"n\":\"ground\",\"v\":9,\"a\":[1],\"p\":[{\"b\":17,\"s\":[{\"p\":[0,0,0],\"r\":[0,0,0],\"s\":[3.363346,0.11062,3.201102],\"c\":[0.9019608,0.8509804,0.7215686]}]},{\"s\":[{\"p\":[-0.8160748,1.419911,0.1429852],\"r\":[308.0154,331.4901,9.236901],\"s\":[0.175,0.175,0.1750001],\"c\":[1,1,1]}]}]}"}],"serveTime":5}