{"thingDefinitions":[{"id":"5afbfdd9807443108702deed","def":"{\"v\":4,\"p\":[{\"b\":2,\"s\":[{\"p\":[0,0,0],\"r\":[0,0,0],\"s\":[0.3348433,0.2707027,0.125007],\"c\":[0,1,1]}]},{\"b\":31,\"s\":[{\"p\":[0.4235531,0.2408508,-0.01498446],\"r\":[358.2232,21.01275,359.3596],\"s\":[0.125,0.1250003,0.1250003],\"c\":[1,1,1]}]},{\"b\":61,\"s\":[{\"p\":[-0.2510008,0.2118212,-0.0106754],\"r\":[87.90538,349.0949,263.0861],\"s\":[0.1250001,0.1250001,0.125],\"c\":[1,1,1]}]}]}"}],"serveTime":5}