{"thingDefinitions":[{"id":"5be8bca0cf3086275835013d","def":"{\"v\":7,\"p\":[{\"s\":[{\"p\":[0,0,0],\"r\":[0,0,0],\"s\":[0.5950696,0.005796825,0.405698],\"c\":[1,1,1]}]}]}"}],"serveTime":4}