{"thingDefinitions":[{"id":"5c359d2439f34d317e5961d8","def":"{\"v\":7,\"a\":[2],\"p\":[{\"s\":[{\"p\":[0.07089734,0.4165697,-0.5005736],\"r\":[341.9573,152.9661,189.2729],\"s\":[0.1750013,0.1684802,0.2801518],\"c\":[1,1,1]}]},{\"s\":[{\"p\":[-0.09500769,-0.1567949,-0.04419555],\"r\":[9.537016,345.2383,12.26432],\"s\":[0.1750027,0.1684806,0.2801535],\"c\":[1,1,1]}]}]}"}],"serveTime":5}