{"thingDefinitions":[{"id":"59c53a68126df42e10eb2b06","def":"{\"n\":\"thing\",\"a\":[7,18],\"p\":[{\"b\":14,\"s\":[{\"p\":[0,0,0],\"r\":[0,0,0],\"s\":[0.06000094,0.06000232,0.06000216],\"c\":[1,1,1]}]}]}"}],"serveTime":5}