{"thingDefinitions":[{"id":"5da37ad3e8258b062bea822b","def":"{\"n\":\"ground\",\"v\":9,\"a\":[1],\"p\":[{\"b\":17,\"s\":[{\"p\":[0,0,0],\"r\":[0,0,0],\"s\":[3.363346,0.11062,3.201102],\"c\":[0.9019608,0.8509804,0.7215686]}]},{\"s\":[{\"p\":[-0.7778105,0.8218328,0.1146101],\"r\":[1.381186,28.05619,90.00533],\"s\":[1.971055,0.001000002,2.929035],\"c\":[1,1,1]}]},{\"s\":[{\"p\":[-1.040425,0.8991281,-1.395801],\"r\":[359.0728,296.9554,270.1371],\"s\":[1.640064,0.001000004,0.9707058],\"c\":[1,1,1]}]}]}"}],"serveTime":4}