{"thingDefinitions":[{"id":"5d587a7d3e45a61b64ce7f74","def":"{\"n\":\"ground\",\"v\":9,\"a\":[1],\"p\":[{\"b\":17,\"s\":[{\"p\":[0,0,0],\"r\":[0,0,4.268868E-07],\"s\":[3.36335,0.1125442,2.383324],\"c\":[0.9019608,0.8509804,0.7215686]}]},{\"b\":5,\"s\":[{\"p\":[-1.109633,1.885863,-1.437509],\"r\":[304.4549,219.1192,242.0688],\"s\":[0.1000007,0.1000004,0.1000006],\"c\":[1,1,1]}]},{\"b\":17,\"s\":[{\"p\":[-1.119893,1.70748,-1.148306],\"r\":[281.1583,261.1682,173.86],\"s\":[0.06000019,0.06000014,0.06000016],\"c\":[1,1,1]}]}]}"}],"serveTime":3}