{"thingDefinitions":[{"id":"5a912412c6028f9b5c32dbb1","def":"{\"v\":2,\"p\":[{\"b\":2,\"s\":[{\"p\":[0,0,0],\"r\":[0,0,-6.403303E-07],\"s\":[0.1250001,0.1250001,0.1250001],\"c\":[1,1,1]}]}]}"}],"serveTime":5}