{"thingDefinitions":[{"id":"5bd4ef1c95fabe33bfd0baff","def":"{\"v\":7,\"p\":[{\"s\":[{\"p\":[0,0,0],\"r\":[0,0,1.294001E-06],\"s\":[0.001000002,0.2394601,0.002278224],\"c\":[1,1,1]}]},{\"s\":[{\"p\":[0.2439988,-1.232596,0.148459],\"r\":[335.3564,223.0131,139.4932],\"s\":[0.1750001,0.1750001,0.1750001],\"c\":[1,1,1]}]}]}"}],"serveTime":4}