{"thingDefinitions":[{"id":"5c227539ea1f546e4855e101","def":"{\"n\":\"penguin head\",\"v\":7,\"p\":[{\"b\":4,\"s\":[{\"p\":[0.2343114,-0.2801068,-0.03845268],\"r\":[337.6186,108.5551,279.3098],\"s\":[0.06982416,0.0392084,0.147049],\"c\":[0.9714286,1,0]}]},{\"b\":16,\"s\":[{\"p\":[0.1735501,-0.3794655,0.03546524],\"r\":[45.3173,160.072,60.3591],\"s\":[0.0151559,0.04291067,0.02007075],\"c\":[0.8888889,0.8888889,0.8888889]}]},{\"b\":16,\"s\":[{\"p\":[0.1330812,-0.2952784,0.06737679],\"r\":[78.54197,97.05857,4.448604],\"s\":[0.0151559,0.04291067,0.02007077],\"c\":[0.8888889,0.8888889,0.8888889]}]},{\"b\":3,\"s\":[{\"p\":[0.06689356,-0.3582626,0.03851214],\"r\":[10.23169,1.318266,321.2936],\"s\":[0.1250002,0.125,0.1250002],\"c\":[0,0,0]}]}]}"}],"serveTime":3}