{"thingDefinitions":[{"id":"5c75dd3f81b000055df9384a","def":"{\"v\":7,\"a\":[7],\"p\":[{\"s\":[{\"p\":[0,0,0],\"r\":[0,0,0],\"s\":[2.696575,2.216383,0.1750098],\"c\":[0.15873,0.5555556,0]}]}]}"}],"serveTime":5}