{"thingDefinitions":[{"id":"5b8294e91539d30e7cbdd1b9","def":"{\"v\":6,\"p\":[{\"s\":[{\"p\":[-0.07080221,-0.1083243,-0.1130062],\"r\":[7.682033,325.8413,62.98514],\"s\":[0.1750001,0.1750002,0.1750001],\"c\":[1,1,1]}]},{\"s\":[{\"p\":[-0.1657427,-0.05291136,0.002142288],\"r\":[40.6878,13.8525,15.244],\"s\":[0.1750008,0.1750009,0.1750001],\"c\":[1,1,1]}]},{\"s\":[{\"p\":[-0.239382,-0.2132612,-0.1667954],\"r\":[18.5662,332.7752,45.39847],\"s\":[0.2568,0.2186538,0.1607488],\"c\":[1,1,1]}]},{\"b\":12,\"s\":[{\"p\":[-0.07980265,0.1234314,0.07005944],\"r\":[41.99358,345.9637,73.25035],\"s\":[0.04279644,0.08215916,0.05999999],\"c\":[1,1,1]}]}]}"}],"serveTime":5}