{"thingDefinitions":[{"id":"5a9a72ef6b7db4f270e60974","def":"{\"v\":2,\"p\":[{\"s\":[{\"p\":[0,0,0],\"r\":[0,0,0],\"s\":[0.175,0.175,0.1750001],\"c\":[1,1,1]}]},{\"b\":2,\"s\":[{\"p\":[0.01507975,0.1349711,0.03849347],\"r\":[272.0914,67.73608,290.1579],\"s\":[0.1250001,0.1250002,0.1250002],\"c\":[1,1,1]}]}]}"}],"serveTime":4}