{"thingDefinitions":[{"id":"5c7ce268119b47724d0b5273","def":"{\"v\":7,\"p\":[{\"b\":17,\"s\":[{\"p\":[0,0,0],\"r\":[0,0,-1.707547E-06],\"s\":[0.06000009,0.06000009,0.06000009],\"c\":[1,1,1]}]},{\"b\":17,\"s\":[{\"p\":[-0.1357247,-0.1135275,-0.2377079],\"r\":[59.32163,221.6229,177.1522],\"s\":[0.275048,0.1592868,0.2807236],\"c\":[1,1,1]}]},{\"b\":17,\"s\":[{\"p\":[-0.5543228,-0.1665372,-0.4373781],\"r\":[63.57635,75.59206,111.7942],\"s\":[0.275048,0.159287,0.2807238],\"c\":[1,1,1]}]},{\"b\":17,\"s\":[{\"p\":[-0.2763472,0.1738668,0.2931257],\"r\":[34.80315,8.027314,314.2653],\"s\":[0.2750485,0.1592872,0.2807238],\"c\":[1,1,1]}]}]}"}],"serveTime":6}