{"thingDefinitions":[{"id":"5a87945cb6fe1e8c13e39434","def":"{\"v\":2,\"p\":[{\"b\":9,\"s\":[{\"p\":[0,0,0],\"r\":[0,0,-4.268868E-07],\"s\":[0.125,0.1250001,0.1250001],\"c\":[1,1,1]}]},{\"b\":9,\"s\":[{\"p\":[-0.1914375,0.2004467,0.09003244],\"r\":[17.91384,251.1588,62.70993],\"s\":[0.1250001,0.1250001,0.1250002],\"c\":[1,1,1]}]},{\"b\":14,\"s\":[{\"p\":[-0.23841,0.0233531,-0.1067129],\"r\":[18.02013,226.9218,42.94165],\"s\":[0.06000007,0.06000007,0.06000011],\"c\":[1,1,1]}]},{\"b\":174,\"s\":[{\"p\":[0.06582907,-0.1629487,-0.3521971],\"r\":[35.10611,106.91,178.9559],\"s\":[0.04500005,0.04500005,0.04500005],\"c\":[1,1,1]}]}]}"}],"serveTime":6}