{"thingDefinitions":[{"id":"5c3bbcbb7863da6f76f3900b","def":"{\"v\":7,\"p\":[{\"b\":40,\"s\":[{\"p\":[0,0,0],\"r\":[0,0,1.707547E-06],\"s\":[0.1250001,0.1250001,0.1250001],\"c\":[1,1,1]}]}]}"}],"serveTime":4}