{"thingDefinitions":[{"id":"5ad39b3cf073c51c6c080986","def":"{\"v\":3,\"a\":[7,18],\"p\":[{\"b\":5,\"s\":[{\"p\":[0,0,0],\"r\":[0,0,-2.684718E-07],\"s\":[0.125,0.125,0.125],\"c\":[1,1,1]}]},{\"b\":10,\"s\":[{\"p\":[-0.1295807,0.2013876,0.0524993],\"r\":[335.7035,323.5424,37.33224],\"s\":[0.125,0.125,0.125],\"c\":[1,1,1]}]},{\"b\":9,\"s\":[{\"p\":[-0.1642322,0.3768893,0.07064554],\"r\":[324.6307,329.342,43.19787],\"s\":[0.125,0.125,0.125],\"c\":[1,1,1]}]},{\"b\":12,\"s\":[{\"p\":[0.0589948,0.2984637,0.01552429],\"r\":[70.66974,34.28762,30.55906],\"s\":[0.06000002,0.06000014,0.06000007],\"c\":[1,1,1]}]}]}"}],"serveTime":5}