{"thingDefinitions":[{"id":"5c26e600a25ce4054b059c9c","def":"{\"v\":7,\"p\":[{\"b\":14,\"s\":[{\"p\":[0,0,0],\"r\":[0,0,0],\"s\":[0.06000003,0.06000009,0.0600001],\"c\":[1,1,1]}]}]}"}],"serveTime":7}