{"thingDefinitions":[{"id":"5a9d77fe1637d17567a4de6d","def":"{\"v\":2,\"p\":[{\"b\":9,\"s\":[{\"p\":[0,0,0],\"r\":[0,0,0],\"s\":[0.1250001,0.125,0.125],\"c\":[1,1,1]}]},{\"b\":9,\"s\":[{\"p\":[-0.4118405,0.003208175,0.264067],\"r\":[340.5644,347.3612,311.995],\"s\":[0.1250003,0.1250001,0.1250002],\"c\":[1,1,1]}]}]}"}],"serveTime":5}