{"thingDefinitions":[{"id":"5c6b6991373d423cad804dc0","def":"{\"v\":7,\"a\":[24,25],\"bod\":{},\"p\":[{\"b\":174,\"s\":[{\"p\":[0,0,0],\"r\":[0,0,-2.134434E-07],\"s\":[0.04499998,0.04500001,0.04500001],\"c\":[1,1,1]}]}]}"}],"serveTime":5}