{"thingDefinitions":[{"id":"5c145c0f1e1e0c05462cf3a7","def":"{\"n\":\"ground\",\"v\":7,\"a\":[1],\"p\":[{\"b\":17,\"s\":[{\"p\":[0,0,0],\"r\":[0,0,9.338149E-08],\"s\":[421.2849,0.11062,480.3448],\"c\":[0.9019608,0.8509804,0.7215686]},{\"p\":[0,0,0],\"r\":[0,0,9.338149E-08],\"s\":[421.2849,0.11062,480.3448],\"c\":[0.9019608,0.8509804,0.7215686]}]}]}"}],"serveTime":5}