{"thingDefinitions":[{"id":"5cf972d59e8e3b772efefac8","def":"{\"v\":9,\"a\":[1],\"p\":[{\"s\":[{\"p\":[0,0,0],\"r\":[0,0,0],\"s\":[0.1750001,0.1750004,0.1750004],\"c\":[1,1,1]}]},{\"s\":[{\"p\":[0.06802788,-0.144022,0.7421541],\"r\":[289.9953,131.3857,128.0661],\"s\":[0.1750005,0.1750005,0.1750007],\"c\":[1,1,1]}]}]}"},{"id":"5d1137315837bb1006246bce","def":"{\"v\":9,\"p\":[{\"b\":9,\"s\":[{\"p\":[0,0,0],\"r\":[0,0,0],\"s\":[0.125,0.125,0.125],\"c\":[1,1,1]}]}]}"}],"serveTime":6}