{"thingDefinitions":[{"id":"5e2a6903a3a6473806f0c5ea","def":"{\"v\":9,\"p\":[{\"b\":3,\"s\":[{\"p\":[0,0,0],\"r\":[0,0,0],\"s\":[0.1250006,0.1250001,0.1250004],\"c\":[1,1,1]}]},{\"b\":3,\"s\":[{\"p\":[-0.02213507,0.08188374,-0.08954595],\"r\":[351.2088,9.127993,351.0328],\"s\":[0.1250003,0.125,0.1250002],\"c\":[1,1,1]}]}]}"}],"serveTime":4}