{"thingDefinitions":[{"id":"5ceb43d7516cae604dbb2993","def":"{\"v\":9,\"p\":[{\"b\":5,\"s\":[{\"p\":[1.644221,-0.9184043,-2.463719],\"r\":[351.0913,5.506319,4.589005],\"s\":[0.1000001,0.1000005,0.1000004],\"c\":[0.1728394,0.7777778,0.311111],\"b\":[\"when touched then play drum\"]},{\"p\":[0,0,0],\"r\":[0,0,0],\"s\":[0.1,0.1000001,0.1000001],\"c\":[1,1,1],\"b\":[\"when \"]}]},{\"b\":14,\"s\":[{\"p\":[1.927273,-0.7197182,-2.294958],\"r\":[57.75714,40.28254,58.55965],\"s\":[0.06000017,0.06000061,0.06000059],\"c\":[1,1,1],\"b\":[\"when triggered then send nearby to \"]}]}]}"}],"serveTime":5}