{"thingDefinitions":[{"id":"5df271624015e806308cca3e","def":"{\"v\":9,\"p\":[{\"b\":12,\"s\":[{\"p\":[0,0,0],\"r\":[0,0,0],\"s\":[4.610971,0.05496927,6.206067],\"c\":[1,1,1]}]}]}"}],"serveTime":4}