{"thingDefinitions":[{"id":"5d3cc1f6eaf1c50629f7e4c3","def":"{\"v\":9,\"a\":[27],\"p\":[{\"s\":[{\"p\":[-0.02297018,-0.0266208,-0.1083031],\"r\":[13.21043,15.50811,349.5544],\"s\":[0.001000005,0.001000004,0.001000002],\"c\":[1,1,1]}]},{\"s\":[{\"p\":[-0.0109727,-0.04160368,0.01752111],\"r\":[348.9595,336.267,324.0801],\"s\":[0.001000005,0.001000002,0.001000001],\"c\":[1,1,1]}]}]}"},{"id":"5d3cf6d1d28edd29c6685403","def":"{\"v\":9,\"p\":[{\"s\":[{\"p\":[0,0,0],\"r\":[0,0,2.134434E-07],\"s\":[2223.765,0.1750001,929.7102],\"c\":[0.06349194,0.5555556,0]}]}]}"}],"serveTime":6}