{"thingDefinitions":[{"id":"581a6231d8c50784135aaabf","def":"{\"n\":\"thing\",\"p\":[{\"b\":9,\"t\":3,\"s\":[{\"p\":[0,0,0],\"r\":[0,0,-1.707548E-06],\"s\":[0.1250002,0.1250003,0.1250003],\"c\":[0.8,1,0]}]}]}"}],"serveTime":4}