{"thingDefinitions":[{"id":"5a9cbae89511bbb0131d9cdb","def":"{\"v\":2,\"p\":[{\"s\":[{\"p\":[0,0,0],\"r\":[0,0,-4.268868E-07],\"s\":[0.1750004,0.1750005,0.1750007],\"c\":[1,1,1]}]},{\"b\":9,\"s\":[{\"p\":[0.2437588,-0.1953263,0.09451889],\"r\":[79.6095,97.17173,343.3235],\"s\":[0.1250001,0.1250001,0.1250001],\"c\":[1,1,1]}]},{\"b\":5,\"s\":[{\"p\":[0.655457,-0.1591599,0.1177924],\"r\":[41.61078,76.6389,337.7423],\"s\":[0.125,0.125,0.1250001],\"c\":[1,1,1]}]},{\"b\":7,\"s\":[{\"p\":[0.9258227,0.2070972,0.1966614],\"r\":[11.16638,71.68226,356.8959],\"s\":[0.125,0.1250001,0.1250001],\"c\":[1,1,1]}]}]}"}],"serveTime":4}