{"thingDefinitions":[{"id":"5c53c22fa5fcf734665b7adf","def":"{\"v\":7,\"p\":[{\"b\":9,\"s\":[{\"p\":[0,0,0],\"r\":[0,0,0],\"s\":[0.1250001,0.1250002,0.1250003],\"c\":[1,1,1]}]},{\"b\":9,\"s\":[{\"p\":[0.03786146,-0.04963499,-0.1946261],\"r\":[22.71179,197.3571,16.36973],\"s\":[0.1250001,0.1250001,0.1250002],\"c\":[1,1,1]}]}]}"}],"serveTime":5}