{"thingDefinitions":[{"id":"5cf4477aee34640631cadfe4","def":"{\"n\":\"ground\",\"v\":9,\"p\":[{\"s\":[{\"p\":[0,0,0],\"r\":[0,0,3.415095E-06],\"s\":[0.1749999,0.1749998,0.175],\"c\":[1,1,1]}]}]}"}],"serveTime":5}