{"thingDefinitions":[{"id":"5ce1012788d12c0e372ceea9","def":"{\"n\":\"ground\",\"v\":9,\"a\":[1],\"p\":[{\"b\":17,\"s\":[{\"p\":[0,0,0],\"r\":[0,0,0],\"s\":[3.363346,0.11062,3.201102],\"c\":[0.9019608,0.8509804,0.7215686]}]},{\"s\":[{\"p\":[-1.021186,1.381569,0.8559107],\"r\":[330.1532,27.43107,43.73164],\"s\":[0.1750002,0.1750002,0.1750002],\"c\":[1,1,1]}]}]}"}],"serveTime":5}