{"thingDefinitions":[{"id":"5d06f7aaaba30e2ad8777562","def":"{\"v\":9,\"p\":[{\"b\":150,\"s\":[{\"p\":[0,0,0],\"r\":[0,0,0],\"s\":[0.06,0.06000002,0.05999999],\"c\":[1,1,1]}]}]}"},{"id":"5d06f871c8176e50f5709116","def":"{\"v\":9,\"p\":[{\"b\":14,\"s\":[{\"p\":[0,0,0],\"r\":[0,0,0],\"s\":[0.06000009,0.06000006,0.06000007],\"c\":[1,1,1]}]}]}"},{"id":"5d06f929dc7239062406be7c","def":"{\"v\":9,\"p\":[{\"s\":[{\"p\":[0,0,0],\"r\":[0,0,0],\"s\":[0.6572145,0.1169162,1.267023],\"c\":[1,1,1]}]}]}"}],"serveTime":7}