{"thingDefinitions":[{"id":"5c39161483f66e6e553406cb","def":"{\"v\":7,\"a\":[12],\"tp_m\": 1E+09,\"p\":[{\"s\":[{\"p\":[-0.009664049,0.03357765,-0.1603034],\"r\":[14.39046,1.118627,2.923897],\"s\":[0.1750012,0.1750007,0.1750009],\"c\":[1,1,1]}]},{\"s\":[{\"p\":[0.006446166,-0.004343496,-0.009068407],\"r\":[20.52308,4.240525,9.493345],\"s\":[0.175002,0.1750008,0.1750009],\"c\":[1,1,1]}]}]}"}],"serveTime":4}