{"thingDefinitions":[{"id":"5e12591341bc93061ae50344","def":"{\"v\":9,\"p\":[{\"s\":[{\"p\":[0,0,0],\"r\":[0,0,1.28066E-06],\"s\":[0.1750001,0.1750001,0.1750001],\"c\":[1,1,1]}]},{\"s\":[{\"p\":[0.01603148,0.04949427,-0.007083334],\"r\":[7.045362,5.758164,1.282778],\"s\":[0.1750003,0.1750001,0.1750003],\"c\":[1,1,1]}]}]}"}],"serveTime":4}