{"thingDefinitions":[{"id":"5aba675e9f65d9339547acab","def":"{\"v\":2,\"p\":[{\"s\":[{\"p\":[0,0,0],\"r\":[0,0,-1.547465E-06],\"s\":[0.1750008,0.1750008,0.1750004],\"c\":[1,1,1]}]}]}"}],"serveTime":4}