{"thingDefinitions":[{"id":"5e1b995d01cc824f508f85c8","def":"{\"n\":\"ground\",\"v\":9,\"a\":[1],\"p\":[{\"b\":17,\"s\":[{\"p\":[0,0,0],\"r\":[0,0,0],\"s\":[3.363346,0.11062,3.201102],\"c\":[0.9019608,0.8509804,0.7215686]}]},{\"s\":[{\"p\":[0.0401215,0.991546,0.05354708],\"r\":[0.6985134,259.162,54.50099],\"s\":[0.1750003,0.1750001,0.1750003],\"c\":[1,1,1]}]},{\"s\":[{\"p\":[0.1054386,1.030432,0.4267722],\"r\":[333.6429,344.7209,347.342],\"s\":[0.1750001,0.1750001,0.1750002],\"c\":[1,1,1]}]}]}"}],"serveTime":4}