{"thingDefinitions":[{"id":"5cba3628ef5174481d2df582","def":"{\"n\":\"ground\",\"v\":9,\"a\":[1],\"p\":[{\"b\":17,\"s\":[{\"p\":[0,0,0],\"r\":[0,0,0],\"s\":[3.363346,0.11062,3.201102],\"c\":[0.9019608,0.8509804,0.7215686]}]}]}"},{"id":"5cba35ffa67eaf0559370c84","def":"{\"v\":9,\"p\":[{\"b\":9,\"s\":[{\"p\":[0,0,0],\"r\":[0,0,8.537737E-07],\"s\":[0.1250003,0.1250001,0.125],\"c\":[1,1,1]}]},{\"b\":9,\"s\":[{\"p\":[-0.1370732,0.1095072,-0.1037862],\"r\":[339.04,332.8838,342.2294],\"s\":[0.1250003,0.1250001,0.125],\"c\":[1,1,1]}]},{\"b\":9,\"s\":[{\"p\":[-0.1442814,-0.1193515,-0.09443584],\"r\":[14.46766,331.3773,349.5273],\"s\":[0.1250003,0.1250002,0.1250001],\"c\":[1,1,1]}]}]}"}],"serveTime":6}