{"thingDefinitions":[{"id":"5d78052106579920a9bc87f3","def":"{\"v\":9,\"a\":[22],\"p\":[{\"b\":2,\"t\":4,\"s\":[{\"p\":[0,0,0],\"r\":[0,0,0],\"s\":[0.1250878,0.1250618,0.1250363],\"c\":[1,1,1]}]}]}"}],"serveTime":4}