{"thingDefinitions":[{"id":"5b9d10686c3e470f9695a4ec","def":"{\"v\":6,\"p\":[{\"b\":3,\"s\":[{\"p\":[-0.2416426,-0.06684098,0.2802888],\"r\":[349.4114,0.9185418,343.8943],\"s\":[0.125,0.1250001,0.125],\"c\":[1,1,1]}]},{\"b\":3,\"s\":[{\"p\":[0.04642698,0.08064599,0.3470806],\"r\":[338.3057,14.01493,348.4566],\"s\":[0.1250001,0.1250001,0.1250002],\"c\":[1,1,1]}]},{\"b\":12,\"s\":[{\"p\":[0.01980253,-0.1550383,0.1489346],\"r\":[57.42173,21.06396,39.34667],\"s\":[0.06000002,0.06000001,0.06],\"c\":[1,1,1]}]}]}"}],"serveTime":5}