{"thingDefinitions":[{"id":"5b4b9bca63afb70defed8868","def":"{\"v\":5,\"p\":[{\"s\":[{\"p\":[0,0,0],\"r\":[0,0,0],\"s\":[0.1750001,0.1750005,0.1750005],\"c\":[1,1,1]}]}]}"},{"id":"5b4b9cd0a4dbe40e00eacda5","def":"{\"v\":5,\"a\":[2,15,27],\"p\":[{\"s\":[{\"p\":[0.05184245,0.2607049,0.08406116],\"r\":[328.2154,82.00706,14.65901],\"s\":[0.5911586,0.04771977,0.03256831],\"c\":[1,1,1]}]},{\"b\":8,\"s\":[{\"p\":[0.05294403,0.193882,0.3865324],\"r\":[326.1174,74.54613,19.52624],\"s\":[0.03377917,0.0305575,0.01036033],\"c\":[1,1,1]}]},{\"s\":[{\"p\":[0.05717207,0.2782405,0.0126659],\"r\":[28.36947,252.8979,161.7457],\"s\":[0.02106201,0.1750017,0.02457079],\"c\":[1,1,1]}]}]}"}],"serveTime":7}