{"thingDefinitions":[{"id":"5ca87b11eb795e2f9768a894","def":"{\"v\":9,\"a\":[2,4,16],\"tp_lp\": [1,1,1],\"tp_lp\": [1,1,1],\"tp_lr\": [0,1,1],\"p\":[{\"b\":10,\"s\":[{\"p\":[0,0,0],\"r\":[0,0,0],\"s\":[0.1250001,0.1250002,0.1250003],\"c\":[1,1,1]}]}]}"}],"serveTime":11}