{"thingDefinitions":[{"id":"5e03884130d1e135c436a1e2","def":"{\"v\":9,\"p\":[{\"s\":[{\"p\":[0,0,0],\"r\":[0,0,0],\"s\":[0.6304832,0.4150765,0.004762398],\"c\":[0.5555556,0.1975307,0.1234567]}]},{\"s\":[{\"p\":[-0.3174573,0.1877157,-0.3095647],\"r\":[359.7757,272.0928,0.9187256],\"s\":[0.6304845,0.0273233,0.02329865],\"c\":[0.5555556,0.1975307,0.1234567]}]}]}"}],"serveTime":5}