{"thingDefinitions":[{"id":"5e7974f121b0f4061f99b235","def":"{\"n\":\"ground\",\"v\":9,\"a\":[1],\"p\":[{\"b\":17,\"s\":[{\"p\":[0,0,0],\"r\":[0,0,0],\"s\":[11.08685,0.212432,70.95208],\"c\":[0.148148,0.3333332,0.07407395]}]}]}"},{"id":"5e79752eec0615062f4ab35a","def":"{\"n\":\"river\",\"v\":9,\"a\":[7,18],\"p\":[{\"b\":178,\"s\":[{\"p\":[0,0,0],\"r\":[0,0,0],\"s\":[16.32914,1.220717,1.010898],\"c\":[0.1975307,0.5925925,0.8888889]}]}]}"},{"id":"5e79773cd18bd43f91294dfd","def":"{\"n\":\"ground\",\"v\":9,\"a\":[1],\"p\":[{\"b\":17,\"s\":[{\"p\":[0,0,0],\"r\":[0,0,0],\"s\":[11.09795,0.2124737,71.04132],\"c\":[0.1481479,0.3333331,0.07407387]}]}]}"}],"serveTime":6}