{"thingDefinitions":[{"id":"5e0099851fa500062bd53e25","def":"{\"n\":\"ground\",\"v\":9,\"a\":[1],\"p\":[{\"b\":17,\"s\":[{\"p\":[0,0,0],\"r\":[0,0,0],\"s\":[3.363348,0.11062,3.201103],\"c\":[0.9019608,0.8509804,0.7215686]}]},{\"b\":9,\"s\":[{\"p\":[1.393298,0.9550022,4.031763],\"r\":[352.5342,1.546078,20.09373],\"s\":[0.1250002,0.125,0.1250002],\"c\":[1,1,1]}]},{\"b\":11,\"s\":[{\"p\":[1.454221,1.370716,3.513792],\"r\":[341.5201,158.1856,356.9104],\"s\":[0.1000002,0.1000001,0.1000002],\"c\":[1,1,1]}]}]}"}],"serveTime":5}