{"thingDefinitions":[{"id":"5dc720c42f511010e59af0a7","def":"{\"n\":\"ground\",\"v\":9,\"a\":[1],\"p\":[{\"b\":17,\"s\":[{\"p\":[0,0,0],\"r\":[0,0,0],\"s\":[3.363346,0.11062,3.201102],\"c\":[0.9019608,0.8509804,0.7215686]}]},{\"b\":3,\"s\":[{\"p\":[3.646021,0.1624169,1.588551],\"r\":[14.39938,346.0832,40.57627],\"s\":[0.1250001,0.125,0.125],\"c\":[1,1,1]}]},{\"b\":16,\"s\":[{\"p\":[3.649782,0.2554465,1.613904],\"r\":[14.77186,92.69992,6.833328],\"s\":[0.1000001,0.09999999,0.1000001],\"c\":[1,1,1]}]}]}"}],"serveTime":3}