{"thingDefinitions":[{"id":"5f1c20afa5bc7c70e7e45288","def":"{\"v\":9,\"a\":[22],\"p\":[{\"b\":57,\"s\":[{\"p\":[-0.06318612,0.008793205,-0.2306359],\"r\":[55.27898,298.9898,77.20538],\"s\":[0.1250419,0.9912747,0.1250281],\"c\":[1,1,1]}]},{\"b\":145,\"s\":[{\"p\":[0.0411179,-0.0142165,-0.1038845],\"r\":[348.5439,311.0395,172.6054],\"s\":[0.09003936,0.09001973,0.09004113],\"c\":[1,1,1]}]}]}"}],"serveTime":4}