{"thingDefinitions":[{"id":"5cdf50fa04545a31e71845b4","def":"{\"v\":9,\"p\":[{\"b\":130,\"e\":\"JAN INGE\",\"s\":[{\"p\":[-0.1425012,-0.2157739,0.1881999],\"r\":[17.27865,62.32262,74.03943],\"s\":[0.003000014,0.003000006,0.003000015],\"c\":[1,1,1],\"b\":[\"when starts then tell body pressed iuyt\"]}]},{\"b\":76,\"s\":[{\"p\":[0.1178827,0.03760257,-0.2847915],\"r\":[350.2421,55.02997,77.99439],\"s\":[0.07499999,0.075,0.07500002],\"c\":[1,1,1]}]},{\"b\":40,\"s\":[{\"p\":[0.06084853,0.470358,-0.2677764],\"r\":[341.6967,39.86671,79.29338],\"s\":[0.1250006,0.1250003,0.1250002],\"c\":[1,0,0.5142856]}]}]}"},{"id":"5cdf510d1ebc40054ad14d8d","def":"{\"v\":9,\"p\":[{\"b\":9,\"s\":[{\"p\":[0,0,0],\"r\":[-3.415095E-06,2.544444E-14,-8.537737E-07],\"s\":[0.125,0.125,0.125],\"c\":[1,1,1]}]}]}"}],"serveTime":6}