{"thingDefinitions":[{"id":"5f3e796511766f3186f93e60","def":"{\"v\":9,\"p\":[{\"b\":10,\"t\":3,\"s\":[{\"p\":[0.1641103,0.665817,0.3756522],\"r\":[324.0601,329.7637,51.47245],\"s\":[0.1250004,0.1250005,0.1250003],\"c\":[0.8,0,1]}]},{\"b\":10,\"t\":3,\"s\":[{\"p\":[-0.07089093,0.6317751,0.3406719],\"r\":[3.391087,346.6147,77.64262],\"s\":[0.1250001,0.1250001,0.1250002],\"c\":[0.8,0,1]}]}]}"}],"serveTime":5}