{"thingDefinitions":[{"id":"5af4d03f05d8cb1b37d876a0","def":"{\"v\":4,\"a\":[2],\"p\":[{\"b\":73,\"t\":9,\"pr\":34,\"t1\":43,\"s\":[{\"p\":[-0.1857156,0.1290366,0.2923796],\"r\":[321.425,350.3867,347.8127],\"s\":[0.2250002,0.2250004,0.2250003],\"c\":[1,1,1],\"t1\":{\"c\":[0,0,0],\"x\":0.5,\"y\":0.5,\"a\":0.8925,\"m\":0,\"n\":0,\"r\":0,\"g\":0,\"o\":0.5,\"t\":0.5,\"e\":0.5},\"pr\":{\"c\":[1,1,1],\"m\":0.25,\"a\":0.25,\"s\":0,\"z\":0.2922583,\"g\":0.5,\"h\":0.25}}]},{\"b\":73,\"t\":9,\"pr\":34,\"t1\":43,\"s\":[{\"p\":[-0.3398994,0.1480094,0.1605444],\"r\":[348.1607,355.6064,358.5507],\"s\":[0.2250004,0.2250007,0.2250007],\"c\":[1,1,1],\"t1\":{\"c\":[0,0,0],\"x\":0.5,\"y\":0.5,\"a\":0.8925,\"m\":0,\"n\":0,\"r\":0,\"g\":0,\"o\":0.5,\"t\":0.5,\"e\":0.5},\"pr\":{\"c\":[1,1,1],\"m\":0.25,\"a\":0.25,\"s\":0,\"z\":0.2922583,\"g\":0.5,\"h\":0.25}}]},{\"b\":69,\"t\":9,\"pr\":42,\"t1\":43,\"t2\":158,\"s\":[{\"p\":[-0.4426468,-0.02508309,0.4118586],\"r\":[41.04411,191.4823,220.5726],\"s\":[0.07500014,0.1708801,0.07500013],\"c\":[1,1,1],\"t1\":{\"c\":[0,0,0],\"x\":0.5,\"y\":0.5,\"a\":0.8925,\"m\":0,\"n\":0,\"r\":0,\"g\":0,\"o\":0.5,\"t\":0.5,\"e\":0.5},\"t2\":{\"c\":[0,0,0],\"x\":0.5,\"y\":0.5,\"a\":0.8925,\"m\":0,\"n\":0,\"r\":0,\"g\":0,\"o\":0.5,\"t\":0.5,\"e\":0.5},\"pr\":{\"c\":[1,1,1],\"m\":0.4,\"a\":0.25,\"s\":0.15,\"z\":0.5,\"g\":0.5,\"h\":0.5}}]}]}"}],"serveTime":4}