{"thingDefinitions":[{"id":"59b987d6986dc5d305a44091","def":"{\"n\":\"thing\",\"p\":[{\"b\":9,\"s\":[{\"p\":[0.3475789,-0.06156529,-0.09378258],\"r\":[15.91114,37.09693,277.324],\"s\":[0.1070422,0.1171912,0.2790073],\"c\":[1,1,1]}]},{\"b\":9,\"s\":[{\"p\":[-0.3285874,0.2738788,0.04188488],\"r\":[8.473895,320.5,307.9706],\"s\":[0.1250002,0.1250001,0.1250002],\"c\":[1,1,1]}]},{\"b\":41,\"s\":[{\"p\":[-0.04759969,0.1579513,0.09692618],\"r\":[283.6322,301.918,350.1587],\"s\":[0.1250001,0.1250001,0.1250001],\"c\":[1,1,1]}]}]}"}],"serveTime":4}