{"thingDefinitions":[{"id":"59b4e1edfbe455c2136a4437","def":"{\"n\":\"thing\",\"p\":[{\"b\":10,\"s\":[{\"p\":[0,0,0],\"r\":[0,0,-1.280661E-06],\"s\":[0.1250001,0.125,0.125],\"c\":[1,1,1]}]},{\"s\":[{\"p\":[0.3029472,-0.2890183,-0.1780064],\"r\":[10.72158,342.1878,9.939089],\"s\":[0.1750002,0.1750002,0.175],\"c\":[1,1,1]}]}]}"}],"serveTime":5}