{"thingDefinitions":[{"id":"5b08012dae45ed0f87ee2e20","def":"{\"n\":\"ground\",\"v\":4,\"a\":[1],\"p\":[{\"b\":17,\"s\":[{\"p\":[0,0,0],\"r\":[0,0,0],\"s\":[3.261979,0.11062,3.200002],\"c\":[0.9019608,0.8509804,0.7215686]}]},{\"b\":9,\"s\":[{\"p\":[-0.4681854,1.285499,1.111495],\"r\":[31.57019,338.8053,288.6608],\"s\":[0.1250007,0.1250004,0.1250006],\"c\":[1,1,1]}]},{\"b\":9,\"s\":[{\"p\":[-0.4017996,1.696712,0.8873103],\"r\":[20.75342,297.8167,283.3699],\"s\":[0.1250007,0.1250004,0.1250008],\"c\":[1,1,1]}]},{\"b\":9,\"s\":[{\"p\":[-4.392051,0.9438084,1.784672],\"r\":[359.9778,359.8064,346.2274],\"s\":[0.1065967,0.1171785,0.1387118],\"c\":[1,1,1]}]}]}"}],"serveTime":5}