{"thingDefinitions":[{"id":"5868a019eff6482710b5dbac","def":"{\"n\":\"grass\",\"p\":[{\"s\":[{\"p\":[0,0,0],\"r\":[0,0,0],\"s\":[50,50,0.2175729],\"c\":[0.1975308,0.8888889,0.3555556]}]}]}"}],"serveTime":4}