{"thingDefinitions":[{"id":"5a0910670113f3e314b56f18","def":"{\"n\":\"thing\",\"v\":2,\"p\":[{\"b\":14,\"s\":[{\"p\":[-0.006092084,-0.01438089,0.04269363],\"r\":[345.6187,179.1385,280.9461],\"s\":[0.04603477,0.005,0.141623],\"c\":[0.7777778,0.7777778,0.7777778]}]},{\"s\":[{\"p\":[-0.00904699,-0.04726171,0.2044497],\"r\":[71.20835,208.5303,212.8913],\"s\":[0.01029186,0.05534109,0.2728437],\"c\":[0.7777778,0.7283951,0.4320987]},{\"p\":[-0.01046485,-0.03933361,0.1486044],\"r\":[70.59322,234.3477,225.4764],\"s\":[0.01029184,0.05534105,0.2728435],\"c\":[1,1,1]},{\"p\":[-0.01046485,-0.03933361,0.1486044],\"r\":[70.59322,234.3477,225.4764],\"s\":[0.01029184,0.05534105,0.2728435],\"c\":[1,1,1]}]}]}"}],"serveTime":4}