{"thingDefinitions":[{"id":"5a3649024b0d69c013c66159","def":"{\"n\":\"thing\",\"v\":2,\"a\":[2,9,17],\"p\":[{\"b\":10,\"s\":[{\"p\":[0,0,0],\"r\":[0,0,0],\"s\":[0.05798285,0.1936047,0.04949613],\"c\":[0.4444443,0.388007,0.04938262]}]}]}"}],"serveTime":4}