{"thingDefinitions":[{"id":"5cb2e1058ea53c703a7fb9a1","def":"{\"v\":9,\"p\":[{\"b\":163,\"s\":[{\"p\":[0,0,0],\"r\":[0,0,0],\"s\":[0.1018516,0.1000001,1.656344],\"c\":[1,1,1]}]}]}"},{"id":"5cb2e181364a29481c936b14","def":"{\"v\":9,\"p\":[{\"s\":[{\"p\":[0,0,0],\"r\":[0,0,1.707547E-06],\"s\":[0.01270182,1.462878,1.012656],\"c\":[1,1,1]}]}]}"},{"id":"5cb2e1bbbfde14791842c9dd","def":"{\"v\":9,\"p\":[{\"b\":2,\"s\":[{\"p\":[0,0,0],\"r\":[0,0,0],\"s\":[1.932631,3.135679,0.125001],\"c\":[1,1,1]}]}]}"},{"id":"5cb2e2e2bfde14791842c9de","def":"{\"v\":9,\"p\":[{\"b\":73,\"t\":9,\"pr\":4,\"s\":[{\"p\":[0,0,0],\"r\":[0,0,0],\"s\":[0.337608,0.3376089,0.3376081],\"c\":[1,0.8571429,0],\"pr\":{\"c\":[0.3527337,0.1975308,0.4444444],\"m\":0.25,\"a\":0.25,\"s\":0.15,\"z\":0.25,\"g\":0.5,\"h\":0.25}}]}]}"}],"serveTime":8}