{"thingDefinitions":[{"id":"5ae558d3b9ad946ecd35beaa","def":"{\"v\":4,\"p\":[{\"s\":[{\"p\":[0,0,0],\"r\":[0,0,-2.134434E-07],\"s\":[0.1750004,0.1750001,0.1750004],\"c\":[1,1,1]}]},{\"s\":[{\"p\":[-0.2629984,0.07897116,-0.1583524],\"r\":[0.03729583,339.5226,341.381],\"s\":[0.1750007,0.1750001,0.1750004],\"c\":[1,1,1]}]},{\"s\":[{\"p\":[0.1625493,0.09799276,0.01899226],\"r\":[356.4175,20.6472,341.1548],\"s\":[0.1750005,0.1750001,0.1750005],\"c\":[1,1,1]}]},{\"b\":3,\"s\":[{\"p\":[0.3327294,0.2146085,-0.06472579],\"r\":[349.7429,8.919082,344.4656],\"s\":[0.1250001,0.125,0.1250001],\"c\":[1,1,1]}]}]}"}],"serveTime":4}