{"thingDefinitions":[{"id":"5becc4ec1a499247a4806379","def":"{\"n\":\"ground\",\"v\":7,\"a\":[1],\"p\":[{\"b\":17,\"s\":[{\"p\":[0,0,0],\"r\":[0,0,0],\"s\":[3.363346,0.11062,3.201102],\"c\":[0.9019608,0.8509804,0.7215686]}]},{\"s\":[{\"p\":[-16.65216,1.445218,-4.262076],\"r\":[357.0971,91.93317,272.281],\"s\":[0.1750013,0.1750013,0.1750011],\"c\":[1,1,1]}]}]}"}],"serveTime":4}