{"thingDefinitions":[{"id":"5c537942f4515d347137d069","def":"{\"v\":7,\"p\":[{\"b\":10,\"s\":[{\"p\":[0,0,0],\"r\":[0,0,0],\"s\":[0.125,0.125,0.1250001],\"c\":[1,1,1]}]}]}"},{"id":"5c53796c35401b346592c41c","def":"{\"v\":7,\"p\":[{\"b\":14,\"s\":[{\"p\":[0,0,0],\"r\":[0,0,-4.268868E-07],\"s\":[0.06000001,0.06,0.05999999],\"c\":[1,1,1]}]}]}"}],"serveTime":13}