{"thingDefinitions":[{"id":"5e5fde704f145a0632867f7b","def":"{\"v\":9,\"p\":[{\"s\":[{\"p\":[0,0,0],\"r\":[0,0,-5.336086E-07],\"s\":[0.175,0.1750001,0.175],\"c\":[1,1,1]}]}]}"}],"serveTime":4}