{"thingDefinitions":[{"id":"5cb1350c364a29481c9369e1","def":"{\"v\":9,\"p\":[{\"b\":9,\"s\":[{\"p\":[0,0,0],\"r\":[0,0,1.707547E-06],\"s\":[0.1250002,0.1250002,0.1250002],\"c\":[1,1,1]}]}]}"}],"serveTime":5}