{"thingDefinitions":[{"id":"5d27af9eeaa6fd076962ecee","def":"{\"n\":\"ground\",\"v\":9,\"a\":[1],\"p\":[{\"b\":17,\"s\":[{\"p\":[0,0,0],\"r\":[0,0,0],\"s\":[3.363346,0.11062,3.201102],\"c\":[0.9019608,0.8509804,0.7215686]}]},{\"s\":[{\"p\":[-1.02853,1.88007,3.639069],\"r\":[4.472442,293.2244,99.45705],\"s\":[0.1750001,0.175,0.175],\"c\":[1,1,1]}]},{\"b\":165,\"s\":[{\"p\":[-0.9412544,2.226184,3.335122],\"r\":[307.4732,164.8377,8.688159],\"s\":[0.1000004,0.1000002,0.1000001],\"c\":[1,1,1]}]},{\"b\":165,\"s\":[{\"p\":[-0.5814958,2.263162,3.469228],\"r\":[77.08774,19.51694,23.41214],\"s\":[0.1000001,0.1000002,0.1000002],\"c\":[1,1,1]}]}]}"}],"serveTime":4}