{"thingDefinitions":[{"id":"5c4a4b9fdf16d60195e0da70","def":"{\"n\":\"ground\",\"v\":7,\"a\":[1],\"p\":[{\"b\":17,\"s\":[{\"p\":[0,0,0],\"r\":[0,0,0],\"s\":[3.363346,0.11062,3.201102],\"c\":[0.9019608,0.8509804,0.7215686]},{\"p\":[0,0,0],\"r\":[0,0,0],\"s\":[3.363346,0.11062,3.201102],\"c\":[0.9019608,0.8509804,0.7215686]}]},{\"s\":[{\"p\":[0.5721142,1.735768,0.3208932],\"r\":[282.1014,274.1661,37.56447],\"s\":[0.1750001,0.1750003,0.1750006],\"c\":[1,1,1]}]}]}"}],"serveTime":5}