{"thingDefinitions":[{"id":"5ce1392688d12c0e372ceeb4","def":"{\"v\":9,\"p\":[{\"b\":7,\"s\":[{\"p\":[0,0,0],\"r\":[0,0,0],\"s\":[0.1250002,0.1250001,0.1250001],\"c\":[1,1,1]}]},{\"b\":17,\"s\":[{\"p\":[-0.1452644,0.1406717,-0.2866855],\"r\":[2.980762,345.5386,358.39],\"s\":[0.06000013,0.06000007,0.06000006],\"c\":[1,1,1]}]}]}"}],"serveTime":4}