{"thingDefinitions":[{"id":"5a9c7c506a694a0071ba0d47","def":"{\"v\":2,\"p\":[{\"b\":5,\"s\":[{\"p\":[0,0,0],\"r\":[0,0,0],\"s\":[0.125001,0.1250005,0.1250006],\"c\":[1,1,1]}]}]}"},{"id":"5a9c7c6fe53826fe70ce77b7","def":"{\"v\":2,\"p\":[{\"b\":9,\"s\":[{\"p\":[0,0,0],\"r\":[0,0,0],\"s\":[0.1250009,0.1250002,0.1250008],\"c\":[1,1,1]}]}]}"}],"serveTime":5}