{"thingDefinitions":[{"id":"5c4431848e2c761e01428ab6","def":"{\"v\":7,\"p\":[{\"b\":152,\"s\":[{\"p\":[0,0,0],\"r\":[0,0,-8.537737E-07],\"s\":[0.04000001,0.04,0.04],\"c\":[1,1,1]}]}]}"},{"id":"5c44365bd02855582f9518c6","def":"{\"v\":7,\"p\":[{\"t\":10,\"t1\":76,\"s\":[{\"p\":[0,0,0],\"r\":[0,0,-8.537737E-07],\"s\":[0.175,0.1749999,0.1749999],\"c\":[0.311111,0.2222221,1],\"t1\":{\"c\":[1,0.342857,0],\"x\":0.5,\"y\":0.5,\"a\":0.8925,\"m\":0,\"n\":0,\"r\":0,\"g\":0,\"o\":0.5,\"t\":0.5,\"e\":0.5},\"pr\":{\"c\":[1,0,0],\"m\":0.25,\"a\":0.25,\"s\":0.15,\"z\":0.25,\"g\":0.5,\"h\":0.25}}]}]}"},{"id":"5c443b818e2c761e01428abd","def":"{\"v\":7,\"p\":[{\"s\":[{\"p\":[-0.08831196,-0.03024073,-0.01814225],\"r\":[1.43948,356.2899,355.6652],\"s\":[0.1750004,0.0466211,0.1750004],\"c\":[1,1,1]}]},{\"s\":[{\"p\":[0.72815,0.3686187,-0.3488908],\"r\":[315.8001,62.92008,36.01127],\"s\":[0.1750006,0.04662111,0.1750005],\"c\":[1,1,1]}]}]}"}],"serveTime":9}