{"thingDefinitions":[{"id":"5efb78655cbec024f4e918e1","def":"{\"n\":\"ground\",\"v\":9,\"a\":[1],\"p\":[{\"b\":17,\"s\":[{\"p\":[0,0,0],\"r\":[0,0,0],\"s\":[4.067436,0.07063673,3.129913],\"c\":[0.9019608,0.8509804,0.7215686]}]},{\"s\":[{\"p\":[4.92925,1.25845,0.8405224],\"r\":[69.94335,254.0601,142.5521],\"s\":[0.1750004,0.1750003,0.1750002],\"c\":[1,1,1]}]},{\"b\":10,\"s\":[{\"p\":[4.926289,1.366084,0.8032839],\"r\":[6.732286,337.9865,314.7191],\"s\":[0.125,0.125,0.1250001],\"c\":[1,1,1]}]}]}"}],"serveTime":5}