{"thingDefinitions":[{"id":"5f23e72da5bc7c70e7e45583","def":"{\"v\":9,\"p\":[{\"b\":46,\"s\":[{\"p\":[0,0,0],\"r\":[0,0,-1.707547E-06],\"s\":[0.1250002,0.1250003,0.1250001],\"c\":[1,1,1]}]},{\"b\":174,\"s\":[{\"p\":[0.07915825,0.01679026,0.02315039],\"r\":[79.66541,195.9055,115.4356],\"s\":[0.04500005,0.04500007,0.04500004],\"c\":[1,1,1]}]}]}"}],"serveTime":3}