{"thingDefinitions":[{"id":"5c69bd4a445ad31c891bf95b","def":"{\"v\":7,\"a\":[2],\"p\":[{\"s\":[{\"p\":[0,0,0],\"r\":[0,0,0],\"s\":[0.021962,0.04290437,1.183665],\"c\":[1,1,1]}]},{\"b\":3,\"s\":[{\"p\":[0.004238058,-0.00758338,0.6705732],\"r\":[3.012262,359.3,19.08215],\"s\":[0.07473774,0.07686988,0.2070956],\"c\":[1,1,1]}]},{\"b\":3,\"s\":[{\"p\":[0.007577568,-0.008943915,-0.6441815],\"r\":[356.5202,0.1198841,5.541393],\"s\":[0.07473783,0.07687012,0.2070964],\"c\":[1,1,1]}]}]}"},{"id":"5c69bf6815b4b31c7d8eb8aa","def":"{\"n\":\"cube black\",\"v\":7,\"p\":[{\"t\":12,\"s\":[{\"p\":[0,0,0],\"r\":[0,0,8.004127E-08],\"s\":[1.321453,0.8315529,1.031825],\"c\":[0.1851851,0.5238094,0.5555556]}]}]}"}],"serveTime":11}