{"thingDefinitions":[{"id":"5c411e651be34e568a15f06a","def":"{\"n\":\"ground\",\"v\":7,\"a\":[1],\"p\":[{\"b\":17,\"s\":[{\"p\":[0,0,0],\"r\":[0,0,0],\"s\":[3.363346,0.11062,3.201102],\"c\":[0.9019608,0.8509804,0.7215686]}]},{\"s\":[{\"p\":[-0.9524478,1.667428,0.05268446],\"r\":[338.4507,9.142122,286.4171],\"s\":[0.1750001,0.1750001,0.175],\"c\":[1,1,1],\"b\":[\"when starts then become 2 in 2 seconds\"]},{\"p\":[0.09137613,1.638108,-0.04120991],\"r\":[344.4503,92.69569,280.9758],\"s\":[0.1750004,0.1750003,0.1750004],\"c\":[1,1,1]}]}]}"}],"serveTime":5}