{"thingDefinitions":[{"id":"5c721731a58ef86d9f091501","def":"{\"v\":7,\"p\":[{\"b\":195,\"s\":[{\"p\":[0.1135333,-0.01228413,-0.4937624],\"r\":[22.74306,99.13345,16.9921],\"s\":[0.06000008,0.06000001,0.06000008],\"c\":[1,1,1]}]},{\"b\":195,\"s\":[{\"p\":[-0.2140734,0.0172274,0.2401589],\"r\":[2.342658,316.1617,1.603052],\"s\":[0.06000014,0.06000005,0.06000012],\"c\":[1,1,1]}]},{\"b\":195,\"s\":[{\"p\":[0.04515704,0.00456229,0.1372325],\"r\":[359.0983,338.5364,1.758549],\"s\":[0.06000016,0.06000003,0.06000017],\"c\":[1,1,1]}]},{\"b\":195,\"s\":[{\"p\":[0.3730119,0.05723412,-0.4885142],\"r\":[355.9785,70.74707,0.1096898],\"s\":[0.001,0.06000005,0.2552133],\"c\":[1,1,1]}]}]}"}],"serveTime":5}