{"thingDefinitions":[{"id":"5a4ff07e6aa57c1a77b5b466","def":"{\"n\":\"thing\",\"v\":2,\"p\":[{\"b\":12,\"s\":[{\"p\":[0,0,0],\"r\":[0,0,2.668043E-08],\"s\":[150,0.2047619,150],\"c\":[0.0617283,0.5555556,0.3439153]}]}]}"}],"serveTime":6}