{"thingDefinitions":[{"id":"5b832fff1539d30e7cbdd20a","def":"{\"v\":6,\"p\":[{\"b\":174,\"s\":[{\"p\":[0,0,0],\"r\":[0,0,0],\"s\":[0.0450001,0.04500003,0.04500006],\"c\":[1,1,1]}]}]}"}],"serveTime":4}