{"thingDefinitions":[{"id":"5905678069eca7fa13b15119","def":"{\"n\":\"thing\",\"a\":[7],\"p\":[{\"b\":53,\"s\":[{\"p\":[-0.002127945,-0.004597186,0.007950069],\"r\":[-1.001791E-05,-8.757938E-13,1.001791E-05],\"s\":[0.2605009,0.179748,0.1533632],\"c\":[1,1,1]}]},{\"b\":7,\"s\":[{\"p\":[-0.003793895,0.1163658,0.004947762],\"r\":[270,90.00002,0],\"s\":[0.1221338,0.1207982,0.08612388],\"c\":[1,1,1]}]}]}"}],"serveTime":4}