{"thingDefinitions":[{"id":"5eb4ba7317774a3fb5a381f4","def":"{\"v\":9,\"p\":[{\"b\":9,\"s\":[{\"p\":[0,0,0],\"r\":[0,0,0],\"s\":[0.1250012,0.1250004,0.1250011],\"c\":[1,1,1]}]},{\"b\":9,\"s\":[{\"p\":[-1.556876,0.5029294,-0.6964159],\"r\":[337.4515,73.76614,54.83505],\"s\":[1.047861,0.1250005,1.835337],\"c\":[1,1,1]}]}]}"}],"serveTime":5}