{"thingDefinitions":[{"id":"5e7d55466efced40fdaa5740","def":"{\"v\":9,\"p\":[{\"s\":[{\"p\":[0,0,0],\"r\":[0,0,1.067217E-06],\"s\":[0.1750002,0.1750001,0.175],\"c\":[1,1,1]}]}]}"}],"serveTime":5}