{"thingDefinitions":[{"id":"5aca767a888fe60fdcf1c2c4","def":"{\"v\":2,\"p\":[{\"b\":5,\"s\":[{\"p\":[0,0,0],\"r\":[0,0,0],\"s\":[0.125,0.1250001,0.125],\"c\":[0.09876534,0.8888889,0.4148147]}]},{\"b\":5,\"s\":[{\"p\":[-0.4260338,0.1446064,0.005206566],\"r\":[352.3651,2.624923,318.6407],\"s\":[0.125,0.1250001,0.1250002],\"c\":[0.09876534,0.8888889,0.4148147]}]}]}"}],"serveTime":5}