{"thingDefinitions":[{"id":"5e8b84e4a0321c1e50a94626","def":"{\"v\":9,\"a\":[7,18],\"p\":[{\"s\":[{\"p\":[0,0,0],\"r\":[0,0,0],\"s\":[0.3567474,0.6987964,0.009496227],\"c\":[1,1,1]}]},{\"t\":7,\"s\":[{\"p\":[-0.1772333,6.258488E-07,0.1140655],\"r\":[-9.748988E-06,270,-8.964094E-08],\"s\":[0.2209517,0.6991741,0.00249586],\"c\":[0.8888889,0.8888889,0.8888889]}]},{\"t\":7,\"s\":[{\"p\":[0.176648,8.046627E-07,0.1140655],\"r\":[8.964156E-08,270,8.964157E-08],\"s\":[0.2210253,0.6992981,0.002495736],\"c\":[0.8888889,0.8888889,0.8888889]}]}]}"}],"serveTime":9}