{"thingDefinitions":[{"id":"5897abb12d0853b36321251b","def":"{\"n\":\"revolver\",\"a\":[2,3,7,12],\"inc\":[[\"balle\",\"5897a52ce4a44ba813777268\"]],\"p\":[{\"b\":5,\"t\":1,\"s\":[{\"p\":[0,0,0],\"r\":[0,0,0],\"s\":[0.007321029,0.007320047,0.3440527],\"c\":[0.111111,0.111111,0.111111]}]},{\"b\":60,\"t\":1,\"s\":[{\"p\":[-0.0003953867,-0.03833377,-0.08436478],\"r\":[-1.001791E-05,270,1.001791E-05],\"s\":[0.1146359,0.0811896,0.05930591],\"c\":[0.7777778,0.7777778,0.7777778]}]},{\"b\":27,\"t\":1,\"s\":[{\"p\":[-0.001752866,-0.07241714,-0.1960193],\"r\":[270,270,0],\"s\":[0.1250165,0.05844105,0.1250563],\"c\":[0.5555556,0.3456789,0.1234567],\"b\":[\"when triggered then emit balle with 10\",\"when triggered then play energy shot with 150\"]}]}]}"}],"serveTime":5}