{"thingDefinitions":[{"id":"5a118b23c60dd1ac138e27eb","def":"{\"n\":\"thing\",\"v\":2,\"p\":[{\"b\":3,\"s\":[{\"p\":[0.6754972,0.3654631,1.031408],\"r\":[22.066,86.79675,254.5506],\"s\":[0.1250002,0.1250001,0.1250002],\"c\":[1,1,1]}]},{\"s\":[{\"p\":[0.1351544,-0.05794658,-0.07331198],\"r\":[359.8362,347.0196,4.721542],\"s\":[0.1750001,0.1750004,0.1750005],\"c\":[1,1,1]}]}]}"}],"serveTime":5}