{"thingDefinitions":[{"id":"5d28fe61c3e7ae077461a809","def":"{\"n\":\"ground\",\"v\":9,\"a\":[1,7,18],\"p\":[{\"b\":17,\"s\":[{\"p\":[0,0,0],\"r\":[0,0,0],\"s\":[3.363354,0.1106202,3.201107],\"c\":[0.9019608,0.8509804,0.7215686]}]}]}"}],"serveTime":5}