{"thingDefinitions":[{"id":"5afe18e59be49b090796c546","def":"{\"v\":4,\"p\":[{\"b\":9,\"t\":11,\"pr\":36,\"t2\":49,\"s\":[{\"p\":[0,0,0],\"r\":[0,0,1.707547E-06],\"s\":[0.1250002,0.1250003,0.1250004],\"c\":[0.4444443,0.4444443,0.4444443],\"t2\":{\"c\":[1,1,1],\"x\":0.5,\"y\":0.5,\"a\":0.8925,\"m\":0,\"n\":0,\"r\":0,\"g\":0,\"o\":0.5,\"t\":0.5,\"e\":0.5},\"pr\":{\"c\":[1,0.5142855,0],\"a\":0.1}}]}]}"}],"serveTime":5}