{"thingDefinitions":[{"id":"5a45b948a71361a813f30c2f","def":"{\"n\":\"thing\",\"v\":2,\"p\":[{\"b\":9,\"s\":[{\"p\":[0,0,0],\"r\":[0,0,1.86763E-07],\"s\":[0.1250001,0.1250001,0.125],\"c\":[0,1,1]}]},{\"b\":5,\"s\":[{\"p\":[0.02297743,0.2132746,-0.04897226],\"r\":[332.5597,20.90115,341.3044],\"s\":[0.1250001,0.1250001,0.125],\"c\":[1,1,1]}]},{\"b\":5,\"s\":[{\"p\":[-0.104723,-0.1719657,-0.106885],\"r\":[39.57246,356.5471,299.6783],\"s\":[0.1250001,0.125,0.125],\"c\":[1,1,1]}]},{\"b\":12,\"s\":[{\"p\":[0.1918106,0.3022674,-0.2457764],\"r\":[26.23949,56.22897,328.0286],\"s\":[0.06000002,0.06000004,0.06000002],\"c\":[1,1,1]}]}]}"}],"serveTime":5}