{"thingDefinitions":[{"id":"5cce14bd978f6e3aa766ffb8","def":"{\"v\":9,\"p\":[{\"b\":2,\"s\":[{\"p\":[-0.1510346,-0.002993882,0.01694668],\"r\":[358.9011,267.149,90.1018],\"s\":[0.1250002,0.1250003,0.1250003],\"c\":[1,1,1]}]},{\"s\":[{\"p\":[-0.02098797,0.02091039,0.001645613],\"r\":[0.2947665,354.6185,359.8371],\"s\":[0.1750004,0.1750003,0.1750008],\"c\":[1,1,1]}]},{\"b\":44,\"s\":[{\"p\":[-0.02705381,0.106465,-0.07415421],\"r\":[56.64811,179.8582,4.65147],\"s\":[0.1250002,0.1250001,0.1250002],\"c\":[1,1,1]}]}]}"}],"serveTime":6}