{"thingDefinitions":[{"id":"5c71c068fa31b00e76f97014","def":"{\"v\":7,\"p\":[{\"b\":164,\"s\":[{\"p\":[0,0,0],\"r\":[0,0,0],\"s\":[0.1000001,0.1000001,0.1000001],\"c\":[1,1,1]}]}]}"}],"serveTime":5}