{"thingDefinitions":[{"id":"5a178a71f4b6d03b15827356","def":"{\"n\":\"ground\",\"v\":1,\"a\":[1],\"p\":[{\"b\":17,\"s\":[{\"p\":[0,0,0],\"r\":[0,0,0],\"s\":[3.363346,0.11062,3.201102],\"c\":[0.9019608,0.8509804,0.7215686]}]},{\"b\":11,\"s\":[{\"p\":[3.403888,1.380445,-2.780325],\"r\":[43.9264,350.1925,182.199],\"s\":[0.125,0.1250002,0.1250001],\"c\":[1,1,1]}]},{\"s\":[{\"p\":[3.389326,1.261838,-2.811118],\"r\":[358.3323,348.4798,191.3239],\"s\":[0.1750009,0.1750012,0.175],\"c\":[1,1,1]}]}]}"}],"serveTime":5}