{"thingDefinitions":[{"id":"5edc0208926f4c0641506196","def":"{\"v\":9,\"a\":[2],\"p\":[{\"b\":248,\"s\":[{\"p\":[0,0,0],\"r\":[0,0,0],\"s\":[0.1900002,0.1900003,0.1900002],\"c\":[1,1,1]}]}]}"}],"serveTime":4}