{"thingDefinitions":[{"id":"592618512f19c31810de56d6","def":"{\"n\":\"fttr\",\"a\":[4],\"p\":[{\"b\":3,\"s\":[{\"p\":[0,0,0],\"r\":[0,0,0],\"s\":[0.1250001,0.1250002,0.1250003],\"c\":[1,1,1]}]},{\"b\":73,\"s\":[{\"p\":[0.0303172,0.4975777,-0.1090162],\"r\":[343.851,13.33388,316.3595],\"s\":[0.09538646,0.0953867,0.09538698],\"c\":[1,1,1]}]},{\"b\":73,\"s\":[{\"p\":[0.1069196,0.4656599,-0.2156219],\"r\":[40.58576,72.09866,270.039],\"s\":[0.09241387,0.09241404,0.09241434],\"c\":[1,1,1]}]}]}"}],"serveTime":5}