{"thingDefinitions":[{"id":"5d2bd1b2c268bc353120d1ce","def":"{\"v\":9,\"p\":[{\"s\":[{\"p\":[0,0,0],\"r\":[0,0,0],\"s\":[540.5319,284.3474,0.1750006],\"c\":[1,1,1]}]},{\"s\":[{\"p\":[0.5318715,0.6441414,1.763963],\"r\":[330.6348,0.2352692,8.458213],\"s\":[540.5317,284.3477,0.1750008],\"c\":[1,1,1]}]}]}"}],"serveTime":5}