{"thingDefinitions":[{"id":"5c773b327792ec32ae88a1e3","def":"{\"v\":7,\"p\":[{\"b\":12,\"s\":[{\"p\":[0,0,0],\"r\":[0,0,6.403302E-07],\"s\":[0.06000027,0.0600002,0.06000017],\"c\":[1,1,1]}]}]}"}],"serveTime":5}