{"thingDefinitions":[{"id":"5c291e7d83f66e6e5534029a","def":"{\"n\":\"ground\",\"v\":7,\"a\":[1],\"p\":[{\"b\":17,\"s\":[{\"p\":[0,0,0],\"r\":[0,0,0],\"s\":[3.363346,0.11062,3.201102],\"c\":[0.9019608,0.8509804,0.7215686]}]}]}"},{"id":"5c291e5cfbec9a3178ec67ea","def":"{\"v\":7,\"p\":[{\"b\":17,\"s\":[{\"p\":[0,0,0],\"r\":[0,0,0],\"s\":[0.06026611,0.05999999,0.06],\"c\":[0,1,0.3999999]}]}]}"},{"id":"5c291f12285ab86f59fd662f","def":"{\"v\":7,\"p\":[{\"b\":11,\"s\":[{\"p\":[0,0,0],\"r\":[0,0,0],\"s\":[0.8548559,0.8039418,0.398444],\"c\":[0.8888889,0.8888889,0.8888889]}]}]}"}],"serveTime":7}