{"thingDefinitions":[{"id":"5c84b2526c4a070533c58057","def":"{\"v\":7,\"p\":[{\"b\":251,\"t\":1,\"t1\":43,\"s\":[{\"p\":[0,0,0],\"r\":[0,0,0],\"s\":[0.2400003,0.2400002,0.6279963],\"c\":[0,0,0],\"t1\":{\"c\":[1,0,0],\"x\":0.5,\"y\":0.5,\"a\":0.8925,\"m\":0,\"n\":0,\"r\":0,\"g\":0,\"o\":0.5,\"t\":0.5,\"e\":0.5}}]}]}"}],"serveTime":5}