{"thingDefinitions":[{"id":"5d2b64572ec3f47c239ff4a4","def":"{\"v\":9,\"p\":[{\"b\":10,\"s\":[{\"p\":[0,0,0],\"r\":[0,0,-1.067217E-06],\"s\":[0.1250001,0.1250001,0.125],\"c\":[1,1,1]}]},{\"s\":[{\"p\":[0.1772119,-0.2697315,-0.2706881],\"r\":[14.55081,54.44249,347.3712],\"s\":[0.1750003,0.1750003,0.1750003],\"c\":[1,1,1]}]},{\"b\":4,\"s\":[{\"p\":[-0.09155264,-0.2112535,-0.3770049],\"r\":[21.05231,47.54277,358.2072],\"s\":[0.1250001,0.1250001,0.1250001],\"c\":[0.3703702,0.6666667,0.6666667]}]},{\"b\":7,\"a\":[31],\"s\":[{\"p\":[-0.00515471,-0.09354171,-0.6772484],\"r\":[41.48631,64.07109,27.4716],\"s\":[0.1250001,0.125,0.1250001],\"c\":[0.2839504,0.08641968,0.7777778]}]}]}"}],"serveTime":6}