{"thingDefinitions":[{"id":"5c0da76b4d67fc6f6091f66c","def":"{\"v\":7,\"p\":[{\"b\":9,\"s\":[{\"p\":[0,0,0],\"r\":[0,0,-1.28066E-06],\"s\":[0.125,0.125,0.125],\"c\":[0,0,0]}]},{\"b\":3,\"s\":[{\"p\":[-0.1527908,-0.01112805,-0.116392],\"r\":[8.280133,3.18307,342.1749],\"s\":[0.1250001,0.1250001,0.125],\"c\":[0,0,0]}]},{\"b\":14,\"s\":[{\"p\":[0.02656033,0.04468915,-0.1929111],\"r\":[17.30334,314.0055,94.28778],\"s\":[0.06000019,0.06000029,0.0600003],\"c\":[0.2222221,0.1403879,0.1234567]}]}]}"}],"serveTime":4}