{"thingDefinitions":[{"id":"5f089e3f6eaa094fc20dceb6","def":"{\"n\":\"ground\",\"v\":9,\"a\":[1],\"p\":[{\"b\":17,\"s\":[{\"p\":[0,0,0],\"r\":[0,0,0],\"s\":[3.363346,0.11062,3.201102],\"c\":[0.9019608,0.8509804,0.7215686]},{\"p\":[0,0,0],\"r\":[0,0,0],\"s\":[3.363346,0.11062,3.201102],\"c\":[0.9019608,0.8509804,0.7215686]}]},{\"s\":[{\"p\":[4.957363,1.283945,1.259075],\"r\":[74.78278,206.9941,100.5701],\"s\":[0.7305535,1.328802,0.1750002],\"c\":[1,1,1]}]}]}"}],"serveTime":5}