{"thingDefinitions":[{"id":"5c5faa7bc05b280557c68801","def":"{\"v\":7,\"p\":[{\"b\":72,\"s\":[{\"p\":[0,0,0],\"r\":[0,0,2.668042E-08],\"s\":[0.125,0.125,0.125],\"c\":[1,1,1]}]},{\"b\":9,\"s\":[{\"p\":[0.003758692,0.2059374,-0.002087658],\"r\":[319.9603,16.99591,346.2121],\"s\":[0.125,0.125,0.125],\"c\":[1,1,1]}]},{\"b\":2,\"s\":[{\"p\":[-0.004397726,0.3649197,0.02336946],\"r\":[273.3911,92.79179,268.5192],\"s\":[0.125,0.125,0.125],\"c\":[1,1,1]}]}]}"}],"serveTime":3}