{"thingDefinitions":[{"id":"5ab6c064e06aee0fe67d607b","def":"{\"v\":2,\"a\":[1,4],\"p\":[{\"s\":[{\"p\":[0.1367624,0.0243723,0.03196393],\"r\":[348.881,25.34859,2.873433],\"s\":[0.1750008,0.1750002,0.1750008],\"c\":[1,1,1]}]},{\"s\":[{\"p\":[0.3819384,0.1017805,0.100787],\"r\":[333.3288,36.71198,81.78172],\"s\":[0.1750009,0.1750003,0.175001],\"c\":[1,1,1]}]},{\"s\":[{\"p\":[0.2768365,0.02485683,-0.03278118],\"r\":[346.0246,31.18406,355.1798],\"s\":[0.1750007,0.1750002,0.1750007],\"c\":[1,1,1]}]}]}"}],"serveTime":5}