{"thingDefinitions":[{"id":"5c58cdfd5a97d23fd548b009","def":"{\"v\":7,\"p\":[{\"b\":10,\"s\":[{\"p\":[0,0,0],\"r\":[0,0,-4.268868E-07],\"s\":[0.1250001,0.1250001,0.1250001],\"c\":[1,1,1]}]},{\"b\":9,\"s\":[{\"p\":[0.05442014,0.08419055,0.1025795],\"r\":[25.23226,0.4001965,11.14784],\"s\":[0.125,0.125,0.125],\"c\":[1,1,1]}]},{\"b\":11,\"s\":[{\"p\":[-0.09462614,0.05773929,0.1521711],\"r\":[356.1121,298.5085,355.8907],\"s\":[0.1000001,0.1,0.1000001],\"c\":[1,1,1]}]}]}"}],"serveTime":4}