{"thingDefinitions":[{"id":"5a9ea0befdb0ce7613047962","def":"{\"v\":3,\"p\":[{\"b\":3,\"s\":[{\"p\":[0,0,0],\"r\":[0,0,-1.707547E-06],\"s\":[0.2051203,0.1250003,0.125],\"c\":[0.8761905,1,0.6666666]}]},{\"b\":51,\"s\":[{\"p\":[-0.008804074,0.04742467,-0.09690136],\"r\":[291.256,3.265344,334.464],\"s\":[0.1250001,0.1250001,0.1250001],\"c\":[1,0,0.3428572]}]},{\"b\":52,\"s\":[{\"p\":[0.1049447,0.009107113,-0.1051501],\"r\":[286.7922,303.001,39.00583],\"s\":[0.03135937,0.005773597,0.03784861],\"c\":[1,0,0.5142856]}]},{\"b\":52,\"s\":[{\"p\":[0.1013263,0.08340348,-0.06329143],\"r\":[307.3201,314.1715,17.25691],\"s\":[0.03135941,0.005773603,0.03784865],\"c\":[1,0,0.5142856]}]}]}"}],"serveTime":5}