{"thingDefinitions":[{"id":"5e1209a49086120629c68b8d","def":"{\"n\":\"ground\",\"v\":9,\"a\":[1],\"p\":[{\"b\":17,\"s\":[{\"p\":[0,0,0],\"r\":[0,0,0],\"s\":[3.363346,0.11062,3.201102],\"c\":[0.9019608,0.8509804,0.7215686]}]}]}"},{"id":"5e120c294f0447061c363146","def":"{\"v\":9,\"p\":[{\"t1\":16,\"s\":[{\"p\":[0,0,0],\"r\":[0,0,0],\"s\":[1.478071,3.193751,0.0101495],\"c\":[0.7777778,0.2049381,0.08641968],\"t1\":{\"c\":[0.3333333,0.210582,0.1851851],\"x\":0.17,\"y\":0.17,\"a\":0.8925,\"m\":0.5,\"n\":0.5,\"r\":0,\"g\":0,\"o\":0.5,\"t\":0.5,\"e\":0.5}}]}]}"}],"serveTime":5}