{"thingDefinitions":[{"id":"5d6ac6692067ba3932338e78","def":"{\"v\":9,\"p\":[{\"b\":9,\"s\":[{\"p\":[0,0,0],\"r\":[0,0,-1.707547E-06],\"s\":[0.1250001,0.1250001,0.1250001],\"c\":[1,0.1714284,0]}]}]}"}],"serveTime":5}