{"thingDefinitions":[{"id":"5bb8f502643be810ae482e32","def":"{\"n\":\"groundytthuyhuyhuyhuy\",\"v\":7,\"a\":[1],\"p\":[{\"b\":17,\"s\":[{\"p\":[0,0,0],\"r\":[0,0,0],\"s\":[3.363346,0.11062,3.201102],\"c\":[0.9019608,0.8509804,0.7215686]}]},{\"s\":[{\"p\":[-1.186714,1.038358,-0.1087752],\"r\":[4.900668,51.50449,114.8459],\"s\":[0.1750005,0.1750008,0.1750004],\"c\":[0,1,0.2285714]}]},{\"b\":2,\"s\":[{\"p\":[-1.127851,1.092625,-0.1167741],\"r\":[277.1584,353.9937,48.18183],\"s\":[0.1250001,0.1250004,0.1250003],\"c\":[1,0.8571429,0]}]}]}"}],"serveTime":5}