{"thingDefinitions":[{"id":"5cbd69e28ea53c703a7fbf13","def":"{\"v\":9,\"p\":[{\"b\":11,\"s\":[{\"p\":[0.248837,0.51213,0.195349],\"r\":[315.04,81.87354,334.9638],\"s\":[0.1000001,0.1000001,0.1000002],\"c\":[1,1,1]}]},{\"b\":9,\"s\":[{\"p\":[0.3883909,0.3131029,-0.1023942],\"r\":[356.3091,53.07024,310.2645],\"s\":[0.1250001,0.1250002,0.1250002],\"c\":[1,1,1]}]},{\"b\":14,\"s\":[{\"p\":[0.2410006,0.398596,0.06577148],\"r\":[339.0699,337.687,90.87383],\"s\":[0.06000002,0.06000008,0.06000007],\"c\":[1,1,1]}]}]}"}],"serveTime":6}