{"thingDefinitions":[{"id":"5b784ebf4018921e8146e27b","def":"{\"v\":6,\"p\":[{\"b\":9,\"s\":[{\"p\":[0,0,0],\"r\":[0,0,-1.707547E-06],\"s\":[0.1250001,0.1250001,0.125],\"c\":[1,1,1]}]},{\"b\":11,\"s\":[{\"p\":[-0.1651379,-0.06612238,0.04738857],\"r\":[12.14512,281.4239,25.06938],\"s\":[0.125,0.125,0.125],\"c\":[1,1,1]}]},{\"b\":12,\"s\":[{\"p\":[-0.1288589,0.1961202,-0.09231602],\"r\":[55.86072,33.99155,117.8208],\"s\":[0.06000002,0.06000004,0.06],\"c\":[1,1,1]}]}]}"}],"serveTime":4}