{"thingDefinitions":[{"id":"5b81d820df21ed289c2316a1","def":"{\"n\":\"ground\",\"v\":6,\"a\":[1],\"p\":[{\"b\":17,\"s\":[{\"p\":[0,0,0],\"r\":[0,0,0],\"s\":[28.48243,0.11062,64.60203],\"c\":[0.9019608,0.8509804,0.7215686]}]}]}"}],"serveTime":4}