{"thingDefinitions":[{"id":"5cc635319d69377040904779","def":"{\"v\":9,\"p\":[{\"b\":10,\"s\":[{\"p\":[0,0,0],\"r\":[0,0,-1.067217E-07],\"s\":[0.1250002,0.1250001,0.1250002],\"c\":[1,1,1]}]},{\"b\":10,\"s\":[{\"p\":[-0.3647289,0.02324186,-0.001756405],\"r\":[4.115764,271.2376,31.02245],\"s\":[0.1250003,0.1250001,0.1250003],\"c\":[1,1,1]}]},{\"b\":67,\"s\":[{\"p\":[0.1461083,0.1428066,0.07077152],\"r\":[327.7966,245.4336,79.52699],\"s\":[0.125,0.125,0.125],\"c\":[1,1,1]}]},{\"b\":71,\"s\":[{\"p\":[0.3406726,-0.09321228,-0.3920821],\"r\":[27.48887,76.13229,337.5652],\"s\":[0.1250002,1.220244,1.214859],\"c\":[1,1,1]}]}]}"}],"serveTime":5}