{"thingDefinitions":[{"id":"5d20247283a11d062ac3602b","def":"{\"v\":9,\"p\":[{\"s\":[{\"p\":[0,0,0],\"r\":[0,0,0],\"s\":[0.175,0.175,0.175],\"c\":[1,1,1]}]},{\"b\":3,\"s\":[{\"p\":[0.2164354,-0.03357697,-0.04564897],\"r\":[351.8855,12.7773,14.28613],\"s\":[0.125,0.125,0.1250001],\"c\":[1,1,1]}]}]}"}],"serveTime":4}