{"thingDefinitions":[{"id":"5c8e1dd23de4411f9a34d565","def":"{\"v\":7,\"p\":[{\"b\":14,\"s\":[{\"p\":[0,0,0],\"r\":[0,0,0],\"s\":[0.05999999,0.06000002,0.05999999],\"c\":[1,1,1]}]},{\"b\":5,\"s\":[{\"p\":[-0.4186498,0.1028603,0.05465286],\"r\":[11.48169,349.2835,332.3814],\"s\":[0.1,0.1,0.1],\"c\":[1,1,1]}]},{\"b\":3,\"s\":[{\"p\":[-0.6544351,0.4138246,0.1531379],\"r\":[5.633471,359.6479,300.7035],\"s\":[0.125,0.125,0.125],\"c\":[1,1,1]}]}]}"}],"serveTime":5}