{"thingDefinitions":[{"id":"5c1991a6638de76f667e8d5d","def":"{\"v\":7,\"p\":[{\"b\":10,\"s\":[{\"p\":[0.0362042,0.02623553,0.1084625],\"r\":[326.1763,266.2869,50.85159],\"s\":[0.1250002,0.1250004,0.1250003],\"c\":[1,1,1]}]},{\"b\":14,\"s\":[{\"p\":[-0.0734448,0.08622953,0.2057509],\"r\":[342.7489,345.3447,0.7022936],\"s\":[0.06000008,0.06000018,0.06000013],\"c\":[1,1,1]}]},{\"b\":12,\"s\":[{\"p\":[0.01485105,-0.08230688,-0.1997924],\"r\":[7.550879,261.9792,110.5183],\"s\":[0.06000014,0.06000027,0.06000013],\"c\":[1,1,1]}]}]}"}],"serveTime":5}