{"thingDefinitions":[{"id":"5e7451fdcd9d903f9069531d","def":"{\"v\":9,\"p\":[{\"b\":5,\"s\":[{\"p\":[0,0,0],\"r\":[0,0,-8.537735E-07],\"s\":[0.1000003,0.1000001,0.1000003],\"c\":[1,1,1]}]},{\"b\":12,\"s\":[{\"p\":[0.2294841,0.3465132,-0.3022783],\"r\":[8.301558,290.3459,220.9286],\"s\":[0.06000031,0.06000035,0.06000028],\"c\":[1,1,1]}]}]}"}],"serveTime":3}