{"thingDefinitions":[{"id":"5bf2ab145ab5f30557b04e89","def":"{\"v\":7,\"p\":[{\"b\":9,\"s\":[{\"p\":[0,0,0],\"r\":[0,0,-1.707547E-06],\"s\":[0.1250004,0.1250002,0.1250004],\"c\":[1,1,1]}]},{\"b\":5,\"s\":[{\"p\":[-0.005036557,0.009712786,0.004361849],\"r\":[317.8903,317.3235,41.84332],\"s\":[0.1000004,0.1000001,0.1000003],\"c\":[1,1,1]}]}]}"}],"serveTime":4}