{"thingDefinitions":[{"id":"5c0dba28fbec9a3178ec6265","def":"{\"v\":7,\"p\":[{\"s\":[{\"p\":[0,0,0],\"r\":[0,0,-5.336085E-08],\"s\":[0.175,0.1750001,0.1750003],\"c\":[1,1,1]}]},{\"s\":[{\"p\":[-0.01341174,0.147169,0.01781926],\"r\":[275.4635,341.0024,359.4944],\"s\":[0.175,0.1750002,0.1750001],\"c\":[1,1,1]}]}]}"}],"serveTime":5}