{"thingDefinitions":[{"id":"5a47600eaf4e188013fb4106","def":"{\"n\":\"pistol\",\"v\":2,\"p\":[{\"b\":34,\"s\":[{\"p\":[-0.04076289,0.1881492,0.003633082],\"r\":[354.0273,114.4348,263.2346],\"s\":[0.1250001,0.125,0.1250001],\"c\":[1,1,1]}]},{\"b\":14,\"s\":[{\"p\":[0.004631818,-0.01405292,-0.002557175],\"r\":[84.91712,332.5836,138.7841],\"s\":[0.06000004,0.06000003,0.06000001],\"c\":[1,1,1]}]}]}"},{"id":"5a4760d9fb63e1581427643b","def":"{\"n\":\"thing\",\"v\":2,\"a\":[2,3,12,13,21],\"p\":[{\"b\":14,\"s\":[{\"p\":[0.01340999,-0.01322059,0.1914896],\"r\":[2.949742,2.188634,349.1526],\"s\":[0.06000039,0.0600001,0.0600004],\"c\":[1,1,1]}]},{\"b\":34,\"s\":[{\"p\":[0.01597874,-0.03290695,-0.02212706],\"r\":[296.9128,299.5971,333.5662],\"s\":[0.1250008,0.1250006,0.1250005],\"c\":[1,1,1]}]}]}"}],"serveTime":5}