{"thingDefinitions":[{"id":"5c7a04458773714157a94ac5","def":"{\"n\":\"ground\",\"v\":7,\"a\":[1],\"p\":[{\"b\":17,\"i\":[{\"t\":\"000000000000000000000001\",\"p\":[0,0,0],\"r\":[2.668042E-08,-8.735653E-19,-2.033927E-28]}],\"s\":[{\"p\":[0,0,0],\"r\":[0,0,0],\"s\":[8.835319,0.11062,22.86141],\"c\":[0.9019608,0.8509804,0.7215686]}]}]}"},{"id":"5e169f18d05231714d065b70","def":"{\"v\":9,\"p\":[{\"b\":146,\"s\":[{\"p\":[0.2034517,0.03987117,0.001106682],\"r\":[334.2657,52.53234,9.477574],\"s\":[0.09000003,0.09000006,0.09000006],\"c\":[1,1,1]}]},{\"b\":54,\"s\":[{\"p\":[0.2015883,0.04352533,-0.007413581],\"r\":[350.3105,53.48327,279.3333],\"s\":[0.1250002,0.1250002,0.125],\"c\":[1,1,1]}]}]}"},{"id":"5e169f44238f2175299104d5","def":"{\"v\":9,\"p\":[{\"b\":14,\"s\":[{\"p\":[0,0,0],\"r\":[0,0,0],\"s\":[0.06000005,0.06000007,0.0600001],\"c\":[1,1,1]}]}]}"}],"serveTime":6}