{"thingDefinitions":[{"id":"5d9102bfe88abd061eae5d45","def":"{\"n\":\"ground\",\"v\":9,\"a\":[1],\"p\":[{\"b\":17,\"s\":[{\"p\":[0,0,0],\"r\":[0,0,0],\"s\":[3.363346,0.11062,3.201102],\"c\":[0.9019608,0.8509804,0.7215686]}]},{\"b\":188,\"s\":[{\"p\":[-1.037864,1.67545,-1.131064],\"r\":[11.70568,216.0694,356.0643],\"s\":[0.06000011,0.06000004,0.06000011],\"c\":[1,1,1]}]},{\"s\":[{\"p\":[-0.8815093,1.741848,-1.185017],\"r\":[276.3819,216.4143,352.5349],\"s\":[0.1750008,0.1750002,0.1750007],\"c\":[1,1,1]}]}]}"}],"serveTime":4}