{"thingDefinitions":[{"id":"5cd31a651574305d9ef97f12","def":"{\"n\":\"ground\",\"v\":9,\"a\":[1],\"p\":[{\"b\":17,\"s\":[{\"p\":[0,0,0],\"r\":[0,0,0],\"s\":[3.363346,0.11062,3.201102],\"c\":[0.9019608,0.8509804,0.7215686]},{\"p\":[0,0,0],\"r\":[0,0,0],\"s\":[3.363346,0.11062,3.201102],\"c\":[0.9019608,0.8509804,0.7215686]},{\"p\":[0,0,0],\"r\":[0,0,0],\"s\":[3.363346,0.11062,3.201102],\"c\":[0.9019608,0.8509804,0.7215686]}]},{\"b\":7,\"s\":[{\"p\":[0.6240107,1.296737,-1.111866],\"r\":[332.0219,243.7454,12.95178],\"s\":[0.1250001,0.125,0.1250002],\"c\":[1,1,1]}]}]}"}],"serveTime":4}