{"thingDefinitions":[{"id":"5f33d615a3e4686305c80991","def":"{\"v\":9,\"p\":[{\"b\":9,\"s\":[{\"p\":[0,0,0],\"r\":[0,0,-4.268868E-07],\"s\":[0.125,0.1250003,0.1250002],\"c\":[1,1,1]}]}]}"}],"serveTime":4}