{"thingDefinitions":[{"id":"5c85508dbb382b0d96ebf649","def":"{\"v\":7,\"p\":[{\"s\":[{\"p\":[0.2738923,0.3081751,0.06863412],\"r\":[0.4403945,268.4969,274.8244],\"s\":[0.4631942,0.1750008,0.3460711],\"c\":[1,1,1]}]},{\"s\":[{\"p\":[0.05640411,-0.02081161,0.004374616],\"r\":[351.625,354.8742,1.917294],\"s\":[0.4631953,0.1750008,0.3460716],\"c\":[1,1,1]},{\"p\":[0.05640411,-0.02081161,0.004374616],\"r\":[351.625,354.8742,1.917294],\"s\":[0.4631953,0.1750008,0.3460716],\"c\":[1,1,1]}]}]}"}],"serveTime":3}