{"thingDefinitions":[{"id":"5adca1e7e050e704d0854b71","def":"{\"v\":4,\"p\":[{\"s\":[{\"p\":[0,0,0],\"r\":[0,0,0],\"s\":[0.1750005,0.1750005,0.1750003],\"c\":[1,1,1]}]},{\"s\":[{\"p\":[-0.02521068,-0.2544438,-0.006895915],\"r\":[0.9182109,357.472,349.7844],\"s\":[0.1750003,0.1750003,0.1750001],\"c\":[1,1,1]}]}]}"}],"serveTime":4}