{"thingDefinitions":[{"id":"5a92e84107f03679135e5565","def":"{\"v\":2,\"p\":[{\"b\":9,\"s\":[{\"p\":[0.1302326,0.7863029,-0.7269604],\"r\":[0.1605033,134.693,163.3129],\"s\":[0.1171298,0.5386696,0.1141397],\"c\":[1,1,1]}]},{\"b\":9,\"s\":[{\"p\":[0.06072193,1.507741,-0.3681461],\"r\":[12.66464,193.1353,178.8052],\"s\":[0.1171296,1.220231,0.03572102],\"c\":[1,1,1]}]},{\"b\":9,\"s\":[{\"p\":[0.03693403,0.7719365,0.2578423],\"r\":[26.75847,248.3305,180.3298],\"s\":[0.1171294,1.220231,0.03572097],\"c\":[1,1,1]}]},{\"b\":9,\"s\":[{\"p\":[-0.6080295,0.5012257,-0.5665982],\"r\":[58.72254,136.985,104.3707],\"s\":[0.03956414,1.22023,0.4332798],\"c\":[1,1,1]}]}]}"}],"serveTime":5}