{"thingDefinitions":[{"id":"5abc5e389f65d9339547ad2a","def":"{\"v\":2,\"p\":[{\"s\":[{\"p\":[0,0,0],\"r\":[0,0,0],\"s\":[0.1750003,0.1750004,0.1750005],\"c\":[1,1,1]}]},{\"s\":[{\"p\":[0.4527087,-0.01942158,-0.02694976],\"r\":[357.5059,283.3297,87.55532],\"s\":[0.1750004,0.1750004,0.1750003],\"c\":[1,1,1]}]}]}"}],"serveTime":4}