{"thingDefinitions":[{"id":"5c7c848df7eac05383938cb2","def":"{\"v\":7,\"a\":[1,2,3,4,12,48,49],\"p\":[{\"b\":9,\"s\":[{\"p\":[0.3207736,-0.6059642,0.1009119],\"r\":[23.64413,62.78729,70.3135],\"s\":[0.1250001,0.125,0.1250001],\"c\":[1,1,1]}]},{\"b\":9,\"s\":[{\"p\":[0.8168069,0.891148,-0.6632578],\"r\":[343.9528,110.1283,74.2083],\"s\":[0.1250001,0.1250002,0.1250001],\"c\":[1,1,1]}]},{\"b\":11,\"s\":[{\"p\":[0.1507162,0.05676857,-0.5124594],\"r\":[291.7391,153.1836,143.3347],\"s\":[0.1000001,0.1000003,0.1000001],\"c\":[1,1,1]}]},{\"b\":11,\"s\":[{\"p\":[0.2346769,0.08437449,-0.5741481],\"r\":[66.8724,333.548,36.72836],\"s\":[0.1000004,0.1,0.04831165],\"c\":[1,1,1]}]}]}"}],"serveTime":4}