{"thingDefinitions":[{"id":"5cbfb66d02726879123b793e","def":"{\"v\":9,\"a\":[24],\"bod\":{},\"p\":[{\"b\":164,\"s\":[{\"p\":[0,0,0],\"r\":[0,0,6.403302E-07],\"s\":[0.1000001,0.1000001,0.1000001],\"c\":[1,1,1]}]}]}"}],"serveTime":4}