{"thingDefinitions":[{"id":"5c15d557ad6b9c6e49e2c19a","def":"{\"v\":7,\"p\":[{\"s\":[{\"p\":[0,0,0],\"r\":[0,0,0],\"s\":[0.1750002,0.1750004,0.1750005],\"c\":[1,1,1]}]},{\"b\":12,\"s\":[{\"p\":[-0.3308666,0.4775426,-0.1426885],\"r\":[283.7707,246.2256,122.4794],\"s\":[0.06000013,0.06000016,0.06000007],\"c\":[1,1,1]}]}]}"}],"serveTime":5}