{"thingDefinitions":[{"id":"5b880cb4d442997e7760f45b","def":"{\"v\":6,\"p\":[{\"s\":[{\"p\":[0,0,0],\"r\":[0,0,0],\"s\":[0.1750001,0.4202125,0.1750001],\"c\":[1,1,1]}]}]}"}],"serveTime":6}