{"thingDefinitions":[{"id":"5c81a9f9b69c375384305ecf","def":"{\"v\":7,\"p\":[{\"b\":9,\"s\":[{\"p\":[0,0,0],\"r\":[0,0,1.707547E-06],\"s\":[0.125,0.125,0.1250001],\"c\":[1,1,1]}]}]}"},{"id":"5c81d136c522af0547446d9d","def":"{\"v\":7,\"p\":[{\"b\":12,\"s\":[{\"p\":[0,0,0],\"r\":[0,0,0],\"s\":[0.06000008,0.06000009,0.0600001],\"c\":[1,1,1]}]}]}"}],"serveTime":6}