{"thingDefinitions":[{"id":"5d37dcd02af5577924a37915","def":"{\"n\":\"ground\",\"v\":9,\"a\":[1,7],\"p\":[{\"b\":17,\"c\":[[-0.032,2.482,0.135,699,3,3,3,3,1,3,3,3,3,3,3,3,5,3,3,3,3],[-0.017,1.57,-0.227,640,4,62,4],[-0.348,0.862,0.029,628,3,66,4],[-0.176,1.425,0.82,605,6,67,4]],\"sa\":4,\"s\":[{\"p\":[-0.06349282,-0.2942993,-0.2259258],\"r\":[7.748011,322.1219,351.2415],\"s\":[17.72474,0.2232671,174.5894],\"c\":[0.9019608,0.8509804,0.7215686]},{\"p\":[0,0,0],\"r\":[0,0,0],\"s\":[3.363345,0.1106199,3.201104],\"c\":[0.9019608,0.8509804,0.7215686]},{\"p\":[0,0,0],\"r\":[0,0,0],\"s\":[3.363345,0.1106199,3.201104],\"c\":[0.9019608,0.8509804,0.7215686]}]}]}"}],"serveTime":5}