{"thingDefinitions":[{"id":"58e6d9d3950e1eaa13de13a3","def":"{\"n\":\"thing\",\"p\":[{\"b\":9,\"pr\":5,\"s\":[{\"p\":[0,0,0],\"r\":[0,0,0],\"s\":[0.3204169,0.3880395,0.36587],\"c\":[1,1,1],\"pr\":{\"c\":[0.8888889,0.09876538,0.6405643],\"m\":0.25,\"a\":0.25,\"s\":0.15,\"z\":0.25,\"g\":0.5,\"h\":0.25}}]},{\"b\":9,\"pr\":5,\"s\":[{\"p\":[0.2470262,-0.2407945,-0.307699],\"r\":[357.0386,341.5448,27.29219],\"s\":[0.2086571,0.2991354,0.2850997],\"c\":[1,1,1],\"pr\":{\"c\":[0.8888889,0.09876538,0.6405643],\"m\":0.25,\"a\":0.25,\"s\":0.15,\"z\":0.25,\"g\":0.5,\"h\":0.25}}]}]}"}],"serveTime":6}