{"thingDefinitions":[{"id":"5c9a97b42496704a47ee9202","def":"{\"v\":9,\"p\":[{\"b\":173,\"s\":[{\"p\":[0,0,0],\"r\":[0,0,0],\"s\":[0.1682723,0.04500002,0.172727],\"c\":[0.6666667,0.573545,0.3703702]}]},{\"b\":154,\"s\":[{\"p\":[0.006792815,0.07020614,-0.01170567],\"r\":[5.164405,280.0979,358.4394],\"s\":[0.1198291,0.205507,0.1273683],\"c\":[1,0.7904761,0.3333332]}]}]}"}],"serveTime":5}