{"thingDefinitions":[{"id":"5d94ac31a1cf1e392b56b2be","def":"{\"v\":9,\"p\":[{\"b\":3,\"a\":[12],\"pr\":5,\"s\":[{\"p\":[0,0,0],\"r\":[0,0,0],\"s\":[0.4091326,0.5843813,0.5004436],\"c\":[1,1,1],\"pr\":{\"c\":[0.8888889,0.6095237,0],\"m\":1,\"a\":0.25,\"s\":0.15,\"z\":1,\"g\":0.5,\"h\":0.25}}]}]}"}],"serveTime":4}