{"thingDefinitions":[{"id":"59eb825a37e26aa813da1578","def":"{\"n\":\"thing\",\"v\":2,\"p\":[{\"b\":9,\"s\":[{\"p\":[-0.2339133,-0.2390222,-0.1836917],\"r\":[27.53962,337.0296,337.0529],\"s\":[0.125,0.1250001,0.1250001],\"c\":[1,1,1]}]},{\"b\":9,\"s\":[{\"p\":[0.1591498,0.1256618,0.0962879],\"r\":[339.1689,12.20995,11.79185],\"s\":[0.1250001,0.1250001,0.1250001],\"c\":[1,1,1]}]},{\"b\":9,\"s\":[{\"p\":[-0.05029023,-0.08232323,0.006889008],\"r\":[9.128943,353.524,353.7824],\"s\":[0.125,0.1250001,0.1250001],\"c\":[1,1,1]}]}]}"}],"serveTime":17}