{"thingDefinitions":[{"id":"5f0a96befc8a1d6cad565b21","def":"{\"v\":9,\"p\":[{\"b\":250,\"s\":[{\"p\":[2.86341,1.178922,-1.389862],\"r\":[345.375,309.25,0],\"s\":[0.24,0.24,0.24],\"c\":[1,1,1]}]}]}"}],"serveTime":6}