{"thingDefinitions":[{"id":"5a5d82ef97c26fef0d3c6020","def":"{\"n\":\"thing\",\"v\":2,\"p\":[{\"b\":5,\"s\":[{\"p\":[0,0,0],\"r\":[0,0,0],\"s\":[0.1250001,0.1250001,0.1250001],\"c\":[1,1,1]}]},{\"b\":10,\"s\":[{\"p\":[0.5883271,-1.569222,1.926519],\"r\":[342.0084,8.818381,333.6279],\"s\":[0.1250001,0.1250001,0.1250001],\"c\":[1,1,1]}]}]}"}],"serveTime":4}