{"thingDefinitions":[{"id":"5c1ed28439f34d317e595c2b","def":"{\"v\":7,\"p\":[{\"b\":3,\"c\":[[-0.766,0.554,0.036,19],[0.408,0.295,0.815,49],[0.252,0.809,0.526,26,24,2,1]],\"sa\":80,\"s\":[{\"p\":[0,0,0],\"r\":[0,0,-4.268868E-07],\"s\":[2.584905,2.448224,1.296279],\"c\":[0.2222221,0.1982362,0.1728394]}]}]}"}],"serveTime":5}