{"thingDefinitions":[{"id":"5c7dae62a2c2ba725a3a18cf","def":"{\"v\":7,\"p\":[{\"b\":9,\"a\":[5],\"s\":[{\"p\":[0.4784649,0.5159497,0.2656412],\"r\":[5.91459,325.3156,69.15911],\"s\":[0.8824122,0.2150083,0.7134761],\"c\":[1,1,1]}]},{\"b\":5,\"s\":[{\"p\":[0.3544118,0.2248941,0.375524],\"r\":[292.114,263.0303,162.6988],\"s\":[0.154185,0.1963122,0.1000002],\"c\":[1,1,1]}]}]}"}],"serveTime":5}