{"thingDefinitions":[{"id":"5d030313705b7d7e79589f4d","def":"{\"n\":\"ground\",\"v\":9,\"a\":[1],\"p\":[{\"b\":17,\"s\":[{\"p\":[0,0,0],\"r\":[0,0,0],\"s\":[3.363346,0.11062,3.201102],\"c\":[0.9019608,0.8509804,0.7215686]}]},{\"b\":9,\"s\":[{\"p\":[0.6708159,1.395551,1.10972],\"r\":[4.662193,178.0494,257.1176],\"s\":[0.5965967,0.6107104,0.3258067],\"c\":[1,1,1]}]},{\"b\":9,\"s\":[{\"p\":[1.398989,1.214603,1.498151],\"r\":[67.50822,181.1371,150.7855],\"s\":[0.1250001,0.6107128,0.05059588],\"c\":[1,1,1]}]},{\"s\":[{\"p\":[1.398707,1.768734,1.549102],\"r\":[3.315574,150.452,113.5221],\"s\":[0.03309958,0.03083599,0.03167275],\"c\":[1,1,1]}]}]}"}],"serveTime":6}