{"thingDefinitions":[{"id":"5c92a44474dc9d62876d0b31","def":"{\"v\":9,\"p\":[{\"s\":[{\"p\":[0,0,0],\"r\":[0,0,0],\"s\":[0.5654849,0.1750004,0.5265881],\"c\":[1,1,1]}]}]}"}],"serveTime":6}