{"thingDefinitions":[{"id":"5a8e06ff468934f41334292b","def":"{\"n\":\"you can build here now lol\",\"v\":2,\"p\":[{\"b\":17,\"s\":[{\"p\":[0,0,0],\"r\":[0,0,1.067217E-07],\"s\":[150,0.11062,150],\"c\":[0.9019608,0.8509804,0.7215686]}]}]}"}],"serveTime":4}