{"thingDefinitions":[{"id":"5a8ccfa1d3428fd50fb51745","def":"{\"v\":2,\"p\":[{\"b\":46,\"s\":[{\"p\":[0.1030436,0.05598158,0.1320188],\"r\":[10.78934,22.36389,242.3132],\"s\":[0.125,0.1250001,0.1250002],\"c\":[1,1,1]}]},{\"b\":9,\"s\":[{\"p\":[-0.0104238,-0.002224103,0.01578084],\"r\":[2.006464,358.0356,352.188],\"s\":[0.1250002,0.1250007,0.1250006],\"c\":[1,1,1]}]},{\"b\":46,\"s\":[{\"p\":[-0.1173343,-0.0330782,-0.01640958],\"r\":[336.081,102.2123,219.6415],\"s\":[0.1250005,0.1250004,0.1250005],\"c\":[1,1,1]}]},{\"b\":173,\"s\":[{\"p\":[-0.03931293,-0.02903505,0.07440302],\"r\":[314.1746,341.3224,186.6627],\"s\":[0.04500012,0.04500008,0.04500012],\"c\":[1,1,1]}]}]}"}],"serveTime":5}