{"thingDefinitions":[{"id":"5c50b27ea53b533a195f2043","def":"{\"v\":7,\"a\":[22],\"p\":[{\"b\":9,\"s\":[{\"p\":[0,0,0],\"r\":[0,0,0],\"s\":[0.1250001,0.125,0.1250001],\"c\":[1,1,1]}]},{\"b\":9,\"s\":[{\"p\":[0.1091513,-0.3723574,0.1536872],\"r\":[351.1476,249.6769,28.77801],\"s\":[0.1250213,0.1250124,0.1250152],\"c\":[1,1,1]}]},{\"b\":9,\"s\":[{\"p\":[0.02813088,-0.528657,0.3478312],\"r\":[22.46904,251.9377,249.5248],\"s\":[0.1250292,0.1250149,0.1250226],\"c\":[1,1,1]}]}]}"}],"serveTime":4}