{"thingDefinitions":[{"id":"5dc0fb252f511010e59aedab","def":"{\"n\":\"ground\",\"v\":9,\"a\":[1,2,9],\"p\":[{\"b\":17,\"s\":[{\"p\":[0,0,0],\"r\":[0,0,0],\"s\":[3.363346,0.11062,3.201102],\"c\":[0.9019608,0.8509804,0.7215686]}]},{\"b\":10,\"s\":[{\"p\":[1.196195,1.008929,1.090487],\"r\":[18.77026,75.68407,329.4399],\"s\":[0.1250001,0.125,0.1250001],\"c\":[1,1,1]}]}]}"}],"serveTime":4}