{"thingDefinitions":[{"id":"5f4190103c5673630c79d0ce","def":"{\"v\":9,\"p\":[{\"s\":[{\"p\":[0,0,0],\"r\":[0,0,1.707547E-06],\"s\":[0.1750004,0.1750003,0.1750001],\"c\":[0,1,0.5714287]}]}]}"}],"serveTime":10}