{"thingDefinitions":[{"id":"5c7934240fe37c41581ef158","def":"{\"v\":7,\"p\":[{\"s\":[{\"p\":[0.01188648,-0.009524651,0.02553853],\"r\":[4.95165,351.5228,358.317],\"s\":[0.1750001,0.1750007,0.1750007],\"c\":[1,1,1]}]},{\"b\":10,\"s\":[{\"p\":[-0.2098282,-0.02987227,0.1848536],\"r\":[44.5248,43.04741,0.9785652],\"s\":[0.1250001,0.1250002,0.1250001],\"c\":[1,1,1]}]},{\"b\":10,\"s\":[{\"p\":[0.1672212,-0.05548906,0.2455683],\"r\":[46.46891,49.98514,325.6511],\"s\":[0.1250002,0.1250002,0.125],\"c\":[1,1,1]}]}]}"}],"serveTime":4}