{"thingDefinitions":[{"id":"5edf98d051385e504a4299df","def":"{\"v\":9,\"a\":[2,15,50],\"p\":[{\"s\":[{\"p\":[0,0,0],\"r\":[0,0,0],\"s\":[0.1750001,0.175,0.1750001],\"c\":[1,1,1]}]}]}"}],"serveTime":5}