{"thingDefinitions":[{"id":"5c57a342c6240a055c0fd34c","def":"{\"v\":7,\"p\":[{\"b\":14,\"s\":[{\"p\":[-0.2569685,0.3009289,0.2026981],\"r\":[357.0719,274.7438,74.09998],\"s\":[0.06000005,0.06000001,0.06000004],\"c\":[1,1,1]}]},{\"b\":17,\"s\":[{\"p\":[-0.05547945,0.3801881,0.2056229],\"r\":[354.4501,310.5015,68.33512],\"s\":[0.06000005,0.06000001,0.06000004],\"c\":[1,1,1]}]},{\"b\":17,\"s\":[{\"p\":[-0.07284072,0.2394897,0.1495345],\"r\":[10.6101,297.6866,56.56859],\"s\":[0.06000002,0.06,0.06],\"c\":[1,1,1]}]},{\"s\":[{\"p\":[0.2066594,-0.02376063,-0.5790077],\"r\":[57.77646,36.63728,59.36497],\"s\":[0.1750005,0.1750004,0.1750005],\"c\":[1,1,1]}]}]}"}],"serveTime":5}