{"thingDefinitions":[{"id":"5aced99d67db0f0fe8ba18d8","def":"{\"v\":2,\"p\":[{\"s\":[{\"p\":[0,0,0],\"r\":[0,0,1.120578E-06],\"s\":[0.1750001,0.1750003,0.1750001],\"c\":[1,1,1]}]},{\"s\":[{\"p\":[0.004601691,0.1689204,0.00443985],\"r\":[359.9623,358.5115,356.9203],\"s\":[0.1750002,0.1750003,0.175],\"c\":[1,1,1]}]},{\"s\":[{\"p\":[-0.1664294,0.0009402633,0.005093453],\"r\":[359.1566,275.6106,90.35068],\"s\":[0.1750001,0.1750004,0.1750002],\"c\":[1,1,1]}]},{\"s\":[{\"p\":[-0.1606768,0.1742829,0.00771913],\"r\":[358.6182,273.9075,0.9060748],\"s\":[0.1750004,0.1750006,0.1750004],\"c\":[1,1,1]}]}]}"}],"serveTime":4}