{"thingDefinitions":[{"id":"5871d30a0155641910746ce0","def":"{\"n\":\"thing\",\"p\":[{\"s\":[{\"p\":[0,0,0],\"r\":[0,0,0],\"s\":[0.1750001,0.1750001,0.1750002],\"c\":[1,1,1]}]}]}"}],"serveTime":4}