{"thingDefinitions":[{"id":"5cf5d07cdb8bc206336b13e9","def":"{\"n\":\"ground\",\"v\":9,\"a\":[1],\"p\":[{\"b\":17,\"s\":[{\"p\":[0,0,0],\"r\":[0,0,0],\"s\":[3.363346,0.11062,3.201102],\"c\":[0.9019608,0.8509804,0.7215686]}]},{\"s\":[{\"p\":[-2.308841,1.300972,-0.438953],\"r\":[9.122224,288.8217,285.4558],\"s\":[0.175,0.1749999,0.175],\"c\":[1,1,1]}]}]}"}],"serveTime":5}