{"thingDefinitions":[{"id":"5a73b6c1fd077f6c13bd74a1","def":"{\"n\":\"thing\",\"v\":3,\"p\":[{\"b\":150,\"s\":[{\"p\":[0,0,0],\"r\":[0,0,0],\"s\":[37.31507,0.05999995,104.2225],\"c\":[0.4444443,1,0.8571428]}]}]}"}],"serveTime":14}