{"thingDefinitions":[{"id":"5d06cc25fdfd5350e9862f76","def":"{\"v\":9,\"p\":[{\"b\":9,\"s\":[{\"p\":[0,0,0],\"r\":[0,0,-8.537735E-07],\"s\":[0.1250003,0.1250002,0.1250002],\"c\":[1,1,1]}]}]}"},{"id":"5d06cd0b9b0690597a509573","def":"{\"v\":9,\"p\":[{\"b\":14,\"s\":[{\"p\":[0,0,0],\"r\":[0,0,8.537735E-07],\"s\":[0.06000016,0.06000013,0.06000003],\"c\":[1,1,1]}]}]}"}],"serveTime":6}