{"thingDefinitions":[{"id":"5e7c7e66c27eec07f6093a28","def":"{\"n\":\"ground\",\"v\":9,\"a\":[1],\"p\":[{\"b\":17,\"s\":[{\"p\":[0,0,0],\"r\":[0,0,-4.002064E-08],\"s\":[3.363346,0.11062,3.227914],\"c\":[0.9019608,0.8509804,0.7215686]}]}]}"}],"serveTime":4}