{"thingDefinitions":[{"id":"5ce735397e89af31eee54d44","def":"{\"v\":9,\"p\":[{\"s\":[{\"p\":[0,0,0],\"r\":[0,0,0],\"s\":[0.1750003,0.1750004,0.1750001],\"c\":[0,1,1]}]},{\"b\":3,\"s\":[{\"p\":[0.06431623,0.4705869,0.1651937],\"r\":[316.5953,10.96161,47.48555],\"s\":[0.125,0.1250001,0.1250001],\"c\":[1,1,1]}]}]}"}],"serveTime":6}