{"thingDefinitions":[{"id":"5af3663836e6a80e62b9ff83","def":"{\"n\":\"thjngs\",\"v\":4,\"a\":[39],\"p\":[{\"b\":3,\"s\":[{\"p\":[0.1753962,0.2590031,-0.176331],\"r\":[356.2465,13.557,32.66865],\"s\":[0.1250007,0.1250001,0.1250005],\"c\":[1,1,1]}]},{\"b\":17,\"s\":[{\"p\":[-0.005512848,0.1856249,-0.1823728],\"r\":[16.24704,61.62843,353.6619],\"s\":[0.06000008,0.06000004,0.06000004],\"c\":[1,1,1]}]},{\"b\":2,\"s\":[{\"p\":[-0.1403143,0.1765318,-0.1959156],\"r\":[349.8856,90.07857,234.0894],\"s\":[0.1059001,0.1679374,0.125001],\"c\":[1,1,1]}]}]}"}],"serveTime":8}