{"thingDefinitions":[{"id":"5dcfdad43cdedc061ff52dae","def":"{\"v\":9,\"a\":[2],\"p\":[{\"b\":188,\"s\":[{\"p\":[0.001253851,0.1326531,0.6137211],\"r\":[68.70335,88.76255,84.2218],\"s\":[0.01199988,0.02072796,0.01215332],\"c\":[0.5555556,0.5555556,0.5555556]}]},{\"b\":5,\"s\":[{\"p\":[-0.007783581,0.1110475,-0.07741093],\"r\":[358.3419,0.1756043,351.9801],\"s\":[0.01608289,0.01091842,1.626935],\"c\":[0.8888889,0.6095237,0]}]}]}"}],"serveTime":4}