{"thingDefinitions":[{"id":"5ca4239e71493a5035e52068","def":"{\"n\":\"ground\",\"v\":9,\"a\":[1,2,12],\"p\":[{\"b\":17,\"s\":[{\"p\":[0,0,0],\"r\":[5.336086E-08,-3.222487E-17,-6.920236E-08],\"s\":[797.3607,0.1029322,489.7145],\"c\":[0.9019608,0.8509804,0.7215686]}]}]}"}],"serveTime":5}