{"thingDefinitions":[{"id":"5ba03115e9dd3f04ab2259d6","def":"{\"v\":6,\"p\":[{\"s\":[{\"p\":[0.01153962,-0.01064418,0.1728014],\"r\":[0.5890466,2.722541,53.78371],\"s\":[0.1750001,0.1750003,0.1750001],\"c\":[1,1,1]}]},{\"b\":2,\"s\":[{\"p\":[0.04091614,-0.02716565,0.314571],\"r\":[0.1055488,1.075047,55.92015],\"s\":[0.125,0.1250001,0.1250001],\"c\":[1,1,1]}]},{\"s\":[{\"p\":[-0.1189695,0.2072587,0.208459],\"r\":[9.979109,292.5319,10.17199],\"s\":[0.1750004,0.1750003,0.1750006],\"c\":[1,1,1]}]}]}"}],"serveTime":4}