{"thingDefinitions":[{"id":"5eec903f2acb306118f8193e","def":"{\"v\":9,\"p\":[{\"b\":2,\"s\":[{\"p\":[0,0,0],\"r\":[0,0,0],\"s\":[0.1250003,0.1250005,0.1250003],\"c\":[1,1,1]}]}]}"}],"serveTime":7}