{"thingDefinitions":[{"id":"5a756780438a1bca13c447dc","def":"{\"n\":\"thing\",\"v\":2,\"p\":[{\"b\":54,\"s\":[{\"p\":[0,0,0],\"r\":[0,0,0],\"s\":[0.1250007,0.1250006,0.1250007],\"c\":[1,0,0.8571426]}]},{\"b\":69,\"s\":[{\"p\":[-0.001282413,0.06409118,0.02348226],\"r\":[354.154,237.8243,163.1858],\"s\":[0.07500002,0.075,0.07500003],\"c\":[0,0,0]}]}]}"}],"serveTime":4}