{"thingDefinitions":[{"id":"5d2bd879a9cba9353d831199","def":"{\"v\":9,\"p\":[{\"b\":9,\"s\":[{\"p\":[0,0,0],\"r\":[0,0,3.415095E-06],\"s\":[0.125,0.125,0.125],\"c\":[1,1,1]}]},{\"b\":9,\"s\":[{\"p\":[-0.1434583,0.2069561,0.07283726],\"r\":[357.0566,321.6418,57.67799],\"s\":[0.125,0.125,0.125],\"c\":[0.09876534,0.8888889,0.8888889]}]},{\"b\":17,\"s\":[{\"p\":[-0.1404009,0.2655408,0.03994256],\"r\":[324.9074,293.9321,81.72685],\"s\":[0.06000037,0.06000034,0.06000029],\"c\":[0.09876534,0.8888889,0.8888889]}]},{\"b\":17,\"s\":[{\"p\":[-0.03447716,0.091475,-0.05970504],\"r\":[333.8239,15.1717,358.2689],\"s\":[0.2100288,0.1236421,0.1453156],\"c\":[0.09876534,0.8888889,0.8888889]}]}]}"}],"serveTime":5}