{"thingDefinitions":[{"id":"5aceae8f22d81b0ff9374f0d","def":"{\"v\":2,\"p\":[{\"s\":[{\"p\":[0,0,0],\"r\":[0,0,0],\"s\":[0.1750002,0.1750003,0.1750002],\"c\":[1,1,1]}]}]}"}],"serveTime":5}