{"thingDefinitions":[{"id":"5c8a4288273564523f94dad3","def":"{\"v\":7,\"p\":[{\"b\":2,\"s\":[{\"p\":[-0.0125764,-0.01599853,-0.03660753],\"r\":[7.66287,81.40247,344.0748],\"s\":[0.1250001,0.1250003,0.1250003],\"c\":[1,1,1]}]},{\"b\":145,\"s\":[{\"p\":[-0.252111,0.02450201,-0.08445138],\"r\":[81.31466,235.3495,239.3294],\"s\":[0.09000004,0.09000003,0.09000002],\"c\":[1,1,1]}]},{\"b\":101,\"e\":\"GEENYVR\",\"s\":[{\"p\":[-0.08658056,0.1166131,-0.1255848],\"r\":[20.23751,350.0465,259.3312],\"s\":[0.003000004,0.003000003,0.003000002],\"c\":[0.165432,0.08641965,0.7777778]}]},{\"s\":[{\"p\":[-0.1423817,0.01901831,-0.07510869],\"r\":[21.17986,351.4859,352.3623],\"s\":[0.1750006,0.1750006,0.1750002],\"c\":[1,1,1]}]}]}"}],"serveTime":5}