{"thingDefinitions":[{"id":"5db520e4a3f82a1c584d8ee2","def":"{\"v\":9,\"p\":[{\"t\":1,\"s\":[{\"p\":[0,0,0],\"r\":[0,0,0],\"s\":[0.1750003,0.1750003,0.1750002],\"c\":[0.1851851,0.2698411,0.5555556]}]}]}"}],"serveTime":4}