{"thingDefinitions":[{"id":"5caa6b16b620e3481c20a31a","def":"{\"v\":9,\"p\":[{\"s\":[{\"p\":[0,0,0],\"r\":[0,0,0],\"s\":[0.5590604,0.1750002,0.1750002],\"c\":[1,1,1]}]},{\"s\":[{\"p\":[0.0532225,0.02291951,0.1178074],\"r\":[4.075778,12.88455,359.5502],\"s\":[0.5590605,0.1750002,0.1750001],\"c\":[1,1,1]}]},{\"s\":[{\"p\":[0.5182942,0.1822655,0.462195],\"r\":[328.9422,118.4499,95.90205],\"s\":[0.5590646,0.1750018,0.1750015],\"c\":[1,1,1]}]}]}"},{"id":"5caa6cf09db9bc2f987fe0c5","def":"{\"v\":9,\"p\":[{\"s\":[{\"p\":[0,0,0],\"r\":[2.668043E-08,-1.242404E-17,-5.336085E-08],\"s\":[0.1750003,0.1750001,0.1750003],\"c\":[1,1,1]}]}]}"}],"serveTime":6}