{"thingDefinitions":[{"id":"5ad24591f598ba0fec3733df","def":"{\"v\":3,\"p\":[{\"s\":[{\"p\":[0,0,0],\"r\":[0,0,-4.268868E-07],\"s\":[0.1750002,0.1750002,0.175],\"c\":[1,1,1]}]},{\"b\":14,\"s\":[{\"p\":[-0.2738467,-0.000456959,-0.02911974],\"r\":[357.5155,263.6657,70.65331],\"s\":[0.06000003,0.06000005,0.06000006],\"c\":[1,1,1]}]},{\"b\":40,\"s\":[{\"p\":[-0.04901108,-0.001263879,-0.1579044],\"r\":[355.3986,218.3509,355.6547],\"s\":[0.1250001,0.1250002,0.1250003],\"c\":[1,1,1]}]},{\"b\":94,\"e\":\"REQUEL\",\"s\":[{\"p\":[-0.4157002,-0.03676525,-0.1093078],\"r\":[20.29873,356.8765,87.51889],\"s\":[0.003000004,0.003000004,0.003000005],\"c\":[1,1,1]}]}]}"}],"serveTime":5}