{"thingDefinitions":[{"id":"5aa550abf3db87137ce592ab","def":"{\"v\":2,\"p\":[{\"b\":129,\"e\":\"GRATZ U DIED\",\"s\":[{\"p\":[0,0,0],\"r\":[0,0,0],\"s\":[0.02611547,0.02611547,0.02611547],\"c\":[1,0.1714285,0]}]}]}"}],"serveTime":4}