{"thingDefinitions":[{"id":"5b67b6948a2e2d206bf99e6a","def":"{\"v\":6,\"p\":[{\"b\":9,\"s\":[{\"p\":[0,0,0],\"r\":[0,0,7.203714E-07],\"s\":[0.1250001,0.1250001,0.1250001],\"c\":[1,1,1]}]},{\"b\":10,\"s\":[{\"p\":[-0.1181085,0.2496438,0.01066086],\"r\":[344.9006,352.2921,10.23427],\"s\":[0.1250002,0.1250003,0.125],\"c\":[1,1,1]}]},{\"b\":13,\"s\":[{\"p\":[-0.2166612,0.05453801,0.05021472],\"r\":[2.194127,355.2651,23.99744],\"s\":[0.06000003,0.06000002,0.06000001],\"c\":[1,1,1]}]}]}"}],"serveTime":3}