{"thingDefinitions":[{"id":"5cb05fbcef5174481d2df09e","def":"{\"v\":9,\"p\":[{\"b\":9,\"s\":[{\"p\":[0,0,0],\"r\":[0,0,0],\"s\":[0.1250001,0.1250001,0.1250001],\"c\":[1,1,1]}]},{\"b\":3,\"s\":[{\"p\":[-0.1279027,0.08092797,0.07381104],\"r\":[338.3759,279.3242,7.132314],\"s\":[0.1250001,0.1250001,0.1250001],\"c\":[1,1,1]}]},{\"b\":5,\"s\":[{\"p\":[0.07389298,-0.02010899,-0.03416659],\"r\":[331.5967,308.1556,12.67049],\"s\":[0.1,0.1,0.1000001],\"c\":[1,1,1]}]},{\"b\":13,\"s\":[{\"p\":[-0.2355401,0.1547009,0.1659514],\"r\":[331.1552,306.8255,5.624726],\"s\":[0.06000001,0.06000004,0.06000004],\"c\":[1,1,1]}]}]}"}],"serveTime":4}