{"thingDefinitions":[{"id":"5d050d66aba30e2ad87774b8","def":"{\"n\":\"ground\",\"v\":9,\"a\":[1],\"p\":[{\"b\":17,\"s\":[{\"p\":[0,0,0],\"r\":[0,0,0],\"s\":[3.363346,0.11062,3.201102],\"c\":[0.9019608,0.8509804,0.7215686]}]},{\"s\":[{\"p\":[-0.8183365,1.290349,3.193416],\"r\":[332.4322,189.282,3.549087],\"s\":[0.1750008,0.1750001,0.1750006],\"c\":[0.1142857,0,1]}]},{\"b\":2,\"s\":[{\"p\":[-0.8278679,1.3904,3.258157],\"r\":[294.7482,22.28938,77.28384],\"s\":[0.1250001,0.1250002,0.1250001],\"c\":[0.1142857,0,1]}]},{\"b\":61,\"s\":[{\"p\":[-0.917852,1.043128,3.33749],\"r\":[36.21836,120.1519,222.7493],\"s\":[0.1250003,0.1250002,0.1250001],\"c\":[0.1142857,0,1]}]}]}"}],"serveTime":4}