{"thingDefinitions":[{"id":"5d9121f1309ea4392c5a8130","def":"{\"v\":9,\"p\":[{\"s\":[{\"p\":[0.02626142,0.003929242,0.1668957],\"r\":[342.7698,317.0508,71.29859],\"s\":[0.1750004,0.1750003,0.1750003],\"c\":[1,1,1]}]},{\"s\":[{\"p\":[-0.05226086,0.3513206,0.1305053],\"r\":[23.16519,46.9966,225.2942],\"s\":[0.1750006,0.1750006,0.1750003],\"c\":[1,1,1]}]}]}"}],"serveTime":5}