{"thingDefinitions":[{"id":"5ce74f4ca0ccb1062a019c8c","def":"{\"n\":\"ground\",\"v\":9,\"a\":[1],\"p\":[{\"b\":17,\"i\":[{\"t\":\"000000000000000000000001\",\"p\":[0,0,0],\"r\":[-4.969615E-17,2.134434E-07,2.668042E-08]}],\"s\":[{\"p\":[0,0,0],\"r\":[0,0,0],\"s\":[3.363346,0.11062,3.201102],\"c\":[0.9019608,0.8509804,0.7215686]}]}]}"},{"id":"5ce74ff96793656054e9ce43","def":"{\"v\":9,\"p\":[{\"s\":[{\"p\":[0,0,0],\"r\":[0,0,2.134434E-07],\"s\":[0.1750001,0.1750001,0.1750001],\"c\":[1,0,0.8571426]}]},{\"s\":[{\"p\":[-0.001557879,0.169695,0.002362393],\"r\":[271.1606,310.7054,49.67855],\"s\":[0.1750001,0.1750002,0.1750002],\"c\":[1,0,0.8571426]}]}]}"}],"serveTime":5}