{"thingDefinitions":[{"id":"5cdc2af07e89af31eee54a3e","def":"{\"n\":\"ground\",\"v\":9,\"a\":[1],\"p\":[{\"b\":17,\"s\":[{\"p\":[0,0,0],\"r\":[0,0,0],\"s\":[0.4443325,0.1247954,2.050246],\"c\":[0.9019608,0.8509804,0.7215686]}]}]}"}],"serveTime":6}