{"thingDefinitions":[{"id":"5f7b2d912e39b42a35b1e99e","def":"{\"v\":9,\"p\":[{\"s\":[{\"p\":[0,0,0],\"r\":[0,0,0],\"s\":[0.1950519,0.272181,0.1548832],\"c\":[1,1,1]}]}]}"}],"serveTime":4}