{"thingDefinitions":[{"id":"59d6f904e4234b811312d5a8","def":"{\"n\":\"colour\",\"p\":[{\"b\":10,\"s\":[{\"p\":[-0.05861231,0.1065021,0.03076528],\"r\":[339.5959,36.75761,301.0445],\"s\":[0.005000009,0.04673742,0.03908937],\"c\":[0.6285716,0,1]}]},{\"b\":10,\"s\":[{\"p\":[-0.1175248,0.03357718,-0.03364152],\"r\":[317.688,24.66859,310.3965],\"s\":[0.005000007,0.04673737,0.03908937],\"c\":[0.6285716,0,1]}]},{\"b\":9,\"s\":[{\"p\":[0.0001515464,0.001483674,-0.004369517],\"r\":[355.7269,344.9148,8.650905],\"s\":[0.1250003,0.1250002,0.1250001],\"c\":[0,0.9142855,1]}]}]}"}],"serveTime":5}