{"thingDefinitions":[{"id":"5cff53b39dd454389a08887b","def":"{\"n\":\"ground\",\"v\":9,\"a\":[1],\"p\":[{\"b\":17,\"s\":[{\"p\":[0,0,0],\"r\":[0,0,0],\"s\":[3.363346,0.11062,3.201102],\"c\":[0.9019608,0.8509804,0.7215686]}]},{\"b\":9,\"s\":[{\"p\":[-0.9816186,1.27482,0.5895355],\"r\":[301.8918,71.56433,229.9427],\"s\":[0.1250001,0.125,0.125],\"c\":[1,1,1]}]}]}"}],"serveTime":5}