{"thingDefinitions":[{"id":"5a3b40caf44c16191094c7e2","def":"{\"n\":\"thing\",\"v\":2,\"p\":[{\"b\":5,\"s\":[{\"p\":[0,0,0],\"r\":[0,0,0],\"s\":[0.125,0.125,0.125],\"c\":[1,1,1]}]},{\"b\":153,\"s\":[{\"p\":[-0.03122296,-0.001285285,-0.09717548],\"r\":[324.6974,322.2063,33.22333],\"s\":[0.04000003,0.04000001,0.04000001],\"c\":[1,1,1]}]},{\"b\":175,\"s\":[{\"p\":[0.1199037,-0.2923282,-0.07650545],\"r\":[37.16803,46.6021,128.6525],\"s\":[0.04500002,0.04500002,0.04500001],\"c\":[1,1,1]}]}]}"}],"serveTime":6}