{"thingDefinitions":[{"id":"5d5f544a54786f63ba32e16b","def":"{\"v\":9,\"a\":[7,18],\"p\":[{\"s\":[{\"p\":[0,0,0],\"r\":[0,0,0],\"s\":[56.79091,26.65745,0.09499113],\"c\":[0,0.5555556,0.1269841]}]}]}"}],"serveTime":6}