{"thingDefinitions":[{"id":"5cd48d537f22196e94f2dc2e","def":"{\"v\":9,\"p\":[{\"a\":[32,34],\"t1\":43,\"s\":[{\"p\":[-0.5059327,0.4920791,-0.3123768],\"r\":[0,0,270],\"s\":[0.06252671,0.06526683,0.5768372],\"c\":[0.7777778,0.5259259,0.2592591],\"t1\":{\"c\":[1,0.5682539,0.1111111],\"x\":0.5,\"y\":0.5,\"a\":0.8925,\"m\":0,\"n\":0,\"r\":0,\"g\":0,\"o\":0.5,\"t\":0.5,\"e\":0.5}}]},{\"t1\":43,\"c\":[[-0.471,-0.482,-0.601,7,8,4],[-0.469,0.466,-0.51,5,6,7],[0.476,-0.479,-0.737,6,6,8],[0.477,0.458,-0.527,4,6,11]],\"s\":[{\"p\":[0.01167381,0.004197238,0.002273858],\"r\":[0,0,270],\"s\":[1.106662,1.138788,0.05442585],\"c\":[0.7777778,0.5259259,0.2592591],\"t1\":{\"c\":[1,0.5682539,0.1111111],\"x\":0.5,\"y\":0.5,\"a\":0.8925,\"m\":0,\"n\":0,\"r\":0,\"g\":0,\"o\":0.5,\"t\":0.5,\"e\":0.5}}]}]}"}],"serveTime":4}