{"thingDefinitions":[{"id":"59c5d31a232ba52310f62dcb","def":"{\"n\":\"thing\",\"p\":[{\"b\":17,\"s\":[{\"p\":[-0.2457011,-0.1414568,-0.1512276],\"r\":[12.45315,307.1066,5.080962],\"s\":[0.06000007,0.06000003,0.06000006],\"c\":[0.8,1,0]}]},{\"b\":90,\"e\":\"WOW\",\"s\":[{\"p\":[-0.2689946,-0.06270012,-0.2098556],\"r\":[73.69963,350.5221,61.51236],\"s\":[0.003000004,0.003000002,0.003000003],\"c\":[0.1142856,1,0]}]},{\"b\":10,\"s\":[{\"p\":[-0.343573,-0.1262815,-0.07855189],\"r\":[5.97537,344.486,320.849],\"s\":[0.1250001,0.125,0.125],\"c\":[0.1142857,0,1]}]}]}"},{"id":"59c5d35a232ba52310f62dcc","def":"{\"n\":\"thing\",\"p\":[{\"b\":5,\"s\":[{\"p\":[0,0,0],\"r\":[4.909198E-06,-2.92611E-13,-6.830188E-06],\"s\":[0.1250001,0.1250001,0.1250002],\"c\":[0,1,0.2285714]}]}]}"}],"serveTime":5}