{"thingDefinitions":[{"id":"5a130d0ff1698ddc208719b1","def":"{\"n\":\"thing\",\"v\":2,\"p\":[{\"b\":10,\"s\":[{\"p\":[0,0,0],\"r\":[0,0,0],\"s\":[0.1250001,0.125,0.1250001],\"c\":[1,1,1]}]}]}"},{"id":"5a15d2ce28c06e3110362f87","def":"{\"n\":\"thing\",\"v\":2,\"p\":[{\"b\":10,\"s\":[{\"p\":[0,0,0],\"r\":[0,0,0],\"s\":[0.1250002,0.1250001,0.1250003],\"c\":[1,1,1]}]}]}"}],"serveTime":6}