{"thingDefinitions":[{"id":"59da528060d8e82c10201a7e","def":"{\"n\":\"thing\",\"p\":[{\"b\":9,\"s\":[{\"p\":[0.01297187,0.1460099,0.08889182],\"r\":[344.8979,0.57508,358.1815],\"s\":[0.9281641,0.2237706,0.125],\"c\":[1,1,1]}]},{\"b\":14,\"s\":[{\"p\":[0.06872071,0.2715434,0.01985565],\"r\":[8.140341,85.51271,319.8623],\"s\":[0.05188756,0.06000004,0.5961335],\"c\":[1,1,1]}]}]}"}],"serveTime":3}