{"thingDefinitions":[{"id":"59dcd9e9958b6aab43ff7a85","def":"{\"n\":\"thing\",\"p\":[{\"b\":12,\"s\":[{\"p\":[0,0,0],\"r\":[0,0,1.067217E-07],\"s\":[0.2199159,0.06000001,0.2150007],\"c\":[0.2962962,0.6349206,0.6666667]}]}]}"},{"id":"59dcda3ffb41e42410f5d510","def":"{\"n\":\"thing\",\"p\":[{\"s\":[{\"p\":[0,0,0],\"r\":[0,0,0],\"s\":[0.04498528,0.02855438,0.1750001],\"c\":[1,1,1]}]}]}"}],"serveTime":6}