{"thingDefinitions":[{"id":"5cfc45367f1e4138a0d603e5","def":"{\"n\":\"ground\",\"v\":9,\"a\":[1,2,3,4,12],\"p\":[{\"b\":17,\"s\":[{\"p\":[0,0,0],\"r\":[0,0,0],\"s\":[3.363346,0.11062,3.201102],\"c\":[0.9019608,0.8509804,0.7215686]}]},{\"s\":[{\"p\":[-1.952573,1.254895,-3.484719],\"r\":[299.146,342.1494,311.097],\"s\":[0.1750002,0.1750001,0.1750001],\"c\":[1,1,1]}]},{\"b\":16,\"s\":[{\"p\":[-1.617537,0.7747246,-3.553132],\"r\":[49.22864,266.4249,244.8123],\"s\":[0.1,0.1000001,0.1000001],\"c\":[1,1,1]}]}]}"}],"serveTime":4}