{"thingDefinitions":[{"id":"5c9bd3177b5d52056e97e98a","def":"{\"n\":\"ground\",\"v\":9,\"a\":[1],\"p\":[{\"b\":17,\"s\":[{\"p\":[0,0,0],\"r\":[0,0,0],\"s\":[3.363346,0.11062,3.201102],\"c\":[0.9019608,0.8509804,0.7215686]}]},{\"b\":2,\"s\":[{\"p\":[-2.640591,0.8538629,-0.2904623],\"r\":[47.78865,10.45202,221.0951],\"s\":[0.1250003,0.1250005,0.1250005],\"c\":[1,1,1]}]},{\"b\":2,\"s\":[{\"p\":[-2.659183,1.223367,0.1730013],\"r\":[50.57384,248.7762,183.0345],\"s\":[0.1250003,0.1250005,0.1250004],\"c\":[1,1,1]}]}]}"}],"serveTime":5}