{"thingDefinitions":[{"id":"5e5a7c680db5ec2be29ccdc4","def":"{\"v\":9,\"p\":[{\"b\":171,\"s\":[{\"p\":[0,0,0],\"r\":[0,0,0],\"s\":[0.04500001,0.04500002,0.04500002],\"c\":[1,1,1]}]},{\"b\":171,\"s\":[{\"p\":[-0.1449206,0.1895784,-0.2854177],\"r\":[330.2771,299.6517,352.7832],\"s\":[0.04500001,0.04500001,0.04500001],\"c\":[1,1,1]}]}]}"}],"serveTime":4}