{"thingDefinitions":[{"id":"5c2d31b783f66e6e5534037f","def":"{\"v\":7,\"p\":[{\"b\":3,\"s\":[{\"p\":[0,0,0],\"r\":[0,0,-4.268868E-07],\"s\":[0.1249999,0.09052259,0.125],\"c\":[1,1,1]}]},{\"b\":3,\"s\":[{\"p\":[-0.1762697,-0.2346171,-0.2018286],\"r\":[60.29046,0.5824769,356.4737],\"s\":[0.1250005,0.1250006,0.1250001],\"c\":[1,1,1]}]}]}"}],"serveTime":4}