{"thingDefinitions":[{"id":"5e2f39d4a35bc84f574c18c7","def":"{\"v\":9,\"p\":[{\"b\":84,\"s\":[{\"p\":[0,0,0],\"r\":[0,0,0],\"s\":[0.07500003,0.07500006,0.07499998],\"c\":[1,1,1]}]}]}"}],"serveTime":6}