{"thingDefinitions":[{"id":"5cdc3a62a89f2e52a40ff31d","def":"{\"n\":\"ground\",\"v\":9,\"a\":[1],\"p\":[{\"b\":17,\"s\":[{\"p\":[0,0,0],\"r\":[0,0,0],\"s\":[3.363346,0.11062,3.201102],\"c\":[0.9019608,0.8509804,0.7215686]}]},{\"b\":9,\"s\":[{\"p\":[0.7448563,1.417533,-3.243868],\"r\":[22.30932,154.1349,263.0278],\"s\":[0.1250001,0.125,0.0852056],\"c\":[0,1,1]}]},{\"b\":11,\"s\":[{\"p\":[0.8963958,1.239476,-2.968375],\"r\":[345.1721,127.5131,318.552],\"s\":[0.1000001,0.1,0.1000001],\"c\":[0,1,1]}]}]}"}],"serveTime":4}