{"thingDefinitions":[{"id":"5a89e90844b638c91324dd30","def":"{\"v\":2,\"p\":[{\"b\":9,\"s\":[{\"p\":[0,0,0],\"r\":[0,0,0],\"s\":[0.1250004,0.1250001,0.1250004],\"c\":[1,1,1]}]},{\"b\":41,\"s\":[{\"p\":[0.06063185,-0.0738937,-0.04925111],\"r\":[9.107736,244.8,43.22452],\"s\":[0.1250001,0.1250001,0.1250001],\"c\":[1,1,1]}]}]}"}],"serveTime":5}