{"thingDefinitions":[{"id":"5d02026ef29d1a7bbe6be5d7","def":"{\"n\":\"ground\",\"v\":9,\"a\":[1],\"p\":[{\"b\":17,\"s\":[{\"p\":[0,0,0],\"r\":[0,0,0],\"s\":[3.363346,0.11062,3.201102],\"c\":[0.9019608,0.8509804,0.7215686]}]},{\"s\":[{\"p\":[7.089025,1.08549,12.05383],\"r\":[3.859233,151.1486,10.98703],\"s\":[2500,0.175,2500],\"c\":[1,1,1]}]}]}"},{"id":"5d0204b8e68bc72816386912","def":"{\"v\":9,\"p\":[{\"b\":5,\"s\":[{\"p\":[0,0,0],\"r\":[0,0,-2.134434E-07],\"s\":[0.1000002,0.1000003,0.104188],\"c\":[1,1,1]}]},{\"s\":[{\"p\":[72.3829,27.70282,-435.3601],\"r\":[4.485032,186.6944,174.9552],\"s\":[0.1750004,0.1750004,0.1750008],\"c\":[1,1,1]}]}]}"}],"serveTime":6}