{"thingDefinitions":[{"id":"5b694a8f92a6f84ac0a7c60c","def":"{\"v\":6,\"p\":[{\"b\":12,\"s\":[{\"p\":[0,0,0],\"r\":[0,0,0],\"s\":[0.06000022,0.06000005,0.06000014],\"c\":[0.8666667,1,0.3333332]}]},{\"b\":12,\"s\":[{\"p\":[-0.2332717,0.009124725,-0.001900911],\"r\":[357.728,357.5805,358.5333],\"s\":[0.06000021,0.06000005,0.06000012],\"c\":[0.8666667,1,0.3333332]}]}]}"}],"serveTime":5}