{"thingDefinitions":[{"id":"5adb78c5711e330fcf0dec8a","def":"{\"v\":4,\"p\":[{\"b\":9,\"s\":[{\"p\":[0,0,0],\"r\":[0,0,0],\"s\":[0.1250001,0.1250001,0.1250002],\"c\":[0.9714285,0,1]}]}]}"}],"serveTime":4}