{"thingDefinitions":[{"id":"5a8b2e6bfa77f5c3132c43e2","def":"{\"v\":2,\"p\":[{\"b\":91,\"a\":[3,5,23],\"e\":\"HI\",\"s\":[{\"p\":[0,0,0],\"r\":[0,0,0],\"s\":[0.003000002,0.003000002,0.003000002],\"c\":[1,1,1]}]},{\"b\":163,\"s\":[{\"p\":[-0.1605581,-0.2765788,0.01624633],\"r\":[2.057131,16.52671,38.93565],\"s\":[0.1000005,0.1000002,0.1000005],\"c\":[0.6285716,0,1]}]},{\"b\":79,\"s\":[{\"p\":[0.2506882,-0.3571897,-0.0140647],\"r\":[52.98689,0.07408147,195.7433],\"s\":[0.07500004,0.0750001,0.07500008],\"c\":[1,1,1]}]}]}"}],"serveTime":6}