{"thingDefinitions":[{"id":"5e234ff1459abd062d1aa8c2","def":"{\"v\":9,\"p\":[{\"s\":[{\"p\":[0,0,0],\"r\":[0,0,0],\"s\":[0.1750001,0.1750001,0.1750002],\"c\":[1,1,1]}]}]}"}],"serveTime":5}