{"thingDefinitions":[{"id":"5dcb4434463cde1159d6a5f6","def":"{\"v\":9,\"a\":[1,2,4,49],\"p\":[{\"b\":9,\"s\":[{\"p\":[-0.5552623,-0.03951798,0.07037339],\"r\":[332.0604,306.8148,30.33817],\"s\":[0.125,0.125,0.125],\"c\":[1,1,1]}]},{\"s\":[{\"p\":[0.5624736,0.5103501,-0.1434569],\"r\":[335.444,12.68624,38.78832],\"s\":[0.1750004,0.1750002,0.1750006],\"c\":[1,1,1]}]}]}"},{"id":"5e75618139e75474ab4f4768","def":"{\"n\":\"tt\",\"v\":9,\"p\":[{\"b\":4,\"s\":[{\"p\":[0,0,0],\"r\":[0,0,-4.002064E-08],\"s\":[0.125,0.125,0.125],\"c\":[1,1,1]}]},{\"b\":3,\"s\":[{\"p\":[0.0008301474,0.01706085,-0.1955448],\"r\":[18.62845,332.3698,6.475473],\"s\":[0.125,0.125,0.125],\"c\":[1,1,1]}]}]}"}],"serveTime":5}