{"thingDefinitions":[{"id":"5a927d23c6028f9b5c32dc5b","def":"{\"v\":2,\"a\":[2],\"p\":[{\"b\":73,\"s\":[{\"p\":[0.2867739,-0.5318266,-0.3153959],\"r\":[37.98673,27.44942,22.02606],\"s\":[0.5522606,0.5522608,0.5522594],\"c\":[1,1,1]}]},{\"b\":73,\"s\":[{\"p\":[-0.4462769,1.054437,-0.3712789],\"r\":[279.084,248.5255,115.1982],\"s\":[0.2059154,0.2059156,0.2059155],\"c\":[1,1,1]}]}]}"}],"serveTime":5}