{"thingDefinitions":[{"id":"5ad90ef320217a7c11161327","def":"{\"v\":4,\"p\":[{\"b\":12,\"s\":[{\"p\":[0,0,0],\"r\":[0,0,0],\"s\":[0.06000006,0.06000002,0.06000004],\"c\":[0.04938262,0.4444443,0.1396825]}]}]}"}],"serveTime":4}