{"thingDefinitions":[{"id":"5b977d7c90c90f157a2e695f","def":"{\"v\":6,\"p\":[{\"s\":[{\"p\":[0.07794258,-0.3723263,-0.2927793],\"r\":[53.38805,4.006085,25.50867],\"s\":[0.1750007,0.1750006,0.1750007],\"c\":[1,1,1]}]},{\"s\":[{\"p\":[-0.05534182,0.2279212,0.1040924],\"r\":[338.2917,48.88845,295.352],\"s\":[0.1750009,0.1750008,0.1750004],\"c\":[0.04938262,0.4444443,0.4444443]}]},{\"s\":[{\"p\":[-0.3257596,-0.1085741,0.06362504],\"r\":[17.49486,297.0708,32.11713],\"s\":[0.134304,0.1750011,0.1624759],\"c\":[0.04938262,0.4444443,0.4444443]}]},{\"b\":41,\"s\":[{\"p\":[-0.08836985,0.2912937,0.06423327],\"r\":[316.4626,338.7435,327.8826],\"s\":[0.1250004,0.1250002,0.1250001],\"c\":[1,1,1]}]}]}"}],"serveTime":13}