{"thingDefinitions":[{"id":"5c187856fbec9a3178ec647f","def":"{\"n\":\"rol\",\"v\":7,\"a\":[7],\"p\":[{\"s\":[{\"p\":[0.3952702,-0.002293199,-0.171767],\"r\":[348.615,28.70866,42.00303],\"s\":[0.1750001,0.1750002,0.1750001],\"c\":[1,1,1]}]},{\"b\":14,\"s\":[{\"p\":[0.4389371,0.07877581,-0.0103744],\"r\":[338.7141,37.75934,34.63844],\"s\":[0.06000002,0.06000016,0.06000011],\"c\":[1,1,1]}]},{\"b\":4,\"s\":[{\"p\":[-0.03304097,0.02749495,-0.05418541],\"r\":[5.791028,180.4226,356.002],\"s\":[0.1250159,0.1250097,0.125019],\"c\":[1,1,1]}]}]}"}],"serveTime":4}