{"thingDefinitions":[{"id":"5be47ecae3e24b0532c67e10","def":"{\"v\":7,\"p\":[{\"b\":12,\"s\":[{\"p\":[0,0,0],\"r\":[0,0,0],\"s\":[0.06000006,0.06000008,0.06000002],\"c\":[1,1,1]}]},{\"b\":14,\"s\":[{\"p\":[-0.01843458,-0.1129176,0.0008290205],\"r\":[77.99736,255.4047,158.1938],\"s\":[0.06000006,0.06000003,0.06000006],\"c\":[1,1,1]}]},{\"b\":16,\"s\":[{\"p\":[-0.03490667,-0.2399134,-0.001929086],\"r\":[343.8829,248.7867,182.1377],\"s\":[0.1000001,0.1,0.1000001],\"c\":[1,1,1]}]}]}"}],"serveTime":4}