{"thingDefinitions":[{"id":"5caa77e45d493905603164ec","def":"{\"v\":9,\"p\":[{\"b\":61,\"s\":[{\"p\":[0,0,0],\"r\":[0,0,-8.537737E-07],\"s\":[0.125,0.1250002,0.1250002],\"c\":[1,1,1]}]}]}"}],"serveTime":5}