{"thingDefinitions":[{"id":"5c95582d86959e0556a33adf","def":"{\"v\":9,\"p\":[{\"b\":9,\"s\":[{\"p\":[0,0,0],\"r\":[0,0,0],\"s\":[0.1250002,0.1250003,0.1250002],\"c\":[1,1,1]}]},{\"b\":14,\"s\":[{\"p\":[-0.0005753059,0.1522834,-0.7688161],\"r\":[7.265026,359.748,331.9287],\"s\":[0.0600001,0.06000005,0.2675397],\"c\":[1,1,1]}]},{\"b\":12,\"s\":[{\"p\":[-0.5481026,0.1880612,-0.1250634],\"r\":[23.75893,293.2778,180.6831],\"s\":[0.1675964,0.04548789,0.3623311],\"c\":[1,1,1]}]},{\"b\":12,\"s\":[{\"p\":[0.8008131,-0.223814,-0.4298744],\"r\":[304.2117,2.990583,121.7383],\"s\":[0.1675974,0.04548816,0.3623331],\"c\":[1,1,1]}]}]}"}],"serveTime":4}