{"thingDefinitions":[{"id":"5a0bfae25c65233310148f4a","def":"{\"n\":\"thing\",\"v\":2,\"p\":[{\"b\":10,\"s\":[{\"p\":[0,0,0],\"r\":[0,0,-8.537735E-07],\"s\":[0.1250001,0.1250001,0.125],\"c\":[1,1,1]}]},{\"b\":10,\"s\":[{\"p\":[-0.1309591,-0.2162206,-0.1540816],\"r\":[31.17857,345.3885,334.5348],\"s\":[0.1250001,0.125,0.1250001],\"c\":[1,1,1]},{\"p\":[-0.1309591,-0.2162206,-0.1540816],\"r\":[31.17857,345.3885,334.5348],\"s\":[0.1250001,0.125,0.1250001],\"c\":[1,1,1]},{\"p\":[-0.1309591,-0.2162206,-0.1540816],\"r\":[31.17857,345.3885,334.5348],\"s\":[0.1250001,0.125,0.1250001],\"c\":[1,1,1]}]}]}"}],"serveTime":4}