{"thingDefinitions":[{"id":"5b2eaf9937ce8f03496c8565","def":"{\"v\":5,\"a\":[2,9,13],\"p\":[{\"b\":17,\"t\":1,\"pr\":3,\"t1\":13,\"t2\":77,\"s\":[{\"p\":[0,0,0],\"r\":[0,0,0],\"s\":[0.06000053,0.06000068,0.06000056],\"c\":[1,0,0],\"t1\":{\"c\":[0,0,0],\"x\":0.17,\"y\":0.17,\"a\":0.8925,\"m\":0.5,\"n\":0.5,\"r\":0,\"g\":0,\"o\":0.5,\"t\":0.5,\"e\":0.5},\"t2\":{\"c\":[0,0,0],\"x\":0.5,\"y\":0.5,\"a\":0.8925,\"m\":0,\"n\":0,\"r\":0,\"g\":0,\"o\":0.5,\"t\":0.5,\"e\":0.5},\"pr\":{\"c\":[1,1,1],\"m\":0.25,\"a\":0.25,\"s\":0.15,\"z\":0.25,\"g\":0.5,\"h\":0.25}}]}]}"},{"id":"5b2eb00ed654720f833e4d2e","def":"{\"v\":5,\"p\":[{\"b\":86,\"s\":[{\"p\":[0,0,0],\"r\":[0,0,0],\"s\":[0.07500009,0.075,0.07500009],\"c\":[1,1,1]}]}]}"}],"serveTime":6}