{"thingDefinitions":[{"id":"5a4a9070fcf7cb1a1039e86b","def":"{\"n\":\"thing\",\"v\":2,\"p\":[{\"b\":12,\"s\":[{\"p\":[0,0,0],\"r\":[0,0,-1.707547E-06],\"s\":[0.06000002,0.06000001,0.06000003],\"c\":[1,1,1]}]},{\"b\":12,\"s\":[{\"p\":[-0.007769205,0.0005470067,-0.2301462],\"r\":[358.5278,5.707558,358.1597],\"s\":[0.06000002,0.06000005,0.06000006],\"c\":[1,1,1]}]}]}"}],"serveTime":4}