{"thingDefinitions":[{"id":"5ac41d6873b6db33a19b5098","def":"{\"n\":\"rtyuioplmnbr- \",\"v\":2,\"p\":[{\"b\":9,\"s\":[{\"p\":[0,0,0],\"r\":[0,0,1.600826E-06],\"s\":[0.1250003,0.1250002,0.1250001],\"c\":[1,1,1]}]},{\"b\":12,\"s\":[{\"p\":[0.242027,0.8028754,0.323263],\"r\":[328.2792,338.1456,77.06083],\"s\":[0.2539653,0.2544615,0.1523162],\"c\":[1,1,1]}]}]}"}],"serveTime":5}