{"thingDefinitions":[{"id":"5c3ec13fd02855582f95174d","def":"{\"v\":7,\"p\":[{\"b\":7,\"s\":[{\"p\":[0,0,0],\"r\":[0,0,0],\"s\":[0.1250002,0.1250001,0.1250001],\"c\":[1,1,1]}]}]}"}],"serveTime":5}