{"thingDefinitions":[{"id":"5a5883dfe4ca94ca13345cc6","def":"{\"n\":\"thing\",\"v\":2,\"p\":[{\"s\":[{\"p\":[0,0,0],\"r\":[0,0,-2.134434E-07],\"s\":[0.1750005,0.1750003,0.1750002],\"c\":[1,1,1]}]},{\"s\":[{\"p\":[-0.2393588,0.01192013,-0.1792706],\"r\":[4.652233,240.4315,313.5282],\"s\":[0.1750004,0.1750002,0.1750003],\"c\":[1,1,1]}]},{\"s\":[{\"p\":[0.2374514,0.1720357,0.07233405],\"r\":[356.8979,17.60395,27.24752],\"s\":[0.1750005,0.1750003,0.1750001],\"c\":[1,1,1]}]}]}"}],"serveTime":4}