{"thingDefinitions":[{"id":"5a4e13a043c753bb13a7f658","def":"{\"n\":\"thing\",\"v\":2,\"p\":[{\"b\":3,\"s\":[{\"p\":[0,0,0],\"r\":[0,0,8.537735E-07],\"s\":[0.1250001,0.1250001,0.1250002],\"c\":[0,1,0.9142858]}]}]}"}],"serveTime":5}