{"thingDefinitions":[{"id":"5bf1de8b9cf82a63f97c1995","def":"{\"v\":7,\"p\":[{\"s\":[{\"p\":[0,0,0],\"r\":[0,0,-3.73526E-07],\"s\":[0.1750002,0.1750001,0.175],\"c\":[1,1,1]}]}]}"},{"id":"5bf1decd4fbdc463f3f2468c","def":"{\"v\":7,\"p\":[{\"b\":9,\"s\":[{\"p\":[-0.03649362,-0.2946849,-0.3229839],\"r\":[58.83983,312.5083,359.5993],\"s\":[0.1250001,0.1250001,0.1250001],\"c\":[1,1,1]}]},{\"b\":9,\"s\":[{\"p\":[-0.2523024,0.3571996,-0.04899262],\"r\":[343.5356,351.627,332.8668],\"s\":[0.1250004,0.1250004,0.1250001],\"c\":[1,1,1]}]}]}"}],"serveTime":14}