{"thingDefinitions":[{"id":"5f7489a76c092c2e2d275f82","def":"{\"v\":9,\"p\":[{\"s\":[{\"p\":[0,0,0],\"r\":[0,0,0],\"s\":[0.9313291,0.1750008,1.390579],\"c\":[1,1,1]}]}]}"}],"serveTime":5}