{"thingDefinitions":[{"id":"5f662868d7eb3e38ff4cffbd","def":"{\"v\":9,\"p\":[{\"s\":[{\"p\":[-0.06611356,0.4564805,0.2560489],\"r\":[295.5984,15.66561,338.3802],\"s\":[0.1750005,0.1750006,0.1750004],\"c\":[1,1,1]}]},{\"s\":[{\"p\":[-0.0880312,0.07860335,-0.01796101],\"r\":[338.8517,23.0166,349.7918],\"s\":[0.1750006,0.1750007,0.1750008],\"c\":[1,1,1]}]},{\"s\":[{\"p\":[-0.1931383,0.3711177,-0.3625864],\"r\":[352.6663,58.92319,27.97113],\"s\":[0.1750008,0.1750008,0.1750009],\"c\":[1,1,1]}]},{\"s\":[{\"p\":[-0.2616678,0.6756269,-0.3328963],\"r\":[287.1749,40.4384,359.6696],\"s\":[0.1750009,0.1750012,0.175001],\"c\":[1,1,1]}]}]}"}],"serveTime":4}