{"thingDefinitions":[{"id":"5b156dfa83b3bc356ecbee04","def":"{\"v\":4,\"p\":[{\"b\":9,\"s\":[{\"p\":[0,0,0],\"r\":[0,0,-9.604953E-07],\"s\":[0.1250002,0.1250002,0.1250001],\"c\":[1,1,1]}]},{\"b\":3,\"s\":[{\"p\":[-0.1165349,0.2690436,0.06103089],\"r\":[339.3842,9.39078,339.357],\"s\":[0.1250003,0.1250002,0.1250001],\"c\":[1,1,1]}]}]}"}],"serveTime":6}