{"thingDefinitions":[{"id":"5be5d77bf80d6505196390c8","def":"{\"v\":7,\"p\":[{\"b\":9,\"s\":[{\"p\":[0,0,0],\"r\":[0,0,3.415094E-06],\"s\":[0.125,0.125,0.1250001],\"c\":[1,1,1]}]},{\"b\":14,\"s\":[{\"p\":[-0.002777532,0.1846889,0.08694065],\"r\":[301.9351,359.2806,352.2354],\"s\":[0.06,0.06000002,0.06000001],\"c\":[1,1,1]}]},{\"b\":17,\"s\":[{\"p\":[0.01631375,0.3329485,0.1990106],\"r\":[338.6357,353.9933,4.216719],\"s\":[0.05999999,0.05999999,0.05999999],\"c\":[1,1,1]}]}]}"}],"serveTime":4}