{"thingDefinitions":[{"id":"5b0099481318b66188d2d7fc","def":"{\"v\":4,\"p\":[{\"b\":3,\"s\":[{\"p\":[0,0,0],\"r\":[0,0,-1.707547E-06],\"s\":[0.1250001,0.1250001,0.1250001],\"c\":[1,1,1]}]}]}"},{"id":"5b0099b71422267fa60276f5","def":"{\"v\":4,\"a\":[2,4],\"p\":[{\"b\":14,\"s\":[{\"p\":[0,0,0],\"r\":[0,0,-7.203715E-07],\"s\":[0.06000011,0.06000019,0.06000013],\"c\":[1,1,1]}]},{\"b\":14,\"s\":[{\"p\":[-0.06799828,0.2067392,0.1745766],\"r\":[290.9056,150.8028,218.2547],\"s\":[0.07157342,0.06000027,0.06000019],\"c\":[1,1,1]}]}]}"}],"serveTime":6}