{"thingDefinitions":[{"id":"5c85bbd07dc46861acc66940","def":"{\"v\":7,\"a\":[2],\"p\":[{\"im\":\"996890173633046420/DC807F438A3B4B40375DD8B0721AEFF95CD851B4/\",\"s\":[{\"p\":[0,0,0],\"r\":[0,0,0],\"s\":[0.3196819,0.02465384,0.2127338],\"c\":[1,1,1],\"b\":[\"when triggered then send one nearby to subscribe to pewdiepie\",\"when triggered then destroy all parts with 5 shrink\"]}]},{\"b\":139,\"e\":\"PEWDIEPIE TICKET\",\"s\":[{\"p\":[-0.1488916,-0.004999101,0.1406977],\"r\":[84.79621,168.6398,168.461],\"s\":[0.003000014,0.003000005,0.003000016],\"c\":[1,1,1]}]}]}"}],"serveTime":5}