{"thingDefinitions":[{"id":"5a87abdd3c15f2ff4df26009","def":"{\"v\":2,\"p\":[{\"b\":14,\"s\":[{\"p\":[0.1259455,-0.02815617,-0.1515346],\"r\":[351.3155,318.9542,16.80042],\"s\":[0.06000001,0.06000001,0.05999999],\"c\":[1,1,1]}]},{\"b\":9,\"s\":[{\"p\":[-0.01860088,0.006469959,-0.003254027],\"r\":[2.431393,355.195,5.103864],\"s\":[0.1250002,0.1250001,0.1250001],\"c\":[1,1,1]}]}]}"}],"serveTime":6}