{"thingDefinitions":[{"id":"5b579b12fc7fa2687867817c","def":"{\"n\":\"ground\",\"v\":5,\"a\":[1],\"p\":[{\"b\":17,\"s\":[{\"p\":[0,0,0],\"r\":[0,0,0],\"s\":[285.5303,0.11062,154.1128],\"c\":[0.9019608,0.8509804,0.7215686]}]}]}"}],"serveTime":4}