{"thingDefinitions":[{"id":"5b505a4d42c2f43e29ea5c92","def":"{\"v\":5,\"p\":[{\"b\":3,\"s\":[{\"p\":[0,0,0],\"r\":[0,0,8.537735E-07],\"s\":[0.1250001,0.1250001,0.125],\"c\":[1,1,1]}]},{\"b\":5,\"s\":[{\"p\":[-0.1164889,0.01796972,0.02203095],\"r\":[354.1284,276.343,30.77297],\"s\":[0.1250001,0.1250001,0.1250001],\"c\":[1,1,1]}]},{\"b\":17,\"s\":[{\"p\":[0.3638022,0.6062272,0.07165456],\"r\":[342.6084,316.8206,118.5743],\"s\":[0.0600001,0.06000012,0.06000016],\"c\":[1,1,1]}]}]}"}],"serveTime":6}