{"thingDefinitions":[{"id":"5dd2fa1b2f511010e59af578","def":"{\"v\":9,\"p\":[{\"b\":9,\"s\":[{\"p\":[0,0,0],\"r\":[0,0,0],\"s\":[0.125,0.125,0.125],\"c\":[1,1,1]}]},{\"b\":9,\"s\":[{\"p\":[-0.1449486,0.04255961,0.02864112],\"r\":[358.3398,343.739,351.9144],\"s\":[0.1250001,0.125,0.1250002],\"c\":[1,1,1]}]}]}"}],"serveTime":5}