{"thingDefinitions":[{"id":"5ca01702f7c19165da42f288","def":"{\"v\":9,\"p\":[{\"t\":1,\"s\":[{\"p\":[0,0,0],\"r\":[0,0,0],\"s\":[0.1750002,0.1750002,0.1750002],\"c\":[1,1,1]}]}]}"},{"id":"5ca0174a2ceadd65e1667fdb","def":"{\"v\":9,\"a\":[31],\"p\":[{\"b\":12,\"s\":[{\"p\":[0,0,0],\"r\":[0,0,-1.707547E-06],\"s\":[0.05712664,0.05712663,0.05712637],\"c\":[1,1,1]}]}]}"},{"id":"5cc3d245fb0ce7267153a734","def":"{\"v\":9,\"p\":[{\"s\":[{\"p\":[0,0,0],\"r\":[0,0,0],\"s\":[0.6587348,1.352065,0.1750005],\"c\":[0.8888889,0.733686,0.3950616]}]}]}"}],"serveTime":8}