{"thingDefinitions":[{"id":"5c686eb93a318a3cb9879fa3","def":"{\"v\":7,\"p\":[{\"s\":[{\"p\":[0,0,0],\"r\":[0,0,6.670106E-09],\"s\":[0.1750008,0.351155,0.1750002],\"c\":[1,1,1]}]}]}"}],"serveTime":4}