{"thingDefinitions":[{"id":"5d29428de5c5060762da6d2d","def":"{\"v\":9,\"p\":[{\"s\":[{\"p\":[0,0,0],\"r\":[0,0,0],\"s\":[0.1750001,0.1750001,0.1750001],\"c\":[1,1,1]}]}]}"},{"id":"5d294608bb4e967c30032b62","def":"{\"v\":9,\"p\":[{\"b\":12,\"s\":[{\"p\":[0,0,0],\"r\":[0,0,0],\"s\":[0.05999999,0.06000002,0.06],\"c\":[1,1,1]}]}]}"}],"serveTime":6}