{"thingDefinitions":[{"id":"5d6d846b2766ed27aaeb8e35","def":"{\"v\":9,\"p\":[{\"b\":179,\"s\":[{\"p\":[0,0,0],\"r\":[0,0,0],\"s\":[0.2149998,0.2149999,0.2149999],\"c\":[1,1,1]}]}]}"},{"id":"5d6d84ca102e772799a9c54f","def":"{\"n\":\"sphere\",\"v\":9,\"a\":[4],\"p\":[{\"b\":195,\"s\":[{\"p\":[0,0,0],\"r\":[0,0,0],\"s\":[0.05999999,0.05999997,0.05999997],\"c\":[1,1,1]}]}]}"}],"serveTime":6}