{"thingDefinitions":[{"id":"5d921e3ca997d87fe66e68ab","def":"{\"v\":9,\"p\":[{\"b\":9,\"s\":[{\"p\":[0,0,0],\"r\":[0,0,-1.280661E-06],\"s\":[0.157744,0.1250001,0.1595942],\"c\":[1,1,1]}]},{\"b\":9,\"s\":[{\"p\":[-0.3251663,0.1025523,-0.5025068],\"r\":[339.1355,277.5071,344.7551],\"s\":[0.1577445,0.1250004,0.1595947],\"c\":[1,1,1],\"b\":[\"when touches \"]}]},{\"b\":10,\"s\":[{\"p\":[0.002429307,0.1030495,-0.6688625],\"r\":[1.097825,238.9841,17.85105],\"s\":[0.1250003,0.1250003,0.1250004],\"c\":[1,1,1]}]},{\"b\":16,\"s\":[{\"p\":[0.05280676,0.0001623333,-0.4363054],\"r\":[73.63065,283.5065,357.7405],\"s\":[0.1000002,0.1000002,0.1000003],\"c\":[1,1,1]}]}]}"}],"serveTime":5}