{"thingDefinitions":[{"id":"5cc78423ef5174481d2dfae4","def":"{\"n\":\"grass\",\"v\":9,\"p\":[{\"b\":12,\"a\":[3],\"sa\":180,\"s\":[{\"p\":[0,0,0],\"r\":[0,0,6.670107E-08],\"s\":[3.688622,3.422677,3.615528],\"c\":[0.2730156,0.6666667,0.222222]}]}]}"}],"serveTime":5}