{"thingDefinitions":[{"id":"5bb82189b3301523d721fb3a","def":"{\"v\":7,\"p\":[{\"b\":3,\"s\":[{\"p\":[0,0,0],\"r\":[0,0,-2.561321E-06],\"s\":[0.125,0.1250001,0.1250001],\"c\":[1,1,1]}]},{\"b\":2,\"s\":[{\"p\":[0.03959425,0.1467769,-0.005455583],\"r\":[290.1812,107.888,236.2932],\"s\":[0.1250001,0.125,0.125],\"c\":[1,1,1]}]},{\"s\":[{\"p\":[-0.1577384,0.1695034,-0.2935825],\"r\":[297.857,115.7804,183.6081],\"s\":[0.1750001,0.1750004,0.1750004],\"c\":[1,1,1]}]}]}"}],"serveTime":5}