{"thingDefinitions":[{"id":"5e42f1f6edc5ef4f5110431f","def":"{\"v\":9,\"p\":[{\"b\":9,\"s\":[{\"p\":[0,0,0],\"r\":[0,0,-3.415094E-06],\"s\":[0.125,0.1250001,0.1250001],\"c\":[1,1,1]}]},{\"b\":9,\"s\":[{\"p\":[-0.0976743,-0.02874295,-0.3202645],\"r\":[19.38001,309.3201,357.3358],\"s\":[0.125,0.125,0.125],\"c\":[1,1,1]}]},{\"b\":149,\"s\":[{\"p\":[-0.2350399,0.5785022,-0.8961077],\"r\":[290.9478,211.662,171.4327],\"s\":[0.09000026,0.09000025,0.09000026],\"c\":[1,1,1]}]}]}"}],"serveTime":4}