{"thingDefinitions":[{"id":"5ef58461b5737b180ba3f6cc","def":"{\"v\":9,\"a\":[4],\"p\":[{\"b\":10,\"s\":[{\"p\":[0,0,0],\"r\":[0,0,0],\"s\":[0.1250002,0.2079527,0.2300017],\"c\":[1,1,1]}]},{\"b\":17,\"s\":[{\"p\":[-0.002482953,0.1496387,0.07638815],\"r\":[26.98853,340.3759,167.9101],\"s\":[0.06000019,0.6247714,0.0628317],\"c\":[1,1,1]}]}]}"}],"serveTime":6}