{"thingDefinitions":[{"id":"5b737978e875147366eb5ab7","def":"{\"v\":6,\"a\":[22],\"p\":[{\"a\":[1,4,27],\"s\":[{\"p\":[0,0,0],\"r\":[0,0,0],\"s\":[7.111728,0.2136741,4.216283],\"c\":[1,1,1]}]}]}"}],"serveTime":4}