{"thingDefinitions":[{"id":"5badec1ca2139d757a0be1e1","def":"{\"v\":7,\"a\":[30],\"p\":[{\"b\":17,\"s\":[{\"p\":[0,0,0],\"r\":[0,0,1.400722E-06],\"s\":[0.06000002,0.06000003,0.06000001],\"c\":[1,1,1]}]}]}"},{"id":"5bb0818405463e1c326daa2f","def":"{\"v\":7,\"a\":[7,18],\"p\":[{\"s\":[{\"p\":[0,0,0],\"r\":[0,0,0],\"s\":[0.05042646,0.2007421,0.304567],\"c\":[1,1,1]}]}]}"}],"serveTime":6}