{"thingDefinitions":[{"id":"5ba7b8b6ce0d8b64ac3d9747","def":"{\"v\":7,\"p\":[{\"b\":2,\"s\":[{\"p\":[0,0,0],\"r\":[-3.415095E-06,0,0],\"s\":[0.1250001,0.125,0.125],\"c\":[1,1,1]}]},{\"b\":10,\"s\":[{\"p\":[0.3106033,0.3735155,0.1615043],\"r\":[54.88843,72.94273,103.125],\"s\":[0.1250001,0.125,0.1250002],\"c\":[1,1,1]}]}]}"}],"serveTime":4}