{"thingDefinitions":[{"id":"5badc33d0540571c39d1a22e","def":"{\"v\":7,\"p\":[{\"b\":12,\"s\":[{\"p\":[0,0,0],\"r\":[0,0,0],\"s\":[0.06000009,0.06000024,0.06000017],\"c\":[1,1,1]}]}]}"}],"serveTime":4}