{"thingDefinitions":[{"id":"5dab9064561ab06f2e3effcb","def":"{\"n\":\"ground\",\"v\":9,\"a\":[1,2,9,15,24,25,27,29],\"bod\":{},\"p\":[{\"b\":17,\"s\":[{\"p\":[0,0,0],\"r\":[0,0,0],\"s\":[3.363346,0.11062,3.201102],\"c\":[0.9019608,0.8509804,0.7215686]}]},{\"b\":201,\"s\":[{\"p\":[0.01536345,0.5639712,3.563589],\"r\":[286.028,142.8191,71.5891],\"s\":[0.06000004,0.06000002,0.06000004],\"c\":[1,1,1]}]},{\"b\":183,\"s\":[{\"p\":[-0.07051706,0.5521663,3.440506],\"r\":[17.55987,128.5352,268.2444],\"s\":[0.06000007,0.06000004,0.06000005],\"c\":[1,1,1]}]}]}"}],"serveTime":4}