{"thingDefinitions":[{"id":"5a527df47e94778c13f955be","def":"{\"n\":\"thing\",\"v\":2,\"p\":[{\"b\":40,\"s\":[{\"p\":[0,0,0],\"r\":[0,0,-6.403303E-07],\"s\":[0.125,0.1250001,0.125],\"c\":[1,1,1]}]},{\"b\":40,\"s\":[{\"p\":[0.04789191,0.06162792,0.006246188],\"r\":[359.2361,355.3738,182.4651],\"s\":[0.1471127,0.408002,0.2721772],\"c\":[1,1,1]}]},{\"b\":62,\"s\":[{\"p\":[0.03386509,0.04498684,-0.002934019],\"r\":[356.796,7.168642,1.449372],\"s\":[0.1250001,0.1250001,0.1250001],\"c\":[1,1,1]}]},{\"b\":40,\"s\":[{\"p\":[-0.004307433,-0.03714282,0.003080786],\"r\":[358.2741,358.8143,5.030687],\"s\":[0.1471127,0.1250001,0.1484561],\"c\":[1,1,1]}]}]}"}],"serveTime":7}