{"thingDefinitions":[{"id":"5efcb7472a160806342aa833","def":"{\"v\":9,\"p\":[{\"b\":180,\"s\":[{\"p\":[0,0,0],\"r\":[0,0,0],\"s\":[0.1250001,0.1250001,0.1250002],\"c\":[1,1,1]}]}]}"},{"id":"5efcb7eeea8d9a5d4c7174bb","def":"{\"v\":9,\"a\":[2,29],\"p\":[{\"b\":73,\"s\":[{\"p\":[0,0,0],\"r\":[0,0,4.268868E-07],\"s\":[0.2249998,0.2249998,0.2249998],\"c\":[1,1,1]}]}]}"}],"serveTime":7}