{"thingDefinitions":[{"id":"5dff8b35eba84f2a553eedc6","def":"{\"n\":\"ground\",\"v\":9,\"a\":[1],\"p\":[{\"b\":17,\"s\":[{\"p\":[0,0,0],\"r\":[0,0,0],\"s\":[3.363346,0.11062,3.201102],\"c\":[0.9019608,0.8509804,0.7215686]}]},{\"b\":14,\"s\":[{\"p\":[-4.481008,1.04175,-0.5209054],\"r\":[304.5528,113.929,332.4531],\"s\":[0.05999999,0.05999999,0.06],\"c\":[1,1,1]}]}]}"}],"serveTime":4}