{"thingDefinitions":[{"id":"59d29c92bcc28aab13c522c5","def":"{\"n\":\"thing\",\"p\":[{\"b\":69,\"s\":[{\"p\":[0,0,0],\"r\":[0,0,0],\"s\":[0.07500014,0.07500014,0.07500016],\"c\":[1,1,1]}]}]}"},{"id":"59d29cccf1de91a7139eafb3","def":"{\"n\":\"thing\",\"p\":[{\"b\":69,\"s\":[{\"p\":[0,0,0],\"r\":[0,0,0],\"s\":[0.07500014,0.07500014,0.07500016],\"c\":[0.1142857,0,1]}]}]}"}],"serveTime":7}