{"thingDefinitions":[{"id":"5a116d6f9c2ebcaa13a94178","def":"{\"n\":\"thing\",\"v\":2,\"a\":[1,7,18],\"p\":[{\"b\":12,\"s\":[{\"p\":[0.1145124,-0.02170239,-0.05129102],\"r\":[55.24565,353.7565,44.35678],\"s\":[0.06000005,0.06000007,0.06000005],\"c\":[1,1,1]}]},{\"b\":2,\"s\":[{\"p\":[0.3269613,0.1803135,0.1898804],\"r\":[24.74352,127.852,264.8347],\"s\":[0.1250299,0.1250487,0.1250418],\"c\":[1,1,1]}]},{\"b\":9,\"s\":[{\"p\":[0.19772,0.2494783,0.2573186],\"r\":[355.3101,40.01876,335.1677],\"s\":[0.1250184,0.1250141,0.1250165],\"c\":[1,1,1]}]}]}"}],"serveTime":4}