{"thingDefinitions":[{"id":"5d605b70ee2fc252425953af","def":"{\"v\":9,\"a\":[1],\"p\":[{\"s\":[{\"p\":[0,0,0],\"r\":[0,0,0],\"s\":[0.8296437,0.0324286,0.7969151],\"c\":[1,1,1]}]},{\"b\":14,\"s\":[{\"p\":[0.3581814,-0.1357601,-0.3746402],\"r\":[273.6664,74.42582,193.5746],\"s\":[0.06000002,0.06000008,0.06000008],\"c\":[1,1,1]}]}]}"}],"serveTime":5}