{"thingDefinitions":[{"id":"5c4784f8d4765a6d89c5d8ac","def":"{\"v\":7,\"p\":[{\"s\":[{\"p\":[0,0,0],\"r\":[0,0,0],\"s\":[0.1750002,0.1750003,0.1750001],\"c\":[1,1,1]}]}]}"},{"id":"5c478559687d7e21af4f7e7e","def":"{\"v\":7,\"p\":[{\"b\":9,\"s\":[{\"p\":[0,0,0],\"r\":[0,0,-8.537735E-07],\"s\":[0.1250002,0.1250001,0.1250001],\"c\":[1,1,1]}]}]}"}],"serveTime":6}