{"thingDefinitions":[{"id":"5e9f28349c5eb95d27200e9e","def":"{\"n\":\"beyblade\",\"v\":9,\"a\":[2],\"p\":[{\"b\":135,\"e\":\"B\",\"s\":[{\"p\":[0,0,0],\"r\":[0,0,6.403303E-07],\"s\":[0.003000003,0.003000002,0.003000002],\"c\":[1,1,1]}]}]}"}],"serveTime":4}