{"thingDefinitions":[{"id":"5c965ca07bffb87b490a396a","def":"{\"v\":9,\"p\":[{\"b\":14,\"s\":[{\"p\":[0,0,0],\"r\":[0,0,0],\"s\":[0.06000012,0.06,0.06000005],\"c\":[0.9333333,1,0.6666666]}]}]}"}],"serveTime":4}