{"thingDefinitions":[{"id":"59bd864e0d6941d413096dc5","def":"{\"n\":\"thing\",\"p\":[{\"b\":13,\"s\":[{\"p\":[-0.06293702,0.02331099,-0.3966777],\"r\":[42.72866,91.06178,272.587],\"s\":[0.07523371,0.01185428,0.0114005],\"c\":[0.984127,1,0.4444443]}]},{\"b\":14,\"s\":[{\"p\":[-0.05508021,0.02480587,-0.2497772],\"r\":[0.3304304,2.359401,316.8065],\"s\":[0.005000005,0.04796489,0.06000035],\"c\":[0.7308642,0.09876534,0.8888889]}]},{\"b\":5,\"s\":[{\"p\":[-0.06518687,0.02919418,-0.5241193],\"r\":[358.8822,2.996045,319.6665],\"s\":[0.01225916,0.01926471,0.2977618],\"c\":[0.4444443,0.388007,0.04938262]}]},{\"b\":16,\"s\":[{\"p\":[-0.06675806,0.02664465,-0.6256255],\"r\":[31.5573,93.70695,269.0214],\"s\":[0.01992048,0.03361351,0.02176123],\"c\":[0.4444443,0.388007,0.04938262]}]}]}"}],"serveTime":4}