{"thingDefinitions":[{"id":"5b24c7be40b3175e3cc4bb93","def":"{\"v\":5,\"a\":[2,4],\"tp_m\": 88,\"tp_m\": 88,\"tp_lp\": [1,1,1],\"p\":[{\"b\":9,\"s\":[{\"p\":[-0.01760815,0.05941986,-0.1455535],\"r\":[326.1633,309.4536,38.75246],\"s\":[0.125,0.125,0.125],\"c\":[1,1,1]}]},{\"b\":14,\"s\":[{\"p\":[-0.05048705,0.05762851,-0.3232242],\"r\":[11.02798,26.53782,11.96473],\"s\":[0.06000004,0.06000007,0.06000002],\"c\":[1,1,1]}]}]}"}],"serveTime":4}