{"thingDefinitions":[{"id":"5cc40f9abdfb9370476e16c4","def":"{\"v\":9,\"p\":[{\"b\":17,\"s\":[{\"p\":[0,0,0],\"r\":[0,0,-9.604954E-07],\"s\":[0.06000014,0.06000007,0.06000006],\"c\":[1,1,1]}]}]}"}],"serveTime":5}