{"thingDefinitions":[{"id":"5dea06fbd8d8b8478d506786","def":"{\"n\":\"ground\",\"v\":9,\"a\":[1],\"p\":[{\"b\":17,\"s\":[{\"p\":[0,0,0],\"r\":[0,0,0],\"s\":[3.363346,0.11062,3.201102],\"c\":[0.9019608,0.8509804,0.7215686]}]},{\"b\":183,\"s\":[{\"p\":[1.385546,1.819274,3.471533],\"r\":[352.2,252.2123,173.7072],\"s\":[0.06000041,0.06000048,0.06000015],\"c\":[1,1,1]}]}]}"}],"serveTime":4}