{"thingDefinitions":[{"id":"5864c2ef283dd3671396e660","def":"{\"n\":\"thing\",\"p\":[{\"b\":9,\"t\":3,\"s\":[{\"p\":[0,0,0],\"r\":[0,0,0],\"s\":[0.1250003,0.1250003,0.1250002],\"c\":[1,1,1]}]}]}"}],"serveTime":4}