{"thingDefinitions":[{"id":"5a67bd5c21d9f34d1a56c771","def":"{\"n\":\"thing\",\"v\":2,\"p\":[{\"b\":9,\"s\":[{\"p\":[0,0,0],\"r\":[0,0,4.268869E-07],\"s\":[0.1250003,0.1250006,0.1250004],\"c\":[1,1,1]}]}]}"}],"serveTime":4}