{"thingDefinitions":[{"id":"5eace8c1dce8f01d34816829","def":"{\"v\":9,\"p\":[{\"b\":182,\"s\":[{\"p\":[-0.1643708,-0.03021079,0.4782206],\"r\":[9.429097,174.373,6.377115],\"s\":[0.06,0.06,0.06],\"c\":[1,1,1]}]},{\"b\":3,\"s\":[{\"p\":[-0.2933492,-0.002582405,0.7833427],\"r\":[4.500155,216.0354,6.945397],\"s\":[0.07411507,0.125,0.07411513],\"c\":[1,1,1]}]}]}"}],"serveTime":5}