{"thingDefinitions":[{"id":"5c35714ec134ab055252de85","def":"{\"n\":\"ground\",\"v\":7,\"a\":[2,4],\"p\":[{\"b\":17,\"s\":[{\"p\":[0,0,0],\"r\":[0,0,1.07347E-07],\"s\":[3.363346,0.1344219,6.439686],\"c\":[0.9019608,0.8509804,0.7215686]}]}]}"}],"serveTime":3}