{"thingDefinitions":[{"id":"5a9114cd05492fbf135189ec","def":"{\"v\":2,\"p\":[{\"b\":12,\"s\":[{\"p\":[0,0,0],\"r\":[0,0,9.004644E-08],\"s\":[2.271956,0.06000003,2.304163],\"c\":[1,1,1]}]}]}"},{"id":"5a91154f4b3e749a5c16e342","def":"{\"v\":2,\"p\":[{\"t1\":13,\"s\":[{\"p\":[0,0,0],\"r\":[0,0,0],\"s\":[0.1750004,0.1750004,0.1750004],\"c\":[1,1,1],\"t1\":{\"c\":[0.1481481,0.3333333,0.1904761],\"x\":0.17,\"y\":0.17,\"a\":0.8925,\"m\":0.5,\"n\":0.5,\"r\":0,\"g\":0,\"o\":0.5,\"t\":0.5,\"e\":0.5},\"pr\":{\"c\":[0.4938272,0.8888889,0.584127],\"m\":0.25,\"a\":0.25,\"s\":0.15,\"z\":0.25,\"g\":0.5,\"h\":0.25}}]}]}"}],"serveTime":5}