{"thingDefinitions":[{"id":"5a0e97df8b85aba81335d744","def":"{\"n\":\"thing\",\"v\":2,\"p\":[{\"b\":5,\"s\":[{\"p\":[0.1552069,-0.0009007379,0.01839678],\"r\":[19.49252,359.4699,333.534],\"s\":[0.1292436,0.02817361,0.1643013],\"c\":[1,1,1]}]},{\"b\":5,\"s\":[{\"p\":[-0.3643097,0.4071077,1.211547],\"r\":[324.7436,90.70093,76.89155],\"s\":[0.1292439,0.02817365,0.1643014],\"c\":[1,1,1]}]},{\"b\":5,\"s\":[{\"p\":[-0.1838977,0.2057774,0.6528001],\"r\":[35.82147,118.0442,187.5786],\"s\":[0.1292435,0.02817361,0.1643013],\"c\":[1,1,1]}]}]}"}],"serveTime":4}