{"thingDefinitions":[{"id":"58377ff1cc85389e13ed9043","def":"{\"n\":\"thing\",\"a\":[7,20,21,25],\"p\":[{\"b\":14,\"s\":[{\"p\":[-0.02834936,-0.1522861,-0.0137365],\"r\":[359.8591,355.2858,6.768239],\"s\":[0.06000003,0.06000023,0.06000025],\"c\":[1,1,1]}]},{\"b\":14,\"s\":[{\"p\":[-0.1765094,-0.08056456,-0.181381],\"r\":[0.6288996,12.31798,351.0963],\"s\":[0.06000016,0.06000044,0.06000037],\"c\":[1,1,1]}]},{\"b\":14,\"s\":[{\"p\":[0.05807847,-0.1705996,-0.03397953],\"r\":[352.0561,359.9166,349.356],\"s\":[0.06000035,0.06000051,0.0600005],\"c\":[1,1,1]}]}]}"}],"serveTime":4}