{"thingDefinitions":[{"id":"5ad8e0f7744e9e7c05716981","def":"{\"v\":4,\"p\":[{\"b\":9,\"s\":[{\"p\":[0,0,0],\"r\":[0,0,-8.537737E-07],\"s\":[0.1250001,0.1250001,0.1250002],\"c\":[1,1,1]}]}]}"}],"serveTime":4}