{"thingDefinitions":[{"id":"5aca308e1fe0cb0ffe24a178","def":"{\"v\":3,\"p\":[{\"s\":[{\"p\":[0,0,0],\"r\":[0,0,0],\"s\":[0.1750004,0.1750001,0.1750002],\"c\":[0,1,1]}]}]}"},{"id":"5aca2fb4910c590fe9a7d53c","def":"{\"v\":2,\"p\":[{\"s\":[{\"p\":[0,0,0],\"r\":[0,0,-8.537737E-07],\"s\":[0.1750003,0.1750001,0.1750002],\"c\":[1,1,1]}]}]}"}],"serveTime":7}