{"thingDefinitions":[{"id":"5bbcd86a647d3205839a4f5c","def":"{\"v\":7,\"p\":[{\"b\":10,\"s\":[{\"p\":[0,0,0],\"r\":[0,0,-3.201652E-07],\"s\":[0.1250001,0.125,0.1250001],\"c\":[1,1,1]}]},{\"b\":10,\"s\":[{\"p\":[0.2490734,0.131034,0.001986727],\"r\":[339.1054,26.95083,353.5902],\"s\":[0.1250001,0.125,0.1250001],\"c\":[1,1,1]}]},{\"b\":3,\"s\":[{\"p\":[0.09540132,0.1538594,0.05895572],\"r\":[336.2782,45.80708,326.7431],\"s\":[0.125,0.125,0.125],\"c\":[1,1,1]}]}]}"}],"serveTime":8}