{"thingDefinitions":[{"id":"5dc8e61b463cde1159d6a52c","def":"{\"v\":9,\"a\":[12],\"p\":[{\"b\":5,\"s\":[{\"p\":[0,0,0],\"r\":[0,0,0],\"s\":[0.1000003,0.1000002,0.1000002],\"c\":[1,1,1]}]}]}"}],"serveTime":4}