{"thingDefinitions":[{"id":"5baea680ffab866cc1d39099","def":"{\"n\":\"swi\",\"v\":7,\"p\":[{\"s\":[{\"p\":[-0.01453634,-0.0005855579,0.002393986],\"r\":[359.9785,0.1624129,90.04834],\"s\":[0.1515789,0.004434975,0.2552598],\"c\":[0.3333332,0.3333332,0.3333332]}]},{\"s\":[{\"p\":[0.0006096198,0.0006881945,0.00177333],\"r\":[358.3006,359.5266,0.7868295],\"s\":[0.02110545,0.1750002,0.2817641],\"c\":[0.2857141,0,1]}]},{\"s\":[{\"p\":[-0.02709227,0.0006294884,0.04303845],\"r\":[354.9568,306.1355,8.695378],\"s\":[0.03000981,0.02559934,0.05428744],\"c\":[1,0,0],\"b\":[\"when touched then become next in 0.2s\",\"when touched then change head to sad\"]},{\"p\":[-0.03338008,0.002977466,-0.01783924],\"r\":[2.636271,237.1964,0.4966564],\"s\":[0.03000983,0.02559937,0.05428747],\"c\":[1,0,0],\"b\":[\"when touched then become previous in 0.2s\",\"when touched then change head to hap\"]}]}]}"}],"serveTime":5}