{"thingDefinitions":[{"id":"5c578c94c075311098f1c8a7","def":"{\"v\":7,\"p\":[{\"b\":14,\"s\":[{\"p\":[0,0,0],\"r\":[0,0,0],\"s\":[0.06000027,0.06000013,0.06000017],\"c\":[1,1,1]}]}]}"}],"serveTime":8}