{"thingDefinitions":[{"id":"5a136d359f9891b6134367a5","def":"{\"n\":\"thing\",\"v\":2,\"p\":[{\"b\":100,\"e\":\"TEST\",\"s\":[{\"p\":[-0.07057001,-0.06868456,0.04944311],\"r\":[1.637211,8.378937,7.984984],\"s\":[0.05000003,0.05,0.05000003],\"c\":[1,1,1],\"b\":[\"when touched then  explode\"]},{\"p\":[0,0,0],\"r\":[0,0,-4.268868E-07],\"s\":[0.05,0.05,0.05],\"c\":[1,1,1],\"b\":[\"when touched then turn red\"]},{\"p\":[0,0,0],\"r\":[0,0,-4.268868E-07],\"s\":[0.05,0.05,0.05],\"c\":[1,1,1]}]}]}"}],"serveTime":4}