{"thingDefinitions":[{"id":"5a975803c0cdbae8137d0055","def":"{\"n\":\"ground\",\"v\":3,\"a\":[1],\"p\":[{\"b\":17,\"s\":[{\"p\":[0,0,0],\"r\":[0,0,0],\"s\":[10.09813,0.11062,9.234363],\"c\":[0.9019608,0.8509804,0.7215686]}]}]}"}],"serveTime":4}