{"thingDefinitions":[{"id":"5acec53168fc180ff53af49a","def":"{\"v\":2,\"a\":[2,14],\"p\":[{\"b\":3,\"t\":3,\"s\":[{\"p\":[0,0,0],\"r\":[0,0,0],\"s\":[0.1250006,0.125,0.1250005],\"c\":[1,0.342857,0]}]},{\"b\":3,\"t\":3,\"s\":[{\"p\":[0.3218828,0.06717674,-0.2256459],\"r\":[332.1807,84.67535,322.581],\"s\":[0.1250004,0.1250001,0.1250004],\"c\":[1,0.342857,0]}]}]}"},{"id":"5acec6e92d100f0fded080a7","def":"{\"v\":2,\"p\":[{\"b\":84,\"s\":[{\"p\":[0,0,0],\"r\":[0,0,0],\"s\":[0.07500012,0.07500012,0.07500011],\"c\":[1,1,1]}]}]}"},{"id":"5acec94330452e0fead46030","def":"{\"v\":2,\"p\":[{\"s\":[{\"p\":[0,0,0],\"r\":[0,0,0],\"s\":[1.251273,0.1067396,0.005],\"c\":[1,1,1]}]}]}"}],"serveTime":7}