{"thingDefinitions":[{"id":"5b198df7b0b1540f8371e7d6","def":"{\"n\":\"ground\",\"v\":5,\"a\":[1],\"p\":[{\"b\":17,\"s\":[{\"p\":[0,0,0],\"r\":[0,0,0],\"s\":[3.363346,0.11062,3.201102],\"c\":[0.9019608,0.8509804,0.7215686]}]},{\"b\":9,\"s\":[{\"p\":[-1.74798,1.327712,3.479108],\"r\":[342.4425,287.0617,302.5455],\"s\":[0.1250001,0.125,0.125],\"c\":[1,1,1]}]},{\"b\":5,\"s\":[{\"p\":[-1.584089,1.396617,3.252654],\"r\":[338.2447,252.2289,289.2348],\"s\":[0.1250001,0.125,0.1250001],\"c\":[1,1,1]}]}]}"}],"serveTime":5}