{"thingDefinitions":[{"id":"5bca8294e5572627488cc430","def":"{\"n\":\"ground\",\"v\":7,\"a\":[1,7,18],\"p\":[{\"b\":17,\"t1\":52,\"t2\":122,\"s\":[{\"p\":[0,0,0],\"r\":[0,0,0],\"s\":[81.54582,0.1106203,64.5315],\"c\":[0.5174601,1,0.111111],\"t1\":{\"c\":[0.5432098,0.7777778,0.3456789],\"x\":0.5,\"y\":0.5,\"a\":0.8925,\"m\":0,\"n\":0,\"r\":0,\"g\":0,\"o\":0.5,\"t\":0.5,\"e\":0.5},\"t2\":{\"c\":[0.6208112,0.8888889,0.3950616],\"x\":0.5,\"y\":0.5,\"a\":0.8925,\"m\":0,\"n\":0,\"r\":0,\"g\":0,\"o\":0.5,\"t\":0.5,\"e\":0.5}}]}]}"}],"serveTime":5}