{"thingDefinitions":[{"id":"5de84f600fec2b477a64d7a6","def":"{\"v\":9,\"p\":[{\"b\":9,\"s\":[{\"p\":[0,0,0],\"r\":[0,0,-1.707547E-06],\"s\":[0.125,0.1250001,0.1250001],\"c\":[1,1,1]}]},{\"b\":9,\"s\":[{\"p\":[-0.00846122,-0.1582752,-0.1428148],\"r\":[4.219041,351.1407,28.03249],\"s\":[0.125,0.1250001,0.125],\"c\":[1,1,1]}]},{\"b\":14,\"s\":[{\"p\":[-0.1733106,-0.1050436,-0.04599165],\"r\":[6.294852,279.034,43.57363],\"s\":[0.06000001,0.06000006,0.06000007],\"c\":[1,1,1]}]}]}"}],"serveTime":4}