{"thingDefinitions":[{"id":"5bb00590600c3a6cc7d1e981","def":"{\"v\":7,\"p\":[{\"b\":9,\"s\":[{\"p\":[0,0,0],\"r\":[0,0,0],\"s\":[0.1250004,0.1250001,0.1250002],\"c\":[1,1,1]}]},{\"b\":9,\"s\":[{\"p\":[0.01443626,0.2484423,0.01510298],\"r\":[21.56112,10.46912,120.6589],\"s\":[0.1250002,0.1250001,0.1250002],\"c\":[1,1,1]}]},{\"b\":5,\"s\":[{\"p\":[-0.04627222,0.1455668,-0.1947688],\"r\":[2.542556,99.52397,21.37234],\"s\":[0.1000001,0.1000001,0.1000001],\"c\":[1,1,1]}]}]}"}],"serveTime":3}