{"thingDefinitions":[{"id":"5c413b36069c9e1e05bab012","def":"{\"v\":7,\"p\":[{\"b\":175,\"s\":[{\"p\":[0,0,0],\"r\":[0,0,0],\"s\":[0.04500033,0.04500014,0.04500025],\"c\":[1,1,1]}]},{\"b\":154,\"s\":[{\"p\":[-0.4585594,1.251955,-0.861699],\"r\":[290.2155,318.1324,47.18665],\"s\":[0.07,0.07,0.06999998],\"c\":[1,1,1]}]}]}"}],"serveTime":4}