{"thingDefinitions":[{"id":"5e4ea6d81038f82bdc5ac73b","def":"{\"v\":9,\"p\":[{\"b\":12,\"s\":[{\"p\":[0,0,0],\"r\":[0,0,0],\"s\":[0.06000014,0.06000019,0.06000023],\"c\":[1,1,1]}]}]}"}],"serveTime":4}