{"thingDefinitions":[{"id":"5b7c5882b9cf95490d9369fc","def":"{\"v\":6,\"p\":[{\"b\":9,\"s\":[{\"p\":[0,0,0],\"r\":[0,0,0],\"s\":[0.1250002,0.1250001,0.1250002],\"c\":[1,1,1]}]},{\"b\":9,\"s\":[{\"p\":[-0.3756839,0.1444479,-0.1528666],\"r\":[34.92141,10.78519,336.2122],\"s\":[0.1250001,0.1250002,0.1250003],\"c\":[1,1,1],\"b\":[\"when touched then become previous in 1s\"]}]},{\"b\":14,\"s\":[{\"p\":[-0.1953172,0.2298851,-0.41109],\"r\":[343.0264,269.0722,348.1373],\"s\":[0.06000018,0.06000018,0.0600001],\"c\":[1,1,1]}]},{\"b\":14,\"s\":[{\"p\":[0.1110736,0.1149911,-0.288526],\"r\":[15.03558,43.27588,4.731234],\"s\":[0.06000004,0.06000004,0.06000005],\"c\":[1,1,1]}]}]}"}],"serveTime":4}