{"thingDefinitions":[{"id":"5a0d84bbea15664517cabfa6","def":"{\"n\":\"thing\",\"v\":2,\"p\":[{\"b\":14,\"s\":[{\"p\":[0,0,0],\"r\":[0,0,1.707547E-06],\"s\":[0.06000011,0.06000009,0.06000002],\"c\":[1,1,1]}]},{\"b\":14,\"s\":[{\"p\":[0.07022223,-0.02587414,-0.2243325],\"r\":[355.0885,27.4957,3.598232],\"s\":[0.06000014,0.06000012,0.06000004],\"c\":[1,1,1]}]},{\"b\":14,\"s\":[{\"p\":[0.09164011,-0.06932399,-0.5003512],\"r\":[2.846985,72.25807,39.74305],\"s\":[0.06000008,0.06000013,0.06000004],\"c\":[1,1,1]}]}]}"}],"serveTime":4}