{"thingDefinitions":[{"id":"5c97d3434c940026dd64c419","def":"{\"n\":\"ground\",\"v\":9,\"a\":[1],\"p\":[{\"b\":17,\"s\":[{\"p\":[0,0,0],\"r\":[0,0,0],\"s\":[9.328975,0.11062,7.405121],\"c\":[0.9019608,0.8509804,0.7215686]}]}]}"}],"serveTime":4}