{"thingDefinitions":[{"id":"5d2a7e52cf98917c2ad783cc","def":"{\"v\":9,\"p\":[{\"s\":[{\"p\":[0,0,0],\"r\":[0,0,-1.707547E-06],\"s\":[0.1750008,0.1750008,0.1750005],\"c\":[1,1,1]}]}]}"},{"id":"5d2a7fcac3e7ae077461a89b","def":"{\"v\":9,\"p\":[{\"b\":14,\"s\":[{\"p\":[0.08392829,-0.06871889,-0.08786514],\"r\":[23.39466,151.9649,1.680488],\"s\":[0.06000003,0.06000004,0.06000005],\"c\":[1,1,1]}]},{\"b\":180,\"t\":3,\"s\":[{\"p\":[0.1735626,0.2084274,-0.3715211],\"r\":[53.14132,189.1986,231.1115],\"s\":[0.007351313,0.03067696,0.005651223],\"c\":[0,1,1]}]},{\"b\":180,\"s\":[{\"p\":[0.334932,0.1926906,-0.1280505],\"r\":[31.06233,266.9869,62.86964],\"s\":[0.0247055,0.03221906,0.02122601],\"c\":[1,1,1]}]}]}"}],"serveTime":10}