{"thingDefinitions":[{"id":"5c2671c339f34d317e595dce","def":"{\"v\":7,\"p\":[{\"s\":[{\"p\":[0,0,0],\"r\":[0,0,8.537737E-07],\"s\":[0.1750001,0.1750001,0.175],\"c\":[1,1,1]}]}]}"},{"id":"5c26728483f66e6e553401e8","def":"{\"v\":7,\"p\":[{\"b\":2,\"s\":[{\"p\":[0,0,0],\"r\":[0,0,0],\"s\":[0.1250001,0.1250002,0.1250001],\"c\":[1,1,1]}]}]}"}],"serveTime":5}