{"thingDefinitions":[{"id":"5e095172523104061dd86128","def":"{\"n\":\"ground\",\"v\":9,\"a\":[1],\"p\":[{\"b\":17,\"s\":[{\"p\":[0,0,0],\"r\":[0,0,0],\"s\":[3.363346,0.11062,3.201102],\"c\":[0.9019608,0.8509804,0.7215686]}]}]}"},{"id":"5e09ff94f4dd912b8de7c174","def":"{\"v\":9,\"p\":[{\"b\":6,\"t2\":75,\"s\":[{\"p\":[0,0,0],\"r\":[0,0,0],\"s\":[0.1250001,0.1250001,0.1250003],\"c\":[1,1,1],\"t2\":{\"c\":[0.1142856,1,0],\"x\":0.5,\"y\":0.5,\"a\":0.8925,\"m\":0,\"n\":0,\"r\":0,\"g\":0,\"o\":0.5,\"t\":0.5,\"e\":0.5}}]},{\"b\":175,\"t2\":75,\"s\":[{\"p\":[-0.01023913,0.002960589,-0.05309112],\"r\":[84.99418,91.46065,103.4775],\"s\":[0.04500005,0.04500002,0.04500005],\"c\":[0.4571431,0,1],\"t2\":{\"c\":[0.1142856,1,0],\"x\":0.5,\"y\":0.5,\"a\":0.8925,\"m\":0,\"n\":0,\"r\":0,\"g\":0,\"o\":0.5,\"t\":0.5,\"e\":0.5}}]},{\"b\":136,\"e\":\"TEST\",\"s\":[{\"p\":[-0.1107183,0.04945832,-0.005376525],\"r\":[49.98874,82.85141,82.06165],\"s\":[0.003000005,0.003000003,0.003000003],\"c\":[0,1,1],\"b\":[\"when touched then play \"]}]}]}"}],"serveTime":24}