{"thingDefinitions":[{"id":"5ca47d0f82cb520aafc810a2","def":"{\"n\":\"ground\",\"v\":9,\"a\":[1,49],\"p\":[{\"b\":17,\"a\":[3,5,11,12,37,36,38],\"s\":[{\"p\":[0,0,0],\"r\":[0,0,-8.665928E-08],\"s\":[3.363347,0.11062,3.201102],\"c\":[0.9019608,0.8509804,0.7215686]},{\"p\":[0,0,0],\"r\":[0,0,-8.665928E-08],\"s\":[3.363347,0.11062,3.201102],\"c\":[0.9019608,0.8509804,0.7215686]},{\"p\":[0,0,0],\"r\":[0,0,-8.665928E-08],\"s\":[3.363347,0.11062,3.201102],\"c\":[0.9019608,0.8509804,0.7215686]},{\"p\":[0,0,0],\"r\":[1.334021E-08,-1.009453E-17,-8.671139E-08],\"s\":[3.363347,0.11062,3.201102],\"c\":[0.9019608,0.8509804,0.7215686]}]}]}"}],"serveTime":5}