{"thingDefinitions":[{"id":"5c54fd3a3edb123fdb280b03","def":"{\"v\":7,\"p\":[{\"b\":9,\"s\":[{\"p\":[0,0,0],\"r\":[0,0,1.707547E-06],\"s\":[0.1250002,0.1250002,0.1250003],\"c\":[1,1,1]}]}]}"}],"serveTime":4}