{"thingDefinitions":[{"id":"5b03ae7c69468916f664f386","def":"{\"v\":4,\"p\":[{\"s\":[{\"p\":[0,0,0],\"r\":[0,0,8.537735E-07],\"s\":[0.4614416,0.5214326,0.4641966],\"c\":[1,1,1]}]}]}"}],"serveTime":5}