{"thingDefinitions":[{"id":"5e0de5f5011491061dfd63ce","def":"{\"n\":\"ground\",\"v\":9,\"a\":[1],\"p\":[{\"b\":17,\"s\":[{\"p\":[0,0,0],\"r\":[0,0,0],\"s\":[3.363346,0.11062,3.201102],\"c\":[0.9019608,0.8509804,0.7215686]}]},{\"s\":[{\"p\":[-2.323914,1.30938,-2.019015],\"r\":[289.1571,278.2117,337.9443],\"s\":[0.1750002,0.175,0.1750001],\"c\":[1,1,1]}]}]}"}],"serveTime":4}