{"thingDefinitions":[{"id":"5a42a81026b0b6f013d540e7","def":"{\"n\":\"thing\",\"v\":2,\"a\":[4],\"p\":[{\"b\":5,\"s\":[{\"p\":[0,0,0],\"r\":[0,0,0],\"s\":[0.125,0.1250001,0.125],\"c\":[1,1,1]}]},{\"b\":5,\"s\":[{\"p\":[0.01622918,0.007356025,0.1015095],\"r\":[354.7658,0.8032258,0.5094672],\"s\":[0.125,0.125,0.125],\"c\":[1,1,1]}]},{\"b\":17,\"s\":[{\"p\":[0.03395643,0.02926894,0.1806519],\"r\":[27.13091,350.1436,354.5145],\"s\":[0.06000002,0.06000003,0.06000001],\"c\":[1,1,1]}]},{\"s\":[{\"p\":[0.03152172,0.1044218,-0.1155827],\"r\":[349.0281,9.386458,342.7142],\"s\":[0.175,0.1750003,0.1750002],\"c\":[1,1,1]}]}]}"}],"serveTime":4}