{"thingDefinitions":[{"id":"5b91c32c735833387bccd9cf","def":"{\"v\":6,\"p\":[{\"b\":14,\"t\":9,\"s\":[{\"p\":[0,0,0],\"r\":[0,0,0],\"s\":[0.06000004,0.06000004,0.06000005],\"c\":[0.9714285,0,1]}]}]}"}],"serveTime":5}