{"thingDefinitions":[{"id":"5ca002b226a81f3b2cd0b1b8","def":"{\"v\":9,\"p\":[{\"s\":[{\"p\":[0,0,0],\"r\":[0,0,0],\"s\":[0.1750002,0.1750001,0.1750001],\"c\":[1,1,1]}]}]}"}],"serveTime":5}