{"thingDefinitions":[{"id":"5a241a9628e6a7691434e03a","def":"{\"n\":\"thing\",\"v\":2,\"a\":[7],\"p\":[{\"s\":[{\"p\":[0,0,0],\"r\":[0,0,0],\"s\":[0.1750132,0.1750108,0.1750071],\"c\":[1,0,0]}]}]}"}],"serveTime":8}