{"thingDefinitions":[{"id":"5aa5e696b3152c138cb8c794","def":"{\"v\":2,\"p\":[{\"s\":[{\"p\":[0,0,0],\"r\":[0,0,1.223964E-06],\"s\":[0.1750007,0.1750009,0.1750001],\"c\":[1,1,1]}]}]}"}],"serveTime":4}