{"thingDefinitions":[{"id":"5db1ed4cbd8c1e332ed7f138","def":"{\"v\":9,\"p\":[{\"b\":9,\"s\":[{\"p\":[0.02063141,-0.05134369,0.06439303],\"r\":[1.085934,4.137667,4.635615],\"s\":[2.221944,0.2736603,2.549062],\"c\":[1,1,1]}]},{\"b\":14,\"s\":[{\"p\":[-0.1101591,0.281159,-0.3138058],\"r\":[275.455,238.8871,8.754388],\"s\":[0.02939531,0.0542733,0.06992839],\"c\":[0.111111,0.05714275,0]}]},{\"b\":5,\"s\":[{\"p\":[-0.07006213,0.4800172,-0.344329],\"r\":[273.4573,287.2039,325.2164],\"s\":[0.4068637,0.3929476,0.07422338],\"c\":[0.111111,0.05714275,0]}]}]}"}],"serveTime":5}