{"thingDefinitions":[{"id":"5f4ab07642984b318d5d833e","def":"{\"n\":\"ground\",\"v\":9,\"a\":[1],\"p\":[{\"b\":17,\"s\":[{\"p\":[0,0,0],\"r\":[0,0,0],\"s\":[178.1665,0.2529764,139.7524],\"c\":[1,1,1]}]}]}"},{"id":"5f585cac295ed2055b8af9bc","def":"{\"v\":9,\"p\":[{\"b\":129,\"e\":\"I LAGGED IT OUT, FOLLOW ME\",\"s\":[{\"p\":[0,0,0],\"r\":[0,0,0],\"s\":[0.01273908,0.01273907,0.01273908],\"c\":[1,1,1]}]}]}"},{"id":"5f49edf23c5673630c79d2df","def":"{\"v\":9,\"a\":[2,3,7,15,31],\"p\":[{\"b\":181,\"i\":[{\"t\":\"5f49ec9f93acd5054d92652e\",\"p\":[0.004302621,0.3463733,0.005605459],\"r\":[270,90,0]}],\"pr\":3,\"s\":[{\"p\":[0,0,0],\"r\":[0,0,0],\"s\":[0.01113554,0.1100222,0.01113627],\"c\":[0.4444442,0.4444442,0.4444442],\"pr\":{\"c\":[0.5555556,0.7333331,1],\"m\":0.25,\"a\":0.25,\"s\":0.15,\"z\":0.25,\"g\":0.5,\"h\":0.25}}]}]}"},{"id":"5f49ff7f43ec5270f3e3dfa9","def":"{\"v\":9,\"a\":[2,3,7,15,31],\"p\":[{\"b\":181,\"i\":[{\"t\":\"5f49fe88e50c736306f313b1\",\"p\":[-0.004605413,0.4030905,-0.003342867],\"r\":[270,90.00001,0]}],\"pr\":3,\"s\":[{\"p\":[0,0,0],\"r\":[0,0,0],\"s\":[0.01113554,0.1100222,0.01113627],\"c\":[0.4444442,0.4444442,0.4444442],\"pr\":{\"c\":[0.5555556,0.7333331,1],\"m\":0.25,\"a\":0.25,\"s\":0.15,\"z\":0.25,\"g\":0.5,\"h\":0.25}}]}]}"}],"serveTime":17}