{"thingDefinitions":[{"id":"5d92a171a997d87fe66e68f3","def":"{\"n\":\"ground\",\"v\":9,\"a\":[1],\"p\":[{\"b\":17,\"s\":[{\"p\":[0,0,0],\"r\":[0,0,1.334021E-08],\"s\":[3.363348,0.1270463,3.119537],\"c\":[0.9019608,0.8509804,0.7215686]}]}]}"}],"serveTime":4}