{"thingDefinitions":[{"id":"5a9ad4e999ed73a213b0bb2b","def":"{\"n\":\"basic sword\",\"v\":2,\"d\":\"BASIC SWORD\",\"a\":[2,15,40],\"p\":[{\"b\":14,\"s\":[{\"p\":[0,0,0],\"r\":[0,0,0],\"s\":[0.03694025,0.06000007,0.08561266],\"c\":[1,1,1]}]},{\"s\":[{\"p\":[-0.02079812,-0.008700699,-0.2356804],\"r\":[354.4557,10.15845,359.641],\"s\":[0.0771597,0.2490733,0.06246009],\"c\":[1,1,1]}]},{\"s\":[{\"p\":[-0.03231601,-0.008000821,-0.3586239],\"r\":[273.7198,239.9912,119.9468],\"s\":[0.03416389,0.249075,0.06246059],\"c\":[1,1,1]}]}]}"},{"id":"5a9ad6bb5da0e38213b9bebc","def":"{\"n\":\"ground\",\"v\":2,\"a\":[7,18,32],\"p\":[{\"s\":[{\"p\":[0,0,0],\"r\":[0,0,4.378969E-13],\"s\":[0.1750087,6.620018,5.032508],\"c\":[1,1,1]}]}]}"}],"serveTime":12}