{"thingDefinitions":[{"id":"5e0ac9893aee992a4f6ece8f","def":"{\"n\":\"ground\",\"v\":9,\"a\":[1],\"p\":[{\"b\":17,\"s\":[{\"p\":[0,0,0],\"r\":[0,0,0],\"s\":[3.363346,0.11062,3.201102],\"c\":[0.9019608,0.8509804,0.7215686]}]},{\"s\":[{\"p\":[-0.3021867,1.488434,0.2346754],\"r\":[327.6734,54.35944,283.4709],\"s\":[0.175,0.1750001,0.175],\"c\":[1,1,1]}]}]}"}],"serveTime":3}