{"thingDefinitions":[{"id":"5a430d47eac6249e13f9bbc9","def":"{\"n\":\"thing\",\"v\":2,\"p\":[{\"b\":8,\"s\":[{\"p\":[0,0,0],\"r\":[0,0,0],\"s\":[0.667818,0.01516744,0.008745015],\"c\":[0.8888889,0.9714285,1]}]},{\"b\":5,\"s\":[{\"p\":[0.2036335,0.008915186,0.003682757],\"r\":[1.210654,265.1987,86.87526],\"s\":[0.09143143,0.01330607,0.03195089],\"c\":[0.4444443,0.3809522,0]}]},{\"b\":3,\"s\":[{\"p\":[0.3209411,0.0005627871,0.00678941],\"r\":[0.04918591,269.5966,63.17619],\"s\":[0.03427645,0.0332293,0.125001],\"c\":[0.4444443,0.3809522,0]}]}]}"}],"serveTime":4}