{"thingDefinitions":[{"id":"5d17f02817cc09063236c784","def":"{\"n\":\"ground\",\"v\":9,\"a\":[1],\"p\":[{\"b\":17,\"s\":[{\"p\":[0,0,0],\"r\":[0,0,0],\"s\":[11.98955,0.11062,16.41111],\"c\":[0.9019608,0.8509804,0.7215686]}]}]}"},{"id":"5d8409f2309ea4392c5a7bb7","def":"{\"v\":9,\"a\":[7,18],\"p\":[{\"a\":[1,27],\"s\":[{\"p\":[0,0,0],\"r\":[0,0,0],\"s\":[7.8192,0.08280314,4.779052],\"c\":[1,1,1],\"b\":[\"when starts then show video [youtube: dqNB7yuS0Zw]\"]}]}]}"}],"serveTime":7}