{"thingDefinitions":[{"id":"5d4532e290290e75bb603d60","def":"{\"v\":9,\"p\":[{\"s\":[{\"p\":[0,0,0],\"r\":[0,0,0],\"s\":[2.382161,1.891647,0.006634093],\"c\":[1,1,1]}]}]}"}],"serveTime":4}