{"thingDefinitions":[{"id":"5f121cd7bc1b58604f6ab9ad","def":"{\"v\":9,\"a\":[7],\"p\":[{\"s\":[{\"p\":[0,0,0],\"r\":[0,0,0],\"s\":[2500,284.1585,0.194629],\"c\":[0.2539681,0.8888889,0]}]}]}"},{"id":"5f1220f4bc1b58604f6ab9af","def":"{\"v\":9,\"p\":[{\"b\":9,\"t\":3,\"s\":[{\"p\":[0,0,0],\"r\":[3.415094E-06,1.304027E-13,4.375589E-06],\"s\":[0.001000001,0.00205994,0.001000001],\"c\":[0.8,1,0]}]}]}"}],"serveTime":4}