{"thingDefinitions":[{"id":"5bb870550d33dc10baba53e3","def":"{\"v\":7,\"p\":[{\"b\":9,\"s\":[{\"p\":[-0.1795043,-0.08835517,-0.04532588],\"r\":[5.146808,331.3638,15.90775],\"s\":[0.1250001,0.1250001,0.125],\"c\":[1,1,1]}]},{\"b\":9,\"s\":[{\"p\":[0.04831816,-0.2933487,-0.2795947],\"r\":[11.16589,341.8493,10.77935],\"s\":[0.1250005,0.1250004,0.1250002],\"c\":[1,1,1]}]}]}"}],"serveTime":4}