{"thingDefinitions":[{"id":"5b287e068e969c2d886dd926","def":"{\"v\":5,\"p\":[{\"s\":[{\"p\":[0,0,0],\"r\":[0,0,0],\"s\":[0.1750004,0.1750001,0.1750003],\"c\":[1,1,1]}]}]}"}],"serveTime":5}