{"thingDefinitions":[{"id":"5a602307b96f461714cf4094","def":"{\"n\":\"thing\",\"v\":2,\"p\":[{\"b\":9,\"s\":[{\"p\":[0,0,0],\"r\":[0,0,0],\"s\":[0.1250001,0.125,0.1250001],\"c\":[1,1,1]}]},{\"b\":9,\"s\":[{\"p\":[0.1177858,-0.2455309,-0.1293707],\"r\":[44.04959,58.17688,313.804],\"s\":[0.1250002,0.1250002,0.1250001],\"c\":[1,1,1]}]},{\"b\":9,\"s\":[{\"p\":[0.254622,-0.4645525,-0.3404161],\"r\":[44.17672,329.8807,125.6282],\"s\":[0.1250003,0.1250003,0.1250001],\"c\":[1,1,1]}]}]}"}],"serveTime":4}