{"thingDefinitions":[{"id":"5d16e3329a8b8406327389e9","def":"{\"n\":\"ground\",\"v\":9,\"a\":[1],\"p\":[{\"b\":17,\"s\":[{\"p\":[0,0,0],\"r\":[0,0,0],\"s\":[3.363346,0.163083,3.196904],\"c\":[0.9019608,0.8509804,0.7215686]}]}]}"}],"serveTime":7}