{"thingDefinitions":[{"id":"5c7d6e462cc3615003c22058","def":"{\"v\":7,\"p\":[{\"b\":17,\"s\":[{\"p\":[0,0,0],\"r\":[0,0,0],\"s\":[0.0600001,0.06000014,0.06000007],\"c\":[1,1,1]}]}]}"}],"serveTime":4}