{"thingDefinitions":[{"id":"5ba9e765ffab866cc1d38f8e","def":"{\"v\":7,\"p\":[{\"b\":9,\"s\":[{\"p\":[-0.1445336,0.1619962,0.4904221],\"r\":[50.97116,117.6726,247.8109],\"s\":[0.1250001,0.1250002,0.1250002],\"c\":[1,1,1]}]},{\"b\":9,\"s\":[{\"p\":[-0.01582482,0.3016215,0.3998784],\"r\":[82.90599,179.8429,181.8346],\"s\":[0.3143748,0.05996472,0.2870003],\"c\":[1,1,1]}]}]}"}],"serveTime":4}