{"thingDefinitions":[{"id":"5a05fda44b07a28214be5fbf","def":"{\"n\":\"thing\",\"v\":2,\"p\":[{\"s\":[{\"p\":[0,0,0],\"r\":[0,0,0],\"s\":[150.0001,0.1742982,150.0001],\"c\":[0,0.4444443,0.1777776]}]}]}"},{"id":"5a05fe7518d77d7f0e167b02","def":"{\"n\":\"thing\",\"v\":2,\"p\":[{\"s\":[{\"p\":[0,0,0],\"r\":[0,0,0],\"s\":[0.9430878,0.1544193,0.005],\"c\":[1,1,1]}]}]}"}],"serveTime":5}