{"thingDefinitions":[{"id":"5ad51baf6f4e72374350c3b4","def":"{\"v\":3,\"p\":[{\"b\":3,\"s\":[{\"p\":[0,0,0],\"r\":[0,0,0],\"s\":[0.6830922,0.7737941,0.8723675],\"c\":[1,1,1]}]},{\"b\":16,\"s\":[{\"p\":[0.2079554,0.5780003,-0.361937],\"r\":[20.70526,37.05494,12.60772],\"s\":[0.1250001,0.1250001,0.125],\"c\":[1,1,1]}]},{\"b\":16,\"s\":[{\"p\":[-0.3342431,0.5122151,0.08230178],\"r\":[15.85805,63.72705,28.23819],\"s\":[0.125,0.1250001,0.125],\"c\":[1,1,1]}]},{\"b\":3,\"s\":[{\"p\":[-0.07521118,-0.7526309,-0.3674646],\"r\":[58.16496,333.1121,130.2906],\"s\":[0.125,0.125,0.125],\"c\":[1,1,1]}]}]}"}],"serveTime":6}