{"thingDefinitions":[{"id":"5b3988bd19e05f07a28e746b","def":"{\"v\":5,\"p\":[{\"s\":[{\"p\":[0,0,0],\"r\":[0,0,0],\"s\":[0.1750002,0.1750006,0.1750004],\"c\":[1,1,1]}]},{\"s\":[{\"p\":[0.005121958,0.008393168,-0.2828398],\"r\":[17.1333,343.8327,0.5922753],\"s\":[0.1750001,0.1750006,0.1750004],\"c\":[1,1,1]}]}]}"}],"serveTime":5}