{"thingDefinitions":[{"id":"5c96d2ddaedcfb7b5572d941","def":"{\"v\":9,\"p\":[{\"b\":9,\"s\":[{\"p\":[0,0,0],\"r\":[0,0,0],\"s\":[0.1250002,0.1250004,0.1250003],\"c\":[1,1,1]}]},{\"b\":12,\"s\":[{\"p\":[-0.06046718,-0.01349718,0.1411007],\"r\":[70.52348,271.6185,172.8169],\"s\":[0.06000018,0.06000021,0.0600002],\"c\":[1,1,1]}]},{\"b\":2,\"s\":[{\"p\":[0.02568132,-0.02305241,0.1661109],\"r\":[5.389946,44.26217,339.6832],\"s\":[0.1250005,0.1250006,0.1250006],\"c\":[1,1,1]}]}]}"}],"serveTime":4}