{"thingDefinitions":[{"id":"5c175bf88436ee6f7daa6a47","def":"{\"v\":7,\"p\":[{\"b\":9,\"s\":[{\"p\":[0.001712669,0.324917,0.1440441],\"r\":[333.3672,15.68552,325.4078],\"s\":[0.1250002,0.1250001,0.1250001],\"c\":[1,1,1]}]},{\"b\":9,\"s\":[{\"p\":[-0.1281038,-0.3182596,-0.2974385],\"r\":[34.5435,330.5284,9.114632],\"s\":[0.1250001,0.125,0.1250001],\"c\":[1,1,1]}]},{\"b\":9,\"s\":[{\"p\":[-0.1358677,-0.0267286,-0.01683762],\"r\":[1.879833,357.8888,349.1935],\"s\":[0.1250001,0.125,0.1250001],\"c\":[1,1,1]}]},{\"b\":250,\"s\":[{\"p\":[-0.01381547,0.2223355,-0.01841755],\"r\":[305.9678,322.4016,18.02817],\"s\":[0.2400001,0.2400003,0.2400003],\"c\":[1,1,1]}]}]}"}],"serveTime":4}