{"thingDefinitions":[{"id":"5df4b2757d9ea63a4640a16e","def":"{\"v\":9,\"p\":[{\"s\":[{\"p\":[0,0,0],\"r\":[0,0,0],\"s\":[18.65842,0.050265,30.35935],\"c\":[1,1,1]}]}]}"}],"serveTime":4}