{"thingDefinitions":[{"id":"5b160543a283e350bfc4bd4d","def":"{\"v\":4,\"p\":[{\"b\":9,\"s\":[{\"p\":[0,0,0],\"r\":[0,0,3.415095E-06],\"s\":[0.125,0.125,0.1250002],\"c\":[1,1,1]}]}]}"}],"serveTime":4}