{"thingDefinitions":[{"id":"5c007dcf021a9d6779147a77","def":"{\"v\":7,\"a\":[49],\"tp_m\": 8,\"p\":[{\"b\":195,\"s\":[{\"p\":[0,0,0],\"r\":[0,0,1.28066E-06],\"s\":[0.06000037,0.06000032,0.0600001],\"c\":[1,1,1]}]}]}"}],"serveTime":5}