{"thingDefinitions":[{"id":"580405aedd92246813b42bc5","def":"{\"n\":\"ground69\",\"a\":[1,2,9,15],\"p\":[{\"b\":17,\"s\":[{\"p\":[0,0,0],\"r\":[0,0,0],\"s\":[3.363346,0.11062,3.201102],\"c\":[0.9019608,0.8509804,0.7215686]}]}]}"},{"id":"58069bf68add5ed11370c401","def":"{\"n\":\"thing\",\"p\":[{\"b\":5,\"s\":[{\"p\":[0,0,0],\"r\":[0,0,0],\"s\":[0.3407954,0.3643788,0.6869671],\"c\":[0.148148,0.2666664,0.4444443]}]}]}"},{"id":"58069c96e36bbad628638cc5","def":"{\"n\":\"thing\",\"p\":[{\"b\":20,\"e\":\"FEMINISM IS CANCER\",\"s\":[{\"p\":[0,0,0],\"r\":[0,0,4.268868E-07],\"s\":[0.003000001,0.003000001,0.003],\"c\":[1,1,1]}]}]}"}],"serveTime":5}