{"thingDefinitions":[{"id":"5c71654116776105535a4364","def":"{\"n\":\"ground\",\"v\":7,\"a\":[1],\"p\":[{\"b\":17,\"s\":[{\"p\":[0,0,0],\"r\":[0,0,0],\"s\":[3.363346,0.11062,3.201102],\"c\":[0.9019608,0.8509804,0.7215686]}]},{\"b\":9,\"s\":[{\"p\":[-2.211482,0.1307764,1.816117],\"r\":[0.2452319,74.81031,266.2914],\"s\":[0.4623169,0.529022,0.7413866],\"c\":[0.8888889,0.8888889,0.8888889]}]}]}"},{"id":"5c716650fa31b00e76f96fec","def":"{\"v\":7,\"p\":[{\"s\":[{\"p\":[0,0,0],\"r\":[0,0,0],\"s\":[0.05387308,0.05174687,0.243754],\"c\":[1,1,1]}]}]}"}],"serveTime":7}