{"thingDefinitions":[{"id":"5dc5be9239effe115f71b3c7","def":"{\"v\":9,\"p\":[{\"b\":5,\"s\":[{\"p\":[0.2391378,0.1573414,-0.009800345],\"r\":[350.3172,30.56719,329.1183],\"s\":[0.1000004,0.1000001,0.1000003],\"c\":[1,1,1]}]},{\"b\":140,\"e\":\"TTG\",\"s\":[{\"p\":[0.04972032,0.09531307,-0.1792709],\"r\":[45.92801,38.57146,42.0493],\"s\":[0.003000007,0.003000004,0.003000004],\"c\":[1,1,1]}]},{\"b\":5,\"s\":[{\"p\":[-0.003868342,0.01527718,-0.02463011],\"r\":[64.28234,37.4803,72.81422],\"s\":[0.1000002,0.1000001,0.1000001],\"c\":[1,1,1]}]},{\"b\":5,\"s\":[{\"p\":[0.1092743,0.08165101,-0.06979111],\"r\":[349.8348,345.7251,327.8425],\"s\":[0.1000005,0.1000002,0.1000004],\"c\":[1,1,1]}]}]}"}],"serveTime":5}