{"thingDefinitions":[{"id":"5dac5adcbd273606282d5757","def":"{\"n\":\"ground\",\"v\":9,\"a\":[1],\"p\":[{\"b\":17,\"s\":[{\"p\":[0,0,0],\"r\":[0,0,0],\"s\":[3.363346,0.11062,3.201102],\"c\":[0.9019608,0.8509804,0.7215686]}]},{\"b\":9,\"a\":[5],\"s\":[{\"p\":[2.274633,1.742089,0.1942235],\"r\":[321.5339,51.5729,292.7289],\"s\":[0.125,0.1250001,0.125],\"c\":[1,1,1],\"b\":[\"when  marcus hauschildt scharf\"]}]}]}"}],"serveTime":6}