{"thingDefinitions":[{"id":"5c223c85fda71a0557a7d50a","def":"{\"v\":7,\"p\":[{\"b\":9,\"s\":[{\"p\":[0,0,0],\"r\":[0,0,-1.707547E-06],\"s\":[0.125,0.1250001,0.125],\"c\":[1,1,1]}]}]}"},{"id":"5c223ce2573d946f77418bd6","def":"{\"v\":7,\"p\":[{\"b\":145,\"s\":[{\"p\":[-0.3260685,-0.02649557,-0.01294458],\"r\":[13.26427,356.7907,7.546271],\"s\":[0.09000011,0.09000004,0.09000007],\"c\":[1,1,1]}]},{\"b\":145,\"s\":[{\"p\":[-0.01280733,-0.01380978,-0.004565975],\"r\":[0.08901575,0.5778404,2.508531],\"s\":[0.09000003,0.09000005,0.09000003],\"c\":[1,1,1]}]},{\"b\":82,\"s\":[{\"p\":[0.06135622,0.004234868,-0.05409855],\"r\":[311.2032,0.5127776,269.9719],\"s\":[0.07500012,0.09687173,0.07500014],\"c\":[1,1,1]}]}]}"}],"serveTime":5}