{"thingDefinitions":[{"id":"5d0c7a6d7ae1052e9a563538","def":"{\"v\":9,\"p\":[{\"b\":12,\"s\":[{\"p\":[-0.3501151,-0.03386847,-0.04085327],\"r\":[7.236472,256.358,359.8493],\"s\":[0.06000007,0.06,0.06000004],\"c\":[1,1,1]}]},{\"b\":12,\"s\":[{\"p\":[-0.4892393,0.09571931,-0.096356],\"r\":[352.5603,229.0444,326.4267],\"s\":[0.06000012,0.06000008,0.06000016],\"c\":[1,1,1]}]},{\"b\":12,\"s\":[{\"p\":[0.09043297,0.4481709,0.05623908],\"r\":[350.3203,10.78464,348.6588],\"s\":[0.181021,0.3668657,0.132609],\"c\":[1,1,1]}]}]}"}],"serveTime":5}