{"thingDefinitions":[{"id":"5c60ccbdb79e33055c2ccc73","def":"{\"n\":\"ground\",\"v\":7,\"a\":[1],\"p\":[{\"b\":17,\"s\":[{\"p\":[0,0,0],\"r\":[0,0,0],\"s\":[3.363346,0.11062,3.201102],\"c\":[0.9019608,0.8509804,0.7215686]}]}]}"},{"id":"5c60cc10b79e33055c2ccc6d","def":"{\"v\":7,\"p\":[{\"s\":[{\"p\":[0,0,0],\"r\":[0,0,-1.600825E-06],\"s\":[0.1750005,0.1750005,0.1750001],\"c\":[1,1,1]}]},{\"s\":[{\"p\":[0.01353503,0.2118309,-0.02257929],\"r\":[349.4227,2.996031,3.157897],\"s\":[0.1750008,0.1750008,0.1750002],\"c\":[1,1,1]}]},{\"s\":[{\"p\":[0.02016975,-0.2162089,-0.04771935],\"r\":[12.0899,0.01916188,358.377],\"s\":[0.1750007,0.1750007,0.1750003],\"c\":[1,1,1]}]}]}"}],"serveTime":5}