{"thingDefinitions":[{"id":"5e24627f2f01460626a4c132","def":"{\"v\":9,\"p\":[{\"b\":3,\"s\":[{\"p\":[0,0,0],\"r\":[0,0,0],\"s\":[0.1250004,0.1250004,0.1250004],\"c\":[1,1,1]}]}]}"}],"serveTime":5}