{"thingDefinitions":[{"id":"59d08829ce06b31510948a0e","def":"{\"n\":\"thing\",\"a\":[7],\"p\":[{\"b\":32,\"s\":[{\"p\":[0,0,0],\"r\":[0,0,0],\"s\":[0.1250135,0.1250124,0.1250239],\"c\":[1,1,1]}]},{\"b\":9,\"s\":[{\"p\":[-0.06598909,-0.006865025,-0.2050827],\"r\":[0,90.00001,0],\"s\":[0.1250082,0.1250097,0.1250082],\"c\":[1,1,1]}]},{\"b\":17,\"s\":[{\"p\":[-0.02597398,0.02279231,0.1184103],\"r\":[-8.964258E-08,90.00001,9.748988E-06],\"s\":[0.06000737,0.06001258,0.06001026],\"c\":[1,1,1]}]}]}"}],"serveTime":5}