{"thingDefinitions":[{"id":"5adac676c063400fd5f6a10d","def":"{\"v\":4,\"p\":[{\"b\":9,\"s\":[{\"p\":[0,0,0],\"r\":[0,0,0],\"s\":[0.1250004,0.1250004,0.1250001],\"c\":[1,1,1]}]}]}"}],"serveTime":4}