{"thingDefinitions":[{"id":"5aedf541b613bd456cac10a2","def":"{\"v\":4,\"p\":[{\"b\":9,\"s\":[{\"p\":[0,0,0],\"r\":[0,0,0],\"s\":[0.1250008,0.1250003,0.1250008],\"c\":[1,1,1]}]}]}"}],"serveTime":6}