{"thingDefinitions":[{"id":"5bbac1c126e76c05861bcaf8","def":"{\"n\":\"ground\",\"v\":7,\"a\":[1,7,18],\"p\":[{\"b\":17,\"s\":[{\"p\":[0,0,0],\"r\":[0,0,0],\"s\":[3.363346,0.11062,3.201102],\"c\":[0.9019608,0.8509804,0.7215686]}]}]}"}],"serveTime":5}