{"thingDefinitions":[{"id":"5a2dc8d3c735bf7935d6d420","def":"{\"n\":\"thing\",\"v\":2,\"p\":[{\"b\":17,\"s\":[{\"p\":[0.1183568,0.05851636,0.008932743],\"r\":[21.91094,31.49759,20.73755],\"s\":[0.06000002,0.06000006,0.06000004],\"c\":[1,1,1]}]},{\"b\":17,\"s\":[{\"p\":[0.004543085,-0.009165043,0.01016645],\"r\":[358.5131,359.4483,1.269765],\"s\":[0.06000005,0.06000017,0.06000013],\"c\":[1,1,1]}]},{\"b\":14,\"s\":[{\"p\":[-0.1054787,0.07662119,0.02189692],\"r\":[31.53426,46.51094,333.8493],\"s\":[0.06000025,0.06000034,0.06000027],\"c\":[1,1,1]}]}]}"}],"serveTime":5}