{"thingDefinitions":[{"id":"5df04a771111f6359536697f","def":"{\"v\":9,\"p\":[{\"b\":3,\"s\":[{\"p\":[0.1887716,0.2653115,-0.08900419],\"r\":[9.913911,17.01609,50.31603],\"s\":[0.1250004,0.1250001,0.1250005],\"c\":[1,1,1]}]},{\"b\":3,\"s\":[{\"p\":[0.09996706,-0.07380027,-0.3815339],\"r\":[66.29513,22.22103,85.88155],\"s\":[0.1250007,0.1250001,0.1250007],\"c\":[1,1,1]}]},{\"s\":[{\"p\":[0.3374287,0.1369439,-0.346501],\"r\":[1.041247,34.4073,19.02617],\"s\":[0.1750003,0.1750004,0.1750006],\"c\":[1,1,1]}]},{\"b\":45,\"s\":[{\"p\":[0.4183145,0.2919893,-0.5144539],\"r\":[42.45903,198.375,304.5487],\"s\":[0.1250002,0.1250001,0.1250001],\"c\":[1,1,1]}]}]}"}],"serveTime":4}