{"thingDefinitions":[{"id":"5ac2a8e96cf50a13eed64802","def":"{\"v\":2,\"p\":[{\"s\":[{\"p\":[0.01966346,-0.08615631,-0.4416026],\"r\":[57.45967,305.8876,278.1888],\"s\":[0.1750002,0.1750001,0.175],\"c\":[1,1,1]}]},{\"s\":[{\"p\":[0.06642086,-0.02652417,0.06722826],\"r\":[19.61314,52.56934,2.478248],\"s\":[0.1750003,0.1750002,0.1750003],\"c\":[1,1,1]}]}]}"}],"serveTime":5}