{"thingDefinitions":[{"id":"5a48a194e88977a71308e130","def":"{\"n\":\"thing\",\"v\":2,\"p\":[{\"b\":5,\"s\":[{\"p\":[0,0,0],\"r\":[0,0,0],\"s\":[0.03725798,0.03586715,0.4407775],\"c\":[0.5555556,0.1463843,0.0617283]}]},{\"b\":3,\"s\":[{\"p\":[0.0004532591,0.003740758,-0.2130596],\"r\":[22.25207,11.78705,359.1133],\"s\":[0.05454859,0.05668629,0.04985439],\"c\":[0.5555556,0.1463843,0.0617283]}]}]}"}],"serveTime":5}