{"thingDefinitions":[{"id":"5c27c5c26e3e726e4f89857b","def":"{\"v\":7,\"p\":[{\"b\":10,\"s\":[{\"p\":[-0.1233307,-0.2439976,-0.2836116],\"r\":[51.16056,302.6381,348.6665],\"s\":[0.1250002,0.1250002,0.1250002],\"c\":[1,1,1]}]},{\"b\":10,\"s\":[{\"p\":[-0.1840105,0.02190441,-0.02797956],\"r\":[358.8163,328.0945,7.418808],\"s\":[0.1250002,0.1250002,0.1250001],\"c\":[1,1,1]}]},{\"b\":10,\"s\":[{\"p\":[0.0860839,0.0828088,0.009753277],\"r\":[358.5632,12.30581,358.3883],\"s\":[0.1617262,0.1806895,0.1250001],\"c\":[1,1,1]}]}]}"}],"serveTime":6}