{"thingDefinitions":[{"id":"5cb8077fbdfb9370476e118d","def":"{\"v\":9,\"p\":[{\"b\":4,\"s\":[{\"p\":[0,0,0],\"r\":[0,0,0],\"s\":[0.1250008,0.1250005,0.1250005],\"c\":[1,1,1]}]},{\"b\":5,\"s\":[{\"p\":[0.3134379,-0.04561481,-0.09001203],\"r\":[6.854864,181.0503,352.6574],\"s\":[0.1000001,0.1000001,0.1000001],\"c\":[1,1,1]}]}]}"}],"serveTime":4}