{"thingDefinitions":[{"id":"5bccaba869eb4f65deec076b","def":"{\"v\":7,\"p\":[{\"b\":12,\"s\":[{\"p\":[0,0,0],\"r\":[0,0,0],\"s\":[1.216507,0.06000019,2.740147],\"c\":[0.2222221,0.7999996,1]}]}]}"}],"serveTime":5}