{"thingDefinitions":[{"id":"5a604fd3c84e79301b7e1be3","def":"{\"n\":\"thing\",\"v\":2,\"p\":[{\"b\":12,\"s\":[{\"p\":[0,0,0],\"r\":[0,0,0],\"s\":[0.06000004,0.06000002,0.06000003],\"c\":[1,1,1]}]}]}"}],"serveTime":4}