{"thingDefinitions":[{"id":"5c877af334a31b1e0e424d26","def":"{\"v\":7,\"p\":[{\"s\":[{\"p\":[0,0,0],\"r\":[0,0,0],\"s\":[0.1750001,0.1750003,0.1750004],\"c\":[0,1,1]}]},{\"b\":7,\"s\":[{\"p\":[-0.01948668,0.1805352,0.07222842],\"r\":[20.26036,24.60636,9.514902],\"s\":[0.125,0.125,0.1250001],\"c\":[0.1142856,1,0]}]}]}"}],"serveTime":4}