{"thingDefinitions":[{"id":"5c200a01ad6b9c6e49e2c3c4","def":"{\"v\":7,\"p\":[{\"b\":11,\"s\":[{\"p\":[0.06445641,0.07587238,-0.1108307],\"r\":[346.0116,41.48659,306.1121],\"s\":[0.09999999,0.09999999,0.1],\"c\":[1,1,1]}]},{\"b\":9,\"s\":[{\"p\":[0.236842,0.1366089,-0.0759207],\"r\":[345.8795,62.67222,27.56911],\"s\":[0.1250004,0.1250004,0.1250005],\"c\":[1,1,1]}]}]}"},{"id":"5c200a6482a7370550d50461","def":"{\"v\":7,\"p\":[{\"b\":14,\"s\":[{\"p\":[0,0,0],\"r\":[0,0,0],\"s\":[0.06000004,0.06000005,0.06000005],\"c\":[1,1,1]}]},{\"b\":194,\"s\":[{\"p\":[0.42082,0.0784243,-0.3732224],\"r\":[5.48005,96.21111,283.1011],\"s\":[0.1690996,0.0578742,0.05701642],\"c\":[1,1,1]}]}]}"}],"serveTime":5}