{"thingDefinitions":[{"id":"5cdc472459c7f8605a13b556","def":"{\"n\":\"ground\",\"v\":9,\"a\":[1],\"p\":[{\"b\":17,\"s\":[{\"p\":[0,0,0],\"r\":[0,0,0],\"s\":[3.363346,0.11062,3.201102],\"c\":[0.9019608,0.8509804,0.7215686]}]},{\"s\":[{\"p\":[2.197935,1.440965,3.299793],\"r\":[53.39759,160.2174,56.18914],\"s\":[0.1750011,0.175001,0.1750017],\"c\":[1,1,1]}]},{\"s\":[{\"p\":[2.220505,-2.047597,-4.089938],\"r\":[345.9344,244.1262,350.1308],\"s\":[0.1750007,0.1750001,0.1750007],\"c\":[1,1,1]}]}]}"}],"serveTime":4}