{"thingDefinitions":[{"id":"5c85cb767cff6d0555792784","def":"{\"v\":7,\"a\":[7,18],\"p\":[{\"b\":12,\"s\":[{\"p\":[0,0,0],\"r\":[0,0,0],\"s\":[2500,0.07552134,2500],\"c\":[0.3950616,0.8888889,0.5925926]}]}]}"},{"id":"5c85db947dc46861acc6695b","def":"{\"v\":7,\"a\":[7],\"p\":[{\"b\":5,\"t\":15,\"pr\":28,\"t1\":27,\"s\":[{\"p\":[0,0,0],\"r\":[0,0,0],\"s\":[0.4834917,0.448584,0.1000419],\"c\":[1,1,1],\"t1\":{\"c\":[0,0,0],\"x\":0.5,\"y\":0.5,\"a\":0.8925,\"m\":0,\"n\":0,\"r\":0,\"g\":0,\"o\":0.5,\"t\":0.5,\"e\":0.5},\"pr\":{\"c\":[0.4444444,1,0.952381],\"m\":0.25,\"a\":0.25,\"s\":0.15,\"z\":0.25,\"g\":0.5,\"h\":0.25}}]}]}"}],"serveTime":5}