{"thingDefinitions":[{"id":"5c27a5a444fc8e0555a9412c","def":"{\"v\":7,\"p\":[{\"b\":9,\"s\":[{\"p\":[0.4038193,-0.1047685,0.08798563],\"r\":[354.6699,347.3946,97.60005],\"s\":[0.1250001,0.1250001,0.1250001],\"c\":[1,1,1]}]},{\"b\":9,\"s\":[{\"p\":[0.3404018,-0.1263473,0.09496105],\"r\":[24.18686,323.9318,72.15201],\"s\":[0.1250002,0.1250002,0.1250001],\"c\":[1,1,1]}]}]}"}],"serveTime":5}