{"thingDefinitions":[{"id":"5ae09a2b91727f3459b73b94","def":"{\"v\":4,\"p\":[{\"b\":9,\"s\":[{\"p\":[0,0,0],\"r\":[0,0,0],\"s\":[0.1250001,0.1250002,0.1250002],\"c\":[1,1,1]}]},{\"b\":9,\"s\":[{\"p\":[0.120161,-0.09259373,-0.5876784],\"r\":[77.29539,51.3434,66.60425],\"s\":[0.1250001,0.1250001,0.1250002],\"c\":[1,1,1]}]}]}"}],"serveTime":5}