{"thingDefinitions":[{"id":"5cfffbb1da9b4b063494d95e","def":"{\"v\":9,\"a\":[24],\"bod\":{\"al\": {\"i\":\"5c88593050a1ce0551c8e988\",\"p\":[-0.1112738,-0.02123487,-0.2980969],\"r\":[72.55531,210.3277,299.2797]}},\"p\":[{\"b\":178,\"s\":[{\"p\":[0,0,0],\"r\":[0,0,2.134434E-07],\"s\":[0.04500005,0.04500006,0.04500005],\"c\":[1,1,1]}]},{\"b\":152,\"s\":[{\"p\":[-0.3058861,-0.1293886,-0.4648646],\"r\":[5.48814,310.1807,260.9653],\"s\":[0.0400001,0.04000012,0.04000008],\"c\":[1,1,1]}]}]}"}],"serveTime":4}