{"thingDefinitions":[{"id":"5bb13cd90540571c39d1a37a","def":"{\"v\":7,\"p\":[{\"b\":9,\"s\":[{\"p\":[0,0,0],\"r\":[0,0,0],\"s\":[0.1250002,0.1250001,0.1250003],\"c\":[1,1,1]}]}]}"}],"serveTime":3}