{"thingDefinitions":[{"id":"5ce4aa5a5048f5056235bc1b","def":"{\"v\":9,\"a\":[2,15],\"p\":[{\"b\":9,\"s\":[{\"p\":[0,0,0],\"r\":[0,0,1.707547E-06],\"s\":[0.03206892,0.1325597,0.1269672],\"c\":[1,1,1]}]}]}"}],"serveTime":4}