{"thingDefinitions":[{"id":"5aa8824e44bace13856f7d55","def":"{\"v\":2,\"p\":[{\"s\":[{\"p\":[-0.3577543,0.5247722,-0.03159821],\"r\":[20.15575,300.3963,355.9618],\"s\":[1.321611,0.6825483,0.01030719],\"c\":[1,1,1]}]}]}"}],"serveTime":4}