{"thingDefinitions":[{"id":"5ce81a4d58771006248df367","def":"{\"v\":9,\"p\":[{\"s\":[{\"p\":[0.1023485,-0.3649091,0.1140805],\"r\":[9.356827,28.75747,40.21539],\"s\":[0.1750003,0.1750002,0.1750002],\"c\":[1,1,1]}]},{\"s\":[{\"p\":[-0.158531,-0.4050685,-0.1141601],\"r\":[15.14605,353.5466,29.24794],\"s\":[0.1750005,0.1750004,0.1750003],\"c\":[1,1,1]}]},{\"s\":[{\"p\":[-0.0223483,-0.02501479,0.06770461],\"r\":[80.15865,48.3442,294.6498],\"s\":[0.1750007,0.1750006,0.1750005],\"c\":[1,1,1]}]}]}"}],"serveTime":5}