{"thingDefinitions":[{"id":"5d999217c37a927fec8c9018","def":"{\"n\":\"grounytd\",\"v\":9,\"a\":[1,2],\"p\":[{\"b\":2,\"s\":[{\"p\":[1.021584,0.1764501,-1.955868],\"r\":[15.73955,7.131095,76.60317],\"s\":[0.1250001,0.1250002,0.1249999],\"c\":[1,1,1]}]},{\"b\":17,\"a\":[5],\"s\":[{\"p\":[0,0,0],\"r\":[0,0,0],\"s\":[2.997269,0.11062,3.201102],\"c\":[0.9019608,0.8509804,0.7215686]},{\"p\":[0.2165067,-0.04195401,0.07520383],\"r\":[357.5716,358.386,6.156291],\"s\":[3.363346,0.11062,3.201102],\"c\":[0.9019608,0.8509804,0.7215686],\"b\":[\"this\"]},{\"p\":[0.2165067,-0.04195401,0.07520383],\"r\":[357.5716,358.386,6.156291],\"s\":[3.363346,0.11062,3.201102],\"c\":[0.9019608,0.8509804,0.7215686]}]}]}"}],"serveTime":5}