{"thingDefinitions":[{"id":"5bf1bf03c35252055b5a955f","def":"{\"n\":\"ground\",\"v\":7,\"a\":[1],\"p\":[{\"b\":17,\"s\":[{\"p\":[0,0,0],\"r\":[0,0,0],\"s\":[2500,0.1115377,1127.873],\"c\":[0.9019608,0.8509804,0.7215686]}]}]}"},{"id":"5bf1a7d04fbdc463f3f24683","def":"{\"v\":7,\"a\":[31],\"p\":[{\"t\":2,\"a\":[29],\"im\":\"954095427569565965/F74BD5C2738A6C51EAD76CABA5342846BCC8B5D0/\",\"s\":[{\"p\":[0,0,0],\"r\":[0,0,0],\"s\":[0.9507379,0.9507378,0.4561227],\"c\":[1,1,1]}]}]}"}],"serveTime":4}