{"thingDefinitions":[{"id":"5dfd698b27f3c42a48c064b0","def":"{\"n\":\"ground\",\"v\":9,\"a\":[1,2,4],\"p\":[{\"b\":17,\"s\":[{\"p\":[0,0,0],\"r\":[0,0,0],\"s\":[3.363346,0.11062,3.201102],\"c\":[0.9019608,0.8509804,0.7215686]}]},{\"b\":9,\"s\":[{\"p\":[-0.3165284,1.385893,-3.326146],\"r\":[5.639394,359.1617,281.8683],\"s\":[0.1250002,0.1250007,0.1250003],\"c\":[1,1,1]}]},{\"b\":11,\"s\":[{\"p\":[-0.2873946,1.495176,-3.288701],\"r\":[324.957,348.2062,337.4715],\"s\":[0.1,0.09999999,0.1],\"c\":[1,1,1]}]},{\"b\":70,\"s\":[{\"p\":[-0.2782447,1.378047,-3.361885],\"r\":[316.8466,355.1425,2.794744],\"s\":[0.125,0.125,0.125],\"c\":[0,0.4444443,0.4444443]}]}]}"}],"serveTime":6}