{"thingDefinitions":[{"id":"5b081bd7a3c20063cea8ee71","def":"{\"v\":4,\"p\":[{\"b\":9,\"s\":[{\"p\":[0,0,0],\"r\":[1.067217E-07,8.537735E-07,5.70961E-06],\"s\":[0.1250004,0.1250003,0.1250001],\"c\":[1,1,1]}]},{\"b\":14,\"s\":[{\"p\":[-0.193041,0.06735389,0.08075681],\"r\":[12.67883,294.2277,109.7074],\"s\":[0.06000004,0.02010105,0.06000016],\"c\":[1,1,1]}]},{\"b\":14,\"s\":[{\"p\":[-0.1926874,0.06423056,0.08311527],\"r\":[11.03519,291.348,95.83336],\"s\":[0.06000002,0.02010105,0.06000013],\"c\":[1,1,1]}]},{\"b\":9,\"s\":[{\"p\":[-0.03156155,0.2081892,0.006048045],\"r\":[316.5636,329.3381,54.96533],\"s\":[0.1250003,0.1250001,0.1250002],\"c\":[1,1,1]}]}]}"}],"serveTime":5}