{"thingDefinitions":[{"id":"5bfd803c0981a5053c7a0003","def":"{\"v\":7,\"p\":[{\"b\":17,\"s\":[{\"p\":[0,0,0],\"r\":[0,0,0],\"s\":[0.06000035,0.06000036,0.06000025],\"c\":[1,1,1]}]}]}"}],"serveTime":4}