{"thingDefinitions":[{"id":"5a878d2084b236061447cd21","def":"{\"v\":2,\"a\":[1,7,18],\"p\":[{\"b\":9,\"s\":[{\"p\":[0,0,0],\"r\":[0,0,0],\"s\":[0.1250001,0.1250004,0.1250003],\"c\":[1,1,1]}]},{\"b\":3,\"s\":[{\"p\":[0.05705179,0.1069406,-0.187369],\"r\":[38.25497,195.0889,91.52976],\"s\":[0.125,0.125,0.1250001],\"c\":[1,1,1]}]},{\"b\":144,\"s\":[{\"p\":[0.1692371,0.09390154,-0.2363448],\"r\":[337.262,45.0221,50.21014],\"s\":[0.09001399,0.09001444,0.09000764],\"c\":[1,1,1]}]}]}"}],"serveTime":4}