{"thingDefinitions":[{"id":"59dc4653786edd361055984e","def":"{\"n\":\"thing\",\"a\":[27],\"p\":[{\"s\":[{\"p\":[0.004980873,-0.000451386,-0.1025006],\"r\":[86.89455,49.89498,231.2144],\"s\":[0.06021753,0.005000046,0.09651441],\"c\":[1,1,1]}]},{\"b\":14,\"s\":[{\"p\":[-0.001260634,0.004422857,0.006370401],\"r\":[0.268011,358.9176,2.117851],\"s\":[0.007571402,0.05892308,0.0751294],\"c\":[1,1,1]}]},{\"b\":5,\"s\":[{\"p\":[0.008448957,0.001802653,-0.1474256],\"r\":[359.6392,358.5781,275.495],\"s\":[0.02306187,0.01345464,0.1247884],\"c\":[1,1,1]}]}]}"}],"serveTime":3}