{"thingDefinitions":[{"id":"5bde8917bd9a3e1646c0f2b0","def":"{\"v\":7,\"p\":[{\"b\":9,\"s\":[{\"p\":[0,0,0],\"r\":[0,0,0],\"s\":[0.1250003,0.1250002,0.1250003],\"c\":[1,1,1]}]},{\"b\":9,\"s\":[{\"p\":[-0.007489028,-0.2225762,-0.2311999],\"r\":[41.3026,290.2865,34.43295],\"s\":[0.1250002,0.1250001,0.1250002],\"c\":[1,1,1]}]}]}"}],"serveTime":4}