{"thingDefinitions":[{"id":"5cf32efbc83d1e0627bb961e","def":"{\"v\":9,\"p\":[{\"b\":12,\"s\":[{\"p\":[0,0,0],\"r\":[0,0,0],\"s\":[4.493557,0.1297531,3.665192],\"c\":[1,1,1]}]}]}"},{"id":"5cf32fc6185eeb062d3768d4","def":"{\"v\":9,\"a\":[2,50],\"p\":[{\"b\":58,\"s\":[{\"p\":[-0.3043037,0.07562026,0.3086847],\"r\":[77.38422,62.35519,322.9236],\"s\":[0.7403334,0.1768138,0.6941383],\"c\":[0.185185,0.3333332,0.3333332]}]},{\"b\":58,\"s\":[{\"p\":[-0.4360175,0.07256368,0.3026972],\"r\":[4.614671,24.37289,10.909],\"s\":[0.7403343,0.1768139,0.694139],\"c\":[0.185185,0.3333332,0.3333332]}]},{\"b\":180,\"s\":[{\"p\":[-0.3858205,0.05430149,0.2508297],\"r\":[345.629,342.43,333.3425],\"s\":[0.1250003,0.1250002,0.1250002],\"c\":[1,0.1714285,0]}]}]}"}],"serveTime":5}