{"thingDefinitions":[{"id":"5d32e82c2ec3f47c239ff6d1","def":"{\"n\":\"ground\",\"v\":9,\"a\":[1],\"p\":[{\"b\":17,\"s\":[{\"p\":[0,0,0],\"r\":[0,0,0],\"s\":[3.363346,0.11062,3.201102],\"c\":[0.9019608,0.8509804,0.7215686]}]},{\"b\":250,\"s\":[{\"p\":[5.248387,2.393165,-1.254364],\"r\":[299.8827,276.1292,130.8322],\"s\":[0.2400002,0.2400005,0.2400004],\"c\":[1,1,1]}]}]}"}],"serveTime":5}