{"thingDefinitions":[{"id":"5ca788a2a70db470ae7d3d31","def":"{\"v\":9,\"p\":[{\"b\":187,\"s\":[{\"p\":[0,0,0],\"r\":[0,0,1.707547E-06],\"s\":[0.06000017,0.06000008,0.06000023],\"c\":[1,1,1]}]}]}"}],"serveTime":4}