{"thingDefinitions":[{"id":"5aa7444be5398f13724b3e1d","def":"{\"v\":2,\"p\":[{\"s\":[{\"p\":[-0.07653935,-0.0292597,-0.03429576],\"r\":[355.5399,305.7896,30.10139],\"s\":[0.1750003,0.1750005,0.1750001],\"c\":[1,1,1]}]},{\"s\":[{\"p\":[-0.1892487,-0.1178792,-0.01171444],\"r\":[47.12856,3.54195,67.1217],\"s\":[0.1750004,0.1750003,0.1750002],\"c\":[1,1,1]}]},{\"s\":[{\"p\":[-0.0946239,-0.1536852,-0.06762597],\"r\":[18.29539,323.112,66.83732],\"s\":[0.1750004,0.1750003,0.1750002],\"c\":[1,1,1]}]}]}"}],"serveTime":4}