{"thingDefinitions":[{"id":"5b36881551f9510f838a1df2","def":"{\"v\":5,\"p\":[{\"b\":9,\"s\":[{\"p\":[0.1406529,0.04290318,-0.048567],\"r\":[12.84767,6.843606,41.83854],\"s\":[0.1250002,0.1250002,0.1250001],\"c\":[1,1,1]}]},{\"b\":2,\"s\":[{\"p\":[0.005811044,0.06292888,-0.01050448],\"r\":[345.4242,275.7207,68.96867],\"s\":[0.125,0.1250002,0.1250002],\"c\":[1,1,1]}]}]}"}],"serveTime":5}