{"thingDefinitions":[{"id":"5cf6dc4de1ea34062a4a6d20","def":"{\"v\":9,\"p\":[{\"s\":[{\"p\":[0,0,0],\"r\":[0,0,1.440743E-06],\"s\":[0.1750001,0.1750001,0.175],\"c\":[1,1,1]}]}]}"}],"serveTime":5}