{"thingDefinitions":[{"id":"5ae65d2914756b79d0effaaa","def":"{\"v\":4,\"p\":[{\"b\":19,\"e\":\"LIFE IS PAIN\",\"s\":[{\"p\":[0,0,0],\"r\":[0,0,0],\"s\":[0.003000002,0.003000001,0.002999999],\"c\":[1,1,1]}]}]}"}],"serveTime":4}