{"thingDefinitions":[{"id":"5ad8982ee811274b098a9cac","def":"{\"v\":4,\"p\":[{\"b\":3,\"s\":[{\"p\":[0,0,0],\"r\":[0,0,-1.707547E-06],\"s\":[0.1250001,0.1250002,0.1250002],\"c\":[1,1,1]}]}]}"}],"serveTime":4}