{"thingDefinitions":[{"id":"5e6ceeb7b071e84446d8ae89","def":"{\"n\":\"ground\",\"v\":9,\"a\":[1],\"p\":[{\"b\":17,\"s\":[{\"p\":[0,0,0],\"r\":[0,0,0],\"s\":[16.7873,0.11062,9.838144],\"c\":[0.9019608,0.8509804,0.7215686]}]}]}"},{"id":"5e6ceb4ecaab06061fee34fe","def":"{\"v\":9,\"p\":[{\"b\":14,\"s\":[{\"p\":[0,0,0],\"r\":[0,0,0],\"s\":[0.06000008,0.06000004,0.0600001],\"c\":[1,1,1]}]}]}"}],"serveTime":5}