{"thingDefinitions":[{"id":"5c3bd6f15496586f5aa0d1f9","def":"{\"n\":\"ground\",\"v\":7,\"a\":[1,7],\"p\":[{\"b\":17,\"c\":[[-0.346483,1.582272,-0.00343017,628,3,66,4]],\"s\":[{\"p\":[0,0,0],\"r\":[0,0,0],\"s\":[33.49693,0.1106206,86.93845],\"c\":[0.9019608,0.8509804,0.7215686]}]}]}"},{"id":"5c3be4af285ab86f59fd6b7d","def":"{\"n\":\"body\",\"v\":7,\"a\":[7,18],\"p\":[{\"b\":200,\"s\":[{\"p\":[0,0,0],\"r\":[0,0,0],\"s\":[0.1066002,0.04175582,0.09947644],\"c\":[1,1,1]}]},{\"b\":200,\"s\":[{\"p\":[2.980232E-08,0.3386295,-5.920786E-08],\"r\":[-6.157161E-14,1.001791E-05,1.001791E-05],\"s\":[0.05022472,0.0417555,0.05068121],\"c\":[1,1,1]}]},{\"b\":200,\"s\":[{\"p\":[-2.980232E-08,0.1731488,-0.001003534],\"r\":[1.531286E-19,1.001791E-05,-1.751587E-12],\"s\":[0.08299483,0.04630726,0.07660805],\"c\":[1,1,1]}]}]}"}],"serveTime":5}