{"thingDefinitions":[{"id":"5add0bd17b31ab131b7ace6b","def":"{\"v\":4,\"p\":[{\"b\":9,\"s\":[{\"p\":[0,0,0],\"r\":[0,0,1.280661E-06],\"s\":[0.1250001,0.1250001,0.125],\"c\":[1,1,1]}]},{\"b\":13,\"s\":[{\"p\":[0.1452473,0.09285872,0.05023766],\"r\":[14.42169,320.722,20.82386],\"s\":[0.06000001,0.06,0.05999999],\"c\":[1,1,1]}]}]}"}],"serveTime":4}