{"thingDefinitions":[{"id":"5cb2b16b21bdca26726f5873","def":"{\"v\":9,\"p\":[{\"s\":[{\"p\":[0,0,0],\"r\":[0,0,0],\"s\":[0.1750002,0.1750003,0.1750003],\"c\":[1,1,1]}]},{\"b\":12,\"s\":[{\"p\":[-0.1789047,-0.02519859,0.03243645],\"r\":[80.60326,197.4764,181.9217],\"s\":[0.06000014,0.06000015,0.06000015],\"c\":[1,1,1]}]}]}"}],"serveTime":4}