{"thingDefinitions":[{"id":"5c8acb9140b5940555668531","def":"{\"v\":7,\"p\":[{\"b\":15,\"s\":[{\"p\":[0,0,0],\"r\":[0,0,-8.537735E-07],\"s\":[0.1250001,0.125,0.125],\"c\":[1,1,1]}]},{\"s\":[{\"p\":[-0.08685657,0.2216066,0.01564475],\"r\":[356.4868,0.2332289,19.13761],\"s\":[0.175,0.175,0.175],\"c\":[1,1,1]}]}]}"}],"serveTime":4}