{"thingDefinitions":[{"id":"5d6113dce8753e4d50f88360","def":"{\"n\":\"ground\",\"v\":9,\"a\":[1],\"p\":[{\"b\":17,\"s\":[{\"p\":[0,0,0],\"r\":[0,0,0],\"s\":[3.363346,0.11062,3.201102],\"c\":[0.9019608,0.8509804,0.7215686]}]}]}"},{"id":"5d61143ab0d3c331eedf0a78","def":"{\"v\":9,\"p\":[{\"s\":[{\"p\":[0,0,0],\"r\":[0,0,0],\"s\":[0.1750003,0.1750001,0.1750002],\"c\":[1,1,1]}]}]}"},{"id":"5d6114967f89a1062b52c4e6","def":"{\"v\":9,\"p\":[{\"b\":2,\"s\":[{\"p\":[0,0,0],\"r\":[0,0,7.137013E-07],\"s\":[0.1250004,0.1250004,0.1250001],\"c\":[1,1,1]}]},{\"b\":2,\"s\":[{\"p\":[0.03083242,-0.07492037,0.02358252],\"r\":[305.4832,206.3882,132.8854],\"s\":[0.1250007,0.1250006,0.1250002],\"c\":[1,1,1]}]}]}"}],"serveTime":6}