{"thingDefinitions":[{"id":"5a9c4fe697bb837e13e5c2d7","def":"{\"v\":2,\"p\":[{\"b\":14,\"s\":[{\"p\":[0,0,0],\"r\":[0,0,0],\"s\":[0.06000019,0.06000014,0.06000013],\"c\":[1,1,1]}]}]}"}],"serveTime":4}