{"thingDefinitions":[{"id":"5c2323df4d67fc6f6091fb22","def":"{\"v\":7,\"p\":[{\"b\":9,\"s\":[{\"p\":[0,0,0],\"r\":[0,0,0],\"s\":[0.1250001,0.1250001,0.1250002],\"c\":[1,1,1]}]},{\"b\":9,\"s\":[{\"p\":[-0.007548151,-0.004547367,0.005191457],\"r\":[13.82629,295.4671,2.760028],\"s\":[0.1250001,0.1250003,0.1250003],\"c\":[1,1,1]}]},{\"b\":9,\"s\":[{\"p\":[-0.1156099,-0.004983723,0.1547165],\"r\":[22.78831,257.793,42.91225],\"s\":[0.1250002,0.1250004,0.1250004],\"c\":[1,1,1]}]},{\"b\":9,\"s\":[{\"p\":[-0.06095529,-0.02322918,0.03733583],\"r\":[5.686224,15.26337,71.95548],\"s\":[0.1250003,0.1250004,0.1250005],\"c\":[1,1,1]}]}]}"}],"serveTime":4}