{"thingDefinitions":[{"id":"5d9faebc266ddd061874ec8d","def":"{\"v\":9,\"p\":[{\"b\":13,\"s\":[{\"p\":[0,0,0],\"r\":[-8.537735E-07,-3.180554E-15,4.268868E-07],\"s\":[0.06000005,0.06000001,0.06000004],\"c\":[1,1,1]}]}]}"}],"serveTime":5}