{"thingDefinitions":[{"id":"5c2def9139f34d317e595f85","def":"{\"v\":7,\"p\":[{\"b\":12,\"s\":[{\"p\":[0,0,0],\"r\":[0,0,0],\"s\":[0.06000005,0.06000006,0.06000005],\"c\":[1,1,1]}]}]}"}],"serveTime":5}