{"thingDefinitions":[{"id":"5bcac1d595fabe33bfd0b809","def":"{\"v\":7,\"p\":[{\"b\":12,\"s\":[{\"p\":[0,0,0],\"r\":[0,0,-4.268868E-07],\"s\":[0.06000003,0.05999999,0.06000002],\"c\":[1,1,1]}]}]}"}],"serveTime":5}