{"thingDefinitions":[{"id":"5cfd0bb76a2bcc25187a3234","def":"{\"n\":\"ground\",\"v\":9,\"a\":[1,7],\"p\":[{\"b\":17,\"s\":[{\"p\":[0.5647604,-0.4484079,-0.3720546],\"r\":[-1.001791E-05,0,0],\"s\":[49.98742,0.1106205,47.52136],\"c\":[0.9019608,0.8509804,0.7215686]},{\"p\":[0,0,0],\"r\":[0,0,0],\"s\":[49.9867,0.1106206,47.52124],\"c\":[0.9019608,0.8509804,0.7215686]}]}]}"}],"serveTime":3}