{"thingDefinitions":[{"id":"5c34ca3f573d946f77419026","def":"{\"v\":7,\"p\":[{\"b\":9,\"s\":[{\"p\":[0,0,0],\"r\":[0,0,1.707547E-06],\"s\":[0.1250001,0.1250003,0.125],\"c\":[1,1,1]}]}]}"}],"serveTime":4}