{"thingDefinitions":[{"id":"5a45b1fa718647f765647f68","def":"{\"n\":\"thing\",\"v\":2,\"p\":[{\"b\":10,\"s\":[{\"p\":[0,0,0],\"r\":[0,0,1.494104E-06],\"s\":[0.1250001,0.1250001,0.125],\"c\":[1,1,1]}]},{\"b\":7,\"s\":[{\"p\":[0.1027846,0.06230462,0.02055784],\"r\":[26.31004,254.2084,66.00648],\"s\":[0.125,0.1250001,0.1250001],\"c\":[1,1,1]}]},{\"b\":6,\"s\":[{\"p\":[-0.1296879,-0.07313566,-0.0614371],\"r\":[19.30947,25.22128,166.4723],\"s\":[0.1250002,0.1250002,0.1250001],\"c\":[1,1,1]}]}]}"}],"serveTime":5}