{"thingDefinitions":[{"id":"5ca5172e7d050435e1286129","def":"{\"n\":\"jj\",\"v\":9,\"p\":[{\"b\":188,\"s\":[{\"p\":[0,0,0],\"r\":[0,0,1.067217E-07],\"s\":[0.06000015,0.06000005,0.0600002],\"c\":[1,1,1]}]}]}"}],"serveTime":4}