{"thingDefinitions":[{"id":"5b5f7fe25c2ce84fa1c151e6","def":"{\"v\":6,\"p\":[{\"b\":7,\"s\":[{\"p\":[0,0,0],\"r\":[0,0,0],\"s\":[0.1250003,0.1250002,0.1250003],\"c\":[1,1,1]}]},{\"b\":11,\"s\":[{\"p\":[-0.009815512,-0.05779406,0.1052619],\"r\":[44.60542,181.512,0.9056022],\"s\":[0.09261014,0.125,0.125],\"c\":[1,1,1]}]}]}"}],"serveTime":4}