{"thingDefinitions":[{"id":"5ae6496e841e230f9404804a","def":"{\"v\":4,\"p\":[{\"b\":9,\"s\":[{\"p\":[-0.3320302,-0.09040748,0.1032409],\"r\":[358.485,341.9066,331.8654],\"s\":[0.1250004,0.1250003,0.1250003],\"c\":[1,1,1]}]},{\"b\":9,\"s\":[{\"p\":[-0.1771007,-0.05587826,0.07690094],\"r\":[357.7866,336.6788,313.6689],\"s\":[0.1250006,0.1250004,0.1250004],\"c\":[1,1,1]}]},{\"b\":9,\"s\":[{\"p\":[-0.2944501,-0.05689347,-0.06012264],\"r\":[8.336554,336.6383,342.9485],\"s\":[0.1250004,0.1250003,0.1250003],\"c\":[1,1,1]}]},{\"b\":2,\"s\":[{\"p\":[-0.2223775,-0.0656279,0.252117],\"r\":[2.373008,353.1896,331.6211],\"s\":[0.1250002,0.1250002,0.1250001],\"c\":[1,1,1]}]}]}"}],"serveTime":4}