{"thingDefinitions":[{"id":"5d3f5e71e4356d3815bcbd71","def":"{\"v\":9,\"p\":[{\"s\":[{\"p\":[0,0,0],\"r\":[0,0,0],\"s\":[0.1750017,0.1750002,0.1750015],\"c\":[1,1,1]}]}]}"}],"serveTime":4}