{"thingDefinitions":[{"id":"5da3d8cf4a7e6c0629b1aa71","def":"{\"v\":9,\"a\":[49],\"p\":[{\"b\":11,\"s\":[{\"p\":[0,0,0],\"r\":[0,0,0],\"s\":[0.1000001,0.1,0.1000001],\"c\":[1,1,1]}]},{\"b\":9,\"s\":[{\"p\":[-0.07565577,0.02415024,0.0238499],\"r\":[48.58204,36.63869,307.0896],\"s\":[0.125,0.125,0.1250001],\"c\":[1,1,1]}]},{\"b\":5,\"s\":[{\"p\":[-0.01728326,0.1343888,0.05480503],\"r\":[37.42447,32.51876,305.4077],\"s\":[0.1000001,0.1000001,0.1000003],\"c\":[1,1,1]}]},{\"b\":14,\"s\":[{\"p\":[0.0221966,-0.001165434,0.07138701],\"r\":[11.52611,53.31041,339.0852],\"s\":[0.06000014,0.06000006,0.06000011],\"c\":[1,1,1]}]}]}"}],"serveTime":6}