{"thingDefinitions":[{"id":"5e4928f8363ca93807cc8252","def":"{\"v\":9,\"p\":[{\"s\":[{\"p\":[0,0,0],\"r\":[0,0,0],\"s\":[0.1750005,0.1750001,0.1750005],\"c\":[1,1,1]}]},{\"s\":[{\"p\":[0.1781579,0.0001892331,-0.01193875],\"r\":[16.31225,0.7245188,7.252667],\"s\":[0.1750008,0.1750003,0.1750006],\"c\":[1,1,1]}]}]}"}],"serveTime":5}