{"thingDefinitions":[{"id":"5d4ce5cf492e5221b107e79f","def":"{\"n\":\"ground\",\"v\":9,\"a\":[1],\"p\":[{\"b\":17,\"s\":[{\"p\":[0,0,0],\"r\":[0,0,0],\"s\":[3.363346,0.11062,3.201102],\"c\":[0.9019608,0.8509804,0.7215686]}]}]}"},{"id":"5d4e5d9f8916090625194210","def":"{\"v\":9,\"p\":[{\"s\":[{\"p\":[0.05917608,-0.01669098,-0.02102476],\"r\":[4.852527,356.4029,4.367113],\"s\":[0.3386045,0.6256105,0.1750001],\"c\":[1,1,1]}]},{\"s\":[{\"p\":[0.04794788,0.6128064,-0.08757164],\"r\":[343.1172,354.5967,0.6714198],\"s\":[0.338605,0.6256109,0.1750003],\"c\":[1,1,1]}]}]}"}],"serveTime":6}