{"thingDefinitions":[{"id":"5a5fde02f7eeac9b1365717f","def":"{\"n\":\"thing\",\"v\":2,\"p\":[{\"b\":175,\"s\":[{\"p\":[-0.1577745,0.1935068,0.1129266],\"r\":[27.52935,346.8383,75.62422],\"s\":[0.04500004,0.04500003,0.04500005],\"c\":[1,1,1]}]},{\"b\":155,\"s\":[{\"p\":[-0.1125463,0.4345841,0.1522863],\"r\":[323.8341,336.5185,44.47828],\"s\":[0.0700001,0.07000016,0.07000016],\"c\":[1,1,1]}]}]}"}],"serveTime":5}