{"thingDefinitions":[{"id":"5e4aeaa901cc824f508f8d62","def":"{\"n\":\"ground\",\"v\":9,\"a\":[1],\"p\":[{\"b\":17,\"s\":[{\"p\":[0,0,0],\"r\":[0,0,0],\"s\":[3.363346,0.11062,3.201102],\"c\":[0.9019608,0.8509804,0.7215686]}]},{\"s\":[{\"p\":[-0.2964713,1.353131,-1.965943],\"r\":[332.6788,2.875258,92.85382],\"s\":[0.1750004,0.1750006,0.1750001],\"c\":[1,1,1]}]}]}"}],"serveTime":5}