{"thingDefinitions":[{"id":"5b90b6b935c86b285ee53f68","def":"{\"v\":6,\"p\":[{\"b\":9,\"s\":[{\"p\":[0,0,0],\"r\":[0,0,0],\"s\":[0.1250003,0.1250003,0.1250001],\"c\":[1,1,1]}]}]}"}],"serveTime":7}