{"thingDefinitions":[{"id":"5ca2d62585bde60ab7415d6c","def":"{\"v\":9,\"a\":[2,9,50],\"p\":[{\"b\":9,\"s\":[{\"p\":[-0.07565325,-0.313532,-0.1352181],\"r\":[4.957235,275.4404,171.4232],\"s\":[0.1250007,0.1250007,0.1250002],\"c\":[1,1,1]}]},{\"b\":9,\"s\":[{\"p\":[0.1078144,0.002260402,-0.152216],\"r\":[337.7424,267.4503,209.1335],\"s\":[0.1250007,0.1250007,0.1250004],\"c\":[1,1,1]}]}]}"}],"serveTime":5}