{"thingDefinitions":[{"id":"5f43d2df7f0c750619067765","def":"{\"n\":\"ground\",\"v\":9,\"a\":[1],\"p\":[{\"b\":17,\"s\":[{\"p\":[0,0,0],\"r\":[0,0,0],\"s\":[3.363346,0.11062,3.201102],\"c\":[0.9019608,0.8509804,0.7215686],\"b\":[\"when starts then send all to rec room\"]}]}]}"}],"serveTime":4}