{"thingDefinitions":[{"id":"5b272d00f0df4e6fdfaac730","def":"{\"v\":5,\"p\":[{\"s\":[{\"p\":[0.09833483,-0.07068597,-0.08210928],\"r\":[1.19106,10.77859,355.9679],\"s\":[37.0155,0.1677439,63.01518],\"c\":[0.148148,0.4444443,0.2666665]}]},{\"s\":[{\"p\":[-0.7007304,0.1597477,-1.47157],\"r\":[279.1974,80.3628,93.54089],\"s\":[3.762247,3.242245,0.009900694],\"c\":[1,1,1]}]}]}"}],"serveTime":4}