{"thingDefinitions":[{"id":"5b0c693d887c280f6d92e6cd","def":"{\"v\":4,\"p\":[{\"s\":[{\"p\":[0,0,0],\"r\":[0,0,0],\"s\":[0.1750007,0.1750008,0.1750012],\"c\":[1,1,1]}]},{\"b\":16,\"s\":[{\"p\":[-0.07042997,-0.0214547,0.02936767],\"r\":[37.62885,4.517409,90.182],\"s\":[0.1250003,0.125,0.1250004],\"c\":[1,1,1]}]},{\"b\":5,\"s\":[{\"p\":[0.1856788,0.1965663,-0.1894315],\"r\":[10.72058,297.4238,31.15193],\"s\":[0.1250002,0.125,0.1250001],\"c\":[1,1,1]}]}]}"}],"serveTime":5}