{"thingDefinitions":[{"id":"59f47aa485acc1026c661b82","def":"{\"n\":\"thing\",\"v\":2,\"a\":[4],\"p\":[{\"s\":[{\"p\":[0.004178925,0.1548397,0.009944326],\"r\":[5.480004,0.1962015,358.2554],\"s\":[0.1750003,0.1750002,0.175],\"c\":[1,1,1]}]},{\"s\":[{\"p\":[-0.001307827,-0.1676472,0.00144678],\"r\":[358.0967,0.207943,1.158909],\"s\":[0.1750003,0.1750001,0.1750001],\"c\":[1,1,1]}]},{\"s\":[{\"p\":[0.004444695,-0.007185983,0.006713662],\"r\":[0.8577519,1.727951,358.3792],\"s\":[0.1750005,0.1750003,0.1750001],\"c\":[1,1,1]}]},{\"b\":3,\"s\":[{\"p\":[-0.242955,0.5733194,0.6201889],\"r\":[281.4253,356.5802,15.54147],\"s\":[58.01804,0.5931491,0.3229784],\"c\":[1,1,1]}]}]}"}],"serveTime":5}