{"thingDefinitions":[{"id":"5ae2891f743cda0f87652da7","def":"{\"v\":4,\"p\":[{\"b\":4,\"s\":[{\"p\":[0,0,0],\"r\":[0,0,1.707547E-06],\"s\":[0.1250009,0.1250008,0.1250006],\"c\":[1,1,1]}]}]}"}],"serveTime":4}