{"thingDefinitions":[{"id":"5cb2a78c981488266be4ba77","def":"{\"n\":\"ground\",\"v\":9,\"a\":[1,4],\"p\":[{\"b\":17,\"s\":[{\"p\":[0,0,0],\"r\":[0,0,0],\"s\":[3.363346,0.11062,3.201102],\"c\":[0.9019608,0.8509804,0.7215686]}]},{\"s\":[{\"p\":[-0.4515466,1.534309,-0.2262719],\"r\":[294.2903,108.2649,340.0272],\"s\":[0.1750002,0.1750002,0.1750002],\"c\":[1,1,1]}]}]}"}],"serveTime":5}