{"thingDefinitions":[{"id":"5aff86498634a94b912740d7","def":"{\"v\":4,\"p\":[{\"b\":14,\"s\":[{\"p\":[0,0,0],\"r\":[0,0,-2.134434E-07],\"s\":[0.05999998,0.05999999,0.06],\"c\":[1,1,1]}]},{\"s\":[{\"p\":[0.07034142,-0.001058228,-0.1544276],\"r\":[358.6285,298.0534,92.50578],\"s\":[0.05525544,0.06653889,0.1756785],\"c\":[1,1,1]}]},{\"b\":14,\"s\":[{\"p\":[0.04916638,-0.006981522,-0.09289308],\"r\":[350.2982,241.4012,87.49377],\"s\":[0.01708976,0.01325503,0.0150072],\"c\":[1,1,1]}]}]}"}],"serveTime":3}