{"thingDefinitions":[{"id":"5b22e26bc5c86a0f81d9b734","def":"{\"n\":\"ground\",\"v\":5,\"a\":[1],\"p\":[{\"b\":17,\"s\":[{\"p\":[0,0,0],\"r\":[0,0,0],\"s\":[339.6447,0.11062,42.63951],\"c\":[0.9019608,0.8509804,0.7215686]}]}]}"}],"serveTime":3}