{"thingDefinitions":[{"id":"5b020c82e12d7916ea38a1dc","def":"{\"v\":4,\"p\":[{\"b\":8,\"s\":[{\"p\":[0.127812,0.06630849,0.1456517],\"r\":[352.4968,218.0391,75.91334],\"s\":[0.1250001,0.1250001,0.1250001],\"c\":[1,1,1]}]},{\"b\":9,\"s\":[{\"p\":[0.2263224,-0.001874633,0.2949458],\"r\":[337.3903,17.31731,15.87347],\"s\":[0.1250002,0.1250004,0.1250005],\"c\":[1,1,1]}]},{\"b\":9,\"s\":[{\"p\":[0.008803621,0.03099386,0.002777433],\"r\":[7.034072,275.4297,75.61736],\"s\":[0.125,0.125,0.125],\"c\":[1,1,1]}]}]}"}],"serveTime":4}