{"thingDefinitions":[{"id":"5bd20e1c42ee1505750c2535","def":"{\"v\":7,\"p\":[{\"b\":9,\"s\":[{\"p\":[0,0,0],\"r\":[0,0,0],\"s\":[0.1798552,0.1250003,0.2218277],\"c\":[1,1,1]}]},{\"b\":9,\"s\":[{\"p\":[0.3261118,-0.2044445,-0.190959],\"r\":[66.4426,292.3706,19.00237],\"s\":[0.179855,0.1250002,0.2218276],\"c\":[1,1,1]}]}]}"}],"serveTime":5}