{"thingDefinitions":[{"id":"5b90c00165d95377405b2c37","def":"{\"v\":6,\"p\":[{\"b\":2,\"s\":[{\"p\":[0,0,0],\"r\":[0,0,0],\"s\":[0.1250002,0.1250002,0.1250001],\"c\":[1,1,1]}]}]}"}],"serveTime":3}