{"thingDefinitions":[{"id":"5a9815da78d9cc2a1880abeb","def":"{\"v\":2,\"p\":[{\"s\":[{\"p\":[0,0,0],\"r\":[0,0,-1.494104E-06],\"s\":[0.1750001,0.1750001,0.1750001],\"c\":[0,1,1]}]},{\"s\":[{\"p\":[-0.08048602,-0.2385377,-0.3920143],\"r\":[26.00566,270.9298,312.4369],\"s\":[0.1750003,0.175,0.1750002],\"c\":[0,1,1]}]},{\"s\":[{\"p\":[0.135751,0.03332724,-0.2657008],\"r\":[59.41868,262.2953,340.5586],\"s\":[0.1750002,0.1750001,0.1750001],\"c\":[0,1,1]}]}]}"}],"serveTime":5}