{"thingDefinitions":[{"id":"5c33d28a6e3e726e4f89889a","def":"{\"n\":\"ground\",\"v\":7,\"a\":[1],\"p\":[{\"b\":17,\"s\":[{\"p\":[0,0,0],\"r\":[0,0,0],\"s\":[3.363346,0.11062,3.201102],\"c\":[0.9019608,0.8509804,0.7215686]}]},{\"b\":9,\"s\":[{\"p\":[2.093478,1.930183,2.20316],\"r\":[29.67073,344.9061,183.3549],\"s\":[0.1250002,0.1250003,0.1250001],\"c\":[1,1,1]}]}]}"}],"serveTime":4}