{"thingDefinitions":[{"id":"59c55515c62448821fe71d9a","def":"{\"n\":\"thing\",\"p\":[{\"b\":9,\"s\":[{\"p\":[-0.1029027,-0.03266487,-0.2213256],\"r\":[29.21,81.75916,352.1733],\"s\":[0.1250006,0.1250002,0.140649],\"c\":[1,1,1]}]},{\"b\":9,\"s\":[{\"p\":[-0.2987837,0.03253914,-0.2541361],\"r\":[55.5916,47.56473,42.4128],\"s\":[0.05527157,0.005000004,0.05740108],\"c\":[1,1,1]}]}]}"}],"serveTime":3}