{"thingDefinitions":[{"id":"5d8a76567b6ff2061d846cfe","def":"{\"n\":\"ground\",\"v\":9,\"a\":[1],\"p\":[{\"b\":17,\"s\":[{\"p\":[0,0,0],\"r\":[0,0,0],\"s\":[3.363346,0.11062,3.201102],\"c\":[0.9019608,0.8509804,0.7215686]}]},{\"b\":173,\"s\":[{\"p\":[-0.278979,1.479351,-0.1705738],\"r\":[345.75,34.75006,8.808774E-07],\"s\":[0.045,0.045,0.045],\"c\":[1,1,1]}]}]}"},{"id":"5d8a76367b6ff2061d846cfd","def":"{\"v\":9,\"p\":[{\"b\":3,\"s\":[{\"p\":[-0.1159449,1.356131,0.4030914],\"r\":[330,315.7499,9.858529E-07],\"s\":[0.125,0.125,0.125],\"c\":[1,1,1]}]},{\"b\":3,\"s\":[{\"p\":[-0.1159449,1.356131,0.4030914],\"r\":[330,315.7499,9.858529E-07],\"s\":[0.125,0.125,0.125],\"c\":[1,1,1]}]}]}"}],"serveTime":5}