{"thingDefinitions":[{"id":"5c42baab27012425550d2fe9","def":"{\"v\":7,\"p\":[{\"b\":115,\"e\":\"NIGGA\",\"s\":[{\"p\":[-0.1103149,0.1596707,-0.1992156],\"r\":[339.3566,335.2642,359.3347],\"s\":[0.05,0.05,0.05],\"c\":[1,1,1]}]},{\"b\":115,\"e\":\"NIGGA\",\"s\":[{\"p\":[0.710411,-0.3413604,-0.4893914],\"r\":[28.24062,109.2172,352.4241],\"s\":[0.05,0.05,0.05],\"c\":[1,1,1]}]}]}"}],"serveTime":4}