{"thingDefinitions":[{"id":"5c05b232021a9d6779147d35","def":"{\"v\":7,\"a\":[7],\"p\":[{\"s\":[{\"p\":[0.03489685,-0.1180668,-0.02781153],\"r\":[-2.544444E-13,8.537737E-06,3.415095E-06],\"s\":[0.4359302,0.6485791,0.4313606],\"c\":[1,1,1]}]},{\"b\":212,\"c\":[[-0.44,0.5,-0.427,5,6,7],[0.5,0.501,-0.5,4,6,11],[-0.5,-0.532,-0.445,7,8,4]],\"sa\":18,\"s\":[{\"p\":[0.03464174,-0.1114316,-0.2078857],\"r\":[-2.544444E-13,8.537737E-06,3.415095E-06],\"s\":[0.1750368,0.1750095,0.1750025],\"c\":[1,1,1]}]}]}"}],"serveTime":4}