{"thingDefinitions":[{"id":"5a87eec92cbef39a13b045ac","def":"{\"v\":2,\"p\":[{\"b\":116,\"e\":\"KNACK 2 BABY\",\"s\":[{\"p\":[0,0,0],\"r\":[0,0,0],\"s\":[0.003000007,0.003000002,0.003000006],\"c\":[1,1,1]}]}]}"}],"serveTime":4}