{"thingDefinitions":[{"id":"59c6c790dae5a6941f9940bb","def":"{\"n\":\"thing\",\"a\":[2,15],\"p\":[{\"b\":9,\"s\":[{\"p\":[0,0,0],\"r\":[0,0,0],\"s\":[0.125,0.125,0.125],\"c\":[0.4444443,0.2222221,1]}]}]}"},{"id":"59c6c830da87588e1f1c4803","def":"{\"n\":\"thing\",\"a\":[9,31],\"p\":[{\"b\":62,\"s\":[{\"p\":[0,0,0],\"r\":[0,0,0],\"s\":[0.3183925,0.3183925,0.3183925],\"c\":[1,0.1714285,0]}]}]}"}],"serveTime":5}