{"thingDefinitions":[{"id":"5e0a88daf4dd912b8de7c18e","def":"{\"v\":9,\"a\":[2,4],\"p\":[{\"s\":[{\"p\":[0,0,0],\"r\":[0,0,0],\"s\":[0.1752084,0.1750002,0.1750001],\"c\":[1,1,1]}]}]}"},{"id":"5e0a891c8e5bff06228a94c5","def":"{\"v\":9,\"a\":[2],\"p\":[{\"b\":3,\"s\":[{\"p\":[0,0,0],\"r\":[0,0,0],\"s\":[0.125001,0.1250006,0.125001],\"c\":[1,1,1]}]},{\"b\":3,\"s\":[{\"p\":[1.262362,0.3014102,-0.3474839],\"r\":[36.47877,347.3307,28.37437],\"s\":[0.1250005,0.1250002,0.1250005],\"c\":[1,1,1]}]}]}"},{"id":"5e0a89293aee992a4f6ece6b","def":"{\"v\":9,\"a\":[2],\"p\":[{\"b\":3,\"s\":[{\"p\":[0,0,0],\"r\":[0,0,0],\"s\":[0.1250001,0.1250001,0.1250002],\"c\":[1,1,1]}]}]}"}],"serveTime":6}