{"thingDefinitions":[{"id":"59b02e56907fece17695d789","def":"{\"n\":\"4te56r9dd \",\"p\":[{\"b\":12,\"s\":[{\"p\":[0,0,0],\"r\":[0,0,2.134434E-07],\"s\":[0.06000003,0.05843806,0.05999999],\"c\":[1,1,1]}]},{\"b\":9,\"s\":[{\"p\":[0.102007,0.07712489,-0.1627966],\"r\":[306.2837,76.37198,240.564],\"s\":[0.1250001,0.1250001,0.1250001],\"c\":[1,1,1]}]},{\"b\":89,\"s\":[{\"p\":[-0.08023577,0.05366784,-0.2551931],\"r\":[62.61437,211.1613,104.3847],\"s\":[0.1493057,0.1424061,0.1984231],\"c\":[1,1,1]}]}]}"}],"serveTime":4}