{"thingDefinitions":[{"id":"5cbcf8668ea53c703a7fbeaf","def":"{\"v\":9,\"p\":[{\"b\":5,\"s\":[{\"p\":[0,0,0],\"r\":[0,0,0],\"s\":[0.08025371,0.07100838,0.5261269],\"c\":[1,1,1]}]}]}"},{"id":"5cbcf8fd9d69377040904459","def":"{\"v\":9,\"a\":[24],\"bod\":{},\"p\":[{\"b\":5,\"s\":[{\"p\":[0,0,0],\"r\":[0,0,1.707548E-06],\"s\":[0.06290202,0.06304252,0.4748342],\"c\":[1,1,1]}]}]}"},{"id":"5cbcfbccd307580563d12e22","def":"{\"v\":9,\"p\":[{\"b\":183,\"s\":[{\"p\":[0,0,0],\"r\":[0,0,0],\"s\":[0.03587459,0.04811495,0.02997476],\"c\":[1,1,1]}]}]}"},{"id":"5cbcfd2d346d3c790675d7e3","def":"{\"v\":9,\"p\":[{\"b\":3,\"s\":[{\"p\":[0,0,0],\"r\":[0,0,-1.707547E-06],\"s\":[0.2117102,0.1678068,0.2151526],\"c\":[1,1,1]}]}]}"}],"serveTime":10}