{"thingDefinitions":[{"id":"5baa4b2a125bf009b3e30ac7","def":"{\"v\":7,\"p\":[{\"b\":14,\"s\":[{\"p\":[0,0,0],\"r\":[0,0,0],\"s\":[0.06000003,0.06000007,0.06000003],\"c\":[1,1,1]}]},{\"b\":3,\"s\":[{\"p\":[0.1076445,0.006464571,-0.1736224],\"r\":[36.73739,18.19386,341.8114],\"s\":[0.1250001,0.125,0.1250001],\"c\":[1,1,1]}]},{\"b\":3,\"s\":[{\"p\":[-0.09597072,0.02687897,-0.1772406],\"r\":[37.66154,6.842994,311.9032],\"s\":[0.1250001,0.125,0.1250001],\"c\":[1,1,1]}]}]}"}],"serveTime":5}