{"thingDefinitions":[{"id":"5c74afad4f8e4342c9456dd3","def":"{\"v\":7,\"p\":[{\"s\":[{\"p\":[0,0,0],\"r\":[0,0,0],\"s\":[0.1750001,0.6176553,1.237311],\"c\":[1,1,1]}]}]}"}],"serveTime":6}