{"thingDefinitions":[{"id":"5dace6f38152d74d87fd8752","def":"{\"v\":9,\"p\":[{\"s\":[{\"p\":[-0.02344974,0.4056803,-0.02568388],\"r\":[339.0759,338.4145,45.76245],\"s\":[0.1750007,0.1750005,0.1750005],\"c\":[1,0,0]}]},{\"s\":[{\"p\":[0.07350148,0.2930306,0.05904053],\"r\":[316.1591,86.26918,240.7383],\"s\":[0.1750008,0.1750008,0.1750008],\"c\":[1,1,1]}]},{\"s\":[{\"p\":[0.1710897,0.1828296,0.1515332],\"r\":[339.4092,336.5364,45.91845],\"s\":[0.1750004,0.1750004,0.1750002],\"c\":[1,0,0]}]}]}"}],"serveTime":4}