{"thingDefinitions":[{"id":"5ad564d41986ee435d9ca635","def":"{\"n\":\"ground\",\"v\":3,\"a\":[1],\"p\":[{\"b\":17,\"s\":[{\"p\":[0,0,0],\"r\":[0,0,0],\"s\":[3.363346,0.11062,3.201102],\"c\":[0.9019608,0.8509804,0.7215686]}]},{\"b\":9,\"s\":[{\"p\":[-1.935019,1.327569,-0.6086522],\"r\":[349.9773,109.4843,297.1859],\"s\":[0.1250003,0.1250002,0.1250003],\"c\":[1,1,1]}]}]}"}],"serveTime":5}