{"thingDefinitions":[{"id":"5a84e1ee4b81d2e30fd5cd3a","def":"{\"v\":2,\"p\":[{\"b\":9,\"s\":[{\"p\":[0,0,0],\"r\":[0,0,0],\"s\":[0.1250001,0.125,0.125],\"c\":[1,1,1]}]},{\"s\":[{\"p\":[-0.2478848,-0.05550972,-0.1315361],\"r\":[358.2176,17.04936,332.7467],\"s\":[0.1750001,0.1750001,0.1750001],\"c\":[1,1,1]}]}]}"}],"serveTime":5}