{"thingDefinitions":[{"id":"5d005b1602e6e3141e558ec7","def":"{\"v\":9,\"p\":[{\"s\":[{\"p\":[0,0,0],\"r\":[0,0,3.468455E-07],\"s\":[0.1750008,0.1750008,0.175],\"c\":[1,1,1]}]},{\"b\":64,\"s\":[{\"p\":[0.155987,-0.002306014,0.03068201],\"r\":[358.8323,275.3738,1.275105],\"s\":[0.1250002,0.1250002,0.1250003],\"c\":[1,1,1]}]},{\"b\":173,\"s\":[{\"p\":[0.2156683,0.03393285,0.02976152],\"r\":[36.35096,29.9897,309.1874],\"s\":[0.04500003,0.04500004,0.04500002],\"c\":[1,1,1]}]}]}"}],"serveTime":5}