{"thingDefinitions":[{"id":"5bba18025b53e54526129a63","def":"{\"v\":7,\"p\":[{\"b\":3,\"s\":[{\"p\":[0,0,0],\"r\":[0,0,0],\"s\":[0.1250002,0.1250001,0.125],\"c\":[1,1,1]}]},{\"b\":17,\"s\":[{\"p\":[0.1745458,-0.01967181,-0.06992569],\"r\":[47.29599,245.0996,328.1161],\"s\":[0.06000004,0.06000009,0.06000004],\"c\":[1,1,1]}]},{\"b\":8,\"s\":[{\"p\":[-0.1482909,0.1075073,0.03861372],\"r\":[10.37721,25.52075,30.09618],\"s\":[0.1250001,0.1250001,0.125],\"c\":[1,1,1]}]},{\"b\":145,\"s\":[{\"p\":[-0.266814,-0.1277733,-0.3426034],\"r\":[43.83252,213.043,198.418],\"s\":[0.09000012,0.09000016,0.09000019],\"c\":[1,1,1]}]}]}"}],"serveTime":5}