{"thingDefinitions":[{"id":"5c86e2f67ad2143ebd6bd6ee","def":"{\"n\":\"ground\",\"v\":7,\"a\":[1],\"p\":[{\"b\":17,\"s\":[{\"p\":[0,0,0],\"r\":[0,0,0],\"s\":[3.363346,0.11062,3.201102],\"c\":[0.9019608,0.8509804,0.7215686]}]},{\"s\":[{\"p\":[0.7199144,1.059741,0.9338139],\"r\":[14.10785,101.21,313.9644],\"s\":[0.1750002,0.1750001,0.1750002],\"c\":[1,1,1]}]}]}"}],"serveTime":4}