{"thingDefinitions":[{"id":"5b7f28fb8c37227ae883a78a","def":"{\"v\":6,\"p\":[{\"s\":[{\"p\":[0,0,0],\"r\":[0,0,0],\"s\":[0.175,0.1750001,0.1750001],\"c\":[1,1,1]}]}]}"}],"serveTime":9}