{"thingDefinitions":[{"id":"5ec0e36d14a1b978531efe74","def":"{\"n\":\"ground\",\"v\":9,\"a\":[1],\"p\":[{\"b\":17,\"s\":[{\"p\":[0,0,0],\"r\":[0,0,0],\"s\":[3.363346,0.11062,3.201102],\"c\":[0.111111,0.3333332,0.1619047]}]}]}"}],"serveTime":4}