{"thingDefinitions":[{"id":"5d18f4007ecd3005d3b7d160","def":"{\"n\":\"ground\",\"v\":9,\"a\":[1],\"p\":[{\"b\":17,\"s\":[{\"p\":[0,0,0],\"r\":[0,0,0],\"s\":[3.363346,0.1266373,2.690692],\"c\":[0.9019608,0.8509804,0.7215686]}]},{\"b\":17,\"s\":[{\"p\":[-2.510526,1.249139,-1.058841],\"r\":[337.3845,292.8522,342.9897],\"s\":[0.05999999,0.05999997,0.06],\"c\":[1,1,1]}]}]}"}],"serveTime":5}