{"thingDefinitions":[{"id":"5ad2a0e35d5cc90ff65a8976","def":"{\"v\":3,\"p\":[{\"b\":12,\"s\":[{\"p\":[0,0,0],\"r\":[0,0,0],\"s\":[0.07597819,0.08325326,0.05841414],\"c\":[1,1,1]}]}]}"}],"serveTime":4}