{"thingDefinitions":[{"id":"5a8623bfaf64136e13de5b98","def":"{\"v\":3,\"a\":[2],\"p\":[{\"s\":[{\"p\":[-0.1615582,-0.1112268,0.1804676],\"r\":[325.0753,280.0062,302.7743],\"s\":[0.03687431,0.0342335,0.03156222],\"c\":[0.2857141,1,0]}]},{\"b\":14,\"s\":[{\"p\":[-0.159643,-0.08182709,0.02353877],\"r\":[10.85648,358.9608,3.279759],\"s\":[0.01796176,0.01714724,0.05404412],\"c\":[0.2194002,0.2222221,0.1234567],\"b\":[\"when triggered then emit [drop from inventory]\"]},{\"p\":[-0.1702155,-0.08318383,0.03193895],\"r\":[9.45539,0.3758208,3.447393],\"s\":[0.01796178,0.01714727,0.05404426],\"c\":[0.2194001,0.222222,0.1234566]}]}]}"}],"serveTime":5}