{"thingDefinitions":[{"id":"5a0662384ebda93b10b3b048","def":"{\"n\":\"thing\",\"v\":2,\"p\":[{\"b\":10,\"s\":[{\"p\":[0.4316157,0.5702022,-0.055921],\"r\":[336.0912,68.38019,276.9065],\"s\":[0.1250003,0.1250003,0.1250001],\"c\":[1,1,1]}]},{\"b\":10,\"s\":[{\"p\":[0.3516273,0.5902485,0.04292239],\"r\":[334.2755,153.7346,243.2839],\"s\":[0.1250005,0.1250003,0.1250003],\"c\":[1,1,1]}]},{\"b\":9,\"s\":[{\"p\":[0.4327893,0.7289782,-0.04610502],\"r\":[343.8419,144.4677,301.5961],\"s\":[0.1250001,0.1250001,0.1250001],\"c\":[1,1,1]}]},{\"b\":10,\"s\":[{\"p\":[0.5509536,0.7591624,-0.1740452],\"r\":[1.690529,89.54896,263.7805],\"s\":[0.1250004,0.1250003,0.1250001],\"c\":[1,1,1]}]}]}"}],"serveTime":5}