{"thingDefinitions":[{"id":"5d869871309ea4392c5a7cee","def":"{\"v\":9,\"a\":[2,9],\"p\":[{\"b\":17,\"s\":[{\"p\":[0.0382716,-0.01519901,-0.1656065],\"r\":[56.66755,354.8556,47.5262],\"s\":[0.06000035,0.06000033,0.06000042],\"c\":[1,1,1],\"b\":[\"when touched then become next in 1s\"]},{\"p\":[0.2065132,0.2319371,-0.1848151],\"r\":[61.3671,150.6293,317.2467],\"s\":[0.06124824,0.06000152,0.06000091],\"c\":[1,1,1],\"b\":[\"when triggered then play track \"]}]}]}"}],"serveTime":5}