{"thingDefinitions":[{"id":"5b6b5ed5b63aec07226a6f5b","def":"{\"n\":\"ground\",\"v\":6,\"a\":[1],\"p\":[{\"b\":17,\"s\":[{\"p\":[0,0,0],\"r\":[0,0,0],\"s\":[8.277269,0.11062,9.401276],\"c\":[0.9019608,0.8509804,0.7215686]}]}]}"},{"id":"5b6b5ee805fd724b8fdcfa5b","def":"{\"v\":6,\"p\":[{\"s\":[{\"p\":[0,0,0],\"r\":[0,0,-8.537737E-07],\"s\":[0.1750001,0.175,0.175],\"c\":[1,1,1]}]}]}"},{"id":"5b6b5f3b4cf0ff4accef5b3a","def":"{\"v\":6,\"p\":[{\"s\":[{\"p\":[0,0,0],\"r\":[-4.268868E-06,6.361108E-14,-1.707547E-06],\"s\":[0.1750002,0.1750001,0.1750001],\"c\":[1,1,1]}]}]}"}],"serveTime":8}