{"thingDefinitions":[{"id":"5c83835163a3d6054f91c5d4","def":"{\"v\":7,\"p\":[{\"b\":9,\"s\":[{\"p\":[0,0,0],\"r\":[0,0,0],\"s\":[0.1250001,0.1250001,0.1250001],\"c\":[1,1,1]}]},{\"b\":9,\"s\":[{\"p\":[-0.3474228,0.2334378,0.04583665],\"r\":[345.5698,312.243,34.051],\"s\":[0.1250001,0.1250001,0.1250001],\"c\":[1,1,1]}]},{\"b\":9,\"s\":[{\"p\":[0.09271892,0.3711431,0.1680409],\"r\":[306.071,346.6524,25.40646],\"s\":[0.4818098,0.3338742,0.476254],\"c\":[1,1,1]}]}]}"}],"serveTime":5}