{"thingDefinitions":[{"id":"5c4ce48945bd6d74b7acc600","def":"{\"v\":7,\"p\":[{\"b\":9,\"s\":[{\"p\":[0,0,0],\"r\":[0,0,-6.403303E-07],\"s\":[0.1250001,0.1250001,0.125],\"c\":[1,1,1]}]},{\"b\":9,\"s\":[{\"p\":[0.002889939,-0.2007227,-0.03524217],\"r\":[13.25604,355.9266,20.45166],\"s\":[0.1250003,0.1250002,0.125],\"c\":[1,1,1]}]},{\"b\":9,\"s\":[{\"p\":[-0.1718431,0.05660774,-0.02385276],\"r\":[359.8912,5.975099,303.5389],\"s\":[0.1250005,0.1250004,0.125],\"c\":[1,1,1]}]}]}"}],"serveTime":5}