{"thingDefinitions":[{"id":"5dbf5ae72f511010e59aec67","def":"{\"v\":9,\"p\":[{\"b\":9,\"s\":[{\"p\":[0,0,0],\"r\":[0,0,-8.537737E-07],\"s\":[0.125,0.125,0.125],\"c\":[1,1,1]}]},{\"b\":4,\"s\":[{\"p\":[-0.03752853,-0.05885644,-0.08003585],\"r\":[321.1906,46.59597,327.5213],\"s\":[0.125,0.125,0.125],\"c\":[1,1,1]}]},{\"b\":3,\"s\":[{\"p\":[-0.141839,-0.1821069,-0.1762589],\"r\":[349.4143,36.78938,331.591],\"s\":[0.1250001,0.125,0.125],\"c\":[1,1,1]}]}]}"}],"serveTime":4}