{"thingDefinitions":[{"id":"5ae21fae91727f3459b73bf5","def":"{\"v\":4,\"p\":[{\"a\":[5],\"s\":[{\"p\":[0,0,0],\"r\":[0,0,0],\"s\":[0.1750003,0.1750003,0.1750003],\"c\":[1,1,1]}]},{\"s\":[{\"p\":[0.6599931,0.3662238,0.03681326],\"r\":[287.8873,355.5337,97.61059],\"s\":[0.175001,0.175001,0.175001],\"c\":[1,1,1]}]},{\"s\":[{\"p\":[0.5489548,0.3739378,-0.1977104],\"r\":[352.4363,8.164412,75.43144],\"s\":[0.1750006,0.1750004,0.1750005],\"c\":[1,1,1]}]}]}"}],"serveTime":4}