{"thingDefinitions":[{"id":"5b298f0874495428cd23daab","def":"{\"v\":5,\"p\":[{\"b\":9,\"s\":[{\"p\":[-0.2552248,0.1047627,0.3110053],\"r\":[40.31028,150.2679,252.6282],\"s\":[0.1250005,0.1250004,0.001000001],\"c\":[1,1,1]}]},{\"b\":9,\"s\":[{\"p\":[-0.1073035,-0.05217776,0.4816427],\"r\":[14.65197,23.58148,326.4778],\"s\":[0.1250002,0.1250002,0.125],\"c\":[1,1,1]}]}]}"}],"serveTime":6}