{"thingDefinitions":[{"id":"5adb4027451f150f89320f79","def":"{\"v\":4,\"a\":[7],\"p\":[{\"s\":[{\"p\":[-0.04579631,0.1477524,0.03017838],\"r\":[281.1269,239.7676,120.6588],\"s\":[0.09216144,0.08764911,0.04272338],\"c\":[0.2126982,1,0.111111]}]},{\"s\":[{\"p\":[-0.1689689,0.198934,-0.04488313],\"r\":[78.87314,59.7676,239.3412],\"s\":[0.09219295,0.08771787,0.04274441],\"c\":[1,1,1]}]},{\"s\":[{\"p\":[-0.3714842,0.2622444,0.007754803],\"r\":[281.1269,239.7676,30.65874],\"s\":[0.09219603,0.08768245,0.04275242],\"c\":[0.1382714,0.4444442,0.09876525],\"b\":[\"when touched then become 2\"]}]}]}"}],"serveTime":5}