{"thingDefinitions":[{"id":"58e87b9d8cf6762710902c67","def":"{\"n\":\"thing\",\"p\":[{\"b\":12,\"s\":[{\"p\":[0,0,0],\"r\":[0,0,0],\"s\":[0.04861743,0.03841904,0.05999999],\"c\":[1,1,1]}]}]}"},{"id":"58e87c3e7da8cc2d100d74d6","def":"{\"n\":\"thing\",\"p\":[{\"b\":12,\"t\":1,\"s\":[{\"p\":[0,0,0],\"r\":[0,0,0],\"s\":[0.06000022,0.06000014,0.06000021],\"c\":[1,1,1]},{\"p\":[0,0,0],\"r\":[0,0,0],\"s\":[0.06000022,0.06000014,0.06000021],\"c\":[0.5555556,0.5467371,0.4938272]}]},{\"b\":2,\"s\":[{\"p\":[0.6531828,-0.3796702,0.1476986],\"r\":[25.08885,149.0926,145.4363],\"s\":[0.1250001,0.1250003,0.1250002],\"c\":[1,1,1]}]}]}"}],"serveTime":5}