{"thingDefinitions":[{"id":"59df95bda6e7e51910143d84","def":"{\"n\":\"thing\",\"p\":[{\"b\":5,\"s\":[{\"p\":[0,0,0],\"r\":[0,0,0],\"s\":[0.1250002,0.1250002,0.1250004],\"c\":[1,1,1]}]},{\"b\":5,\"s\":[{\"p\":[-0.4654351,0.2817178,-0.03434724],\"r\":[10.67817,3.519691,308.2512],\"s\":[0.1250004,0.1250002,0.1250003],\"c\":[1,1,1]}]},{\"b\":5,\"s\":[{\"p\":[-0.005687278,-0.007928416,0.1604851],\"r\":[-0.002346183,2.863668,354.3051],\"s\":[0.1250004,0.1250002,0.1250004],\"c\":[1,1,1]}]},{\"b\":5,\"s\":[{\"p\":[-0.416791,0.2916439,0.1561649],\"r\":[358.7431,4.158315,299.7433],\"s\":[0.1250004,0.1250001,0.1250002],\"c\":[1,1,1]}]}]}"}],"serveTime":4}