{"thingDefinitions":[{"id":"5b55d4a5c39e8128de542d43","def":"{\"n\":\"ground\",\"v\":5,\"a\":[1],\"p\":[{\"b\":17,\"s\":[{\"p\":[0,0,0],\"r\":[0,0,0],\"s\":[3.363346,0.11062,3.201102],\"c\":[0.1142856,1,0]}]},{\"b\":9,\"s\":[{\"p\":[-4.301512,0.9543816,-0.1565616],\"r\":[62.3023,253.7662,290.3448],\"s\":[0.1250001,0.1250001,0.1250001],\"c\":[0.1142856,1,0]}]}]}"}],"serveTime":13}