{"thingDefinitions":[{"id":"5cb38d5da51485056994cdd8","def":"{\"n\":\"ground\",\"v\":9,\"a\":[1],\"p\":[{\"b\":17,\"s\":[{\"p\":[0,0,0],\"r\":[0,0,0],\"s\":[3.363346,0.11062,3.201102],\"c\":[0.9019608,0.8509804,0.7215686]}]},{\"b\":26,\"s\":[{\"p\":[0.03483222,1.166894,-0.1998998],\"r\":[13.34392,252.4013,99.65807],\"s\":[0.1250002,0.1250002,0.1250002],\"c\":[1,1,1]}]}]}"}],"serveTime":4}