{"thingDefinitions":[{"id":"5c0319f8021a9d6779147bc9","def":"{\"n\":\"ground\",\"v\":7,\"a\":[1],\"p\":[{\"b\":17,\"s\":[{\"p\":[0,0,0],\"r\":[0,0,-2.668043E-08],\"s\":[7.321202,0.11062,9.146317],\"c\":[0.9019608,0.8509804,0.7215686]}]}]}"},{"id":"5c031c066a51cf055ee90459","def":"{\"v\":7,\"p\":[{\"b\":163,\"s\":[{\"p\":[0,0,0],\"r\":[0,0,0],\"s\":[0.8384506,0.1948594,8.979364],\"c\":[1,1,1]}]}]}"}],"serveTime":5}