{"thingDefinitions":[{"id":"5a9e6a77ab9fe91385407c70","def":"{\"v\":2,\"a\":[2,3],\"p\":[{\"s\":[{\"p\":[0,0,0],\"r\":[0,0,0],\"s\":[0.1750014,0.175001,0.1750006],\"c\":[1,1,1]}]}]}"}],"serveTime":6}