{"thingDefinitions":[{"id":"5a39c6cbfa782ec713066efc","def":"{\"n\":\"thing\",\"v\":2,\"p\":[{\"b\":9,\"s\":[{\"p\":[0.1107045,-0.3238811,-0.2902014],\"r\":[44.62863,279.5804,63.78922],\"s\":[0.125,0.1250001,0.125],\"c\":[1,1,1]}]},{\"b\":9,\"s\":[{\"p\":[-0.04810505,-0.3012223,-0.1883761],\"r\":[34.96479,42.59644,341.6772],\"s\":[0.1250001,0.1250002,0.125],\"c\":[1,1,1]}]},{\"b\":9,\"s\":[{\"p\":[-0.07133943,-0.3722404,-0.3405899],\"r\":[49.83053,4.437716,351.0497],\"s\":[0.1250001,0.1250001,0.125],\"c\":[1,1,1]}]}]}"}],"serveTime":5}