{"thingDefinitions":[{"id":"5bd9f70e89226b33ce6258c1","def":"{\"v\":7,\"p\":[{\"b\":9,\"s\":[{\"p\":[0,0,0],\"r\":[0,0,0],\"s\":[0.1250005,0.1262223,0.1199822],\"c\":[1,1,1]}]}]}"},{"id":"5bda1c3371a0a10586b8880c","def":"{\"v\":7,\"p\":[{\"b\":12,\"s\":[{\"p\":[0,0,0],\"r\":[0,0,1.28066E-06],\"s\":[0.06000021,0.06000017,0.06000006],\"c\":[1,1,1]}]},{\"b\":12,\"s\":[{\"p\":[0.0111259,0.1111086,-0.004600441],\"r\":[351.329,357.8637,353.913],\"s\":[0.0600002,0.06000016,0.06000005],\"c\":[1,1,1]}]}]}"}],"serveTime":5}