{"thingDefinitions":[{"id":"5d431ebd582622061e7d5a8b","def":"{\"v\":9,\"p\":[{\"b\":9,\"s\":[{\"p\":[0,0,0],\"r\":[0,0,6.403303E-07],\"s\":[0.1250001,0.1249999,0.1250001],\"c\":[1,1,1]}]},{\"b\":17,\"s\":[{\"p\":[-0.03969577,0.1305698,0.05848163],\"r\":[1.252679,339.3967,4.214925],\"s\":[0.06000006,0.05999999,0.06000006],\"c\":[1,1,1]}]}]}"}],"serveTime":5}