{"thingDefinitions":[{"id":"5bbd35f53216f23259badab7","def":"{\"v\":7,\"p\":[{\"b\":152,\"s\":[{\"p\":[0,0,0],\"r\":[0,0,-1.707547E-06],\"s\":[0.04000002,0.04000003,0.04000002],\"c\":[1,1,1]}]}]}"}],"serveTime":4}