{"thingDefinitions":[{"id":"5c448ed77678130560d8a35c","def":"{\"n\":\"ground\",\"v\":7,\"a\":[1],\"p\":[{\"b\":17,\"s\":[{\"p\":[0,0,0],\"r\":[0,0,0],\"s\":[3.363346,0.11062,3.201102],\"c\":[0.9019608,0.8509804,0.7215686]}]}]}"},{"id":"5c448e00663dfb055ada6e74","def":"{\"v\":7,\"p\":[{\"b\":10,\"s\":[{\"p\":[0,0,0],\"r\":[0,0,-4.268868E-07],\"s\":[0.125,0.125,0.125],\"c\":[1,1,1]}]},{\"b\":17,\"s\":[{\"p\":[0.6561484,-1.527809,0.3543075],\"r\":[32.53443,93.57772,352.8791],\"s\":[0.06000099,0.0600009,0.06000029],\"c\":[0,0.3333332,0.1904761]}]}]}"}],"serveTime":5}