{"thingDefinitions":[{"id":"5c656bc9bc0e3c1680d8f317","def":"{\"v\":7,\"p\":[{\"b\":9,\"s\":[{\"p\":[0,0,0],\"r\":[0,0,1.133918E-06],\"s\":[0.5101814,0.1305909,0.1250002],\"c\":[1,1,1]}]}]}"}],"serveTime":5}