{"thingDefinitions":[{"id":"5b01adeb1422267fa6027753","def":"{\"n\":\"ground\",\"v\":4,\"a\":[1],\"p\":[{\"b\":17,\"s\":[{\"p\":[0,0,0],\"r\":[0,0,0],\"s\":[3.363352,0.1106203,3.201105],\"c\":[0.9019608,0.8509804,0.7215686]}]},{\"b\":9,\"s\":[{\"p\":[-0.1276036,-0.3234594,-0.1068979],\"r\":[41.48407,343.9066,120.8708],\"s\":[0.1250006,0.1250002,0.1250005],\"c\":[1,1,1]}]}]}"}],"serveTime":4}