{"thingDefinitions":[{"id":"5cb8bca1fb0ce7267153a28b","def":"{\"n\":\"rd\",\"v\":9,\"p\":[{\"s\":[{\"p\":[0,0,0],\"r\":[0,0,-2.134434E-07],\"s\":[0.1750002,0.1750003,0.1750001],\"c\":[1,1,1]}]}]}"}],"serveTime":5}