{"thingDefinitions":[{"id":"5d2bbd78eaa6fd076962edf3","def":"{\"n\":\"ground\",\"v\":9,\"a\":[1,7],\"p\":[{\"b\":17,\"s\":[{\"p\":[0,0,0],\"r\":[0,0,0],\"s\":[327.1478,0.1106205,180.298],\"c\":[0.9019608,0.8509804,0.7215686]}]}]}"},{"id":"5d18fe06d8a7b705d9e07f96","def":"{\"v\":9,\"a\":[7],\"inc\":[[\"thing\",\"5d18fdced5de7e3514b0ce25\"]],\"p\":[{\"s\":[{\"p\":[0,0,0],\"r\":[0,0,0],\"s\":[0.1750008,0.1750014,0.1750015],\"c\":[0,0,0]}]},{\"s\":[{\"p\":[0.001852751,0.0709058,-0.000449419],\"r\":[0,0,8.537737E-06],\"s\":[0.07168299,0.09228106,0.07242423],\"c\":[0,0.3999996,1],\"b\":[\"when touched then change head to thing\"]}]}]}"}],"serveTime":8}