{"thingDefinitions":[{"id":"5b20df86d4bfc91e47ae4f45","def":"{\"v\":5,\"p\":[{\"s\":[{\"p\":[0,0,0],\"r\":[0,0,1.067217E-07],\"s\":[0.175,0.1750002,0.1750002],\"c\":[1,1,1]}]}]}"},{"id":"5b223c3616e78260a4237bce","def":"{\"v\":5,\"p\":[{\"b\":3,\"s\":[{\"p\":[0,0,0],\"r\":[0,0,-4.268868E-07],\"s\":[0.125,0.125,0.125],\"c\":[1,1,1]}]}]}"}],"serveTime":5}