{"thingDefinitions":[{"id":"5ce024da9ed3230e31080e1e","def":"{\"v\":9,\"p\":[{\"b\":9,\"s\":[{\"p\":[0,0,0],\"r\":[0,0,0],\"s\":[0.1250005,1.402458,0.7888753],\"c\":[1,1,1]}]},{\"b\":14,\"s\":[{\"p\":[-0.5166739,0.4285043,-1.313221],\"r\":[356.5873,262.0031,91.98706],\"s\":[0.0600006,0.06000067,0.0600006],\"c\":[1,1,1]}]}]}"}],"serveTime":4}