{"thingDefinitions":[{"id":"5d2b3160abfce0062adcb6ec","def":"{\"n\":\"ground\",\"v\":9,\"a\":[1],\"p\":[{\"b\":17,\"s\":[{\"p\":[0,0,0],\"r\":[0,0,0],\"s\":[3.363346,0.11062,3.201102],\"c\":[0.9019608,0.8509804,0.7215686]}]},{\"b\":12,\"s\":[{\"p\":[-0.8927083,0.5952964,-0.1670551],\"r\":[3.168078,10.84761,2.363968],\"s\":[2.298301,0.08873742,2.504969],\"c\":[1,1,1]}]}]}"}],"serveTime":5}