{"thingDefinitions":[{"id":"5cedd2c57e89af31eee5502a","def":"{\"n\":\"ground\",\"v\":9,\"a\":[1],\"p\":[{\"s\":[{\"p\":[-0.4026475,1.548447,-0.817866],\"r\":[292.798,120.2984,88.32405],\"s\":[0.1750007,0.1750005,0.1750009],\"c\":[1,1,1]}]},{\"s\":[{\"p\":[-0.6888922,1.574257,-0.8561338],\"r\":[24.89978,133.0105,6.221726],\"s\":[0.1750007,0.1750008,0.1750014],\"c\":[1,1,1]}]},{\"b\":9,\"s\":[{\"p\":[0.312867,-1.032301,-4.113174],\"r\":[288.6445,284.3036,119.3589],\"s\":[0.1250001,0.125,0.125],\"c\":[1,1,1]}]},{\"s\":[{\"p\":[-0.5129964,1.212691,-1.053034],\"r\":[313.073,141.0777,263.7924],\"s\":[0.1750003,0.1750006,0.1750008],\"c\":[1,1,1]}]}]}"}],"serveTime":6}