{"thingDefinitions":[{"id":"5a184073e027b8c513e6fbee","def":"{\"n\":\"thing\",\"v\":2,\"p\":[{\"b\":9,\"s\":[{\"p\":[0,0,0],\"r\":[0,0,-8.537735E-07],\"s\":[0.1250004,0.1250003,0.1250002],\"c\":[1,1,1]}]},{\"b\":2,\"s\":[{\"p\":[-0.09308609,-0.062159,-0.1270575],\"r\":[13.49723,199.9795,55.80195],\"s\":[0.1250002,0.1250003,0.1250004],\"c\":[1,1,1]}]},{\"b\":12,\"s\":[{\"p\":[-0.2111523,0.3502398,0.2255659],\"r\":[73.28336,7.218443,51.57098],\"s\":[0.06000015,0.06000014,0.0600002],\"c\":[1,1,1]}]},{\"b\":5,\"s\":[{\"p\":[0.2999635,0.181658,0.3154418],\"r\":[343.1378,37.50491,350.3201],\"s\":[0.1250001,0.1250001,0.1250002],\"c\":[1,1,1]}]}]}"}],"serveTime":5}