{"thingDefinitions":[{"id":"5ced8a54ba93cc529e907f22","def":"{\"v\":9,\"p\":[{\"b\":5,\"s\":[{\"p\":[0,0,0],\"r\":[0,0,0],\"s\":[0.1,0.1000001,0.1000002],\"c\":[1,1,1]}]},{\"b\":5,\"s\":[{\"p\":[-0.3482802,0.1923657,0.01556416],\"r\":[4.230924,5.566601,285.5802],\"s\":[0.1000001,0.1000003,0.1000003],\"c\":[1,1,1]}]},{\"b\":5,\"s\":[{\"p\":[-0.2282673,0.3880861,-0.2622616],\"r\":[27.96869,325.265,267.9422],\"s\":[0.1000003,0.1000015,0.1000012],\"c\":[1,1,1]}]}]}"}],"serveTime":5}