{"thingDefinitions":[{"id":"5a711d1810cd9f5e13cebc67","def":"{\"n\":\"ground\",\"v\":3,\"a\":[1],\"p\":[{\"b\":17,\"s\":[{\"p\":[0,0,0],\"r\":[0,0,0],\"s\":[3.363346,0.11062,3.201102],\"c\":[0.9019608,0.8509804,0.7215686]},{\"p\":[0,0,0],\"r\":[0,0,0],\"s\":[3.363346,0.11062,3.201102],\"c\":[0.9019608,0.8509804,0.7215686]}]},{\"b\":10,\"s\":[{\"p\":[0.7861438,1.456749,1.400107],\"r\":[326.5376,11.89688,271.0851],\"s\":[0.1250001,0.1250002,0.125],\"c\":[0,1,1]}]}]}"}],"serveTime":5}