{"thingDefinitions":[{"id":"5a4a6937ce03f9fd651789cf","def":"{\"n\":\"thing\",\"v\":2,\"p\":[{\"b\":5,\"s\":[{\"p\":[-0.1197408,0.01483908,0.06688805],\"r\":[358.0002,87.77645,58.09456],\"s\":[0.07578555,0.07495874,0.1330879],\"c\":[0.5008819,0.4938272,0.5555556]}]},{\"b\":14,\"s\":[{\"p\":[-0.2812599,-0.009109885,0.07679763],\"r\":[4.80888,269.4965,32.68228],\"s\":[0.1502382,0.1567892,0.06000016],\"c\":[0.6246914,0.6049383,0.7777778]}]},{\"b\":14,\"s\":[{\"p\":[-0.4990723,-0.01224348,0.06839677],\"r\":[326.9392,358.8157,6.430038],\"s\":[0.1323231,0.145804,0.06000027],\"c\":[0.713933,0.691358,0.8888889]},{\"p\":[-0.4990723,-0.01224348,0.06839677],\"r\":[326.9391,358.8157,6.430037],\"s\":[0.1323231,0.145804,0.06000027],\"c\":[0.713933,0.691358,0.8888889]}]}]}"}],"serveTime":5}