{"thingDefinitions":[{"id":"5a23b3a53965ac2110ce5015","def":"{\"n\":\"thing\",\"v\":2,\"p\":[{\"b\":9,\"s\":[{\"p\":[0,0,0],\"r\":[0,0,1.707547E-06],\"s\":[0.1250001,0.1250001,0.125],\"c\":[1,1,1]}]},{\"b\":14,\"s\":[{\"p\":[0.2468404,0.02696112,-0.05219757],\"r\":[5.738848,280.8007,46.36644],\"s\":[0.06000002,0.06000001,0.06000001],\"c\":[1,1,1]}]}]}"}],"serveTime":14}