{"thingDefinitions":[{"id":"5c8a4cd19d842e7ef7fc3c4e","def":"{\"v\":7,\"p\":[{\"b\":151,\"s\":[{\"p\":[0.003423977,-0.0048903,0.08316128],\"r\":[348.5746,322.6947,236.6761],\"s\":[0.06000002,0.05999999,0.06000001],\"c\":[1,1,1]}]},{\"b\":164,\"s\":[{\"p\":[0.001251127,-0.003718119,-0.01523816],\"r\":[357.9435,359.6325,356.3085],\"s\":[0.1000002,0.1000003,0.1000002],\"c\":[1,1,1]}]}]}"}],"serveTime":5}