{"thingDefinitions":[{"id":"5b24abb810ae570569f6e664","def":"{\"v\":5,\"p\":[{\"s\":[{\"p\":[0,0,0],\"r\":[0,0,0],\"s\":[0.1750003,0.1750002,0.1750003],\"c\":[1,1,1]}]},{\"b\":5,\"s\":[{\"p\":[-0.006378352,0.1848196,-0.008262346],\"r\":[7.836664,351.7621,332.6281],\"s\":[0.1250002,0.1250002,0.1250003],\"c\":[1,1,1]}]}]}"}],"serveTime":5}