{"thingDefinitions":[{"id":"5ec908f806ed9d6a18011e7d","def":"{\"n\":\"ground\",\"v\":9,\"a\":[1],\"p\":[{\"b\":17,\"s\":[{\"p\":[0,0,0],\"r\":[0,0,0],\"s\":[3.363348,0.11062,3.201104],\"c\":[0.9019608,0.8509804,0.7215686]}]}]}"}],"serveTime":5}