{"thingDefinitions":[{"id":"5d6163a23ce13b0627ea2945","def":"{\"v\":9,\"p\":[{\"s\":[{\"p\":[0.1270002,-0.4958797,-0.4836783],\"r\":[70.96555,32.39657,39.58934],\"s\":[0.0902079,0.7086022,0.2581186],\"c\":[1,1,1]}]},{\"b\":40,\"s\":[{\"p\":[0.1569284,-0.4580646,-0.3528528],\"r\":[329.7967,352.4621,345.792],\"s\":[0.1250002,0.1250001,0.1250003],\"c\":[1,1,1]}]},{\"b\":174,\"s\":[{\"p\":[0.1859118,-0.4691387,-0.6023833],\"r\":[84.26831,176.622,99.33598],\"s\":[0.04500002,0.04500001,0.04500002],\"c\":[1,1,1]}]}]}"}],"serveTime":4}