{"thingDefinitions":[{"id":"5cea3d5a7e89af31eee54e47","def":"{\"n\":\"ground\",\"v\":9,\"a\":[1,7],\"p\":[{\"b\":17,\"s\":[{\"p\":[0,0,0],\"r\":[0,0,0],\"s\":[3.363346,0.11062,3.201102],\"c\":[0.9019608,0.8509804,0.7215686]}]},{\"s\":[{\"p\":[0.1650138,0.1919796,-0.266825],\"r\":[270,90.00001,0],\"s\":[13.94734,12.06992,0.1750395],\"c\":[1,1,1]}]}]}"}],"serveTime":4}