{"thingDefinitions":[{"id":"594d54cd898acedc1396f2e6","def":"{\"n\":\"thing\",\"p\":[{\"s\":[{\"p\":[0,0,0],\"r\":[0,0,0],\"s\":[3.21347,2.080977,0.1750006],\"c\":[0,1,0.3999999]}]},{\"b\":41,\"s\":[{\"p\":[0.4201132,0.1320391,-0.1402158],\"r\":[86.18977,152.9971,240.0873],\"s\":[0.1250003,0.822103,0.5687519],\"c\":[1,1,1]}]},{\"b\":4,\"s\":[{\"p\":[0.4060453,-0.7241891,-2.375439],\"r\":[1.637802,276.5248,88.96616],\"s\":[0.6790678,0.1838198,0.4285218],\"c\":[1,1,1]}]}]}"},{"id":"598de91930302c2e105e72ed","def":"{\"n\":\"ll\",\"a\":[2,3,7],\"p\":[{\"b\":9,\"s\":[{\"p\":[0,0,0],\"r\":[0,0,0],\"s\":[0.1250016,0.1249997,0.1250007],\"c\":[1,1,1]}]}]}"}],"serveTime":5}