{"thingDefinitions":[{"id":"5b4ae904ff9ae00e011d3348","def":"{\"v\":5,\"p\":[{\"b\":5,\"s\":[{\"p\":[0,0,0],\"r\":[0,0,0],\"s\":[0.8798288,0.185879,0.1250008],\"c\":[1,1,1]}]},{\"b\":17,\"s\":[{\"p\":[-0.1266221,0.2150933,-0.4481699],\"r\":[37.71711,30.10027,117.1362],\"s\":[0.06000116,0.06000108,0.06000032],\"c\":[1,1,1]}]}]}"}],"serveTime":5}