{"thingDefinitions":[{"id":"5af602429eb2410f73f9d9fc","def":"{\"v\":4,\"p\":[{\"b\":9,\"s\":[{\"p\":[0,0,0],\"r\":[0,0,4.268868E-07],\"s\":[0.1250003,0.1250002,0.1250001],\"c\":[1,1,1]}]},{\"b\":9,\"s\":[{\"p\":[0.206776,-0.2360477,-0.2330374],\"r\":[31.11014,349.0001,38.35136],\"s\":[0.1250002,0.1250002,0.125],\"c\":[1,1,1]}]}]}"}],"serveTime":4}