{"thingDefinitions":[{"id":"5a1a3ca2b85ba1ab13596dee","def":"{\"n\":\"thing\",\"v\":2,\"p\":[{\"b\":46,\"s\":[{\"p\":[0.1699143,-0.06171785,-0.06728137],\"r\":[331.7525,121.8107,41.88828],\"s\":[0.1250001,0.125,0.125],\"c\":[0.6666667,0.3788358,0.07407401]}]}]}"}],"serveTime":4}