{"thingDefinitions":[{"id":"5a9ac7bab33a548613220032","def":"{\"v\":2,\"p\":[{\"b\":9,\"s\":[{\"p\":[0,0,0],\"r\":[0,0,9.871759E-07],\"s\":[0.1250007,0.1250004,0.1250001],\"c\":[1,1,1]}]}]}"},{"id":"5a9ac99a873aa8ee0f5720b4","def":"{\"v\":2,\"a\":[2,15],\"p\":[{\"b\":10,\"s\":[{\"p\":[0,0,0],\"r\":[0,0,1.600826E-06],\"s\":[0.125,0.125,0.1249999],\"c\":[1,1,1]}]}]}"}],"serveTime":4}