{"thingDefinitions":[{"id":"5ae5ea091bd0901360fd8960","def":"{\"v\":4,\"p\":[{\"b\":5,\"t1\":77,\"s\":[{\"p\":[0,0,0],\"r\":[0,0,6.403302E-07],\"s\":[0.1250002,0.1250002,0.125],\"c\":[0,1,1],\"t1\":{\"c\":[0,0.9142855,1],\"x\":0.5,\"y\":0.5,\"a\":0.8925,\"m\":0,\"n\":0,\"r\":0,\"g\":0,\"o\":0.5,\"t\":0.5,\"e\":0.5}}]},{\"b\":5,\"t1\":77,\"s\":[{\"p\":[0.3516353,-0.2134608,0.09747238],\"r\":[341.7789,20.02098,129.0168],\"s\":[0.125,0.125,0.125],\"c\":[0,0.05714257,1],\"t1\":{\"c\":[0,0.9142855,1],\"x\":0.5,\"y\":0.5,\"a\":0.8925,\"m\":0,\"n\":0,\"r\":0,\"g\":0,\"o\":0.5,\"t\":0.5,\"e\":0.5}}]}]}"},{"id":"5af9ceebc9735d0fe84407f4","def":"{\"v\":4,\"p\":[{\"b\":5,\"s\":[{\"p\":[0,0,0],\"r\":[0,0,1.600826E-06],\"s\":[0.125,0.1250001,0.125],\"c\":[1,1,1]}]}]}"}],"serveTime":5}