{"thingDefinitions":[{"id":"5db3defef8f6211c5e4d7cfc","def":"{\"v\":9,\"tp_m\": 666,\"p\":[{\"b\":14,\"s\":[{\"p\":[0,0,0],\"r\":[0,0,0],\"s\":[0.06000013,0.06000008,0.06000011],\"c\":[1,1,1]}]},{\"b\":14,\"s\":[{\"p\":[0.2236377,0.1992533,-0.3328681],\"r\":[356.9796,80.72877,18.32912],\"s\":[0.0600002,0.06000011,0.06000011],\"c\":[1,1,1]}]},{\"b\":5,\"s\":[{\"p\":[0.4391486,0.519405,-0.1798055],\"r\":[357.019,40.92418,43.37],\"s\":[0.1000001,0.1,0.1],\"c\":[1,1,1]}]}]}"}],"serveTime":9}