{"thingDefinitions":[{"id":"5ac27b4b0c11b533961b4ace","def":"{\"v\":2,\"p\":[{\"b\":10,\"s\":[{\"p\":[0,0,0],\"r\":[0,0,-1.707547E-06],\"s\":[0.1250006,0.1250001,0.1250006],\"c\":[1,1,1]}]},{\"b\":13,\"s\":[{\"p\":[-0.02265931,0.06094374,-0.4041281],\"r\":[313.382,10.7623,53.38267],\"s\":[0.06000014,0.06000003,0.0600001],\"c\":[1,1,1]}]}]}"}],"serveTime":4}