{"thingDefinitions":[{"id":"5d532e057abdad2b3e8de793","def":"{\"n\":\"ground\",\"v\":9,\"a\":[1],\"p\":[{\"b\":17,\"s\":[{\"p\":[0,0,0],\"r\":[0,0,0],\"s\":[3.363346,0.11062,3.201102],\"c\":[0.9019608,0.8509804,0.7215686]}]},{\"s\":[{\"p\":[0.7253197,1.34246,0.293998],\"r\":[294.7272,71.40091,37.31807],\"s\":[0.1750005,0.1750004,0.1750002],\"c\":[1,1,1]}]}]}"}],"serveTime":5}