{"thingDefinitions":[{"id":"5a6fea24945c4d841366a988","def":"{\"n\":\"thing\",\"v\":2,\"p\":[{\"b\":9,\"s\":[{\"p\":[0,0,0],\"r\":[0,0,0],\"s\":[0.125,0.125,0.125],\"c\":[1,1,1]}]},{\"b\":17,\"s\":[{\"p\":[-0.005416274,0.1566809,-0.008325413],\"r\":[0.6536719,21.69209,34.56544],\"s\":[0.06,0.06000005,0.06000004],\"c\":[1,1,1]}]},{\"b\":17,\"s\":[{\"p\":[-0.1287327,0.02924711,0.01141629],\"r\":[356.4526,40.46743,1.107484],\"s\":[0.06,0.06000001,0.06000004],\"c\":[1,1,1]}]}]}"}],"serveTime":4}