{"thingDefinitions":[{"id":"57fae16111b35b01145e0723","def":"{\"n\":\"thing\",\"a\":[2,3,4],\"p\":[{\"b\":12,\"t\":2,\"s\":[{\"p\":[0,0,0],\"r\":[0,0,-2.334537E-08],\"s\":[0.06000001,0.05999999,0.05999999],\"c\":[0.1622574,0.4444444,0.04938265]}]}]}"},{"id":"57fae21d11b35b01145e0724","def":"{\"n\":\"thing\",\"p\":[{\"s\":[{\"p\":[0,0,0],\"r\":[0,0,0],\"s\":[0.9875244,0.1750001,1.535497],\"c\":[1,1,1]}]}]}"},{"id":"57fae2830b1be6b11253ecbf","def":"{\"n\":\"thing\",\"a\":[2,15],\"p\":[{\"b\":12,\"s\":[{\"p\":[0,0,0],\"r\":[0,0,-8.937944E-07],\"s\":[0.3568173,1.100047,1.519827],\"c\":[0.1622573,0.4444443,0.04938262]}]}]}"}],"serveTime":5}