{"thingDefinitions":[{"id":"5d0fc3a9291ee20632ffe4e5","def":"{\"n\":\"ground\",\"v\":9,\"a\":[1,7,18],\"p\":[{\"s\":[{\"p\":[0,0,0],\"r\":[0,0,0],\"s\":[12.18557,0.1750095,0.6042637],\"c\":[0.111111,0.111111,0.111111]}]}]}"},{"id":"5d0fc4313ec26c100c45d638","def":"{\"v\":9,\"a\":[7,18],\"p\":[{\"b\":17,\"s\":[{\"p\":[0,0,0],\"r\":[0,0,0],\"s\":[3.84957,0.0600092,2.63845],\"c\":[1,0.9682539,0.7777778]}]}]}"},{"id":"5d0fc68853c86c7ec3d268ff","def":"{\"v\":9,\"a\":[7,12,18,29],\"p\":[{\"b\":60,\"a\":[42],\"s\":[{\"p\":[-1.065814E-14,0.03128433,-4.470348E-08],\"r\":[0,0,0],\"s\":[2.894704,3.291174,0.940031],\"c\":[1,1,1]}]},{\"t\":1,\"a\":[1,42],\"s\":[{\"p\":[0.01004565,0.01779366,0.4594548],\"r\":[1.536793E-05,90.00002,90.00001],\"s\":[2.77269,0.03829892,2.446755],\"c\":[1,1,1]}]}]}"}],"serveTime":8}