{"thingDefinitions":[{"id":"59b8e6e825935fb1135e5433","def":"{\"n\":\"thing\",\"p\":[{\"b\":17,\"s\":[{\"p\":[0,0,0],\"r\":[0,0,-8.537738E-07],\"s\":[0.06000002,0.06000001,0.06000001],\"c\":[1,1,1]}]},{\"b\":9,\"s\":[{\"p\":[0.1024316,0.04406146,0.01126454],\"r\":[18.61666,342.7974,23.87491],\"s\":[0.125,0.125,0.125],\"c\":[1,1,1]}]}]}"}],"serveTime":5}