{"thingDefinitions":[{"id":"5f6e047dbcdf9d4183437e31","def":"{\"v\":9,\"p\":[{\"b\":10,\"s\":[{\"p\":[0,0,0],\"r\":[0,0,-1.707547E-06],\"s\":[0.125,0.125,0.125],\"c\":[1,1,1]}]},{\"b\":9,\"s\":[{\"p\":[0.5567751,0.7713773,-0.2644276],\"r\":[5.93417,35.52971,287.6527],\"s\":[0.125,0.125,0.1250001],\"c\":[1,1,1]}]}]}"}],"serveTime":4}