{"thingDefinitions":[{"id":"5d8a4794288c857ffcc85cb1","def":"{\"v\":9,\"a\":[31],\"p\":[{\"s\":[{\"p\":[0,0,0],\"r\":[0,0,-5.336085E-07],\"s\":[0.1750015,0.1750015,0.1750009],\"c\":[1,1,1]}]}]}"}],"serveTime":4}