{"thingDefinitions":[{"id":"58758be28f45130d1063ad6e","def":"{\"n\":\"thing\",\"p\":[{\"s\":[{\"p\":[0,0,0],\"r\":[0,0,0],\"s\":[0.2898344,0.1750001,0.2978146],\"c\":[1,0.631746,0.5555556]}]}]}"}],"serveTime":4}