{"thingDefinitions":[{"id":"5cee037c516cae604dbb2b1e","def":"{\"v\":9,\"p\":[{\"b\":3,\"s\":[{\"p\":[-0.075804,-0.007740729,0.0421894],\"r\":[335.4154,0.828445,130.5516],\"s\":[0.1250002,0.1250002,0.1250001],\"c\":[1,1,1]}]},{\"b\":3,\"s\":[{\"p\":[0.01498559,0.1639263,-0.0007288856],\"r\":[10.50849,336.2015,11.45515],\"s\":[0.1250003,0.1250004,0.1250001],\"c\":[1,1,1]}]},{\"b\":3,\"s\":[{\"p\":[0.003609031,-0.05484293,-0.06462844],\"r\":[350.5168,359.403,58.4883],\"s\":[0.125,0.125,0.125],\"c\":[1,1,1]}]},{\"b\":3,\"s\":[{\"p\":[0.07621774,0.1011183,-0.07830808],\"r\":[339.388,32.84678,1.634073],\"s\":[0.125,0.125,0.125],\"c\":[1,1,1]}]}]}"}],"serveTime":4}