{"thingDefinitions":[{"id":"5cea7ba79bbc77062a53a612","def":"{\"v\":9,\"p\":[{\"b\":9,\"s\":[{\"p\":[0,0,0],\"r\":[0,0,-8.537737E-07],\"s\":[0.125,0.125,0.125],\"c\":[1,1,1]}]},{\"b\":151,\"s\":[{\"p\":[0.3162721,0.6872898,0.009170188],\"r\":[6.362807,9.52598,138.3775],\"s\":[0.06000004,0.06000003,0.06],\"c\":[1,1,1]}]},{\"b\":160,\"s\":[{\"p\":[0.428293,0.80981,-0.06508565],\"r\":[323.7834,130.1708,54.19313],\"s\":[0.1798885,0.1000002,1.603301],\"c\":[1,1,1]}]},{\"b\":9,\"s\":[{\"p\":[0.2762808,0.2350284,-0.1527334],\"r\":[322.3293,53.15094,348.8776],\"s\":[0.1250004,0.1250003,0.1250001],\"c\":[1,1,1]}]}]}"}],"serveTime":4}