{"thingDefinitions":[{"id":"5caba0c52a5ed17a3ffafc97","def":"{\"v\":9,\"p\":[{\"b\":9,\"s\":[{\"p\":[0.008165436,-0.001615571,0.01140668],\"r\":[4.708805,350.9282,8.196546],\"s\":[0.1250001,0.1250001,0.1250001],\"c\":[1,1,1]}]},{\"b\":205,\"s\":[{\"p\":[0.102969,-0.04184696,0.1052349],\"r\":[0.6143497,277.7652,250.4616],\"s\":[0.04500024,0.0450001,0.04500013],\"c\":[1,1,1]}]},{\"b\":55,\"s\":[{\"p\":[-0.1517517,-0.2180576,-0.007631652],\"r\":[63.97029,243.8378,217.4587],\"s\":[0.125,0.125,0.125],\"c\":[1,1,1]}]},{\"b\":54,\"s\":[{\"p\":[-0.07741995,-0.1106261,0.03878494],\"r\":[11.38349,251.6466,210.1397],\"s\":[0.1250006,0.1250003,0.1250006],\"c\":[1,1,1]}]}]}"}],"serveTime":6}