{"thingDefinitions":[{"id":"5a2378e53698798713d2f5b9","def":"{\"n\":\"thing\",\"v\":2,\"p\":[{\"b\":73,\"s\":[{\"p\":[0,0,0],\"r\":[0,0,-2.134434E-07],\"s\":[0.2250006,0.2250009,0.2250002],\"c\":[1,1,1]}]}]}"}],"serveTime":5}