{"thingDefinitions":[{"id":"5ec0d7d0a5fbe0062a2660ef","def":"{\"v\":9,\"p\":[{\"s\":[{\"p\":[0,0,0],\"r\":[0,0,0],\"s\":[0.3188175,1.198086,0.1750003],\"c\":[1,1,1]}]},{\"s\":[{\"p\":[-0.3277599,-0.02328163,-0.1863457],\"r\":[358.2255,264.9699,88.12445],\"s\":[1.131915,0.1750005,0.3727383],\"c\":[1,1,1]}]},{\"s\":[{\"p\":[-5.574096,0.6491549,-1.074529],\"r\":[1.315989,261.995,88.18513],\"s\":[9.368412,0.2303493,10.21183],\"c\":[1,1,1]}]},{\"b\":80,\"s\":[{\"p\":[-9.342753,-3.434281,-3.003822],\"r\":[36.90223,203.9601,40.78605],\"s\":[0.07500002,0.07500001,0.075],\"c\":[1,1,1]}]}]}"}],"serveTime":5}