{"thingDefinitions":[{"id":"5c4b32a3928d804874adc82d","def":"{\"v\":7,\"p\":[{\"s\":[{\"p\":[0,0,0],\"r\":[0,0,1.707547E-06],\"s\":[0.175,0.175,0.1750001],\"c\":[1,1,1]}]}]}"}],"serveTime":5}