{"thingDefinitions":[{"id":"59ec27fd0a97dbbf13cfe407","def":"{\"n\":\"thing\",\"v\":2,\"p\":[{\"b\":78,\"t\":4,\"s\":[{\"p\":[0.006465569,0.153037,-0.0118992],\"r\":[19.21693,257.4234,29.02866],\"s\":[0.011239,0.01354677,0.0185919],\"c\":[1,1,1]}]},{\"b\":78,\"t\":3,\"s\":[{\"p\":[0.004549257,0.1614213,-0.01717921],\"r\":[18.49471,257.7692,31.39717],\"s\":[0.005000005,0.00500002,0.009628413],\"c\":[0,0,0]}]},{\"b\":69,\"t\":4,\"s\":[{\"p\":[0.005367192,0.1618735,-0.0161128],\"r\":[17.85902,255.8559,212.4809],\"s\":[0.005000061,0.005000048,0.0125632],\"c\":[0.1142857,0,1]}]}]}"}],"serveTime":5}