{"thingDefinitions":[{"id":"5e715e42e5884c0629d63162","def":"{\"n\":\"ground\",\"v\":9,\"a\":[1],\"p\":[{\"b\":17,\"s\":[{\"p\":[0,0,0],\"r\":[0,0,0],\"s\":[3.363346,0.11062,3.201102],\"c\":[0.111111,0.07407398,0.08677239]}]},{\"s\":[{\"p\":[-2.560521,1.363417,0.6304084],\"r\":[335.3541,42.72676,14.56627],\"s\":[0.175,0.1750001,0.1750001],\"c\":[0,0.2031744,0.8888889]}]},{\"b\":9,\"s\":[{\"p\":[-2.573373,1.449762,0.6399358],\"r\":[331.8271,27.65813,18.76226],\"s\":[0.1250001,0.1250001,0.1250001],\"c\":[1,0.2222221,0.4888889]}]}]}"}],"serveTime":4}