{"thingDefinitions":[{"id":"5c3abad1167efc0559300d12","def":"{\"v\":7,\"p\":[{\"b\":14,\"s\":[{\"p\":[0.2226242,0.1800978,-0.003841698],\"r\":[352.1927,53.56076,228.0689],\"s\":[0.06000019,0.0600001,0.06000007],\"c\":[1,1,1]}]},{\"b\":3,\"s\":[{\"p\":[0.05187758,0.1017521,-0.09170785],\"r\":[338.6854,2.657145,0.1956322],\"s\":[0.1250003,0.1250003,0.1250006],\"c\":[1,1,1]}]},{\"b\":3,\"s\":[{\"p\":[0.0959444,0.1985471,-0.1794039],\"r\":[347.7647,3.140969,347.8752],\"s\":[0.1250002,0.1250002,0.1250004],\"c\":[1,1,1]}]}]}"}],"serveTime":4}