{"thingDefinitions":[{"id":"5edeacfe51385e504a4299ca","def":"{\"v\":9,\"a\":[7,18],\"p\":[{\"t1\":116,\"s\":[{\"p\":[0,0,0],\"r\":[0,0,7.656432E-20],\"s\":[100.3437,0.1750121,79.17863],\"c\":[0.2539681,0.8888889,0],\"t1\":{\"c\":[0.126984,0.4444444,0],\"x\":0.03641796,\"y\":0.0615387,\"a\":0.8925,\"m\":0,\"n\":0,\"r\":0,\"g\":0,\"o\":0.5,\"t\":0.5,\"e\":0.5}}]}]}"}],"serveTime":5}