{"thingDefinitions":[{"id":"58135e4c28f2186013f565d3","def":"{\"n\":\"ground\",\"a\":[1],\"p\":[{\"b\":17,\"s\":[{\"p\":[0,0,0],\"r\":[0,0,0],\"s\":[50,0.11062,50],\"c\":[0.9019608,0.8509804,0.7215686]}]}]}"}],"serveTime":3}