{"thingDefinitions":[{"id":"5f77a38322f2a2631937b9e4","def":"{\"n\":\"ground\",\"v\":9,\"a\":[1,2],\"p\":[{\"b\":17,\"t\":9,\"s\":[{\"p\":[0,0,0],\"r\":[0,0,1.067217E-07],\"s\":[3.434642,0.11062,3.110699],\"c\":[0.1890651,0.8888889,0.09876534]}]}]}"},{"id":"5f78c1222e39b42a35b1e811","def":"{\"v\":9,\"a\":[2,12,14,15,21,50],\"p\":[{\"b\":249,\"t\":4,\"a\":[36,42],\"s\":[{\"p\":[-0.1759503,0.274273,-0.5829945],\"r\":[26.08531,175.2832,302.1491],\"s\":[0.04927774,0.04927757,0.04927767],\"c\":[0,0.05714252,1],\"b\":[\"when triggered then propel forward with 5\"]},{\"p\":[0,0,0],\"r\":[0,0,0],\"s\":[0.0492777,0.04927751,0.04927764],\"c\":[0,0.05714255,1],\"b\":[\"when starts then allow untargeted attract and repel\",\"when pointed at then add speed 0 50 -10.5\"]}]}]}"}],"serveTime":6}