{"thingDefinitions":[{"id":"5aff366110b1364b8bb86ad1","def":"{\"v\":4,\"p\":[{\"s\":[{\"p\":[0,0,0],\"r\":[0,0,0],\"s\":[0.1750003,0.1750004,0.1750003],\"c\":[0.7777778,0.08641968,0.4419752]}]}]}"}],"serveTime":4}