{"thingDefinitions":[{"id":"5c60bc65248273055076611b","def":"{\"v\":7,\"p\":[{\"b\":9,\"s\":[{\"p\":[0,0,0],\"r\":[0,0,0],\"s\":[0.1250001,0.1250001,0.1250001],\"c\":[1,1,1]}]},{\"b\":9,\"s\":[{\"p\":[-0.01395528,0.03428198,-0.193286],\"r\":[349.0806,99.18504,355.827],\"s\":[0.1250002,0.125,0.1250001],\"c\":[1,1,1]}]},{\"b\":14,\"s\":[{\"p\":[0.1967572,0.0493347,-0.1142208],\"r\":[352.5963,98.5121,5.374999],\"s\":[0.06000017,0.06000011,0.0600001],\"c\":[1,1,1]}]}]}"}],"serveTime":5}