{"thingDefinitions":[{"id":"5cf1d8ad5e1d93062680ebbc","def":"{\"v\":9,\"a\":[7],\"p\":[{\"s\":[{\"p\":[0,0,0],\"r\":[0,0,0],\"s\":[2500,0.7046507,2500],\"c\":[0.3333332,0.3333332,0.3333332]}]}]}"},{"id":"5cf2a69d5b489306350b9004","def":"{\"v\":9,\"p\":[{\"b\":3,\"s\":[{\"p\":[0.3261055,-0.03488675,-0.06825393],\"r\":[1.435853,111.2529,16.27723],\"s\":[0.03470969,0.03442881,0.03072861],\"c\":[0.09876534,0.4444443,0.2962962],\"b\":[\"when touched then tell body pressed \"]}]},{\"s\":[{\"p\":[0.3113051,-0.05311146,-0.08962661],\"r\":[2.29497,27.07201,354.896],\"s\":[0.09351346,0.0366566,0.1750002],\"c\":[0.5555556,0.5555556,0.5555556],\"b\":[\"when told pressed then become next in 0.2s\",\"when starts then do creation part move 0.0 0.0 0.0\"]},{\"p\":[0.31414,-0.05692732,-0.1013211],\"r\":[3.870515,32.07746,357.2276],\"s\":[0.09351346,0.0366566,0.1750002],\"c\":[0.5555556,0.5555556,0.5555556]}]}]}"}],"serveTime":6}