{"thingDefinitions":[{"id":"5c52579ac34453758d836358","def":"{\"v\":7,\"p\":[{\"b\":175,\"s\":[{\"p\":[0,0,0],\"r\":[0,0,-2.334537E-08],\"s\":[0.045,0.04499999,0.04499999],\"c\":[1,1,1]}]}]}"}],"serveTime":4}