{"thingDefinitions":[{"id":"5cf9bbff26d2637d242b67db","def":"{\"n\":\"ground\",\"v\":9,\"a\":[1],\"p\":[{\"b\":17,\"s\":[{\"p\":[0,0,0],\"r\":[0,0,0],\"s\":[3.363346,0.11062,3.201102],\"c\":[0.9019608,0.8509804,0.7215686]},{\"p\":[0,0,0],\"r\":[0,0,0],\"s\":[3.363346,0.11062,3.201102],\"c\":[0.9019608,0.8509804,0.7215686]}]},{\"s\":[{\"p\":[0.5667912,1.125499,0.7509121],\"r\":[359.3387,322.5573,2.377813],\"s\":[0.1750002,0.175,0.1750001],\"c\":[1,1,1]}]}]}"}],"serveTime":4}