{"thingDefinitions":[{"id":"5f107b7fbc1b58604f6ab935","def":"{\"v\":9,\"p\":[{\"s\":[{\"p\":[0,0,0],\"r\":[0,0,0],\"s\":[0.175,0.175,0.175],\"c\":[1,1,1]}]},{\"b\":10,\"s\":[{\"p\":[0.00489706,0.07896387,0.01062938],\"r\":[29.32808,349.188,330.6293],\"s\":[0.1250001,0.125,0.125],\"c\":[1,1,1]}]},{\"b\":14,\"s\":[{\"p\":[-0.02140766,0.228225,0.1797908],\"r\":[325.758,346.0059,337.7292],\"s\":[0.06000002,0.06000001,0.06000001],\"c\":[1,1,1]}]},{\"b\":14,\"s\":[{\"p\":[-0.1100299,0.2519922,-0.0715119],\"r\":[319.7214,232.0156,40.637],\"s\":[0.06,0.06000008,0.06000004],\"c\":[1,1,1]}]}]}"}],"serveTime":5}