{"thingDefinitions":[{"id":"5c69b4ce636c692876543bea","def":"{\"v\":7,\"p\":[{\"s\":[{\"p\":[0,0,0],\"r\":[0,0,-1.707547E-06],\"s\":[0.175,0.175,0.175],\"c\":[1,1,1]}]},{\"s\":[{\"p\":[0.008832913,-0.003504688,0.01653935],\"r\":[0.864976,1.23289,1.411351],\"s\":[0.1750001,0.1750002,0.1750001],\"c\":[1,1,1]}]},{\"s\":[{\"p\":[0.005388495,-0.2396241,-0.2352339],\"r\":[33.38173,1.371531,359.4145],\"s\":[0.1750003,0.1750003,0.1750002],\"c\":[1,1,1]}]},{\"s\":[{\"p\":[-0.07586601,0.2523645,0.28346],\"r\":[304.1823,342.1219,12.39844],\"s\":[0.1992508,0.3562707,1.602791],\"c\":[1,1,1]}]}]}"}],"serveTime":6}