{"thingDefinitions":[{"id":"58a5ed5b1411d8a013a65b61","def":"{\"n\":\"anvil\",\"a\":[5,13],\"p\":[{\"s\":[{\"p\":[-0.1315995,-0.03085107,-0.18582],\"r\":[353.5356,356.4354,346.2629],\"s\":[0.175223,0.1750992,0.1751067],\"c\":[0.2222221,0.2222221,0.2222221]}]},{\"s\":[{\"p\":[0.06657219,-0.06446352,0.0001572445],\"r\":[354.8941,354.5861,346.951],\"s\":[0.6088372,0.1751886,0.1752285],\"c\":[0.222222,0.222222,0.222222]}]},{\"b\":2,\"s\":[{\"p\":[0.411574,-0.1508924,0.05471209],\"r\":[13.3831,81.13572,262.6581],\"s\":[0.1250995,0.08135591,0.1250807],\"c\":[0.222222,0.222222,0.222222]}]}]}"}],"serveTime":6}