{"thingDefinitions":[{"id":"5ce2045714344052a51b7548","def":"{\"v\":9,\"p\":[{\"b\":89,\"pr\":1,\"s\":[{\"p\":[-0.4526344,0.1536963,-0.7476065],\"r\":[356.9346,239.8167,260.0345],\"s\":[0.125001,0.1250006,0.1250012],\"c\":[1,1,1],\"pr\":{\"c\":[1,1,1],\"m\":0.25,\"a\":0.25,\"s\":0.15,\"z\":0.25,\"g\":0.5,\"h\":0.25}}]},{\"b\":89,\"pr\":1,\"s\":[{\"p\":[-0.4384757,-0.1594829,-0.1457291],\"r\":[24.15371,298.7964,318.1806],\"s\":[0.1250003,0.1250006,0.1250006],\"c\":[1,1,1],\"pr\":{\"c\":[1,1,1],\"m\":0.25,\"a\":0.25,\"s\":0.15,\"z\":0.25,\"g\":0.5,\"h\":0.25}}]},{\"b\":194,\"pr\":1,\"t1\":4,\"t2\":4,\"c\":[[0.166,6.878,0.444,169],[-0.464,3.395,1.872,156],[-1.422,3.406,1.272,151],[-1.638,3.584,-0.184,147],[-0.922,3.727,-1.015,148],[-0.19,3.79,-1.099,149],[0.758,3.471,-1.109,154],[1.091,3.394,-0.678,157],[1.37,3.182,-0.406,161],[1.725,3.247,0.323,168],[1.766,3.482,0.746,166],[1.372,3.457,1.419,163],[0.698,3.625,1.777,159]],\"sa\":90,\"s\":[{\"p\":[-0.3577637,-0.06833178,-0.4743713],\"r\":[51.75522,164.4687,251.4293],\"s\":[0.06000001,0.06000001,0.06000002],\"c\":[0.9777778,1,0.2222221],\"t1\":{\"c\":[1,1,1],\"x\":0.17,\"y\":0.17,\"a\":0.69625,\"m\":0.5,\"n\":0.5,\"r\":0,\"g\":0,\"o\":0.5,\"t\":0.5,\"e\":0.5},\"t2\":{\"c\":[0.2469135,0.4444444,0.3597883],\"x\":0.17,\"y\":0.17,\"a\":0.69625,\"m\":0.5,\"n\":0.5,\"r\":0,\"g\":0,\"o\":0.5,\"t\":0.5,\"e\":0.5},\"pr\":{\"c\":[1,1,1],\"m\":0.25,\"a\":0.25,\"s\":0.15,\"z\":0.25,\"g\":0.5,\"h\":0.25}}]}]}"}],"serveTime":7}