{"thingDefinitions":[{"id":"5abc3f1be3e418136f88b592","def":"{\"v\":2,\"p\":[{\"b\":10,\"s\":[{\"p\":[0,0,0],\"r\":[0,0,0],\"s\":[0.1250001,0.1250002,0.1250002],\"c\":[1,1,1]}]},{\"b\":10,\"s\":[{\"p\":[0.1847322,-0.1744425,-0.03066844],\"r\":[351.4896,350.0493,89.90624],\"s\":[0.1250001,0.1250001,0.1250002],\"c\":[1,1,1]}]}]}"}],"serveTime":4}