{"thingDefinitions":[{"id":"5ee907021b482e06446a4bac","def":"{\"n\":\"ground\",\"v\":9,\"a\":[1],\"p\":[{\"b\":17,\"s\":[{\"p\":[0,0,0],\"r\":[0,0,4.002064E-08],\"s\":[2500.002,0.6538602,457.7549],\"c\":[0.9019608,0.8509804,0.7215686]}]},{\"s\":[{\"p\":[15.42479,1.539809,16.69926],\"r\":[316.9174,47.76275,291.6039],\"s\":[0.175,0.1750001,0.175],\"c\":[1,1,1]}]}]}"}],"serveTime":4}