{"thingDefinitions":[{"id":"5ef122e01aeef86ac7e772da","def":"{\"v\":9,\"p\":[{\"b\":12,\"s\":[{\"p\":[0,0,0],\"r\":[0,0,1.334021E-08],\"s\":[11.57047,1.536286,19.7016],\"c\":[1,1,1]}]}]}"}],"serveTime":4}