{"thingDefinitions":[{"id":"5e10f88b2499470631bba303","def":"{\"v\":9,\"p\":[{\"s\":[{\"p\":[0,0,0],\"r\":[0,0,2.668042E-08],\"s\":[0.1750002,0.1750002,0.1750002],\"c\":[1,1,1]}]}]}"},{"id":"5e10f8e913c6520625c43770","def":"{\"v\":9,\"p\":[{\"s\":[{\"p\":[-0.4823684,0.2032584,0.2171967],\"r\":[1.05864,23.42807,309.6713],\"s\":[0.1750003,1.586488,0.3218438],\"c\":[0.8888889,0.6716049,0.1975307]}]},{\"s\":[{\"p\":[0.2327431,-0.003196754,0.01920335],\"r\":[30.41302,224.8316,3.425424],\"s\":[0.1750004,0.1750005,0.1750003],\"c\":[0.8888889,0.6716049,0.1975307]}]}]}"}],"serveTime":6}