{"thingDefinitions":[{"id":"59b0567ee609d39c135b473a","def":"{\"n\":\"thing\",\"p\":[{\"b\":10,\"s\":[{\"p\":[0,0,0],\"r\":[0,0,8.537737E-07],\"s\":[0.125,0.1250001,0.125],\"c\":[1,1,1]}]}]}"}],"serveTime":5}