{"thingDefinitions":[{"id":"5de818ff2db4d6062c02a28e","def":"{\"v\":9,\"p\":[{\"s\":[{\"p\":[0,0,0],\"r\":[0,0,-2.134434E-07],\"s\":[3.538913,5.340727,0.182999],\"c\":[1,1,1]}]}]}"}],"serveTime":4}