{"thingDefinitions":[{"id":"5e1a377f01cc824f508f858a","def":"{\"v\":9,\"a\":[7],\"p\":[{\"s\":[{\"p\":[0,0,0],\"r\":[0,0,-7.656432E-20],\"s\":[1930.777,0.04709695,2500],\"c\":[0,0.6666667,0.1523809]}]}]}"},{"id":"5e1a386c01cc824f508f858b","def":"{\"v\":9,\"p\":[{\"b\":14,\"s\":[{\"p\":[0,0,0],\"r\":[0,0,0],\"s\":[0.3356567,0.06000027,0.06000036],\"c\":[1,1,1]}]},{\"b\":10,\"s\":[{\"p\":[0.09888265,0.02975526,-0.08758468],\"r\":[271.4444,130.8048,350.0847],\"s\":[0.03710736,0.03867862,0.0191502],\"c\":[1,1,1]}]},{\"b\":10,\"s\":[{\"p\":[-0.102945,0.02935731,-0.09437979],\"r\":[280.6974,120.3899,48.11057],\"s\":[0.0371074,0.03867869,0.01915021],\"c\":[1,1,1]}]}]}"}],"serveTime":5}