{"thingDefinitions":[{"id":"5b8eb080b9a43c1ba5a916db","def":"{\"v\":6,\"p\":[{\"b\":5,\"s\":[{\"p\":[-0.1108471,0.102218,0.05026121],\"r\":[47.55267,114.5188,9.909169],\"s\":[0.1250001,0.1250001,0.1250001],\"c\":[1,1,1]}]},{\"b\":9,\"s\":[{\"p\":[-0.01130111,0.03911664,0.0054901],\"r\":[356.1158,354.3632,357.2676],\"s\":[0.1250003,0.1250002,0.1250001],\"c\":[1,1,1]}]},{\"b\":72,\"s\":[{\"p\":[-0.08646733,0.07667137,-0.206105],\"r\":[50.50678,274.1641,73.28297],\"s\":[0.125,0.1250001,0.125],\"c\":[1,1,1]}]},{\"b\":80,\"s\":[{\"p\":[-0.1200075,0.1022532,-0.3332388],\"r\":[42.16183,276.7854,76.25481],\"s\":[0.0750002,0.07500019,0.07500015],\"c\":[1,1,1]}]}]}"}],"serveTime":4}