{"thingDefinitions":[{"id":"5a946fda4b3e749a5c16e492","def":"{\"v\":2,\"p\":[{\"b\":10,\"s\":[{\"p\":[0.2062584,0.03417583,-0.03107399],\"r\":[347.0638,26.61244,11.07333],\"s\":[0.3238314,0.3386894,0.2590852],\"c\":[1,1,1]}]},{\"b\":10,\"s\":[{\"p\":[-0.05611461,0.02214167,-0.002286127],\"r\":[10.7592,20.81512,290.2004],\"s\":[0.1250012,0.1250006,0.1250009],\"c\":[0,0,0]}]},{\"b\":10,\"s\":[{\"p\":[0.04127983,0.2238299,-0.06601773],\"r\":[316.3998,20.67561,326.9653],\"s\":[0.1250013,0.1250006,0.1250008],\"c\":[0,0,0]}]},{\"b\":14,\"s\":[{\"p\":[0.02331559,0.0680801,-0.1848224],\"r\":[62.13164,317.2456,81.62703],\"s\":[0.06000013,0.06000006,0.06000012],\"c\":[0,0,0]}]}]}"}],"serveTime":3}