{"thingDefinitions":[{"id":"5bc4934f983dca0573262035","def":"{\"n\":\"tuyaha\",\"v\":7,\"a\":[1,2,4,12,48,49],\"p\":[{\"b\":18,\"e\":\"TTTT\",\"s\":[{\"p\":[-0.281698,-0.1169991,-0.160013],\"r\":[300.9574,88.71527,18.61026],\"s\":[0.003000026,0.003000007,0.003000023],\"c\":[1,1,1]}]},{\"b\":18,\"e\":\"TTTT\",\"s\":[{\"p\":[0.04002827,-0.07643876,-0.04194391],\"r\":[14.15354,356.7848,8.765585],\"s\":[0.003000028,0.003000004,0.003000025],\"c\":[1,1,1]}]},{\"b\":163,\"s\":[{\"p\":[0.6495894,-0.1596023,0.08062902],\"r\":[76.00896,52.01414,348.9005],\"s\":[0.1000004,0.1000002,0.1000002],\"c\":[1,1,1]}]}]}"}],"serveTime":5}