{"thingDefinitions":[{"id":"5c155adce0b8db3184f26333","def":"{\"v\":7,\"p\":[{\"b\":150,\"s\":[{\"p\":[0,0,0],\"r\":[0,0,0],\"s\":[0.06000004,0.06000001,0.06000002],\"c\":[1,1,1]}]},{\"b\":151,\"s\":[{\"p\":[-0.3498961,-0.01797255,0.1042121],\"r\":[313.2479,3.573305,339.8293],\"s\":[0.06,0.05999999,0.06000001],\"c\":[1,1,1]}]},{\"b\":152,\"s\":[{\"p\":[-0.6072792,0.05465059,-0.1106541],\"r\":[284.1476,134.8945,162.0172],\"s\":[0.04000004,0.04000003,0.04],\"c\":[1,1,1]}]}]}"}],"serveTime":5}