{"thingDefinitions":[{"id":"5cb79e1cfb0ce7267153a20c","def":"{\"v\":9,\"a\":[21],\"p\":[{\"b\":5,\"s\":[{\"p\":[-0.1550636,0.02138487,-0.1060043],\"r\":[11.71318,3.979783,357.792],\"s\":[0.1,0.1000003,0.1000004],\"c\":[1,1,1]}]},{\"b\":5,\"s\":[{\"p\":[0.1027208,0.07635488,-0.1215494],\"r\":[15.16888,6.891592,358.9606],\"s\":[0.1000001,0.1000004,0.1000004],\"c\":[1,1,1]}]},{\"b\":5,\"s\":[{\"p\":[-0.4209835,-0.03662242,-0.09664416],\"r\":[10.6436,4.328839,314.8527],\"s\":[0.1000001,0.1000003,0.1000004],\"c\":[1,1,1]}]}]}"}],"serveTime":4}