{"thingDefinitions":[{"id":"5ae38747fc4f514e2c0e7f2f","def":"{\"v\":4,\"p\":[{\"s\":[{\"p\":[0,0,0],\"r\":[0,0,-1.067217E-07],\"s\":[0.434597,0.5089016,0.6258756],\"c\":[1,1,1]}]}]}"},{"id":"5ae3875acdc2ca4e36895324","def":"{\"v\":4,\"p\":[{\"b\":9,\"s\":[{\"p\":[0,0,0],\"r\":[0,0,0],\"s\":[0.1250002,0.1250004,0.1250004],\"c\":[1,1,1]}]},{\"b\":10,\"s\":[{\"p\":[-0.2359113,-0.04028463,-0.0555065],\"r\":[354.8862,337.9609,331.3588],\"s\":[0.1250001,0.1250004,0.1250004],\"c\":[1,1,1]}]}]}"}],"serveTime":6}