{"thingDefinitions":[{"id":"5c7f6861119b47724d0b53b9","def":"{\"v\":7,\"p\":[{\"b\":12,\"s\":[{\"p\":[0,0,0],\"r\":[0,0,2.668043E-08],\"s\":[0.06000001,0.05999999,0.06000001],\"c\":[1,1,1]}]},{\"b\":251,\"s\":[{\"p\":[0.2910761,0.1325113,-0.04257528],\"r\":[275.6893,71.16175,332.3103],\"s\":[0.24,0.2400001,0.2400002],\"c\":[1,1,1]}]}]}"}],"serveTime":5}