{"thingDefinitions":[{"id":"5b79914507337733b44c9fc8","def":"{\"v\":6,\"p\":[{\"s\":[{\"p\":[-0.1151873,0.3545044,-0.06068194],\"r\":[284.6443,301.1786,53.63829],\"s\":[0.1750001,0.1750001,0.1750001],\"c\":[1,1,1]}]},{\"s\":[{\"p\":[0.03726764,-0.1428696,0.05258403],\"r\":[3.568391,349.9927,11.73834],\"s\":[0.175,0.1750002,0.1750003],\"c\":[1,1,1]}]}]}"}],"serveTime":4}