{"thingDefinitions":[{"id":"5b40609051c0c825ffaf92e1","def":"{\"v\":5,\"p\":[{\"b\":40,\"s\":[{\"p\":[0,0,0],\"r\":[0,0,4.268868E-07],\"s\":[0.1250004,0.1250004,0.125],\"c\":[1,1,1]}]}]}"}],"serveTime":5}