{"thingDefinitions":[{"id":"5cce3c68fe52296af6b546cc","def":"{\"v\":9,\"p\":[{\"b\":190,\"t2\":13,\"s\":[{\"p\":[0.332146,-0.0007190704,-0.6126646],\"r\":[280.1576,86.89767,272.8898],\"s\":[0.06000003,0.06000003,0.06000004],\"c\":[0.09876534,0.1185182,0.4444443],\"t2\":{\"c\":[1,1,1],\"x\":0.17,\"y\":0.17,\"a\":0.8925,\"m\":0.5,\"n\":0.5,\"r\":0,\"g\":0,\"o\":0.346989,\"t\":0.5973896,\"e\":0.3054447}}]},{\"b\":192,\"t2\":13,\"s\":[{\"p\":[0.3246279,-0.006730855,-0.5859468],\"r\":[300.2284,92.89866,266.3052],\"s\":[0.06000002,0.06000006,0.06000005],\"c\":[1,0.1714285,0],\"t2\":{\"c\":[1,1,1],\"x\":0.17,\"y\":0.17,\"a\":0.8925,\"m\":0.5,\"n\":0.5,\"r\":0,\"g\":0,\"o\":0.346989,\"t\":0.5973896,\"e\":0.3054447}}]},{\"b\":163,\"t2\":13,\"s\":[{\"p\":[-0.3679782,-0.1671962,-0.5890064],\"r\":[6.372093,359.7743,140.8463],\"s\":[0.1000011,0.1000009,0.100001],\"c\":[1,0,0.3428572],\"t2\":{\"c\":[1,1,1],\"x\":0.17,\"y\":0.17,\"a\":0.8925,\"m\":0.5,\"n\":0.5,\"r\":0,\"g\":0,\"o\":0.346989,\"t\":0.5973896,\"e\":0.3054447}}]},{\"b\":163,\"t2\":13,\"s\":[{\"p\":[-0.08318022,-0.03629267,-1.185617],\"r\":[303.5366,351.925,74.79797],\"s\":[0.1000013,0.2589116,0.1000011],\"c\":[0.2857141,1,0],\"t2\":{\"c\":[1,1,1],\"x\":0.17,\"y\":0.17,\"a\":0.8925,\"m\":0.5,\"n\":0.5,\"r\":0,\"g\":0,\"o\":0.346989,\"t\":0.5973896,\"e\":0.3054447}}]}]}"}],"serveTime":6}