{"thingDefinitions":[{"id":"5e03ae1d2313fb062a63018c","def":"{\"n\":\"hello from taylor\",\"v\":9,\"a\":[1],\"p\":[{\"b\":17,\"s\":[{\"p\":[0,0,0],\"r\":[0,0,0],\"s\":[3.363346,0.11062,3.201102],\"c\":[0.9019608,0.8509804,0.7215686]}]},{\"s\":[{\"p\":[-2.699279,0.3314764,1.228434],\"r\":[4.920802,23.28475,88.0749],\"s\":[0.1750002,0.1750003,0.1750001],\"c\":[1,1,1]}]}]}"}],"serveTime":7}