{"thingDefinitions":[{"id":"5f31dad742984b318d5d7d11","def":"{\"n\":\"ground\",\"v\":9,\"a\":[1],\"p\":[{\"b\":17,\"s\":[{\"p\":[0,0,0],\"r\":[0,0,0],\"s\":[3.363346,0.11062,3.201102],\"c\":[0.9019608,0.8509804,0.7215686]}]}]}"},{"id":"5f31de6a56dc833193904b4a","def":"{\"v\":9,\"p\":[{\"b\":75,\"s\":[{\"p\":[0,0,0],\"r\":[0,0,0],\"s\":[0.0750002,0.07500017,0.07500006],\"c\":[1,1,1]}]}]}"},{"id":"5f31ed125b6b5c0618966554","def":"{\"v\":9,\"p\":[{\"b\":14,\"s\":[{\"p\":[0,0,0],\"r\":[0,0,0],\"s\":[0.06000002,0.05999999,0.05999999],\"c\":[1,1,1]}]}]}"}],"serveTime":6}