{"thingDefinitions":[{"id":"5c43746a9cf6cd1e08ce86a2","def":"{\"v\":7,\"p\":[{\"b\":10,\"s\":[{\"p\":[0,0,0],\"r\":[0,0,8.537737E-07],\"s\":[0.1250001,0.1250002,0.1250001],\"c\":[1,1,1]}]}]}"}],"serveTime":5}