{"thingDefinitions":[{"id":"5ced26724adee50e30245b6e","def":"{\"v\":9,\"a\":[7],\"p\":[{\"b\":175,\"s\":[{\"p\":[0.07522026,-1.160324,0.1002024],\"r\":[0.6012604,354.6954,0.937722],\"s\":[0.04500013,0.04500009,0.04500011],\"c\":[0.148148,0.6666667,0.2666666]}]},{\"b\":173,\"s\":[{\"p\":[-0.01944654,-1.17948,0.0988306],\"r\":[357.5331,294.201,0.7716269],\"s\":[0.04500026,0.04500017,0.04500022],\"c\":[0.148148,0.6666667,0.2666666]}]},{\"b\":175,\"s\":[{\"p\":[-0.1160182,-1.141779,0.1763638],\"r\":[355.8198,305.1675,358.7238],\"s\":[0.04500014,0.04500011,0.04500011],\"c\":[0.148148,0.6666667,0.2666666]}]},{\"pr\":1,\"t2\":85,\"s\":[{\"p\":[1.843671,-0.2968412,0.5263759],\"r\":[5.946997,14.42393,1.388273],\"s\":[2.078878,0.05401018,1.1869],\"c\":[0,0.4444443,0.1015872],\"t2\":{\"c\":[0.3456789,0.7777778,0.4444444],\"x\":0.5,\"y\":0.5,\"a\":0.8925,\"m\":0,\"n\":0,\"r\":0,\"g\":0,\"o\":0.5,\"t\":0.5,\"e\":0.5},\"pr\":{\"c\":[0.06172834,0.5555556,0.1746032],\"m\":0.25,\"a\":0.25,\"s\":0.15,\"z\":0.25,\"g\":0.5,\"h\":0.25}}]}]}"}],"serveTime":4}