{"thingDefinitions":[{"id":"57fdb86e7c816be50f8803e4","def":"{\"n\":\"thing\",\"a\":[2,9,15],\"p\":[{\"b\":17,\"s\":[{\"p\":[0,0,0],\"r\":[0,0,-2.668043E-08],\"s\":[0.3873316,0.06000005,0.2620774],\"c\":[0.5555556,0.5809522,1]}]},{\"b\":14,\"s\":[{\"p\":[-0.01335483,0.2172144,0.06645387],\"r\":[284.9454,355.2223,346.0592],\"s\":[0.05999996,0.06000001,0.05999997],\"c\":[0.7777778,0.4419752,0.08641969]}]},{\"b\":17,\"s\":[{\"p\":[0.0909752,0.2360253,-0.8917582],\"r\":[350.3864,46.59332,192.0909],\"s\":[0.06000021,0.0600001,0.06000014],\"c\":[1,0.111111,0.4158731]}]}]}"}],"serveTime":4}