{"thingDefinitions":[{"id":"5d14cbfd42823f2e9b43a4c4","def":"{\"n\":\"ground\",\"v\":9,\"a\":[1],\"p\":[{\"b\":17,\"s\":[{\"p\":[0,0,0],\"r\":[0,0,0],\"s\":[3.363346,0.11062,3.201102],\"c\":[0.9019608,0.8509804,0.7215686]}]}]}"},{"id":"5d14cd1253c86c7ec3d269ec","def":"{\"v\":9,\"p\":[{\"c\":[[0.402,0.599,0.497,2,6,14]],\"s\":[{\"p\":[0,0,0],\"r\":[0,0,0],\"s\":[0.1750011,0.1750005,0.1750005],\"c\":[0.6666667,0.6666667,0.6666667]}]},{\"v\":0,\"s\":[{\"p\":[-0.05622104,0.131088,-0.2610585],\"r\":[349.042,0.06863728,346.5947],\"s\":[0.1750012,0.1750006,0.1750005],\"c\":[0.6666667,0.6666667,0.6666667]}]}]}"}],"serveTime":5}