{"thingDefinitions":[{"id":"5c4dedf7a9b2d3019c9aead6","def":"{\"v\":7,\"p\":[{\"s\":[{\"p\":[0,0,0],\"r\":[0,0,0],\"s\":[0.1750001,0.175,0.175],\"c\":[0.2222221,0.6666667,0.6666667]}]},{\"s\":[{\"p\":[-0.1670834,0.006219521,-0.008251473],\"r\":[2.792458,359.5586,358.804],\"s\":[0.1750002,0.1750001,0.1750002],\"c\":[0.2222221,0.6666667,0.6666667]}]},{\"s\":[{\"p\":[0.1577948,0.001634669,-0.008388117],\"r\":[3.017654,0.370069,358.8118],\"s\":[0.1750004,0.1750002,0.1750004],\"c\":[0.2222221,0.6666667,0.6666667]}]}]}"}],"serveTime":4}