{"thingDefinitions":[{"id":"5eddd0845bb2d12ff23c3ef2","def":"{\"n\":\"ground\",\"v\":9,\"a\":[1],\"p\":[{\"b\":17,\"s\":[{\"p\":[0,0,0],\"r\":[0,0,0],\"s\":[2123.961,0.001,0.219041],\"c\":[0.9019608,0.8509804,0.7215686]}]}]}"}],"serveTime":5}