{"thingDefinitions":[{"id":"5daf03de3987fa5deec0a807","def":"{\"v\":9,\"p\":[{\"b\":175,\"s\":[{\"p\":[0,0,0],\"r\":[0,0,0],\"s\":[0.04500024,0.04500001,0.04500025],\"c\":[1,1,1]}]},{\"b\":175,\"s\":[{\"p\":[-0.187477,0.03186211,-0.2365594],\"r\":[2.969739,313.4069,359.9181],\"s\":[0.04500018,0.045,0.04500017],\"c\":[1,1,1]}]}]}"},{"id":"5daf040e2ea29522d473ad03","def":"{\"v\":9,\"p\":[{\"b\":9,\"s\":[{\"p\":[0,0,0],\"r\":[0,0,0],\"s\":[0.125,0.125,0.125],\"c\":[1,1,1]}]}]}"}],"serveTime":5}