{"thingDefinitions":[{"id":"5c90438ae8112e05659588ee","def":"{\"v\":8,\"p\":[{\"s\":[{\"p\":[0,0,0],\"r\":[3.415095E-06,3.180555E-14,1.067217E-06],\"s\":[0.1750001,0.175,0.1750001],\"c\":[1,1,1]}]}]}"}],"serveTime":6}