{"thingDefinitions":[{"id":"5cb4ebb58ea53c703a7fba94","def":"{\"v\":9,\"p\":[{\"b\":14,\"s\":[{\"p\":[0.05222631,0.09551083,-0.1233033],\"r\":[349.9726,264.4789,56.9863],\"s\":[0.06000003,0.06000011,0.06000013],\"c\":[1,1,1]}]},{\"b\":10,\"s\":[{\"p\":[-0.1790519,-0.09277886,-0.2683269],\"r\":[34.82354,338.8462,309.9932],\"s\":[0.1250002,0.1250003,0.1250001],\"c\":[1,1,1]}]}]}"},{"id":"5cb4ebfb02726879123b73e5","def":"{\"v\":9,\"p\":[{\"b\":205,\"s\":[{\"p\":[0,0,0],\"r\":[0,0,2.134434E-07],\"s\":[0.04500013,0.04500002,0.04500013],\"c\":[1,1,1]}]}]}"}],"serveTime":5}