{"thingDefinitions":[{"id":"5bd78f96e5cea865e42662b5","def":"{\"v\":7,\"p\":[{\"b\":3,\"s\":[{\"p\":[0,0,0],\"r\":[0,0,-1.707547E-06],\"s\":[0.125,0.1250001,0.125],\"c\":[1,1,1]}]},{\"s\":[{\"p\":[0.01198428,-0.3229535,-0.2226694],\"r\":[37.4367,356.3876,4.749504],\"s\":[0.1750001,0.1750001,0.175],\"c\":[1,1,1]}]}]}"}],"serveTime":5}