{"thingDefinitions":[{"id":"588c7ec6b3ac520e1090265e","def":"{\"n\":\"floor\",\"p\":[{\"s\":[{\"p\":[0,0,0],\"r\":[0,0,0],\"s\":[3.60168,0.005000013,3.156029],\"c\":[0.8888889,0.5530863,0.1975308]}]}]}"},{"id":"588c7f0e4e9066a91391a3eb","def":"{\"n\":\"thing\",\"p\":[{\"s\":[{\"p\":[0,0,0],\"r\":[0,0,1.600826E-06],\"s\":[1.694206,0.04408583,0.5804199],\"c\":[0.4493827,0.1728394,0.7777778]}]}]}"},{"id":"588c7f643bd07c4b3d8c616d","def":"{\"n\":\"thing\",\"p\":[{\"b\":16,\"s\":[{\"p\":[0,0,0],\"r\":[0,0,0],\"s\":[0.1238097,0.06733183,0.1323113],\"c\":[0.51358,0.8888889,0.1975308]}]}]}"}],"serveTime":7}