{"thingDefinitions":[{"id":"5bee62fcba5ed76767cb84bb","def":"{\"v\":7,\"p\":[{\"s\":[{\"p\":[0,0,0],\"r\":[0,0,-8.537737E-07],\"s\":[1.03115,4.054156,0.2985561],\"c\":[1,1,1]}]}]}"}],"serveTime":4}