{"thingDefinitions":[{"id":"5f829c4b22f2a2631937c080","def":"{\"n\":\"ground\",\"v\":9,\"a\":[1],\"p\":[{\"b\":17,\"s\":[{\"p\":[0,0,0],\"r\":[0,0,0],\"s\":[3.363346,0.11062,3.201102],\"c\":[0.9019608,0.8509804,0.7215686]}]},{\"b\":9,\"s\":[{\"p\":[-4.884038,0.0996307,3.329419],\"r\":[84.48509,68.6382,13.65575],\"s\":[0.9314627,1.57478,0.1250004],\"c\":[1,1,1]}]}]}"}],"serveTime":4}