{"thingDefinitions":[{"id":"5af6b5f2df278c6b2dcb8b21","def":"{\"v\":4,\"p\":[{\"b\":13,\"s\":[{\"p\":[0,0,0],\"r\":[0,0,1.387382E-06],\"s\":[0.06000004,0.06000008,0.06000006],\"c\":[1,1,1]}]},{\"b\":9,\"s\":[{\"p\":[-0.1346339,-0.004639417,0.02478477],\"r\":[31.37437,306.8872,38.05728],\"s\":[0.125,0.1250001,0.1250001],\"c\":[1,1,1]}]},{\"b\":2,\"s\":[{\"p\":[0.1168168,-0.005133569,-0.03509352],\"r\":[358.0876,104.1014,1.319442],\"s\":[0.1250001,0.125,0.1250001],\"c\":[1,1,1]}]}]}"}],"serveTime":5}