{"thingDefinitions":[{"id":"5acbde9920edba13942e8cc1","def":"{\"n\":\"sky\",\"v\":2,\"a\":[8],\"p\":[{\"a\":[29],\"s\":[{\"p\":[0,0,0],\"r\":[0,0,0],\"s\":[0.175,0.175,0.175],\"c\":[0,0,0]}]}]}"},{"id":"5acbe11b0c11b533961b4e7c","def":"{\"v\":3,\"a\":[5,7,36,37],\"p\":[{\"t\":7,\"pr\":19,\"s\":[{\"p\":[0,0,0],\"r\":[0,0,3.828216E-20],\"s\":[0.1752318,0.1752178,0.1751022],\"c\":[0.111111,0.111111,0.111111],\"pr\":{\"c\":[0,0.5714284,1],\"m\":0.9829137,\"a\":0.25,\"s\":0.5298088,\"z\":0.4556081,\"g\":0.5,\"h\":0.7719188}}]}]}"}],"serveTime":5}