{"thingDefinitions":[{"id":"5a5625c4a2ac43a013210e04","def":"{\"n\":\"thing\",\"v\":2,\"p\":[{\"pr\":5,\"s\":[{\"p\":[0,0,0],\"r\":[0,0,1.707547E-06],\"s\":[0.1750002,0.1750001,0.1750003],\"c\":[1,1,1],\"pr\":{\"c\":[1,1,1],\"m\":0.25,\"a\":0.25,\"s\":0.15,\"z\":0.25,\"g\":0.5,\"h\":0.25}}]},{\"b\":12,\"s\":[{\"p\":[-0.08254987,0.2063788,-0.2128052],\"r\":[6.173465,34.771,40.98769],\"s\":[0.06000006,0.06000002,0.06000002],\"c\":[1,1,1]}]},{\"b\":17,\"pr\":1,\"s\":[{\"p\":[-0.1088867,-0.1524573,-0.1353938],\"r\":[329.0745,305.372,69.00438],\"s\":[0.06000005,0.06000001,0.06000007],\"c\":[1,1,1],\"pr\":{\"c\":[1,1,1],\"m\":0.25,\"a\":0.25,\"s\":0.15,\"z\":0.25,\"g\":0.5,\"h\":0.25}}]}]}"}],"serveTime":5}