{"thingDefinitions":[{"id":"59d9510481c466b13cebaf5b","def":"{\"n\":\"thing\",\"a\":[7,12,13,18],\"inc\":[[\"telering\",\"59d945744bd2dfb113d00cfa\"]],\"p\":[{\"b\":4,\"t\":8,\"a\":[3,12],\"pr\":2,\"s\":[{\"p\":[0,0,0],\"r\":[0,0,0],\"s\":[0.1250025,0.1250015,0.1250021],\"c\":[1,1,1],\"pr\":{\"c\":[0,0.3999997,1],\"m\":0.6529391,\"a\":0.25,\"s\":0.4425894,\"z\":1,\"g\":0,\"h\":0.25}}]},{\"b\":4,\"t\":8,\"a\":[3,12,14],\"pr\":6,\"s\":[{\"p\":[0.01348536,0,-10.48403],\"r\":[0,0,-2.049057E-05],\"s\":[0.1251132,0.1251524,0.1251435],\"c\":[1,1,1],\"b\":[\"when starts then become 2 in 0.5s\"],\"pr\":{\"c\":[0,0.3999997,1],\"m\":0,\"a\":0,\"s\":0,\"z\":0,\"g\":0,\"h\":0.25}},{\"p\":[-7.450581E-08,0,-10.75298],\"r\":[0,0,180],\"s\":[0.1250958,0.1251524,0.1251196],\"c\":[1,1,1],\"b\":[\"when starts then become 1\",\"when starts then emit gravity-free telering with 20\"],\"pr\":{\"c\":[0,0.3999997,1],\"m\":0,\"a\":0,\"s\":0,\"z\":0,\"g\":0,\"h\":0.25}}]}]}"},{"id":"59d951e2085a37bd3ca1475d","def":"{\"n\":\"thing\",\"p\":[{\"b\":10,\"t\":8,\"a\":[12],\"s\":[{\"p\":[0,0,0],\"r\":[0,0,0],\"s\":[0.1250005,0.1250003,0.1250006],\"c\":[1,1,1],\"b\":[\"when starts then play energy field with low-pitch\",\"when \"]}]}]}"}],"serveTime":8}