{"thingDefinitions":[{"id":"5c7c22663a32ad7254f0d619","def":"{\"n\":\"test\",\"v\":7,\"a\":[2],\"p\":[{\"b\":9,\"c\":[[-0.4,0.7,-0.6,29,69,2,3,43,1],[0,1.5,0.4,40,103,2,3,29,3]],\"s\":[{\"p\":[0,0,0],\"r\":[0,0,1.707547E-06],\"s\":[0.3061264,0.312537,0.2825144],\"c\":[0.4571431,0,1]}]},{\"b\":14,\"s\":[{\"p\":[-0.001726277,0.5051244,0.1451125],\"r\":[298.5966,15.27422,306.0426],\"s\":[0.06000001,0.06000007,0.136208],\"c\":[0.388007,0.2469135,0.5555556]}]}]}"}],"serveTime":4}