{"thingDefinitions":[{"id":"5c14084cfbec9a3178ec6356","def":"{\"n\":\"ground\",\"v\":7,\"a\":[1,49],\"p\":[{\"b\":17,\"s\":[{\"p\":[0,0,0],\"r\":[0,0,0],\"s\":[3.363346,0.11062,3.201102],\"c\":[0.9019608,0.8509804,0.7215686]}]},{\"b\":9,\"a\":[5,38],\"s\":[{\"p\":[0.6171734,2.0684,-1.939565],\"r\":[297.6938,183.7369,174.7782],\"s\":[0.125,0.1250001,0.1250001],\"c\":[1,1,1]},{\"p\":[0.6171734,2.0684,-1.939565],\"r\":[297.6938,183.7369,174.7782],\"s\":[0.125,0.1250001,0.1250001],\"c\":[1,1,1],\"b\":[\"when touched then tell hi\"]},{\"p\":[0.6171734,2.0684,-1.939565],\"r\":[297.6938,183.7369,174.7782],\"s\":[0.125,0.1250001,0.1250001],\"c\":[1,1,1]}]}]}"}],"serveTime":6}