{"thingDefinitions":[{"id":"59c9ee23f83774c913084060","def":"{\"n\":\"thing\",\"p\":[{\"s\":[{\"p\":[0,0,0],\"r\":[0,0,0],\"s\":[0.1750003,0.175,0.1750004],\"c\":[1,1,1]}]},{\"s\":[{\"p\":[0.3865178,0.1630462,-0.1175137],\"r\":[10.80597,69.64176,283.5346],\"s\":[0.1750002,0.1750001,0.1750003],\"c\":[1,1,1]}]}]}"}],"serveTime":5}