{"thingDefinitions":[{"id":"5a2474a8b7a9e05228c97516","def":"{\"n\":\"thing\",\"v\":2,\"p\":[{\"b\":6,\"t\":15,\"s\":[{\"p\":[0.02935114,0.1034449,0.06203875],\"r\":[304.0416,37.51448,318.1075],\"s\":[0.06230652,0.06101876,0.1068315],\"c\":[0.04938262,0.2222221,0.2222221]}]},{\"b\":6,\"t\":15,\"s\":[{\"p\":[-0.1520155,-0.01113501,0.06115226],\"r\":[3.103368,292.972,37.17478],\"s\":[0.0611347,0.05381463,0.1075117],\"c\":[0.04938262,0.2222221,0.2222221]}]},{\"b\":3,\"t\":15,\"s\":[{\"p\":[-0.03144485,-0.004749065,-0.007613259],\"r\":[8.095665,18.68759,328.9727],\"s\":[0.1250004,0.1202531,0.1250005],\"c\":[0.0493826,0.222222,0.222222]}]}]}"}],"serveTime":4}