{"thingDefinitions":[{"id":"5a6758a7c5e51b5114b48547","def":"{\"n\":\"thing\",\"v\":2,\"p\":[{\"b\":9,\"s\":[{\"p\":[0,0,0],\"r\":[0,0,0],\"s\":[0.1250002,0.125,0.1250001],\"c\":[1,1,1]}]},{\"b\":12,\"s\":[{\"p\":[-0.01329474,0.07598132,0.08205409],\"r\":[35.781,16.50489,20.78014],\"s\":[0.06000002,0.06,0.06000003],\"c\":[1,1,1]}]}]}"}],"serveTime":4}