{"thingDefinitions":[{"id":"5b4a2574338fb17a676c7dda","def":"{\"n\":\"ground\",\"v\":5,\"a\":[1],\"p\":[{\"b\":17,\"s\":[{\"p\":[0,0,0],\"r\":[0,0,0],\"s\":[8.475858,0.11062,6.659935],\"c\":[0.9019608,0.8509804,0.7215686]}]},{\"b\":9,\"s\":[{\"p\":[1.392141,0.2174664,0.7618883],\"r\":[29.42912,103.4634,323.5757],\"s\":[0.1250001,0.1250002,0.1250001],\"c\":[1,1,1]}]}]}"}],"serveTime":4}