{"thingDefinitions":[{"id":"59c17e8bd4dda4b4198256cc","def":"{\"n\":\"thing\",\"p\":[{\"s\":[{\"p\":[0,0,0],\"r\":[1.067217E-07,-1.490885E-16,-1.600826E-07],\"s\":[0.6167587,0.1750001,0.1750002],\"c\":[0.6285715,1,0]}]}]}"}],"serveTime":5}