{"thingDefinitions":[{"id":"5d30d833a9cba9353d8312a8","def":"{\"n\":\"tyl\",\"v\":9,\"p\":[{\"s\":[{\"p\":[0,0,0],\"r\":[0,0,0],\"s\":[0.1750003,0.1750001,0.1750002],\"c\":[1,1,1]}]},{\"s\":[{\"p\":[0.2097029,0.245268,0.05501392],\"r\":[24.29316,351.4834,276.3139],\"s\":[0.1750002,0.1750002,0.1750001],\"c\":[1,1,1]}]},{\"b\":10,\"s\":[{\"p\":[-0.5096544,0.3352205,-1.684644],\"r\":[52.59392,34.22353,185.7712],\"s\":[0.1250002,0.1250003,0.1250002],\"c\":[1,1,1]}]},{\"s\":[{\"p\":[-0.2570764,0.2070445,-1.940163],\"r\":[303.0623,73.38697,244.5827],\"s\":[0.1750002,0.1750002,0.1750003],\"c\":[1,1,1]}]}]}"}],"serveTime":5}