{"thingDefinitions":[{"id":"582cf7bbfbf9503213190989","def":"{\"n\":\"thing\",\"a\":[7],\"p\":[{\"s\":[{\"p\":[0,0,0],\"r\":[0,0,0],\"s\":[0.1750043,0.1750022,0.1750029],\"c\":[1,1,1]}]},{\"s\":[{\"p\":[-0.7087029,0.5075222,-1.458441],\"r\":[90,270,0],\"s\":[0.03958745,1.080857,1.823281],\"c\":[1,1,1]}]},{\"s\":[{\"p\":[-0.3047976,0.1292258,-0.5042971],\"r\":[90,270,0],\"s\":[0.1750678,1.080086,1.820711],\"c\":[1,1,1]}]}]}"}],"serveTime":8}