{"thingDefinitions":[{"id":"5a40cb996a136d001444173d","def":"{\"n\":\"thing\",\"v\":2,\"p\":[{\"b\":9,\"s\":[{\"p\":[0,0,0],\"r\":[0,0,4.268868E-07],\"s\":[0.1250004,0.1250006,0.1250002],\"c\":[1,1,1]}]},{\"b\":12,\"s\":[{\"p\":[-0.0110296,-0.1109225,-0.07293377],\"r\":[54.4999,345.6963,70.5133],\"s\":[0.06000003,0.06000002,0.06000001],\"c\":[1,1,1]}]}]}"}],"serveTime":4}