{"thingDefinitions":[{"id":"58695fe9c21ddb19101a1053","def":"{\"n\":\"thing\",\"a\":[2,25],\"p\":[{\"b\":20,\"e\":\"TROLOLOLOLOLOL\",\"s\":[{\"p\":[0,0,0],\"r\":[0,0,0],\"s\":[0.003000002,0.003000001,0.003000002],\"c\":[0.5925926,0.6222222,0.6666667]},{\"p\":[0,0,0],\"r\":[0,0,0],\"s\":[0.003000002,0.003000001,0.003000002],\"c\":[1,1,1]},{\"p\":[0,0,0],\"r\":[0,0,0],\"s\":[0.003000002,0.003000001,0.003000002],\"c\":[1,1,1],\"b\":[\"when triggered then send nearby onto \"]}]},{\"t\":7,\"s\":[{\"p\":[-0.09600944,-0.04298967,-0.04098699],\"r\":[326.1341,16.67873,287.4565],\"s\":[0.1750001,0.175,0.1750001],\"c\":[0,1,0.2285714]}]}]}"}],"serveTime":4}