{"thingDefinitions":[{"id":"5ec1fd70d4f2903173c72495","def":"{\"v\":9,\"p\":[{\"s\":[{\"p\":[0,0,0],\"r\":[0,0,0],\"s\":[0.4744056,0.06010282,0.175001],\"c\":[1,1,1]}]}]}"}],"serveTime":5}