{"thingDefinitions":[{"id":"58f5635490c4eef61359b47d","def":"{\"n\":\"thing\",\"p\":[{\"b\":3,\"s\":[{\"p\":[0,0,0],\"r\":[0,0,2.134434E-07],\"s\":[0.1250001,0.1250001,0.1250001],\"c\":[1,0.9301587,0.7777778]}]}]}"},{"id":"58f563e290c4eef61359b47f","def":"{\"n\":\"thing\",\"p\":[{\"b\":9,\"s\":[{\"p\":[0,0,0],\"r\":[0,0,0],\"s\":[0.1250001,0.1250002,0.1250002],\"c\":[1,0.9301587,0.7777778]}]}]}"}],"serveTime":5}