{"thingDefinitions":[{"id":"5ce05f909ed3230e31080e36","def":"{\"v\":9,\"p\":[{\"s\":[{\"p\":[0,0,0],\"r\":[0,0,2.134434E-07],\"s\":[0.175,0.1750001,0.175],\"c\":[1,1,1]},{\"p\":[0,0,0],\"r\":[0,0,2.134434E-07],\"s\":[0.175,0.1750001,0.175],\"c\":[1,1,1]},{\"p\":[0,0,0],\"r\":[0,0,2.134434E-07],\"s\":[0.175,0.1750001,0.175],\"c\":[1,1,1]}]},{\"s\":[{\"p\":[-0.01395068,0.2904609,-0.09198336],\"r\":[282.4031,359.372,352.4701],\"s\":[0.1750001,0.1750001,0.1750002],\"c\":[1,1,1]}]}]}"}],"serveTime":4}