{"thingDefinitions":[{"id":"5dc9e721463cde1159d6a584","def":"{\"v\":9,\"p\":[{\"b\":12,\"s\":[{\"p\":[0,0,0],\"r\":[0,0,-2.668043E-08],\"s\":[0.06000012,0.06000011,0.05999996],\"c\":[1,1,1]}]},{\"b\":12,\"s\":[{\"p\":[-0.0003162436,0.004496255,-0.2365144],\"r\":[355.6124,269.6176,179.8315],\"s\":[0.06000008,0.06000009,0.06000007],\"c\":[1,1,1]}]}]}"}],"serveTime":4}