{"thingDefinitions":[{"id":"5a9332f759771382130040de","def":"{\"n\":\"magic pill\",\"v\":2,\"p\":[{\"b\":69,\"s\":[{\"p\":[0,0,0],\"r\":[0,0,0],\"s\":[0.007615268,0.01063307,0.01063114],\"c\":[1,1,1]}]}]}"}],"serveTime":5}