{"thingDefinitions":[{"id":"5b2555bd34f26a5e47f79ac6","def":"{\"v\":5,\"p\":[{\"b\":9,\"s\":[{\"p\":[0,0,0],\"r\":[0,0,8.537737E-07],\"s\":[0.125,0.1250001,0.1250001],\"c\":[1,1,1]}]},{\"b\":10,\"s\":[{\"p\":[-0.001797271,0.007391799,-0.001323103],\"r\":[4.867347,17.66539,350.7333],\"s\":[0.1250001,0.1250001,0.1250001],\"c\":[1,1,1]}]},{\"b\":6,\"s\":[{\"p\":[0.05526591,0.04410691,0.05909014],\"r\":[3.279861,302.6594,342.8536],\"s\":[0.125,0.125,0.125],\"c\":[1,1,1]}]},{\"b\":5,\"s\":[{\"p\":[0.06540333,-0.001287766,-0.05271126],\"r\":[356.5515,317.0377,352.8553],\"s\":[0.125,0.125,0.125],\"c\":[1,1,1]}]}]}"}],"serveTime":7}