{"thingDefinitions":[{"id":"5d2a618e94cf497923bc8250","def":"{\"v\":9,\"p\":[{\"b\":14,\"s\":[{\"p\":[-0.5475245,0.7341334,0.1823882],\"r\":[1.091976,349.9119,346.4918],\"s\":[0.0600001,0.06000006,0.06000007],\"c\":[1,1,1]}]},{\"b\":9,\"s\":[{\"p\":[-0.9334236,1.457872,-0.2140294],\"r\":[341.1095,234.0948,313.6659],\"s\":[0.1250002,0.1250001,0.1250001],\"c\":[1,1,1]}]},{\"b\":14,\"s\":[{\"p\":[-0.7229217,1.495813,-0.05944437],\"r\":[348.2018,12.61101,254.5203],\"s\":[0.001,0.06000016,0.06000024],\"c\":[1,1,1]}]},{\"b\":9,\"s\":[{\"p\":[-0.697381,1.508008,-0.284417],\"r\":[273.2142,40.49454,208.5472],\"s\":[0.1250004,0.1250002,0.1250003],\"c\":[1,1,1]}]}]}"}],"serveTime":5}