{"thingDefinitions":[{"id":"5ca3cef03477a105654a72da","def":"{\"v\":9,\"a\":[22],\"p\":[{\"t1\":157,\"s\":[{\"p\":[0,0,0],\"r\":[0,0,0],\"s\":[60.13363,0.05108009,24.14244],\"c\":[0.222222,0.222222,0.222222],\"t1\":{\"c\":[0.2222221,0.2222221,0.2222221],\"x\":0.5,\"y\":0.5,\"a\":0.8925,\"m\":0,\"n\":0,\"r\":0,\"g\":0,\"o\":0.5,\"t\":0.5,\"e\":0.5}}]}]}"}],"serveTime":4}