{"thingDefinitions":[{"id":"5d61971963c346062449c0fa","def":"{\"n\":\"ground\",\"v\":9,\"a\":[1],\"p\":[{\"b\":17,\"s\":[{\"p\":[0,0,0],\"r\":[0,0,0],\"s\":[1242.108,0.1507597,2500],\"c\":[0.9019608,0.8509804,0.7215686]}]}]}"}],"serveTime":5}