{"thingDefinitions":[{"id":"5ceed67f516cae604dbb2bd0","def":"{\"n\":\"ground\",\"v\":9,\"a\":[1,4,13,32,34],\"p\":[{\"b\":17,\"s\":[{\"p\":[0,0,0],\"r\":[0,0,0],\"s\":[3.363346,0.11062,3.201102],\"c\":[0.9019608,0.8509804,0.7215686]}]},{\"s\":[{\"p\":[1.372846,1.275628,-2.821439],\"r\":[17.34638,238.0456,275.263],\"s\":[0.1750003,0.1750004,0.1750006],\"c\":[0.2126983,0.111111,1]}]}]}"}],"serveTime":5}