{"thingDefinitions":[{"id":"5a6e5d189b1b13f81fa2192f","def":"{\"n\":\"thing\",\"v\":2,\"p\":[{\"b\":9,\"s\":[{\"p\":[0.2158003,0.007487684,0.1114606],\"r\":[339.5046,347.1208,44.716],\"s\":[0.1250001,0.1250002,0.1250003],\"c\":[1,1,1]}]},{\"b\":9,\"s\":[{\"p\":[-0.1202574,-0.0579077,0.2855108],\"r\":[330.1086,38.62017,338.4073],\"s\":[0.1250001,0.1250004,0.1250004],\"c\":[1,1,1]}]},{\"b\":9,\"s\":[{\"p\":[-0.1455581,0.1701753,-0.1982559],\"r\":[340.5952,309.7188,317.5459],\"s\":[0.1250002,0.1250003,0.1250004],\"c\":[1,1,1]}]}]}"}],"serveTime":3}