{"thingDefinitions":[{"id":"5adfeae2425f850f88b05bc6","def":"{\"v\":4,\"p\":[{\"b\":9,\"s\":[{\"p\":[0,0,0],\"r\":[0,0,-1.707547E-06],\"s\":[0.1250001,0.1250001,0.1250001],\"c\":[1,1,1]}]},{\"s\":[{\"p\":[-0.1633665,-0.07186453,-0.003938146],\"r\":[18.39716,273.8604,63.7429],\"s\":[0.175,0.1750001,0.1750001],\"c\":[1,1,1]}]},{\"b\":3,\"s\":[{\"p\":[0.1899678,-0.1359083,-0.09571942],\"r\":[358.1265,354.8661,43.48577],\"s\":[0.1250001,0.125,0.125],\"c\":[1,1,1]}]}]}"}],"serveTime":8}