{"thingDefinitions":[{"id":"59f681ad5e40e1a5137b8aaa","def":"{\"n\":\"thing\",\"v\":2,\"p\":[{\"s\":[{\"p\":[0,0,0],\"r\":[0,0,0],\"s\":[1.970187,0.2329025,3.535965],\"c\":[1,1,1]}]},{\"s\":[{\"p\":[-0.05126936,0.03361058,-0.04996213],\"r\":[4.209589,343.5184,1.166669],\"s\":[5.294848,0.2974017,3.70389],\"c\":[1,1,1]}]}]}"}],"serveTime":7}