{"thingDefinitions":[{"id":"5815913e9fb8e5e60f1284bd","def":"{\"n\":\"thing\",\"a\":[12,20,21],\"p\":[{\"b\":3,\"s\":[{\"p\":[0.658671,6.700555,20.54829],\"r\":[54.17498,356.8947,175.1163],\"s\":[2.279851,6.705029,7.070621],\"c\":[0,0,0]}]},{\"b\":10,\"a\":[3],\"s\":[{\"p\":[0.152717,6.401259,16.17649],\"r\":[22.18474,156.0421,19.66316],\"s\":[9.680131,9.680176,9.680131],\"c\":[0.9714286,1,0]}]},{\"b\":3,\"s\":[{\"p\":[-0.6140695,2.817287,0.5236959],\"r\":[357.3734,0.9897958,358.55],\"s\":[21.91913,21.9193,21.91928],\"c\":[0.8888889,0.8888889,0.8888889],\"b\":[\"when starts then all parts face someone, then become next\"]},{\"p\":[0,0,0],\"r\":[-7.702906E-16,5.169333E-08,1.707547E-06],\"s\":[21.91907,21.91917,21.91925],\"c\":[0.8888889,0.8888889,0.8888889],\"b\":[\"when starts then become previous\"]}]}]}"}],"serveTime":4}