{"thingDefinitions":[{"id":"5f7b38382e39b42a35b1e9a8","def":"{\"v\":9,\"a\":[1,7,18],\"p\":[{\"b\":17,\"s\":[{\"p\":[0,0,0],\"r\":[0,0,0],\"s\":[4.344351,0.06451029,3.61428],\"c\":[0.7777778,0.7506173,0.691358]}]}]}"},{"id":"5ebd76a623c35d48d7badf32","def":"{\"v\":9,\"a\":[7,18],\"p\":[{\"b\":4,\"a\":[12,37],\"s\":[{\"p\":[0,0,0],\"r\":[0,0,0],\"s\":[0.1250542,0.1250367,0.001000021],\"c\":[1,1,1],\"b\":[\"when starts then project with 50.5 max\"]}]}]}"}],"serveTime":11}