{"thingDefinitions":[{"id":"587193bcdf57f4161805b906","def":"{\"n\":\"ground\",\"a\":[1],\"p\":[{\"b\":17,\"s\":[{\"p\":[0,0,0],\"r\":[0,0,0],\"s\":[3.363346,0.11062,3.201102],\"c\":[0.9019608,0.8509804,0.7215686]}]},{\"s\":[{\"p\":[-0.4654521,1.300011,-0.7782478],\"r\":[273.3112,309.4721,184.0152],\"s\":[0.1749998,0.1749999,2.527194],\"c\":[1,1,1]}]}]}"}],"serveTime":4}