{"thingDefinitions":[{"id":"5e09912c1a116335d40d9371","def":"{\"n\":\"ground\",\"v\":9,\"a\":[1],\"p\":[{\"b\":17,\"s\":[{\"p\":[0,0,0],\"r\":[0,0,0],\"s\":[2.52706,0.11062,3.381095],\"c\":[0,0.4444443,0.1015872]}]}]}"}],"serveTime":5}