{"thingDefinitions":[{"id":"5e9930b13afdbb062c949265","def":"{\"n\":\"ground\",\"v\":9,\"a\":[1],\"p\":[{\"b\":17,\"s\":[{\"p\":[0,0,0],\"r\":[0,0,0],\"s\":[3.306369,0.11062,3.133774],\"c\":[0.9019608,0.8509804,0.7215686]}]}]}"}],"serveTime":16}