{"thingDefinitions":[{"id":"5f29ee8c11766f3186f9387a","def":"{\"n\":\"ground\",\"v\":9,\"a\":[1,7,18],\"p\":[{\"b\":17,\"s\":[{\"p\":[0,0,0],\"r\":[0,0,0],\"s\":[3.363346,0.11062,3.201102],\"c\":[0.9019608,0.8509804,0.7215686]}]}]}"},{"id":"5f29e9218fd5ec70ed1c79aa","def":"{\"v\":9,\"p\":[{\"b\":4,\"s\":[{\"p\":[0,0,0],\"r\":[0,0,0],\"s\":[0.5426066,0.4827954,0.1185812],\"c\":[1,1,1]}]}]}"},{"id":"5f29ed82d5ff73604ee62044","def":"{\"v\":9,\"p\":[{\"b\":5,\"s\":[{\"p\":[0,0,0],\"r\":[0,0,0],\"s\":[0.01061285,0.007266919,2.787111],\"c\":[1,1,1]}]}]}"}],"serveTime":10}