{"thingDefinitions":[{"id":"5ba01e70693294049c08959e","def":"{\"v\":6,\"p\":[{\"b\":3,\"t\":3,\"s\":[{\"p\":[0,0,0],\"r\":[0,0,0],\"s\":[0.125,0.125,0.1250001],\"c\":[1,0,0.6857142]}]}]}"}],"serveTime":5}