{"thingDefinitions":[{"id":"5da9e1d825874052ed4ef6df","def":"{\"v\":9,\"p\":[{\"s\":[{\"p\":[0,0,0],\"r\":[0,0,-1.28066E-06],\"s\":[0.1750006,0.1750005,0.1750002],\"c\":[1,1,1]}]},{\"s\":[{\"p\":[0.01339413,0.3444643,-0.01792133],\"r\":[326.4026,59.6669,278.4866],\"s\":[0.1750009,0.1750008,0.1750003],\"c\":[1,1,1]}]},{\"s\":[{\"p\":[-0.07920802,0.471043,-0.04230732],\"r\":[7.576639,332.1168,216.5773],\"s\":[0.175001,0.1750009,0.1750003],\"c\":[1,1,1]}]}]}"}],"serveTime":4}