{"thingDefinitions":[{"id":"5b5cd2f55c2ce84fa1c1512a","def":"{\"n\":\"strange device\",\"v\":6,\"a\":[2,7,14,18],\"p\":[{\"b\":14,\"pr\":31,\"t1\":43,\"s\":[{\"p\":[0.0271773,-0.04751426,-0.2565703],\"r\":[13.93449,176.1021,7.503345],\"s\":[0.06001749,0.06001943,0.06001871],\"c\":[0.07407401,0.6158729,0.6666667],\"t1\":{\"c\":[0,0.1111111,0.1015872],\"x\":0.5,\"y\":0.5,\"a\":0.8925,\"m\":0,\"n\":0,\"r\":0,\"g\":0,\"o\":0.5,\"t\":0.5,\"e\":0.5},\"pr\":{\"c\":[0.3333333,0.9428571,1],\"m\":0.25,\"a\":0.25,\"s\":0.15,\"z\":0.25,\"g\":0.5,\"h\":0.75}}]},{\"b\":2,\"t2\":66,\"s\":[{\"p\":[0.04660107,-0.1051727,-0.4971406],\"r\":[13.93449,176.1021,7.503345],\"s\":[0.1250478,0.1250657,0.1250481],\"c\":[0.6666667,0.5925926,0.148148],\"t2\":{\"c\":[0.1111111,0.1040564,0.06172835],\"x\":0.5,\"y\":0.5,\"a\":0.8925,\"m\":0,\"n\":0,\"r\":0,\"g\":0,\"o\":0.5,\"t\":0.5,\"e\":0.5}}]},{\"b\":2,\"t2\":66,\"s\":[{\"p\":[0.002337218,0.01535032,-0.003658212],\"r\":[346.0655,356.1021,82.49667],\"s\":[0.1250123,0.1250547,0.1250481],\"c\":[0.6666667,0.5925926,0.148148],\"t2\":{\"c\":[0.1111111,0.1040564,0.06172835],\"x\":0.5,\"y\":0.5,\"a\":0.8925,\"m\":0,\"n\":0,\"r\":0,\"g\":0,\"o\":0.5,\"t\":0.5,\"e\":0.5}}]}]}"}],"serveTime":4}