{"thingDefinitions":[{"id":"5a4d2b127ef51d7e13ea6d76","def":"{\"n\":\"thing\",\"v\":2,\"p\":[{\"s\":[{\"p\":[0,0,0],\"r\":[0,0,0],\"s\":[1.400749,1.006565,1.392885],\"c\":[1,1,1]}]},{\"s\":[{\"p\":[-0.1445306,-0.1845263,0.2405756],\"r\":[67.46955,104.7902,136.7579],\"s\":[1.400752,1.006566,1.392889],\"c\":[1,1,1]}]}]}"}],"serveTime":4}