{"thingDefinitions":[{"id":"5a10911183db26b513a47ef1","def":"{\"n\":\"ground\",\"v\":1,\"a\":[1],\"p\":[{\"b\":17,\"s\":[{\"p\":[0,0,0],\"r\":[0,0,0],\"s\":[12.88489,0.1192139,11.02464],\"c\":[0.9019608,0.8509804,0.7215686]}]}]}"},{"id":"5a1091d5c04c5cb51394108f","def":"{\"n\":\"thing\",\"v\":2,\"a\":[22],\"p\":[{\"t1\":43,\"t2\":25,\"s\":[{\"p\":[0,0,0],\"r\":[0,0,0],\"s\":[7.619145,5.290759,0.1422428],\"c\":[0.4444443,0.3005289,0.148148],\"t1\":{\"c\":[0,0,0],\"x\":0.24445,\"y\":0.4720158,\"a\":0.5744158,\"m\":0,\"n\":0,\"r\":0,\"g\":0,\"o\":0.5,\"t\":0.5,\"e\":0.5},\"t2\":{\"c\":[0.5555556,0.2857142,0],\"x\":0.07545954,\"y\":0.3488401,\"a\":0.8925,\"m\":0,\"n\":0,\"r\":0,\"g\":0,\"o\":0.5,\"t\":0.5,\"e\":0.5}}]}]}"}],"serveTime":5}