{"thingDefinitions":[{"id":"5aad3fe2425afe0ff849366a","def":"{\"v\":2,\"p\":[{\"b\":9,\"s\":[{\"p\":[-0.3179923,-0.3214751,-0.4682187],\"r\":[20.03795,299.2969,73.84751],\"s\":[0.1250003,0.1250001,0.1250002],\"c\":[1,1,1]}]},{\"b\":9,\"s\":[{\"p\":[-0.2817189,0.04690599,-0.06534454],\"r\":[28.68853,357.9031,335.4673],\"s\":[0.1250003,0.1250002,0.1250002],\"c\":[1,1,1]}]},{\"b\":9,\"s\":[{\"p\":[-0.07351653,-0.2788582,-0.7271779],\"r\":[84.87192,278.6229,323.8375],\"s\":[0.1250003,0.1250002,0.1250001],\"c\":[1,1,1]}]}]}"}],"serveTime":5}