{"thingDefinitions":[{"id":"584c45f3ae07971c10def7a5","def":"{\"n\":\"thing\",\"a\":[22,18],\"p\":[{\"s\":[{\"p\":[0,0,0],\"r\":[0,0,0],\"s\":[50.1423,0.1754223,0.1829859],\"c\":[1,1,1]}]},{\"s\":[{\"p\":[0.05238123,0.01517543,0.001670955],\"r\":[0,0,90],\"s\":[50.16879,0.1754823,0.1830517],\"c\":[1,1,1]}]},{\"s\":[{\"p\":[-5.960467E-08,-8.96398E-08,0.001938343],\"r\":[0,0,45],\"s\":[50.18534,0.175504,0.1830809],\"c\":[1,1,1]}]},{\"s\":[{\"p\":[0.003448606,-9.010546E-08,0.003254772],\"r\":[0,0,315],\"s\":[50,0.175475,0.183043],\"c\":[1,1,1]}]}]}"}],"serveTime":4}