{"thingDefinitions":[{"id":"5871969f10536f1710a56aeb","def":"{\"n\":\"ground\",\"a\":[1],\"p\":[{\"b\":17,\"s\":[{\"p\":[0,0,0],\"r\":[0,0,0],\"s\":[50,0.4030226,50],\"c\":[0.9019608,0.8509804,0.7215686]}]}]}"}],"serveTime":4}