{"thingDefinitions":[{"id":"58051650d64f479613696570","def":"{\"n\":\"thing\",\"a\":[7],\"p\":[{\"b\":10,\"s\":[{\"p\":[0,0,0],\"r\":[0,0,0],\"s\":[10.06729,1.95994,50.03129],\"c\":[0.9019608,0.8509804,0.7215686]}]}]}"},{"id":"580516a557e83672134837a9","def":"{\"n\":\"thing\",\"a\":[7],\"p\":[{\"s\":[{\"p\":[0,0,0],\"r\":[0,0,0],\"s\":[0.1750146,0.1750016,4.720461],\"c\":[0.4444444,0.2525572,0.04938265]}]},{\"s\":[{\"p\":[-0.005897753,-0.06939971,-1.084066],\"r\":[270,270,0],\"s\":[0.1750705,0.175053,2.415048],\"c\":[0.4444444,0.2525572,0.04938265]}]}]}"}],"serveTime":5}