{"thingDefinitions":[{"id":"5875c9fa3c1ac50f1002247c","def":"{\"n\":\"thing\",\"p\":[{\"t\":1,\"a\":[1],\"s\":[{\"p\":[0.04191299,0.114797,-0.2377882],\"r\":[51.78559,333.7061,335.8162],\"s\":[2.499675,0.07350116,1.781702],\"c\":[0,0.3333333,0.3333333]}]}]}"},{"id":"5875cab83c1ac50f1002247e","def":"{\"n\":\"button-of-light\",\"a\":[7],\"p\":[{\"t\":1,\"s\":[{\"p\":[0.02009479,0.0381962,-0.001414502],\"r\":[354.1042,346.4314,1.835206],\"s\":[0.1313981,0.1750011,0.09010822],\"c\":[0.3333333,0.3068782,0.1481481]}]},{\"t\":2,\"s\":[{\"p\":[0.02081373,0.1075763,-0.01439816],\"r\":[354.1042,346.4314,1.835206],\"s\":[0.05835685,0.1750016,0.0497313],\"c\":[0.6666667,0.5714286,0],\"b\":[\"when touched then tell any lettherebelight\",\"when touched then become next in 0.5s\"]},{\"p\":[0.02711057,0.07203177,-0.007623463],\"r\":[354.1042,346.4314,1.835206],\"s\":[0.05835886,0.1750029,0.04973306],\"c\":[0.09876537,0.8888889,0.1439153],\"b\":[\"when touched then tell any diffusion\",\"when touched then become 1 in 0.5s\"]}]}]}"}],"serveTime":5}