{"thingDefinitions":[{"id":"5a86ca09a641b57313bbfcb7","def":"{\"v\":2,\"p\":[{\"b\":12,\"s\":[{\"p\":[0,0,0],\"r\":[0,0,0],\"s\":[0.0600002,0.06000021,0.06000001],\"c\":[0.08641968,0.7185184,0.7777778]}]}]}"}],"serveTime":3}