{"thingDefinitions":[{"id":"5bc39896a4cc2554a4cf35bb","def":"{\"v\":7,\"p\":[{\"b\":9,\"s\":[{\"p\":[0.08855852,0.0253717,0.1772733],\"r\":[310.8981,205.5052,245.7028],\"s\":[0.0751581,0.1250004,0.08704245],\"c\":[0.1142856,1,0]}]},{\"b\":6,\"s\":[{\"p\":[0.04525817,-0.1013177,0.1633515],\"r\":[25.58516,7.767468,332.6261],\"s\":[0.005561047,0.09401283,0.1250001],\"c\":[1,0.1714285,0]}]},{\"b\":15,\"s\":[{\"p\":[0.09387797,0.07867076,0.1493313],\"r\":[74.45805,160.2335,324.4787],\"s\":[0.03247396,0.01838893,0.1250004],\"c\":[1,0.1714285,0]}]},{\"b\":15,\"s\":[{\"p\":[0.1133093,0.0648541,0.2107966],\"r\":[70.67139,169.2562,335.3734],\"s\":[0.03247399,0.01838895,0.1250005],\"c\":[1,0.1714285,0]}]}]}"}],"serveTime":4}