{"thingDefinitions":[{"id":"5aea696e0ddb930f7eeef160","def":"{\"v\":4,\"p\":[{\"b\":88,\"s\":[{\"p\":[0,0,0],\"r\":[0,0,0],\"s\":[0.1250001,0.1250004,0.1250003],\"c\":[1,1,1]},{\"p\":[0,0,0],\"r\":[0,0,0],\"s\":[0.1250001,0.1250004,0.1250003],\"c\":[1,1,1]}]}]}"}],"serveTime":7}