{"thingDefinitions":[{"id":"581ed15a872578f80feed3d9","def":"{\"n\":\"thing\",\"a\":[7,18],\"p\":[{\"s\":[{\"p\":[0,0,0],\"r\":[0,0,0],\"s\":[50,50,0.2380581],\"c\":[0.6666667,0.6666667,0.6666667]}]}]}"}],"serveTime":4}