{"thingDefinitions":[{"id":"5d2ca5d2140a26792a82cd66","def":"{\"n\":\"ground\",\"v\":9,\"a\":[1,2],\"p\":[{\"b\":17,\"s\":[{\"p\":[0,0,0],\"r\":[0,0,0],\"s\":[3.363346,0.11062,3.201102],\"c\":[0.9019608,0.8509804,0.7215686]}]},{\"s\":[{\"p\":[-0.8341553,1.501655,0.2578342],\"r\":[285.7017,31.2361,95.6378],\"s\":[0.1750009,0.1750006,0.1750007],\"c\":[1,1,1]}]},{\"b\":3,\"s\":[{\"p\":[-0.6826581,1.427247,0.4710374],\"r\":[10.68568,133.1341,288.015],\"s\":[0.1250002,0.1250001,0.1250002],\"c\":[1,1,1]}]}]}"}],"serveTime":4}