{"thingDefinitions":[{"id":"5a32c292f98f111c4db4baf7","def":"{\"n\":\"thing\",\"v\":2,\"p\":[{\"b\":136,\"e\":\"THIS ROCK ROCKS\",\"s\":[{\"p\":[-0.1769945,0.2346283,-0.07459652],\"r\":[53.59838,337.8405,47.00427],\"s\":[0.003,0.003000001,0.003],\"c\":[1,1,1]},{\"p\":[-0.1769945,0.2346283,-0.07459652],\"r\":[53.59839,337.8405,47.00427],\"s\":[0.003,0.003000001,0.003],\"c\":[0.9873015,1,0.5555556],\"b\":[\"when \"]}]},{\"b\":9,\"t\":3,\"s\":[{\"p\":[-1.547484,3.496491,2.96223],\"r\":[340.1378,264.856,234.0479],\"s\":[0.1250011,0.6696764,0.6307541],\"c\":[0.9873015,1,0.5555556]}]}]}"}],"serveTime":4}