{"thingDefinitions":[{"id":"5b0dfbef3012510f8ad1c398","def":"{\"n\":\"ground\",\"v\":4,\"a\":[1],\"p\":[{\"b\":17,\"s\":[{\"p\":[0,0,0],\"r\":[0,0,0],\"s\":[4.997234,0.11062,7.491935],\"c\":[0.9019608,0.8509804,0.7215686]}]}]}"}],"serveTime":5}