{"thingDefinitions":[{"id":"5d41c67b07991a2b3f2fd3e9","def":"{\"v\":9,\"a\":[7,18],\"p\":[{\"s\":[{\"p\":[0,0,0],\"r\":[0,0,0],\"s\":[64.80296,0.1750087,89.56378],\"c\":[1,1,1]}]}]}"}],"serveTime":4}