{"thingDefinitions":[{"id":"5e16b6ef75377d1d9c6b7bef","def":"{\"v\":9,\"p\":[{\"b\":3,\"s\":[{\"p\":[-0.07393783,0.5350972,-0.05975429],\"r\":[35.21525,335.6676,84.03098],\"s\":[0.1250002,0.1250003,0.1250004],\"c\":[1,1,1]}]}]}"}],"serveTime":3}