{"thingDefinitions":[{"id":"5a0ba73ce8c09a671338f21c","def":"{\"n\":\"thing\",\"v\":2,\"p\":[{\"b\":61,\"s\":[{\"p\":[0.08121175,-1.660259,0.3342524],\"r\":[21.9002,176.5466,63.57965],\"s\":[0.2638313,0.2392402,0.3388615],\"c\":[0,0,0]}]},{\"b\":3,\"s\":[{\"p\":[0.2114983,-1.66625,0.3003943],\"r\":[338.0998,356.5466,296.4204],\"s\":[0.01033628,0.005000533,0.04019777],\"c\":[1,1,1]}]},{\"b\":3,\"s\":[{\"p\":[0.1726485,-1.593313,0.2647813],\"r\":[338.0998,356.5466,116.4204],\"s\":[0.01033584,0.005002046,0.0402108],\"c\":[1,1,1]}]},{\"b\":64,\"s\":[{\"p\":[0.1832454,-1.601215,0.3609034],\"r\":[21.90019,176.5466,243.5796],\"s\":[0.01180841,0.01623411,0.03749316],\"c\":[1,1,1]}]}]}"}],"serveTime":5}