{"thingDefinitions":[{"id":"5cdf2a48f67e490555942a27","def":"{\"v\":9,\"a\":[29],\"p\":[{\"s\":[{\"p\":[2.015948,0.4159839,0.1274257],\"r\":[350.5929,343.8121,17.02972],\"s\":[0.1750002,1.573668,1.811452],\"c\":[1,1,1]}]},{\"s\":[{\"p\":[0.823847,-0.5790257,0.2809159],\"r\":[338.5043,343.8367,18.68014],\"s\":[2.202179,0.1750002,2.721222],\"c\":[1,1,1]}]},{\"s\":[{\"p\":[-0.8905257,-0.5934052,-0.2597405],\"r\":[342.4972,254.379,290.5784],\"s\":[0.1750004,1.892387,1.948063],\"c\":[1,1,1]}]}]}"}],"serveTime":4}