{"thingDefinitions":[{"id":"5841265107030e9913d8e8ab","def":"{\"n\":\"thing\",\"a\":[7,18],\"p\":[{\"t\":1,\"s\":[{\"p\":[0,0,0],\"r\":[0,0,0],\"s\":[50.01797,0.06656582,50.02109],\"c\":[0,0,0]}]}]}"},{"id":"5841272c07030e9913d8e8ac","def":"{\"n\":\"thing\",\"a\":[7,18],\"p\":[{\"b\":2,\"t\":1,\"s\":[{\"p\":[0.1787961,0.1006882,-0.09159483],\"r\":[-1.001791E-05,180,180],\"s\":[0.1250079,0.1250458,0.1250532],\"c\":[0,0,0]}]},{\"b\":2,\"t\":1,\"s\":[{\"p\":[0.1772019,0.1019375,0.03528582],\"r\":[1.001791E-05,-8.450078E-13,-7.387293E-20],\"s\":[0.1250054,0.1250418,0.1250427],\"c\":[0,0,0]}]},{\"t\":3,\"s\":[{\"p\":[0.1823781,0.1032363,-0.02633062],\"r\":[89.98022,0,0],\"s\":[0.2741789,0.01639215,0.2701801],\"c\":[0,0.7777778,0.7777778]}]}]}"}],"serveTime":6}