{"thingDefinitions":[{"id":"5bfaaa741fa21763f2eb6ae7","def":"{\"v\":7,\"p\":[{\"b\":169,\"s\":[{\"p\":[0,0,0],\"r\":[0,0,-5.836344E-09],\"s\":[4.004825,0.2864038,0.490335],\"c\":[1,1,1]}]}]}"}],"serveTime":4}