{"thingDefinitions":[{"id":"5a6aa5ef76a1258713519ae1","def":"{\"n\":\"thing\",\"v\":2,\"p\":[{\"b\":9,\"s\":[{\"p\":[0,0,0],\"r\":[0,0,-8.537737E-07],\"s\":[0.125,0.125,0.125],\"c\":[1,1,1]}]},{\"b\":12,\"s\":[{\"p\":[-0.04413389,0.04691913,-0.04506329],\"r\":[47.89873,205.261,182.0513],\"s\":[0.05999998,0.06000004,0.06000002],\"c\":[1,1,1]}]}]}"}],"serveTime":4}