{"thingDefinitions":[{"id":"5c3a525a7863da6f76f38f62","def":"{\"v\":7,\"p\":[{\"s\":[{\"p\":[0,0,0],\"r\":[0,0,1.707547E-06],\"s\":[0.1750002,0.175,0.1750002],\"c\":[1,1,1]}]},{\"s\":[{\"p\":[0.2590319,0.367285,0.1258813],\"r\":[340.5181,48.33061,278.5343],\"s\":[0.1750003,0.1750003,0.1750003],\"c\":[1,1,1]}]}]}"}],"serveTime":5}