{"thingDefinitions":[{"id":"5a5e91240fa510d61362f0d9","def":"{\"n\":\"ground\",\"v\":3,\"a\":[1],\"p\":[{\"b\":17,\"s\":[{\"p\":[0,0,0],\"r\":[0,0,0],\"s\":[23.04436,0.11062,11.93087],\"c\":[0.9019608,0.8509804,0.7215686]}]}]}"}],"serveTime":4}