{"thingDefinitions":[{"id":"5b17ee7e93c6450f72b0a9d9","def":"{\"v\":4,\"p\":[{\"b\":10,\"s\":[{\"p\":[-0.04367146,0.3429014,-0.05602809],\"r\":[309.2694,357.8781,343.195],\"s\":[0.1250003,0.1250002,0.1250001],\"c\":[1,1,1]}]},{\"b\":10,\"s\":[{\"p\":[-0.1627557,0.4123883,-0.135168],\"r\":[311.1223,347.5697,6.002211],\"s\":[0.1250003,0.1250002,0.1250001],\"c\":[1,1,1]}]},{\"b\":10,\"s\":[{\"p\":[-0.06139694,0.2844049,-0.05616627],\"r\":[5.145957,0.3597234,31.44264],\"s\":[0.1250007,0.1250007,0.1250001],\"c\":[1,1,1]}]},{\"b\":10,\"s\":[{\"p\":[-0.1376636,0.3168277,-0.04746151],\"r\":[346.9999,348.3454,341.2984],\"s\":[0.1250003,0.1250003,0.1250001],\"c\":[1,1,1]}]}]}"}],"serveTime":4}