{"thingDefinitions":[{"id":"5c85b7c30f506e61ad798066","def":"{\"v\":7,\"p\":[{\"b\":9,\"s\":[{\"p\":[0,0,0],\"r\":[0,0,0],\"s\":[0.1250001,0.1250002,0.1250002],\"c\":[1,1,1]}]}]}"}],"serveTime":6}