{"thingDefinitions":[{"id":"5d0a183d7f53990624a041fc","def":"{\"n\":\"ground\",\"v\":9,\"a\":[1],\"p\":[{\"b\":17,\"s\":[{\"p\":[0,0,0],\"r\":[0,0,-1.640846E-06],\"s\":[3.36335,0.1106201,3.201102],\"c\":[0.9019608,0.8509804,0.7215686]}]},{\"s\":[{\"p\":[-0.7338263,1.482141,0.284526],\"r\":[345.0202,297.9927,14.94293],\"s\":[0.175,0.175,0.175],\"c\":[1,1,1]}]},{\"b\":249,\"s\":[{\"p\":[-0.5932252,1.028737,0.09149481],\"r\":[35.0454,238.1224,348.9785],\"s\":[0.2199999,0.22,0.22],\"c\":[1,1,1]}]}]}"}],"serveTime":5}