{"thingDefinitions":[{"id":"5c6a444020d8cf054f69ee09","def":"{\"n\":\"ground\",\"v\":7,\"a\":[7],\"p\":[{\"s\":[{\"p\":[0.4680272,0.4342361,0.1650254],\"r\":[0,0,90.00001],\"s\":[431.5852,0.2903589,356.8008],\"c\":[1,1,1]}]}]}"}],"serveTime":5}