{"thingDefinitions":[{"id":"5dc099baf8f6211c5e4d822c","def":"{\"v\":9,\"p\":[{\"s\":[{\"p\":[0,0,0],\"r\":[0,0,0],\"s\":[0.1750001,0.1750001,0.1750001],\"c\":[1,1,1]}]}]}"},{"id":"5dc09c222f511010e59aed3d","def":"{\"v\":9,\"p\":[{\"b\":3,\"s\":[{\"p\":[-0.6835842,-0.3707259,-0.3041725],\"r\":[62.52411,274.08,340.0522],\"s\":[0.1250004,0.5662919,0.1250006],\"c\":[1,1,1]}]},{\"b\":3,\"s\":[{\"p\":[-0.3756109,-0.5149751,-0.6060269],\"r\":[71.36164,248.7899,252.4609],\"s\":[0.1250004,0.1250005,0.1250006],\"c\":[1,1,1]}]},{\"b\":3,\"s\":[{\"p\":[-0.2672481,-0.5501243,-0.3967506],\"r\":[51.44205,307.113,328.8155],\"s\":[0.1250003,0.1250003,0.1250004],\"c\":[1,1,1]}]}]}"}],"serveTime":7}