{"thingDefinitions":[{"id":"5a62d85ec9d08e9c13487101","def":"{\"n\":\"thing\",\"v\":2,\"p\":[{\"b\":5,\"s\":[{\"p\":[0,0,0],\"r\":[0,0,0],\"s\":[0.132936,0.1233925,0.4936093],\"c\":[1,1,1]}]},{\"b\":5,\"s\":[{\"p\":[0.01750201,0.05738728,0.0174257],\"r\":[1.087418,359.7753,347.0767],\"s\":[0.1151846,0.1021065,0.3010203],\"c\":[1,1,1]}]},{\"b\":130,\"e\":\"NIPPLES\",\"s\":[{\"p\":[0.01049975,0.2028991,0.1167007],\"r\":[75.40316,266.7451,267.2009],\"s\":[0.003000011,0.003000004,0.003000011],\"c\":[1,1,1]},{\"p\":[0.01049975,0.2028991,0.1167007],\"r\":[75.40316,266.7451,267.2009],\"s\":[0.003000011,0.003000004,0.003000011],\"c\":[1,1,1]}]}]}"}],"serveTime":5}