{"thingDefinitions":[{"id":"5b878c1be181e55c0b449798","def":"{\"v\":6,\"p\":[{\"b\":3,\"s\":[{\"p\":[0,0,0],\"r\":[0,0,0],\"s\":[0.1249999,0.1250002,0.1250002],\"c\":[1,1,1]}]}]}"}],"serveTime":5}