{"thingDefinitions":[{"id":"5dfa79c1638f3a3408e514f0","def":"{\"v\":9,\"p\":[{\"b\":10,\"s\":[{\"p\":[0,0,0],\"r\":[0,0,0],\"s\":[0.1250004,0.1250004,0.1250006],\"c\":[1,1,1]}]}]}"}],"serveTime":6}