{"thingDefinitions":[{"id":"5b6bc472021a7020772cb064","def":"{\"v\":6,\"p\":[{\"b\":38,\"s\":[{\"p\":[0,0,0],\"r\":[0,0,0],\"s\":[0.1250001,0.125,0.1250001],\"c\":[1,1,1]}]}]}"}],"serveTime":4}