{"thingDefinitions":[{"id":"5b6094709fb42e1ef2fc5c05","def":"{\"v\":6,\"p\":[{\"s\":[{\"p\":[0,0,0],\"r\":[0,0,8.537737E-07],\"s\":[0.1750003,0.1750001,0.1750002],\"c\":[1,1,1]}]},{\"b\":2,\"s\":[{\"p\":[-0.1540448,-0.003784418,0.009860177],\"r\":[0.08899057,263.1768,95.53489],\"s\":[0.1250001,0.1250001,0.1250001],\"c\":[1,1,1]}]}]}"}],"serveTime":7}