{"thingDefinitions":[{"id":"5c09a160ad6b9c6e49e2bf70","def":"{\"v\":7,\"p\":[{\"b\":10,\"s\":[{\"p\":[0,0,0],\"r\":[0,0,1.707547E-06],\"s\":[0.125,0.1250001,0.1250001],\"c\":[1,1,1]}]},{\"b\":10,\"s\":[{\"p\":[0.1451553,0.03089723,0.1184771],\"r\":[342.1701,20.81319,3.900101],\"s\":[0.125,0.125,0.1250001],\"c\":[1,1,1]}]},{\"b\":69,\"s\":[{\"p\":[-0.04102661,-0.009956539,0.2037563],\"r\":[67.60249,75.21341,289.7341],\"s\":[0.07500006,0.07500002,0.07500002],\"c\":[1,1,1]}]}]}"}],"serveTime":3}