{"thingDefinitions":[{"id":"5b4f9f87200cbd51641b38b4","def":"{\"v\":5,\"p\":[{\"s\":[{\"p\":[0,0,0],\"r\":[0,0,0],\"s\":[0.1750004,0.1750002,0.1750003],\"c\":[0,1,1]}]},{\"b\":17,\"s\":[{\"p\":[0.1238303,0.1103261,0.2205117],\"r\":[22.93593,33.81487,356.5893],\"s\":[0.06000002,0.05999999,0.06000002],\"c\":[0,1,1]}]}]}"}],"serveTime":5}