{"thingDefinitions":[{"id":"5adcd896c063400fd5f6a203","def":"{\"v\":4,\"d\":\"TEST\",\"a\":[2,7,18,24],\"bod\":{},\"p\":[{\"b\":32,\"s\":[{\"p\":[-0.07682104,0.2256317,-0.01889758],\"r\":[355.7835,350.9444,292.5233],\"s\":[0.125044,0.1250248,0.125025],\"c\":[1,1,1]}]},{\"b\":32,\"s\":[{\"p\":[0.1883303,-0.1416638,0.04242607],\"r\":[67.10567,70.89022,349.1059],\"s\":[0.1250101,0.1250058,0.1250117],\"c\":[1,1,1]}]},{\"b\":39,\"s\":[{\"p\":[0.0593004,0.02741446,-0.07373754],\"r\":[67.10567,70.8902,259.1059],\"s\":[0.1250302,0.1250084,0.1250271],\"c\":[1,1,1]}]},{\"b\":5,\"s\":[{\"p\":[0.07024054,0.03336928,0.003301926],\"r\":[355.7835,350.9444,22.52328],\"s\":[0.1250228,0.1250252,0.1250267],\"c\":[1,1,1]}]}]}"}],"serveTime":3}