{"thingDefinitions":[{"id":"57fa97e8cc16e0cd157b379f","def":"{\"n\":\"iphone\",\"a\":[2,7,17],\"p\":[{\"t\":2,\"a\":[1],\"s\":[{\"p\":[-0.2753292,0.268752,0.002819017],\"r\":[331.6722,0.83277,340.7849],\"s\":[0.1358848,0.005001335,0.1966334],\"c\":[0.111111,0.111111,0.111111]}]},{\"b\":5,\"t\":1,\"a\":[2],\"s\":[{\"p\":[-0.2755961,0.2123987,-0.1029433],\"r\":[56.2231,324.5353,238.5948],\"s\":[0.009888203,0.009057387,0.005000664],\"c\":[0.8888889,0.8888889,0.8888889],\"b\":[\"when shaken then play tone c 4\"]}]},{\"t\":2,\"s\":[{\"p\":[-0.2804702,0.2477697,-0.007710427],\"r\":[331.6722,0.832769,340.7849],\"s\":[0.1535182,0.0206073,0.2401798],\"c\":[1,1,1],\"b\":[\"when talked to then give haptic feedback\"]}]}]}"}],"serveTime":4}