{"thingDefinitions":[{"id":"5d95124f9af0cd062b752efd","def":"{\"v\":9,\"p\":[{\"b\":9,\"s\":[{\"p\":[-0.08380124,-0.1647656,-0.01021431],\"r\":[27.34738,343.8244,351.7618],\"s\":[0.1250001,0.1250001,0.1250001],\"c\":[1,1,1]}]},{\"b\":9,\"s\":[{\"p\":[-0.2520202,-0.1949009,0.06628358],\"r\":[3.356476,331.0401,352.036],\"s\":[0.1250001,0.1250001,0.1250001],\"c\":[1,1,1]}]},{\"b\":9,\"s\":[{\"p\":[-0.08399697,-0.05902342,0.1747453],\"r\":[346.3423,356.931,39.53528],\"s\":[0.1250001,0.1250001,0.1250002],\"c\":[1,1,1]}]},{\"b\":9,\"s\":[{\"p\":[0.01000527,-0.1919633,-0.1127637],\"r\":[357.7334,18.52592,352.1282],\"s\":[0.1250001,0.1250001,0.1250001],\"c\":[1,1,1]}]}]}"}],"serveTime":5}