{"thingDefinitions":[{"id":"5c63b3d198b95c203c4d569d","def":"{\"v\":7,\"inc\":[[\"thing\",\"5c63abfb09aaff6d26dd96d4\"]],\"p\":[{\"s\":[{\"p\":[0,0,0],\"r\":[0,0,0],\"s\":[0.1750004,0.175,0.1750004],\"c\":[1,1,1],\"b\":[\"when touches hand then change head to thing\"]}]},{\"b\":42,\"s\":[{\"p\":[0.3816056,0.2257195,0.04908571],\"r\":[75.75304,283.1961,86.1281],\"s\":[0.4907137,0.001000002,0.3428957],\"c\":[1,1,1]}]},{\"b\":4,\"s\":[{\"p\":[0.2381487,-0.04152883,0.1024072],\"r\":[46.09924,296.0423,97.88364],\"s\":[0.125,0.001,0.125],\"c\":[1,1,1]}]},{\"b\":131,\"e\":\"TOUCH\\nCUBE\",\"s\":[{\"p\":[-0.4604028,0.9079895,0.0797224],\"r\":[354.2821,0.3396195,0.6310825],\"s\":[0.0250276,0.02502756,0.02502758],\"c\":[1,1,1]}]}]}"}],"serveTime":5}