{"thingDefinitions":[{"id":"5b4f66d0d40b363e3026011f","def":"{\"v\":5,\"p\":[{\"s\":[{\"p\":[0,0,0],\"r\":[0,0,0],\"s\":[0.1750001,0.1750001,0.1750001],\"c\":[1,1,1]}]},{\"s\":[{\"p\":[-0.03177623,0.3829332,-0.09157729],\"r\":[313.4656,291.3452,81.32069],\"s\":[0.1750002,0.1750002,0.1750001],\"c\":[1,1,1]}]}]}"},{"id":"5b4f674c2e3ba33e2d1b1889","def":"{\"v\":5,\"p\":[{\"b\":3,\"s\":[{\"p\":[0,0,0],\"r\":[0,0,1.280661E-06],\"s\":[0.1250002,0.1250002,0.125],\"c\":[1,1,1]}]}]}"}],"serveTime":5}