{"thingDefinitions":[{"id":"5aa7112f0b1448137b4dfa7f","def":"{\"v\":2,\"p\":[{\"b\":9,\"s\":[{\"p\":[0.4449713,0.9094182,0.1563946],\"r\":[351.2719,329.5415,98.39535],\"s\":[0.6063937,0.5128981,0.7004716],\"c\":[1,1,1]}]},{\"b\":39,\"s\":[{\"p\":[-0.3200558,-0.02998839,0.00176321],\"r\":[75.69827,33.87914,26.18143],\"s\":[0.125,0.1250001,0.1250001],\"c\":[1,1,1]}]},{\"b\":39,\"s\":[{\"p\":[-1.166707,1.358221,-0.04879439],\"r\":[281.9956,67.54591,80.33392],\"s\":[0.5180115,0.7034022,1.096337],\"c\":[1,1,1]}]},{\"b\":175,\"s\":[{\"p\":[0.0581046,0.8557739,0.6669073],\"r\":[355.6606,55.12028,97.40951],\"s\":[0.04500005,0.04500002,0.04500005],\"c\":[1,1,1]}]}]}"}],"serveTime":5}