{"thingDefinitions":[{"id":"5f345c207f0c750619067459","def":"{\"v\":9,\"p\":[{\"s\":[{\"p\":[-0.6304052,-0.7778196,0.02684498],\"r\":[0,0,0],\"s\":[0.7579701,0.2474722,0.4509267],\"c\":[1,1,1]}]}]}"},{"id":"5f345c24a3e4686305c809ab","def":"{\"v\":9,\"p\":[{\"s\":[{\"p\":[0,0,0],\"r\":[0,0,8.537735E-07],\"s\":[0.1750003,0.175,0.1750003],\"c\":[1,1,1]}]}]}"},{"id":"5f345f8dde2ef4061f16c52a","def":"{\"v\":9,\"p\":[{\"t\":22,\"t1\":43,\"s\":[{\"p\":[0.4523826,0.02243244,0.1002905],\"r\":[0,0,0],\"s\":[0.4496222,0.6327671,0.2728103],\"c\":[0.7777778,0.3234564,0.08641952],\"t1\":{\"c\":[0,0,0],\"x\":0.5879796,\"y\":0.5,\"a\":0.8925,\"m\":0,\"n\":0,\"r\":0,\"g\":0,\"o\":0.5,\"t\":0.5,\"e\":0.5}}]}]}"}],"serveTime":7}