{"thingDefinitions":[{"id":"5e6c0f91b071e84446d8ae69","def":"{\"n\":\"ground\",\"v\":9,\"a\":[1],\"p\":[{\"b\":17,\"s\":[{\"p\":[0,0,0],\"r\":[0,0,0],\"s\":[3.363346,0.11062,3.201102],\"c\":[0.9019608,0.8509804,0.7215686]}]},{\"b\":61,\"s\":[{\"p\":[2.289824,0.8185802,-1.950377],\"r\":[339.0973,354.0651,45.80805],\"s\":[0.125,0.125,0.125],\"c\":[1,1,1]}]}]}"},{"id":"5e6c11315e6cca1c745bd40f","def":"{\"v\":9,\"p\":[{\"b\":3,\"s\":[{\"p\":[0,0,0],\"r\":[0,0,3.201651E-07],\"s\":[0.1250001,0.125,0.125],\"c\":[1,1,1]}]}]}"}],"serveTime":5}