{"thingDefinitions":[{"id":"5a5b672dfef9b6da0fbdd83e","def":"{\"n\":\"thing\",\"v\":2,\"a\":[4],\"p\":[{\"s\":[{\"p\":[-0.2608984,-0.001095306,0.2562849],\"r\":[0.918117,335.6768,346.158],\"s\":[0.1750002,0.1750001,0.1750002],\"c\":[1,1,1]}]},{\"s\":[{\"p\":[0.01796399,-0.06564581,0.3568885],\"r\":[13.47817,341.2981,351.7758],\"s\":[0.1750002,0.175,0.1750003],\"c\":[1,1,1]}]}]}"}],"serveTime":5}