{"thingDefinitions":[{"id":"5a267b533492efa413e2c955","def":"{\"n\":\"thing\",\"v\":2,\"p\":[{\"b\":9,\"s\":[{\"p\":[0,0,0],\"r\":[0,0,0],\"s\":[0.1250003,0.1250006,0.1250001],\"c\":[1,1,1]}]}]}"}],"serveTime":5}