{"thingDefinitions":[{"id":"5cc48f6b364a29481c937340","def":"{\"n\":\"ground\",\"v\":9,\"a\":[1],\"p\":[{\"b\":17,\"s\":[{\"p\":[0,0,0],\"r\":[0,0,0],\"s\":[3.363346,0.11062,3.201102],\"c\":[0.9019608,0.8509804,0.7215686]}]},{\"b\":14,\"s\":[{\"p\":[-1.485703,1.783903,0.2016944],\"r\":[307.3208,204.5377,170.7497],\"s\":[0.06000002,0.06000018,0.06000016],\"c\":[1,1,1]}]}]}"}],"serveTime":12}