{"thingDefinitions":[{"id":"5a8f3956e6e890a65ce22cfd","def":"{\"v\":2,\"p\":[{\"s\":[{\"p\":[0,0,0],\"r\":[0,0,0],\"s\":[1.296492,0.02570374,0.7103791],\"c\":[1,1,1]}]},{\"s\":[{\"p\":[0.6087132,0.5040504,0.3357938],\"r\":[87.32526,184.9225,94.33595],\"s\":[0.07616932,0.08141217,0.9853798],\"c\":[1,1,1]}]}]}"}],"serveTime":4}