{"thingDefinitions":[{"id":"5cae8c938d990f2fb5c246b9","def":"{\"v\":9,\"p\":[{\"b\":9,\"s\":[{\"p\":[0,0,0],\"r\":[0,0,0],\"s\":[0.1250001,0.1250001,0.1250002],\"c\":[1,1,1]}]},{\"b\":12,\"s\":[{\"p\":[-0.7252127,-0.9737867,-2.692101],\"r\":[59.29772,192.5738,172.4503],\"s\":[0.06000023,0.06000026,0.0600001],\"c\":[1,1,1]}]}]}"}],"serveTime":4}