{"thingDefinitions":[{"id":"5be6284e93639505337835ba","def":"{\"v\":7,\"p\":[{\"s\":[{\"p\":[0,0,0],\"r\":[0,0,-1.707547E-06],\"s\":[0.1750002,0.1750003,0.1750002],\"c\":[1,1,1]}]}]}"}],"serveTime":4}