{"thingDefinitions":[{"id":"5e4bad209371bd24d77a8c17","def":"{\"v\":9,\"a\":[7],\"p\":[{\"t\":1,\"s\":[{\"p\":[0,0,0],\"r\":[0,0,0],\"s\":[0.05324287,2480.351,936.3311],\"c\":[0.07407401,0.4126982,0.6666667]}]}]}"}],"serveTime":5}