{"thingDefinitions":[{"id":"5f681a58842a854182492286","def":"{\"v\":9,\"p\":[{\"b\":3,\"s\":[{\"p\":[-0.2596419,-0.2120089,-0.2845813],\"r\":[42.51179,325.3491,20.21603],\"s\":[0.1250004,0.1250003,0.1250003],\"c\":[1,1,1]}]},{\"b\":3,\"s\":[{\"p\":[-0.3456717,0.007066756,-0.1152184],\"r\":[353.3705,242.5051,158.3392],\"s\":[0.1250004,0.1250003,0.1250003],\"c\":[1,1,1]}]},{\"b\":3,\"s\":[{\"p\":[0.02936397,-0.2209044,-0.2233791],\"r\":[26.4358,304.8784,27.40893],\"s\":[0.1250004,0.1250004,0.1250003],\"c\":[1,1,1]}]}]}"}],"serveTime":5}