{"thingDefinitions":[{"id":"5844f16ed65070987d4b8686","def":"{\"n\":\"ground\",\"a\":[1],\"p\":[{\"b\":17,\"s\":[{\"p\":[0,0,0],\"r\":[0,0,0],\"s\":[50,0.11062,50],\"c\":[0.2419752,0.7777778,0.1728394]}]}]}"}],"serveTime":6}