{"thingDefinitions":[{"id":"5c3a90624d67fc6f609200b7","def":"{\"n\":\"ground\",\"v\":7,\"a\":[1],\"p\":[{\"b\":17,\"s\":[{\"p\":[0,0,0],\"r\":[0,0,0],\"s\":[3.363346,0.11062,3.201102],\"c\":[0.9019608,0.8509804,0.7215686]}]},{\"b\":4,\"s\":[{\"p\":[1.874784,1.542735,-1.144823],\"r\":[277.3149,328.3818,217.9188],\"s\":[0.1250002,0.1250001,0.1250001],\"c\":[1,1,1]}]}]}"}],"serveTime":3}