{"thingDefinitions":[{"id":"58f969bdfe93902b107d93e9","def":"{\"n\":\"thing\",\"p\":[{\"s\":[{\"p\":[-0.241951,0.0001581237,0.01334988],\"r\":[0.5684932,358.7991,340.311],\"s\":[0.1750009,0.1750006,0.1750007],\"c\":[1,1,1]}]}]}"},{"id":"58f969edad8ac6c31317f75c","def":"{\"n\":\"thing\",\"p\":[{\"s\":[{\"p\":[0,0,0],\"r\":[0,0,0],\"s\":[0.1750004,0.1750001,0.1750003],\"c\":[1,1,1]}]},{\"s\":[{\"p\":[0.01124869,-0.002831747,0.001076675],\"r\":[1.670884,1.869568,1.529479],\"s\":[0.1750004,0.1750002,0.1750003],\"c\":[1,1,1]}]}]}"}],"serveTime":5}