{"thingDefinitions":[{"id":"57fb0aeb94d343dd1f0e8d46","def":"{\"n\":\"thing\",\"a\":[7,18],\"p\":[{\"t\":7,\"s\":[{\"p\":[0,0,0],\"r\":[0,0,0],\"s\":[15.02874,0.01253315,2.156254],\"c\":[1,1,1]}]}]}"},{"id":"57fb0cca4bc7c001145e6a8b","def":"{\"n\":\"wall\",\"a\":[7,18],\"p\":[{\"s\":[{\"p\":[0,0,0],\"r\":[0,0,0],\"s\":[50,50,0.01399675],\"c\":[0.7777778,0.7777778,0.7777778]}]},{\"s\":[{\"p\":[0,-4.471188,1.012129],\"r\":[0,0,270],\"s\":[0.02146821,14.26117,2.121812],\"c\":[1,1,1]}]}]}"}],"serveTime":7}