{"thingDefinitions":[{"id":"5c1e95384d67fc6f6091f9e9","def":"{\"v\":7,\"p\":[{\"s\":[{\"p\":[0.1127156,-405.7892,0.1656343],\"r\":[28.75001,307.625,-9.738196E-07],\"s\":[0.175,0.175,0.175],\"c\":[1,1,1]}]}]}"}],"serveTime":3}