{"thingDefinitions":[{"id":"5b2e061b89053c040178c60b","def":"{\"v\":5,\"p\":[{\"s\":[{\"p\":[0,0,0],\"r\":[0,0,0],\"s\":[0.1750002,0.1750003,0.1750003],\"c\":[1,1,1]}]}]}"}],"serveTime":5}