{"thingDefinitions":[{"id":"5cbdc3746e0e7b054e4d4383","def":"{\"v\":9,\"p\":[{\"b\":9,\"s\":[{\"p\":[-0.03224579,-0.02877231,-0.2064009],\"r\":[330.6406,114.8347,172.2554],\"s\":[0.1250001,0.1250002,0.1250001],\"c\":[0.1724866,0.3333332,0.03703704]}]},{\"b\":9,\"s\":[{\"p\":[-0.1097008,-0.1307606,-0.2087122],\"r\":[356.0446,301.957,338.9521],\"s\":[0.1292057,0.001000001,0.1250002],\"c\":[0.1724866,0.3333332,0.03703704]}]}]}"}],"serveTime":5}