{"thingDefinitions":[{"id":"59efbb043788d02f10d9b44f","def":"{\"n\":\"thing\",\"v\":2,\"p\":[{\"b\":2,\"s\":[{\"p\":[-0.3650647,-0.0443908,0.2453298],\"r\":[319.4383,69.41827,79.95966],\"s\":[0.1250001,0.1250002,0.1250001],\"c\":[1,1,1]}]},{\"b\":2,\"s\":[{\"p\":[-0.361411,0.02876014,0.3581709],\"r\":[355.7215,139.8007,320.7959],\"s\":[0.1250002,0.1250002,0.1250001],\"c\":[1,1,1]}]},{\"b\":2,\"s\":[{\"p\":[-0.5511017,-0.1493153,0.4597343],\"r\":[12.93577,24.44788,253.4337],\"s\":[0.1250003,0.1250004,0.1250001],\"c\":[1,1,1]}]}]}"}],"serveTime":6}