{"thingDefinitions":[{"id":"5c955a3b2d2ae60550299139","def":"{\"v\":9,\"p\":[{\"b\":9,\"s\":[{\"p\":[0,0,0],\"r\":[0,0,0],\"s\":[0.1250002,0.1250002,0.1250004],\"c\":[1,1,1]}]},{\"b\":248,\"s\":[{\"p\":[-0.1275796,0.3032815,-0.8728569],\"r\":[11.47741,106.9629,31.42628],\"s\":[0.1900001,0.1900001,0.1900001],\"c\":[1,1,1]}]}]}"},{"id":"5c9637d1c921f67b439df860","def":"{\"v\":9,\"a\":[1,2,3,4,12,48,49],\"p\":[{\"b\":9,\"s\":[{\"p\":[0,0,0],\"r\":[1.067217E-07,-4.124782E-15,-4.428951E-06],\"s\":[0.1250001,0.125,0.125],\"c\":[1,1,1]}]}]}"},{"id":"5c963857ebfb317b4a278b89","def":"{\"v\":9,\"p\":[{\"b\":12,\"s\":[{\"p\":[0,0,0],\"r\":[0,0,-4.268868E-07],\"s\":[0.06000003,0.06000002,0.06],\"c\":[1,1,1]}]}]}"}],"serveTime":6}