{"thingDefinitions":[{"id":"5af1e3b90739870f93d8d796","def":"{\"n\":\"red bean bag\",\"v\":4,\"a\":[2],\"p\":[{\"b\":12,\"s\":[{\"p\":[0,0,0],\"r\":[2.668044E-08,3.415095E-06,-4.268869E-07],\"s\":[0.03374879,0.06000005,0.04491211],\"c\":[1,0,0]}]},{\"b\":141,\"e\":\"abc\",\"s\":[{\"p\":[0.04272345,-0.0007298384,-0.01963304],\"r\":[311.1966,311.1136,185.5052],\"s\":[0.003000002,0.003000001,0.003000002],\"c\":[1,0,0],\"b\":[\"when touches point then play bell a sharp 2\"]}]}]}"}],"serveTime":5}