{"thingDefinitions":[{"id":"5ec1c7080d04a37ac4c41294","def":"{\"n\":\"ground\",\"v\":9,\"a\":[1],\"p\":[{\"b\":17,\"s\":[{\"p\":[0,0,0],\"r\":[0,0,-1.625838E-08],\"s\":[3.363346,0.11062,3.201102],\"c\":[0.9019608,0.8509804,0.7215686]}]},{\"b\":9,\"s\":[{\"p\":[-0.6415813,1.069175,-0.141255],\"r\":[4.515464,7.26867,183.5693],\"s\":[0.5519581,0.2581962,0.2342092],\"c\":[1,1,1]}]},{\"b\":9,\"s\":[{\"p\":[-0.8083801,1.965963,-0.449227],\"r\":[353.8805,65.13348,256.453],\"s\":[0.5519599,0.2581971,0.2342095],\"c\":[1,1,1]}]},{\"b\":9,\"s\":[{\"p\":[-0.4801747,1.873866,-0.6715907],\"r\":[304.1934,28.53411,79.3538],\"s\":[0.3642534,0.5853336,0.2342093],\"c\":[1,1,1]}]}]}"}],"serveTime":4}