{"thingDefinitions":[{"id":"5ce1cc0d2887a205719a635c","def":"{\"v\":9,\"p\":[{\"b\":32,\"s\":[{\"p\":[0,0,0],\"r\":[0,0,0],\"s\":[0.1250005,0.1250002,0.1250003],\"c\":[0.2592591,0.7777778,0.7777778]}]},{\"b\":26,\"s\":[{\"p\":[0.2414579,-0.4142914,-0.04133484],\"r\":[10.88297,44.69627,330.3001],\"s\":[0.1250002,0.1250001,0.1250003],\"c\":[0.2592591,0.7777778,0.7777778]}]},{\"b\":32,\"s\":[{\"p\":[0.1657458,-0.008855484,0.01405322],\"r\":[4.682859,77.79043,357.9068],\"s\":[0.1250002,0.1250001,0.1250003],\"c\":[0.2592591,0.7777778,0.7777778]}]},{\"b\":28,\"s\":[{\"p\":[0.1662773,-0.3850432,-0.1446726],\"r\":[337.7862,322.792,339.8978],\"s\":[0.1250006,0.1250004,0.1250003],\"c\":[0.2592591,0.7777778,0.7777778]}]}]}"}],"serveTime":6}