{"thingDefinitions":[{"id":"5c78a83ad106063a5ca9d7d4","def":"{\"v\":7,\"p\":[{\"s\":[{\"p\":[0,0,0],\"r\":[0,0,-3.415094E-06],\"s\":[0.1750003,0.1750005,0.1750009],\"c\":[1,1,1]}]},{\"b\":9,\"s\":[{\"p\":[0.2833663,0.09985583,0.2568322],\"r\":[359.144,20.94424,12.60935],\"s\":[0.1250001,0.125,0.1250001],\"c\":[1,1,1]}]},{\"b\":2,\"s\":[{\"p\":[-0.3130499,0.2915073,-0.1922397],\"r\":[343.1212,22.05557,326.9111],\"s\":[0.125,0.1250002,0.1250001],\"c\":[1,1,1]}]}]}"}],"serveTime":4}