{"thingDefinitions":[{"id":"57fdade6338444db0fcad505","def":"{\"n\":\"thing\",\"a\":[1,2,3,4,7,8,18],\"p\":[{\"b\":9,\"s\":[{\"p\":[0,0,0],\"r\":[-7.043632E-06,-5.247914E-14,8.537735E-07],\"s\":[0.1250002,0.125,0.1250001],\"c\":[1,1,1]}]}]}"},{"id":"57fdae3a91caf8ec1a4d89bf","def":"{\"n\":\"ground\",\"a\":[1],\"p\":[{\"b\":17,\"s\":[{\"p\":[0,0,0],\"r\":[0,0,0],\"s\":[3.363346,0.11062,3.201102],\"c\":[0.9019608,0.8509804,0.7215686]}]}]}"}],"serveTime":5}