{"thingDefinitions":[{"id":"5e754f250818cf18c217343c","def":"{\"n\":\"ground\",\"v\":9,\"a\":[1],\"p\":[{\"b\":17,\"s\":[{\"p\":[0,0,0],\"r\":[0,0,0],\"s\":[3.363346,0.11062,3.201102],\"c\":[0.9019608,0.8509804,0.7215686]}]},{\"s\":[{\"p\":[14.51436,3.51872,17.34144],\"r\":[313.6397,279.8765,117.2576],\"s\":[0.1750001,0.1750003,0.1750001],\"c\":[1,1,1]}]},{\"b\":12,\"s\":[{\"p\":[14.80391,3.330773,17.327],\"r\":[346.7262,49.7785,342.6773],\"s\":[0.06,0.06000001,0.06000001],\"c\":[1,1,1]}]}]}"}],"serveTime":5}