{"thingDefinitions":[{"id":"5be30b38f80d650519639088","def":"{\"v\":7,\"p\":[{\"s\":[{\"p\":[0,0,0],\"r\":[3.415095E-06,0,0],\"s\":[0.1750002,0.1750004,0.1750004],\"c\":[1,1,1]}]},{\"s\":[{\"p\":[-0.01437363,0.06042365,-0.4537221],\"r\":[340.5869,101.2144,18.68904],\"s\":[0.1750003,0.1750005,0.1750004],\"c\":[1,1,1]}]}]}"}],"serveTime":5}