{"thingDefinitions":[{"id":"5a679eee959bb5401ab0d2e0","def":"{\"n\":\"thing\",\"v\":2,\"p\":[{\"b\":86,\"s\":[{\"p\":[0.06218426,-0.005626149,-0.2767859],\"r\":[356.0061,126.2735,18.03917],\"s\":[0.07500012,0.07500011,0.07500016],\"c\":[1,1,1]}]},{\"b\":166,\"s\":[{\"p\":[0.06681295,0.04863294,-0.2600545],\"r\":[15.49953,79.39684,12.63991],\"s\":[0.03385408,0.03000007,0.0225751],\"c\":[1,1,1]}]},{\"b\":69,\"s\":[{\"p\":[-0.02983288,-0.4992872,-0.4844101],\"r\":[24.4797,38.81161,6.856915],\"s\":[0.005000002,0.3434123,0.01753446],\"c\":[1,1,1]}]},{\"b\":69,\"s\":[{\"p\":[0.1464009,0.2275354,0.1133398],\"r\":[333.8317,264.4396,53.48935],\"s\":[0.07500033,0.07500017,0.07500015],\"c\":[1,1,1]}]}]}"}],"serveTime":5}