{"thingDefinitions":[{"id":"59ec4ec44fe8e32e1071d438","def":"{\"n\":\"tv\",\"v\":2,\"a\":[1,2,16],\"p\":[{\"s\":[{\"p\":[0,0,0],\"r\":[0,0,3.415095E-06],\"s\":[0.735314,1.070946,0.0317826],\"c\":[0.2857141,0,1]}]},{\"s\":[{\"p\":[-0.0595708,-0.05720202,-0.04885906],\"r\":[87.24899,176.9015,88.02033],\"s\":[0.005000031,0.531854,0.702624],\"c\":[0.01234568,0.111111,0.111111]}]},{\"b\":5,\"s\":[{\"p\":[0.3022009,-0.4246767,-0.05378491],\"r\":[0.6489291,354.9264,315.7203],\"s\":[0.01895233,0.01786072,0.05359356],\"c\":[1,0.1714285,0]}]}]}"}],"serveTime":5}