{"thingDefinitions":[{"id":"5b21ecd2efb51e6275a8cc48","def":"{\"v\":5,\"p\":[{\"s\":[{\"p\":[0,0,0],\"r\":[0,0,-2.134434E-07],\"s\":[0.175,0.175,0.175],\"c\":[1,1,1]}]},{\"s\":[{\"p\":[0.3719608,-0.02486281,0.09041297],\"r\":[34.66857,16.15975,284.6566],\"s\":[0.175,0.1750001,0.175],\"c\":[1,1,1]}]},{\"s\":[{\"p\":[-0.2737033,0.09905638,0.1740623],\"r\":[20.1525,324.457,36.41095],\"s\":[0.1750001,0.175,0.1749999],\"c\":[1,1,1]}]}]}"}],"serveTime":4}