{"thingDefinitions":[{"id":"5c2418817863da6f76f389ac","def":"{\"v\":7,\"p\":[{\"s\":[{\"p\":[0,0,0],\"r\":[0,0,1.707547E-06],\"s\":[0.1750001,0.1750001,0.1750001],\"c\":[1,1,1]}]},{\"b\":163,\"s\":[{\"p\":[0.2458814,-0.1303026,-0.4638385],\"r\":[48.8947,179.995,149.1352],\"s\":[0.1000003,0.1,0.1000002],\"c\":[1,1,1]}]}]}"}],"serveTime":4}