{"thingDefinitions":[{"id":"5b16c1fa2d90090f8d015a41","def":"{\"v\":4,\"p\":[{\"b\":14,\"s\":[{\"p\":[-0.005791668,0.1345736,-0.27601],\"r\":[337.6136,309.9406,312.8782],\"s\":[0.06000005,0.06000004,0.06000009],\"c\":[1,1,1]}]},{\"b\":14,\"s\":[{\"p\":[0.0136619,0.1009296,-0.2386542],\"r\":[337.4606,312.3105,22.89642],\"s\":[0.06000012,0.0600001,0.06000011],\"c\":[1,1,1]}]},{\"b\":10,\"s\":[{\"p\":[0.2126317,0.274674,0.4155627],\"r\":[6.001936,71.02374,313.9485],\"s\":[0.1250006,0.1250003,0.1250009],\"c\":[1,1,1]}]},{\"b\":17,\"s\":[{\"p\":[0.005236896,-0.04576277,-0.02246013],\"r\":[357.401,327.3472,19.21894],\"s\":[0.05999997,0.06000003,0.06000005],\"c\":[1,1,1]}]}]}"}],"serveTime":5}