{"thingDefinitions":[{"id":"5bf95e72021a9d67791477d9","def":"{\"n\":\"12\",\"v\":7,\"a\":[2,49],\"p\":[{\"b\":14,\"s\":[{\"p\":[0,0,0],\"r\":[0,0,0],\"s\":[0.01397595,0.0191022,0.02077815],\"c\":[0.7777778,0.7777778,0.7777778]}]},{\"s\":[{\"p\":[-0.001442242,-0.0001561064,0.06728691],\"r\":[3.273894,84.09499,268.2492],\"s\":[0.01569966,0.03151296,0.01570565],\"c\":[0.9714286,1,0]}]}]}"},{"id":"5bf95ebe75b22a64fb6e0198","def":"{\"v\":7,\"a\":[2],\"p\":[{\"b\":14,\"s\":[{\"p\":[0,0,0],\"r\":[0,0,-1.707547E-06],\"s\":[0.02513499,0.01878187,0.5303546],\"c\":[0.1142857,0,1]}]}]}"}],"serveTime":6}