{"thingDefinitions":[{"id":"5b2965c64c76b739ec2fb2dd","def":"{\"v\":5,\"a\":[31],\"p\":[{\"b\":14,\"s\":[{\"p\":[-0.09506716,-0.1238896,0.04223466],\"r\":[359.1027,348.9302,344.8262],\"s\":[0.06526853,0.06526879,0.06526866],\"c\":[1,1,1]}]},{\"b\":14,\"s\":[{\"p\":[0.1453021,0.2036351,-0.0449915],\"r\":[1.532482,358.7223,44.84197],\"s\":[0.01773194,0.01773239,0.01773228],\"c\":[1,1,1]}]},{\"b\":14,\"s\":[{\"p\":[-0.002959356,0.1445723,-0.01244772],\"r\":[2.221325,4.189754,15.14986],\"s\":[0.06526852,0.06526881,0.0652687],\"c\":[1,1,1]}]}]}"}],"serveTime":5}