{"thingDefinitions":[{"id":"5cc351eb7d5d92056669fb0c","def":"{\"v\":9,\"p\":[{\"b\":73,\"s\":[{\"p\":[0,0,0],\"r\":[0,0,0],\"s\":[0.1402575,0.1402574,0.1402573],\"c\":[1,1,1]}]},{\"b\":144,\"s\":[{\"p\":[0.0009327201,0.008179614,0.004585663],\"r\":[38.92277,33.29934,103.8988],\"s\":[0.008128206,0.05544683,0.05405006],\"c\":[1,1,1]}]},{\"b\":69,\"s\":[{\"p\":[0.04737429,0.02984877,-0.02444555],\"r\":[49.09211,41.76085,278.8848],\"s\":[0.02121107,0.01479403,0.02099493],\"c\":[1,1,1]}]}]}"}],"serveTime":4}