{"thingDefinitions":[{"id":"5d0b20cac8176e50f570921b","def":"{\"v\":9,\"p\":[{\"b\":9,\"s\":[{\"p\":[0,0,0],\"r\":[0,0,0],\"s\":[0.125,0.1250001,0.1250001],\"c\":[1,1,1]}]}]}"},{"id":"5d0b20de3a4be050ef93eb94","def":"{\"v\":9,\"p\":[{\"b\":17,\"s\":[{\"p\":[0,0,0],\"r\":[0,0,0],\"s\":[0.06000001,0.06000004,0.06000002],\"c\":[1,1,1]}]}]}"},{"id":"5d0c5342ec01835421bf9bed","def":"{\"v\":9,\"p\":[{\"b\":12,\"s\":[{\"p\":[0,0,0],\"r\":[0,0,-4.002064E-08],\"s\":[0.06000004,0.06000003,0.06000001],\"c\":[1,1,1]}]},{\"b\":13,\"s\":[{\"p\":[-0.01382133,-0.147921,-0.003396704],\"r\":[270.7585,181.4387,171.6834],\"s\":[0.06000005,0.06000005,0.06000005],\"c\":[1,1,1]}]}]}"}],"serveTime":7}