{"thingDefinitions":[{"id":"59d51f1764c876c013f71c40","def":"{\"n\":\"thing\",\"p\":[{\"b\":2,\"s\":[{\"p\":[0.2455387,0.1766875,-0.2999106],\"r\":[335.202,60.57316,11.75208],\"s\":[0.1250001,0.1249999,0.125],\"c\":[1,1,1]}]}]}"},{"id":"59d68a5b2ddd8b1d10c754f1","def":"{\"n\":\"thing\",\"a\":[7,18],\"p\":[{\"s\":[{\"p\":[0,0,0],\"r\":[0,0,0],\"s\":[1.415569,0.03064826,2.353635],\"c\":[0.1728394,0.3111109,0.7777778]}]}]}"},{"id":"59d68ae1341eca2a103b009e","def":"{\"n\":\"thing\",\"a\":[7,18],\"p\":[{\"t\":1,\"s\":[{\"p\":[0,0,0],\"r\":[0,0,0],\"s\":[0.6408342,0.08845891,0.5411086],\"c\":[0.1728394,0.3111109,0.7777778]}]}]}"}],"serveTime":6}