{"thingDefinitions":[{"id":"5c8ebd928fce6005455b1aa9","def":"{\"v\":7,\"a\":[24],\"bod\":{},\"p\":[{\"b\":3,\"s\":[{\"p\":[0,0,0],\"r\":[0,0,-6.403303E-07],\"s\":[0.1250006,0.1250004,0.1250001],\"c\":[1,1,1]}]}]}"},{"id":"5c8ebf9f0123500552444a94","def":"{\"v\":7,\"p\":[{\"b\":175,\"s\":[{\"p\":[0,0,0],\"r\":[0,0,0],\"s\":[0.04500002,0.04499999,0.04500005],\"c\":[1,1,1]}]}]}"}],"serveTime":13}