{"thingDefinitions":[{"id":"5c8e63d717b07d0547548ece","def":"{\"v\":7,\"p\":[{\"b\":9,\"s\":[{\"p\":[0,0,0],\"r\":[0,0,0],\"s\":[0.1250001,0.125,0.125],\"c\":[1,1,1]}]},{\"b\":14,\"s\":[{\"p\":[-0.287871,0.03837234,-0.06470831],\"r\":[335.2537,1.661944,326.1834],\"s\":[0.06000004,0.06000004,0.06000003],\"c\":[1,1,1]}]},{\"b\":17,\"s\":[{\"p\":[0.4968985,0.3128347,-0.8834475],\"r\":[352.5679,116.349,73.74612],\"s\":[0.06000007,0.06000001,0.06000004],\"c\":[1,1,1]}]}]}"}],"serveTime":4}