{"thingDefinitions":[{"id":"5a7d39e87e8db7a013b1dd4c","def":"{\"n\":\"thing\",\"v\":2,\"p\":[{\"b\":90,\"e\":\"HOW DO YOU GET ALL OF YOUR COOL CRAP?\",\"s\":[{\"p\":[0,0,0],\"r\":[0,0,0],\"s\":[0.003000001,0.003000001,0.003000003],\"c\":[1,1,1]},{\"p\":[0,0,0],\"r\":[0,0,0],\"s\":[0.003000001,0.003000001,0.003000003],\"c\":[1,1,1]}]}]}"}],"serveTime":4}