{"thingDefinitions":[{"id":"5d50ed07cd269f061f9c2886","def":"{\"v\":9,\"p\":[{\"b\":121,\"e\":\"HELLO\",\"s\":[{\"p\":[-0.3134011,0.5751148,-0.07682893],\"r\":[331.9198,333.0395,2.299834],\"s\":[0.002999999,0.003000003,0.003000003],\"c\":[1,1,1]},{\"p\":[0,0,0],\"r\":[0,0,-5.336085E-08],\"s\":[0.002999999,0.003000001,0.003000001],\"c\":[1,1,1]},{\"p\":[0,0,0],\"r\":[0,0,-5.336085E-08],\"s\":[0.002999999,0.003000001,0.003000001],\"c\":[1,1,1]}]}]}"}],"serveTime":4}