{"thingDefinitions":[{"id":"5f78e6e727d2f72e208c4259","def":"{\"v\":9,\"p\":[{\"b\":2,\"s\":[{\"p\":[0.2544714,0.06951965,0.0119901],\"r\":[2.99217,353.2841,27.06115],\"s\":[0.125,0.1250003,0.1250003],\"c\":[1,1,1]}]},{\"b\":2,\"s\":[{\"p\":[-0.4303024,-0.02691969,0.068701],\"r\":[359.7757,346.5008,320.0425],\"s\":[0.125,0.1250005,0.1250005],\"c\":[1,1,1]}]},{\"b\":2,\"s\":[{\"p\":[-0.04111242,-0.09115684,0.001832731],\"r\":[355.6164,6.032561,358.0005],\"s\":[0.125,0.1250004,0.1250005],\"c\":[1,1,1]},{\"p\":[-0.04111242,-0.09115684,0.001832731],\"r\":[355.6164,6.032561,358.0005],\"s\":[0.125,0.1250004,0.1250005],\"c\":[1,1,1]}]}]}"}],"serveTime":5}