{"thingDefinitions":[{"id":"5c6ee58f78f2e96d993608e2","def":"{\"v\":7,\"p\":[{\"s\":[{\"p\":[0.4196116,1.264051,-0.1611323],\"r\":[299.2813,325.8107,146.5537],\"s\":[1.536033,0.4279822,0.8403013],\"c\":[1,1,1]}]},{\"s\":[{\"p\":[1.068091,-5.470868,-0.8731241],\"r\":[31.00699,272.7525,2.174024],\"s\":[1.536038,0.4279837,0.8403049],\"c\":[1,1,1]}]}]}"}],"serveTime":4}