{"thingDefinitions":[{"id":"5cdb39764adee50e3024563f","def":"{\"v\":9,\"p\":[{\"b\":9,\"s\":[{\"p\":[0,0,0],\"r\":[0,0,-8.537735E-07],\"s\":[0.125,0.1250001,0.125],\"c\":[1,1,1]}]}]}"},{"id":"5c907d5b9f07bc74ae49dd22","def":"{\"n\":\"welcome\",\"v\":8,\"a\":[2,19,31],\"p\":[{\"s\":[{\"p\":[0,0,0],\"r\":[0,0,0],\"s\":[0.1750001,0.1750001,0.1750001],\"c\":[1,1,1],\"b\":[\"when someone new in vicinity then play evil why hello there voice\",\"when touched then say reeeeeeeeee do not touch my box\",\"when hears no you then say okay\",\"when someone new in vicinity then become 2 in 2.5s\",\"when touched then become 3 in 1s\"]},{\"p\":[0,0,0],\"r\":[0,0,0],\"s\":[3.262566,3.262566,3.262566],\"c\":[1,0.5555556,0.5555556],\"b\":[\"when starts then become 1 in 2.5s\",\"when starts then say welcome new visitor\"]},{\"p\":[-0.03245004,0.1223985,0.04161703],\"r\":[311.9403,355.9659,326.3229],\"s\":[0.2407539,0.2409325,0.2409325],\"c\":[0,0.222222,0.08888876],\"b\":[\"when starts then become 1 in 1s\"]}]}]}"}],"serveTime":6}