{"thingDefinitions":[{"id":"5e29021286c3fb287e653f68","def":"{\"v\":9,\"p\":[{\"s\":[{\"p\":[0,0,0],\"r\":[0,0,0],\"s\":[0.1750011,0.1783402,0.1750003],\"c\":[1,1,1]}]}]}"}],"serveTime":4}