{"thingDefinitions":[{"id":"59fe27ba5a83feb5132e63be","def":"{\"n\":\"thing\",\"v\":2,\"p\":[{\"b\":9,\"s\":[{\"p\":[0,0,0],\"r\":[0,0,0],\"s\":[0.1250001,0.1250001,0.1250002],\"c\":[1,1,1]}]},{\"b\":9,\"s\":[{\"p\":[-0.05902209,0.4753394,-0.1003235],\"r\":[295.4593,310.2986,83.33852],\"s\":[0.1250002,0.1250001,0.1250002],\"c\":[1,1,1]}]},{\"b\":12,\"s\":[{\"p\":[-0.1521277,0.2283036,0.05871603],\"r\":[1.162201,304.9238,87.38245],\"s\":[0.06000018,0.06000012,0.06000015],\"c\":[1,1,1]}]}]}"}],"serveTime":5}