{"thingDefinitions":[{"id":"5de6fc80ebe6001c09644803","def":"{\"v\":9,\"a\":[4],\"p\":[{\"b\":9,\"s\":[{\"p\":[0,0,0],\"r\":[0,0,-1.707547E-06],\"s\":[0.1250002,0.1250003,0.1250003],\"c\":[1,1,1]}]},{\"b\":9,\"s\":[{\"p\":[0.2172095,0.1284024,0.1631095],\"r\":[67.42683,18.30692,272.3048],\"s\":[0.1250002,0.1250003,0.1250001],\"c\":[1,1,1]}]}]}"}],"serveTime":4}