{"thingDefinitions":[{"id":"5c8c5f3e12a8f449dc1e21b5","def":"{\"v\":7,\"a\":[2,15],\"p\":[{\"s\":[{\"p\":[0.09438366,0.2835055,-0.3352175],\"r\":[358.8917,132.8438,5.6075],\"s\":[0.1750038,0.1750038,0.1750039],\"c\":[1,1,1]},{\"p\":[0,0,0],\"r\":[0,0,0],\"s\":[0.1750002,0.1750002,0.1750001],\"c\":[1,1,1]}]}]}"}],"serveTime":7}