{"thingDefinitions":[{"id":"59d1333c05bf469913d9208b","def":"{\"n\":\"ground\",\"a\":[1],\"p\":[{\"b\":17,\"s\":[{\"p\":[0,0,0],\"r\":[0,0,0],\"s\":[3.363346,0.11062,3.201102],\"c\":[0.9019608,0.8509804,0.7215686]}]},{\"b\":3,\"t\":9,\"s\":[{\"p\":[-2.554527,1.43541,0.5635153],\"r\":[340.5876,283.3371,98.90417],\"s\":[0.1250002,0.1250003,0.1250001],\"c\":[1,0,0.3428572]}]},{\"t\":9,\"s\":[{\"p\":[-1.891969,1.365784,0.8871623],\"r\":[333.1196,343.514,87.06927],\"s\":[0.1750002,0.618243,0.1750003],\"c\":[0.3456789,0.5925925,0.7777778]}]}]}"}],"serveTime":4}