{"thingDefinitions":[{"id":"5ef8f85bdd526846fbb08d02","def":"{\"n\":\"ground\",\"v\":9,\"a\":[1],\"p\":[{\"b\":17,\"s\":[{\"p\":[0,0,0],\"r\":[0,0,0],\"s\":[3.363346,0.11062,3.201102],\"c\":[0.9019608,0.8509804,0.7215686]}]},{\"b\":2,\"s\":[{\"p\":[-0.1216549,1.506426,2.700919],\"r\":[282.7385,51.63546,201.4672],\"s\":[0.1250006,0.1250005,0.1250002],\"c\":[1,1,1]}]},{\"b\":250,\"s\":[{\"p\":[-0.07322454,1.228875,2.707497],\"r\":[328.3875,292.1801,327.0322],\"s\":[0.2400009,0.2400001,0.2400008],\"c\":[1,1,1]}]}]}"}],"serveTime":4}