{"thingDefinitions":[{"id":"5a947a4364975dac5cc63c29","def":"{\"v\":2,\"p\":[{\"b\":9,\"s\":[{\"p\":[0,0,0],\"r\":[0,0,0],\"s\":[0.1250001,0.125,0.1250001],\"c\":[1,1,1]}]},{\"b\":9,\"s\":[{\"p\":[0.3668824,-0.8581177,-0.140299],\"r\":[31.69908,35.11522,345.8989],\"s\":[0.4583603,0.3173525,0.4208393],\"c\":[1,1,1]}]},{\"b\":9,\"s\":[{\"p\":[-0.7885898,0.05092782,-0.5676643],\"r\":[31.46383,240.1272,167.5107],\"s\":[0.4583609,0.6701431,0.4535242],\"c\":[1,1,1]}]}]}"}],"serveTime":4}