{"thingDefinitions":[{"id":"5a75ff5ab18fd3892b107163","def":"{\"n\":\"thing\",\"v\":2,\"p\":[{\"b\":154,\"s\":[{\"p\":[0,0,0],\"r\":[0,0,-1.387382E-06],\"s\":[0.07000011,0.0700002,0.07000016],\"c\":[1,1,1]}]},{\"b\":154,\"s\":[{\"p\":[-0.1317096,0.4301599,-0.1717246],\"r\":[57.81582,93.11108,55.49443],\"s\":[0.07000018,0.07000019,0.07000016],\"c\":[1,1,1]}]}]}"}],"serveTime":4}