{"thingDefinitions":[{"id":"5d07bd258e68912ad2c88aad","def":"{\"n\":\"ground\",\"v\":9,\"p\":[{\"b\":17,\"s\":[{\"p\":[0,0,0],\"r\":[0,0,3.835311E-08],\"s\":[3.363345,0.11062,3.201103],\"c\":[0.1975307,0.8888889,0.4740741]}]}]}"},{"id":"5d07bdb6463a14596d437b40","def":"{\"v\":9,\"p\":[{\"b\":14,\"s\":[{\"p\":[0,0,0],\"r\":[0,0,0],\"s\":[0.06000002,0.06000003,0.06000003],\"c\":[1,1,1]}]}]}"},{"id":"5d07be0690a1db2ad12bb8a2","def":"{\"v\":9,\"p\":[{\"b\":166,\"s\":[{\"p\":[0,0,0],\"r\":[0,0,0],\"s\":[0.03000002,0.03,0.03000003],\"c\":[0.6666667,0.342857,0]}]}]}"},{"id":"5d07be4b828c3e06386b74db","def":"{\"v\":9,\"p\":[{\"b\":175,\"s\":[{\"p\":[0,0,0],\"r\":[0,0,5.336085E-08],\"s\":[0.045,0.04500001,0.04500002],\"c\":[0,1,0.3999999]}]}]}"}],"serveTime":8}