{"thingDefinitions":[{"id":"5ca01650b00a1f65db72079d","def":"{\"v\":9,\"p\":[{\"b\":142,\"e\":\"HYUOYI\",\"s\":[{\"p\":[0,0,0],\"r\":[0,0,-5.336085E-08],\"s\":[0.04874878,0.04874882,0.04874882],\"c\":[1,1,1]}]},{\"s\":[{\"p\":[0.1231208,-0.5639111,-0.2998636],\"r\":[333.6974,21.17783,348.4695],\"s\":[0.175,0.175,0.175],\"c\":[1,1,1]}]}]}"}],"serveTime":4}