{"thingDefinitions":[{"id":"5c8e44f2dbfe794be0245e5e","def":"{\"v\":7,\"p\":[{\"b\":9,\"s\":[{\"p\":[0,0,0],\"r\":[0,0,3.415095E-06],\"s\":[0.1250003,0.1250001,0.1250003],\"c\":[1,1,1]}]},{\"s\":[{\"p\":[-0.2387269,-0.1474872,-0.07787606],\"r\":[26.70658,246.4699,77.55174],\"s\":[0.175,0.175,0.175],\"c\":[1,1,1]}]}]}"}],"serveTime":5}