{"thingDefinitions":[{"id":"5a05f1ccf366f3ea1198d0d5","def":"{\"n\":\"thing\",\"v\":2,\"p\":[{\"b\":3,\"s\":[{\"p\":[0.01428597,-0.004697554,-0.09834969],\"r\":[351.5775,18.60759,352.8214],\"s\":[0.125,0.125,0.125],\"c\":[1,1,1]}]},{\"b\":5,\"s\":[{\"p\":[0.04877779,-0.07851875,-0.4560274],\"r\":[352.8419,355.5591,14.24243],\"s\":[0.06723877,0.0945823,0.7079043],\"c\":[1,1,1]}]}]}"}],"serveTime":5}