{"thingDefinitions":[{"id":"5c7b242a5a6ca1052f85581b","def":"{\"v\":7,\"p\":[{\"b\":11,\"s\":[{\"p\":[0,0,0],\"r\":[0,0,0],\"s\":[0.09999998,0.1000001,0.1000001],\"c\":[1,1,1]}]},{\"b\":11,\"s\":[{\"p\":[0.1378028,0.08401772,-0.3253417],\"r\":[346.063,27.39694,349.1757],\"s\":[0.1,0.1000002,0.1000002],\"c\":[1,1,1]}]},{\"b\":11,\"s\":[{\"p\":[-0.002229571,-0.1085796,0.219252],\"r\":[358.4618,335.4409,349.0767],\"s\":[0.1,0.1000003,0.1000001],\"c\":[1,1,1]}]}]}"}],"serveTime":3}