{"thingDefinitions":[{"id":"5a6510945b18e75e14206823","def":"{\"n\":\"thing\",\"v\":2,\"a\":[2,4,15,17],\"p\":[{\"b\":76,\"s\":[{\"p\":[0,0,0],\"r\":[0,0,5.336085E-08],\"s\":[0.4184523,0.2799966,0.2890177],\"c\":[1,1,1]}]}]}"}],"serveTime":5}