{"thingDefinitions":[{"id":"5c2641b97863da6f76f38a0a","def":"{\"n\":\"uywe\",\"v\":7,\"p\":[{\"b\":10,\"s\":[{\"p\":[0,0,0],\"r\":[0,0,0],\"s\":[0.1434017,0.1161813,0.1441662],\"c\":[1,1,1]}]},{\"b\":12,\"s\":[{\"p\":[-0.3069358,-2.272757,-0.1174562],\"r\":[15.42851,276.9083,280.8508],\"s\":[0.06000011,0.06000008,0.06000008],\"c\":[0.0617283,0.5555556,0.5555556]}]},{\"b\":163,\"s\":[{\"p\":[-0.3373418,-1.948891,-0.1253771],\"r\":[355.1767,179.8774,286.63],\"s\":[0.1000001,0.1000001,0.1000002],\"c\":[1,1,1]}]}]}"}],"serveTime":5}