{"thingDefinitions":[{"id":"5c316a33638de76f667e92cc","def":"{\"v\":7,\"p\":[{\"b\":7,\"s\":[{\"p\":[0,0,0],\"r\":[0,0,1.494104E-06],\"s\":[0.1250001,0.125,0.125],\"c\":[1,1,1]}]}]}"}],"serveTime":5}