{"thingDefinitions":[{"id":"5d33549dc268bc353120d3a8","def":"{\"n\":\"ground\",\"v\":9,\"a\":[1],\"p\":[{\"b\":17,\"s\":[{\"p\":[0,0,0],\"r\":[0,0,0],\"s\":[60.04858,0.11062,18.25091],\"c\":[0.9019608,0.8509804,0.7215686]}]}]}"}],"serveTime":4}