{"thingDefinitions":[{"id":"5b3bf07c913f18391ea6b612","def":"{\"v\":5,\"p\":[{\"b\":2,\"s\":[{\"p\":[0,0,0],\"r\":[0,0,0],\"s\":[0.125,0.1250001,0.1250002],\"c\":[1,1,1]}]},{\"b\":2,\"s\":[{\"p\":[0.01365128,-0.003488252,-0.1194017],\"r\":[359.7475,181.5104,0.7678714],\"s\":[0.1250001,0.1250003,0.1250003],\"c\":[1,1,1]}]},{\"b\":16,\"s\":[{\"p\":[0.4241547,-0.0204781,-0.113349],\"r\":[44.05612,10.79022,93.91685],\"s\":[0.1338412,0.1250001,0.1304158],\"c\":[1,1,1]}]}]}"}],"serveTime":5}