{"thingDefinitions":[{"id":"5c89d50053441e05567c4a5b","def":"{\"v\":7,\"p\":[{\"s\":[{\"p\":[0.2606159,0.2676444,0.1767109],\"r\":[68.41664,323.788,188.8436],\"s\":[0.5921871,0.0338863,0.3554276],\"c\":[1,1,1]}]}]}"}],"serveTime":3}