{"thingDefinitions":[{"id":"5c95691febfb317b4a278af1","def":"{\"v\":9,\"p\":[{\"b\":14,\"s\":[{\"p\":[0,0,0],\"r\":[0,0,0],\"s\":[0.05999999,0.06000002,0.06000002],\"c\":[1,1,1]}]},{\"b\":249,\"s\":[{\"p\":[-0.0252508,-0.02068624,0.2013507],\"r\":[3.77105,88.15485,333.3294],\"s\":[0.220001,0.2200008,0.2200006],\"c\":[1,1,1]}]}]}"},{"id":"5c956958ebfb317b4a278af2","def":"{\"v\":9,\"p\":[{\"b\":247,\"s\":[{\"p\":[0,0,0],\"r\":[0,0,0],\"s\":[0.23,0.2300001,0.2300001],\"c\":[1,1,1]}]}]}"}],"serveTime":5}