{"thingDefinitions":[{"id":"5c21011983f66e6e553400d4","def":"{\"v\":7,\"p\":[{\"s\":[{\"p\":[0,0,0],\"r\":[0,0,0],\"s\":[0.1750005,0.1750004,0.1750003],\"c\":[1,1,1]}]}]}"}],"serveTime":17}