{"thingDefinitions":[{"id":"5d93d354c37a927fec8c8c66","def":"{\"n\":\"ground\",\"v\":9,\"a\":[1],\"p\":[{\"b\":17,\"s\":[{\"p\":[-0.05109648,-0.01133896,-0.298907],\"r\":[5.698839,337.1268,358.9774],\"s\":[2.929553,1.426125,4.489636],\"c\":[0.9019608,0.8509804,0.7215686]}]},{\"b\":17,\"s\":[{\"p\":[-0.7009256,2.705787,-0.819852],\"r\":[22.80138,284.4662,234.4246],\"s\":[2.929574,1.426135,4.489646],\"c\":[0.9019608,0.8509804,0.7215686]}]},{\"b\":17,\"s\":[{\"p\":[-0.3635389,2.227608,-1.179432],\"r\":[353.9334,295.3604,257.2397],\"s\":[2.929562,1.42613,4.489642],\"c\":[0.9019608,0.8509804,0.7215686]}]}]}"}],"serveTime":5}