{"thingDefinitions":[{"id":"5c528c6bc34453758d83636c","def":"{\"n\":\"ground\",\"v\":7,\"a\":[1],\"p\":[{\"b\":17,\"s\":[{\"p\":[0,0,0],\"r\":[0,0,0],\"s\":[5.893354,0.07472179,3.964294],\"c\":[0.9019608,0.8509804,0.7215686]}]}]}"}],"serveTime":4}