{"thingDefinitions":[{"id":"5d5309bb822656061e597fbf","def":"{\"n\":\"tihng\",\"v\":9,\"p\":[{\"b\":10,\"s\":[{\"p\":[0.3985472,0.1271267,-0.07526893],\"r\":[345.6639,25.47977,27.41585],\"s\":[0.1250001,0.1250002,0.1250001],\"c\":[1,1,1]}]},{\"b\":10,\"s\":[{\"p\":[0.1950429,0.2480306,-0.2183782],\"r\":[357.5409,22.60914,13.50344],\"s\":[0.1250001,0.1250001,0.1250001],\"c\":[1,1,1]}]},{\"b\":10,\"s\":[{\"p\":[0.7897515,0.751746,-0.3472751],\"r\":[7.862881,26.75249,42.85715],\"s\":[0.948667,0.1250001,0.1250001],\"c\":[1,1,1]}]}]}"}],"serveTime":5}