{"thingDefinitions":[{"id":"5d28d2af2ec3f47c239ff3de","def":"{\"n\":\"ground\",\"v\":9,\"a\":[1],\"p\":[{\"b\":13,\"s\":[{\"p\":[-0.2899802,1.105915,-0.1747974],\"r\":[346.8572,78.63572,4.541933],\"s\":[0.0600001,0.06,0.06000012],\"c\":[1,1,1]}]},{\"b\":17,\"s\":[{\"p\":[-0.4215966,2.044197,-0.7616787],\"r\":[340.8922,65.51132,147.3861],\"s\":[3.363348,0.11062,3.253315],\"c\":[0.9019608,0.8509804,0.7215686]}]}]}"}],"serveTime":4}