{"thingDefinitions":[{"id":"5d1aa65d114ef70603c77de3","def":"{\"v\":9,\"p\":[{\"b\":12,\"s\":[{\"p\":[0,0,0],\"r\":[0,0,0],\"s\":[0.06000006,0.05999999,0.06000002],\"c\":[1,1,1]}]}]}"}],"serveTime":5}