{"thingDefinitions":[{"id":"5881f936205c3576143f6f7c","def":"{\"n\":\"thing\",\"a\":[7,18],\"p\":[{\"s\":[{\"p\":[0,0,0],\"r\":[0,0,0],\"s\":[150,150,0.1750014],\"c\":[0.04938265,0.4444444,0.0719576]}]}]}"}],"serveTime":5}