{"thingDefinitions":[{"id":"5c549cd70f573e1d8c732984","def":"{\"v\":7,\"p\":[{\"b\":12,\"s\":[{\"p\":[0,0,0],\"r\":[0,0,0],\"s\":[0.06000013,0.06000001,0.06000013],\"c\":[1,1,1]}]}]}"}],"serveTime":5}