{"thingDefinitions":[{"id":"5af3621f081e804335f0a0ea","def":"{\"n\":\"ground\",\"v\":4,\"a\":[1,7],\"p\":[{\"s\":[{\"p\":[0,0,0],\"r\":[0,0,0],\"s\":[2500,0.005,2500],\"c\":[0,0,0]}]}]}"},{"id":"5af36272465fa30f9537fb19","def":"{\"v\":4,\"p\":[{\"b\":5,\"s\":[{\"p\":[0,0,0],\"r\":[-8.537738E-07,5.336087E-08,-1.280661E-06],\"s\":[0.09207703,0.1250005,0.05716822],\"c\":[1,1,1]}]}]}"}],"serveTime":7}