{"thingDefinitions":[{"id":"5b22f99cc34bfc6f8f8343bc","def":"{\"n\":\"ground\",\"v\":5,\"a\":[1],\"p\":[{\"b\":17,\"s\":[{\"p\":[0,0,0],\"r\":[0,0,0],\"s\":[3.363346,0.11062,3.201102],\"c\":[0.9019608,0.8509804,0.7215686]}]}]}"},{"id":"5b22f9782ce4086fd9e66725","def":"{\"n\":\"hi\",\"v\":5,\"p\":[{\"b\":69,\"s\":[{\"p\":[0,0,0],\"r\":[0,0,0],\"s\":[0.07500002,0.07500001,0.075],\"c\":[1,1,1]}]}]}"}],"serveTime":5}