{"thingDefinitions":[{"id":"5e14f9b8635e911d9689b95e","def":"{\"v\":9,\"p\":[{\"s\":[{\"p\":[0,0,0],\"r\":[0,0,0],\"s\":[0.1750009,0.1750005,0.1750009],\"c\":[1,1,1]}]},{\"b\":12,\"s\":[{\"p\":[-0.01772732,0.1363156,0.09040755],\"r\":[1.585409,356.8687,347.6902],\"s\":[0.06000008,0.06000004,0.06000007],\"c\":[1,1,1]}]},{\"b\":152,\"s\":[{\"p\":[-0.008537907,0.2426625,0.08251928],\"r\":[275.7119,59.15509,296.6699],\"s\":[0.04000003,0.04000003,0.04000007],\"c\":[1,1,1]}]}]}"}],"serveTime":5}