{"thingDefinitions":[{"id":"5b07076f1b9b03745d75528a","def":"{\"v\":4,\"p\":[{\"s\":[{\"p\":[0,0,0],\"r\":[0,0,0],\"s\":[0.1750002,0.1750001,0.1750003],\"c\":[1,1,1]}]}]}"}],"serveTime":4}