{"thingDefinitions":[{"id":"5d4a0e511ed2a81b5ebcba7c","def":"{\"n\":\"ground\",\"v\":9,\"a\":[1],\"p\":[{\"b\":17,\"s\":[{\"p\":[0,0,0],\"r\":[0,0,0],\"s\":[3.363346,0.11062,3.201102],\"c\":[0.8888889,0.8888889,0.8888889]}]},{\"s\":[{\"p\":[-0.6772098,0.6399184,0.4573226],\"r\":[12.05159,15.43727,271.6144],\"s\":[0.1750001,0.1750001,0.175],\"c\":[0.1142857,0,1]}]},{\"b\":2,\"s\":[{\"p\":[-0.6729546,0.7810707,0.4837144],\"r\":[282.7687,14.41638,358.7538],\"s\":[0.125,0.1250002,0.1250001],\"c\":[1,1,1]}]},{\"b\":14,\"s\":[{\"p\":[-0.9002028,0.4534237,0.1994364],\"r\":[296.0791,11.5499,337.0011],\"s\":[0.06000004,0.06000017,0.06000017],\"c\":[1,1,1]}]}]}"}],"serveTime":5}