{"thingDefinitions":[{"id":"5c7999b20fe37c41581ef16e","def":"{\"v\":7,\"a\":[2,12,16,49],\"tp_m\": 10,\"p\":[{\"b\":69,\"s\":[{\"p\":[0,0,0],\"r\":[0,0,1.494104E-06],\"s\":[0.07500046,0.07500037,0.0750002],\"c\":[0,0,0]}]},{\"b\":3,\"s\":[{\"p\":[-0.2200212,-0.09073193,0.1861734],\"r\":[289.3252,301.2475,68.95181],\"s\":[0.125,0.125,0.125],\"c\":[0,0,0]}]}]}"},{"id":"5c799c188773714157a94a89","def":"{\"v\":7,\"tp_m\": 10,\"p\":[{\"b\":47,\"s\":[{\"p\":[0.09164724,-0.02678789,-0.221535],\"r\":[52.45074,4.837381,96.37684],\"s\":[0.1250011,0.1250002,0.1250011],\"c\":[1,0.6857142,0]}]}]}"}],"serveTime":6}