{"thingDefinitions":[{"id":"5a3dcd72b1c10dc813c1007f","def":"{\"n\":\"thing\",\"v\":2,\"p\":[{\"b\":9,\"s\":[{\"p\":[0.02388916,0.02590087,0.1295449],\"r\":[49.27299,44.16143,15.8992],\"s\":[0.125,0.125,0.1250001],\"c\":[1,1,1]}]},{\"b\":4,\"s\":[{\"p\":[0.06402458,0.02535892,0.3516602],\"r\":[344.5754,2.982597,6.239905],\"s\":[0.125,0.125,0.125],\"c\":[1,1,1]}]},{\"b\":5,\"s\":[{\"p\":[0.008003489,0.011052,0.02586043],\"r\":[354.0872,359.0635,0.5464293],\"s\":[0.125,0.125,0.1250001],\"c\":[1,1,1]}]}]}"}],"serveTime":5}