{"thingDefinitions":[{"id":"5c7337bce59c5e5b788bbf92","def":"{\"v\":7,\"p\":[{\"t\":9,\"s\":[{\"p\":[0,0,0],\"r\":[0,0,0],\"s\":[0.1750002,0.175,0.1750001],\"c\":[1,0,0.8571426]}]},{\"t\":9,\"s\":[{\"p\":[-0.007603993,0.2063058,-0.01040686],\"r\":[355.2796,0.665565,3.162334],\"s\":[0.1750003,0.175,0.1750003],\"c\":[1,0,0.8571426]}]},{\"b\":5,\"t\":9,\"s\":[{\"p\":[-0.7888796,0.7019119,-0.2271055],\"r\":[341.5795,225.9191,52.35153],\"s\":[0.1000001,0.1000001,0.1000002],\"c\":[1,0,0.8571426]}]}]}"}],"serveTime":6}