{"thingDefinitions":[{"id":"5bff8a4c1171b26459736aac","def":"{\"v\":7,\"a\":[2],\"p\":[{\"s\":[{\"p\":[0.01124527,0.3167087,0.1191745],\"r\":[314.4001,348.6283,9.231118],\"s\":[0.1750003,0.1750004,0.1750001],\"c\":[1,1,1]}]},{\"b\":2,\"s\":[{\"p\":[-0.1276267,0.3088697,0.1305236],\"r\":[4.776723,267.6178,134.7767],\"s\":[0.1250001,0.1250001,0.1250001],\"c\":[1,1,1]}]},{\"s\":[{\"p\":[0.1882175,0.3337913,0.1206458],\"r\":[313.8844,355.3781,5.184966],\"s\":[0.1750008,0.1750006,0.1750006],\"c\":[1,1,1]}]}]}"}],"serveTime":5}