{"thingDefinitions":[{"id":"5c79dd770a88025010c7a89b","def":"{\"v\":7,\"p\":[{\"b\":80,\"t\":23,\"s\":[{\"p\":[0,0,0],\"r\":[0,0,-1.494104E-06],\"s\":[0.075,0.07500006,0.07500002],\"c\":[0,0.05714229,1]}]}]}"}],"serveTime":4}