{"thingDefinitions":[{"id":"589364b354f1c21f10e72c70","def":"{\"n\":\"thing\",\"p\":[{\"b\":5,\"s\":[{\"p\":[-0.0126402,0.04301219,-0.01592735],\"r\":[4.821561,359.8911,356.3268],\"s\":[0.2073294,0.2248942,1.058961],\"c\":[1,1,1]}]}]}"},{"id":"589364d9844d547d618391b0","def":"{\"n\":\"thing\",\"p\":[{\"b\":7,\"s\":[{\"p\":[0,0,0],\"r\":[0,0,0],\"s\":[0.2275477,0.122812,0.2114754],\"c\":[1,1,1]}]}]}"}],"serveTime":6}