{"thingDefinitions":[{"id":"5ce86cf79ed3230e3108109f","def":"{\"n\":\"ground\",\"v\":9,\"a\":[1],\"p\":[{\"b\":17,\"s\":[{\"p\":[0,0,0],\"r\":[0,0,1.5508E-07],\"s\":[3.857329,0.1733088,4.358918],\"c\":[0.9019608,0.8509804,0.7215686]}]}]}"}],"serveTime":4}