{"thingDefinitions":[{"id":"5a6255e1ca650375134d680d","def":"{\"n\":\"thing\",\"v\":2,\"p\":[{\"b\":2,\"s\":[{\"p\":[0,0,0],\"r\":[0,0,8.537735E-07],\"s\":[0.1250001,0.1250001,0.125],\"c\":[1,1,1]}]},{\"b\":9,\"s\":[{\"p\":[-0.176998,-0.709549,0.2438528],\"r\":[51.1324,294.3575,282.2419],\"s\":[0.1250003,0.125,0.1250002],\"c\":[1,1,1]}]}]}"}],"serveTime":5}