{"thingDefinitions":[{"id":"5bd8f069e1a7e8275aac16f9","def":"{\"v\":7,\"p\":[{\"b\":9,\"s\":[{\"p\":[0,0,0],\"r\":[0,0,8.537737E-07],\"s\":[0.1250002,0.1250001,0.1250001],\"c\":[1,1,1]}]}]}"},{"id":"5bd8f0e88909a03a0074460f","def":"{\"v\":7,\"tp_m\": 6,\"p\":[{\"b\":251,\"s\":[{\"p\":[0,0,0],\"r\":[0,0,2.401239E-07],\"s\":[0.2400005,0.2400002,0.2400003],\"c\":[1,1,1]}]},{\"b\":247,\"s\":[{\"p\":[-0.2439278,-0.04740844,-0.1156183],\"r\":[16.87601,29.39968,328.3071],\"s\":[0.2300001,0.23,0.2300001],\"c\":[1,1,1]}]}]}"}],"serveTime":6}