{"thingDefinitions":[{"id":"5cdb2788ba93cc529e9079cf","def":"{\"n\":\"ground\",\"v\":9,\"a\":[1],\"p\":[{\"b\":17,\"s\":[{\"p\":[0,0,0],\"r\":[0,0,0],\"s\":[3.363346,0.11062,3.201102],\"c\":[0.9019608,0.8509804,0.7215686]}]},{\"s\":[{\"p\":[0.1282044,1.538463,0.6837279],\"r\":[348.8756,135.9245,208.2782],\"s\":[1.250767,1.040578,1.273559],\"c\":[0,0.2285712,1]}]}]}"}],"serveTime":4}