{"thingDefinitions":[{"id":"58c994a9c82a5afb13556e6b","def":"{\"n\":\"thing\",\"p\":[{\"b\":68,\"s\":[{\"p\":[0,0,0],\"r\":[0,0,0],\"s\":[150,150,0.1000001],\"c\":[0.7777778,0.7283951,0.4320987]}]}]}"},{"id":"58c99525dfb9f808147b84e9","def":"{\"n\":\"thing\",\"p\":[{\"b\":14,\"s\":[{\"p\":[0,0,0],\"r\":[0,0,0],\"s\":[1.295195,1.382451,2.248331],\"c\":[0.984127,1,0.4444443]}]}]}"},{"id":"58ce7e62b9a2c7b01339257a","def":"{\"n\":\"pyramid\",\"a\":[7],\"p\":[{\"b\":2,\"t\":1,\"s\":[{\"p\":[0,0,0],\"r\":[0,0,0],\"s\":[11.59733,19.50893,15.59284],\"c\":[0.9873015,1,0.5555556],\"pr\":{\"c\":[0.984127,1,0.4444444],\"m\":0.25,\"a\":0.25,\"s\":0.15,\"z\":0.25,\"g\":0.5,\"h\":0.25}}]}]}"}],"serveTime":8}