{"thingDefinitions":[{"id":"5c23f931de198331858104ae","def":"{\"v\":7,\"p\":[{\"s\":[{\"p\":[0,0,0],\"r\":[0,0,4.268868E-07],\"s\":[0.1750001,0.1750002,0.1750001],\"c\":[1,1,1]}]}]}"}],"serveTime":5}