{"thingDefinitions":[{"id":"5a3d56a371f9d71a10f3bfce","def":"{\"n\":\"thing\",\"v\":2,\"p\":[{\"b\":3,\"s\":[{\"p\":[0.2831863,0.1801535,-0.1727714],\"r\":[320.1201,24.20354,350.0667],\"s\":[0.1977846,0.2349723,0.2325557],\"c\":[1,1,1]}]},{\"b\":3,\"s\":[{\"p\":[0.1227752,0.4068598,-0.1921052],\"r\":[337.684,33.51056,295.5787],\"s\":[0.1250004,0.1250002,0.1250004],\"c\":[1,1,1]}]},{\"b\":3,\"s\":[{\"p\":[0.07893001,0.04630506,-0.01610397],\"r\":[345.9274,19.40637,20.78307],\"s\":[0.1250004,0.1250001,0.1250005],\"c\":[1,1,1]}]}]}"}],"serveTime":4}