{"thingDefinitions":[{"id":"5c872a0d86866d054cb17b56","def":"{\"v\":7,\"p\":[{\"b\":75,\"s\":[{\"p\":[0,0,0],\"r\":[0,0,-1.28066E-06],\"s\":[0.07500047,0.07500039,0.07500023],\"c\":[1,1,1]}]},{\"b\":75,\"s\":[{\"p\":[-0.001245565,0.1473149,0.003912992],\"r\":[359.0552,229.4734,179.4705],\"s\":[0.07500001,0.07500014,0.0750001],\"c\":[1,1,1]}]}]}"}],"serveTime":4}