{"thingDefinitions":[{"id":"5c722939fa31b00e76f97084","def":"{\"v\":7,\"p\":[{\"b\":10,\"s\":[{\"p\":[0,0,0],\"r\":[0,0,0],\"s\":[0.125,0.125,0.1250001],\"c\":[1,1,1]}]},{\"b\":5,\"s\":[{\"p\":[0.1123809,-0.121009,-0.007281268],\"r\":[29.09314,112.4744,185.5911],\"s\":[0.1,0.1,0.1],\"c\":[1,1,1]}]}]}"},{"id":"5c722a3f2956555b7e8639a5","def":"{\"v\":7,\"p\":[{\"b\":5,\"s\":[{\"p\":[0,0,0],\"r\":[5.088889E-14,-8.537738E-07,6.83019E-06],\"s\":[0.1000002,0.1000003,0.1000002],\"c\":[1,1,1]}]},{\"b\":14,\"s\":[{\"p\":[0.04310888,0.01012083,-0.1549991],\"r\":[1.230997,358.9197,319.9854],\"s\":[0.06000004,0.06000004,0.06000007],\"c\":[1,1,1]}]}]}"}],"serveTime":5}