{"thingDefinitions":[{"id":"5a246fb3abf2986428f03696","def":"{\"n\":\"thing\",\"v\":2,\"p\":[{\"s\":[{\"p\":[0,0,0],\"r\":[-3.415095E-06,0,0],\"s\":[150,150,0.2634353],\"c\":[1,1,1]}]}]}"},{"id":"5a2470266956435828a20e8e","def":"{\"n\":\"thing\",\"v\":2,\"p\":[{\"b\":72,\"s\":[{\"p\":[0,0,0],\"r\":[0,0,0],\"s\":[0.768967,29.26935,0.758745],\"c\":[0.08641965,0.7777778,0.6]}]}]}"}],"serveTime":5}