{"thingDefinitions":[{"id":"5cb2e4c49d69377040903ebe","def":"{\"v\":9,\"p\":[{\"b\":16,\"s\":[{\"p\":[0,0,0],\"r\":[0,0,-1.707547E-06],\"s\":[0.0735935,0.1000001,0.0824095],\"c\":[1,1,1]}]}]}"}],"serveTime":4}