{"thingDefinitions":[{"id":"5cb2dfa9dfc18a055e2d6758","def":"{\"v\":9,\"p\":[{\"s\":[{\"p\":[0,0,0],\"r\":[0,0,0],\"s\":[0.1750001,0.1750002,0.1750001],\"c\":[1,1,1]}]},{\"s\":[{\"p\":[0.4614077,0.03240621,0.05064145],\"r\":[26.86801,341.0065,102.3108],\"s\":[0.1750001,0.1750002,0.1750001],\"c\":[1,1,1]}]}]}"}],"serveTime":5}