{"thingDefinitions":[{"id":"5a28fbaae5971fa72e068672","def":"{\"n\":\"hi\",\"v\":2,\"p\":[{\"b\":10,\"s\":[{\"p\":[0,0,0],\"r\":[0,0,-7.47052E-07],\"s\":[0.1250007,0.1250007,0.125],\"c\":[1,1,1]}]},{\"b\":14,\"s\":[{\"p\":[0.0819751,0.1804789,-0.07039656],\"r\":[58.46931,299.5085,88.45314],\"s\":[0.06000002,0.06000005,0.06000004],\"c\":[1,1,1]}]}]}"}],"serveTime":4}