{"thingDefinitions":[{"id":"5c9555cdd435594e10df47c9","def":"{\"v\":9,\"p\":[{\"b\":9,\"s\":[{\"p\":[0,0,0],\"r\":[0,0,0],\"s\":[0.1250005,0.1250005,0.1250002],\"c\":[1,1,1]}]}]}"}],"serveTime":4}