{"thingDefinitions":[{"id":"5e8114ccaba161062b080a54","def":"{\"n\":\"ground\",\"v\":9,\"a\":[1],\"p\":[{\"b\":17,\"s\":[{\"p\":[0,0,0],\"r\":[0,0,1.334021E-07],\"s\":[3.363349,1.614895,3.566204],\"c\":[0.9019608,0.8509804,0.7215686]}]},{\"b\":17,\"s\":[{\"p\":[1.803108,5.372118,-4.046017],\"r\":[1.853012,226.2579,249.3918],\"s\":[3.363348,1.614897,3.566208],\"c\":[0.9019608,0.8509804,0.7215686]}]},{\"b\":17,\"s\":[{\"p\":[2.024645,5.558894,1.204078],\"r\":[322.4323,126.8055,250.9699],\"s\":[3.363349,1.614897,3.566206],\"c\":[0.9019608,0.8509804,0.7215686]}]}]}"}],"serveTime":4}