{"thingDefinitions":[{"id":"5cf30cf7705150062d68db6a","def":"{\"n\":\"ground\",\"v\":9,\"a\":[1],\"p\":[{\"b\":17,\"s\":[{\"p\":[0,0,0],\"r\":[0,0,0],\"s\":[3.363346,0.11062,3.201102],\"c\":[0.9019608,0.8509804,0.7215686]}]},{\"b\":14,\"s\":[{\"p\":[-1.718422,1.239356,-3.675438],\"r\":[270.422,6.118672,215.801],\"s\":[0.0600001,0.06000012,0.06000007],\"c\":[1,1,1]}]},{\"b\":14,\"s\":[{\"p\":[-1.966621,1.265272,-3.282722],\"r\":[273.4622,286.3642,325.9094],\"s\":[0.0600003,0.0600002,0.06000017],\"c\":[1,1,1]}]},{\"b\":14,\"t\":3,\"t1\":14,\"s\":[{\"p\":[-3.943225,1.432656,-2.390292],\"r\":[288.3651,34.73208,233.2],\"s\":[0.6041427,0.9558196,0.4226432],\"c\":[0,1,1],\"t1\":{\"c\":[0,0,0],\"x\":0.17,\"y\":0.17,\"a\":0.8925,\"m\":0.5,\"n\":0.5,\"r\":0,\"g\":0,\"o\":0.5,\"t\":0.5,\"e\":0.5}}]}]}"}],"serveTime":4}