{"thingDefinitions":[{"id":"5f3a23d53c5673630c79cf82","def":"{\"v\":9,\"p\":[{\"b\":3,\"s\":[{\"p\":[0,0,0],\"r\":[0,0,0],\"s\":[0.1250001,0.125,0.1250002],\"c\":[1,1,1]}]}]}"},{"id":"5f3a244e15b2a706422b37d1","def":"{\"v\":9,\"p\":[{\"b\":69,\"s\":[{\"p\":[0,0,0],\"r\":[0,0,0],\"s\":[0.08918059,0.6395085,0.07500015],\"c\":[1,1,1]}]}]}"}],"serveTime":5}