{"thingDefinitions":[{"id":"5aa8183aab0a4f083f5e3c7c","def":"{\"v\":3,\"a\":[7],\"p\":[{\"b\":16,\"s\":[{\"p\":[-1.606399,4.154425,3.236617],\"r\":[358.4373,148.1572,182.8499],\"s\":[8.445511,0.3377831,8.445199],\"c\":[0,0.2539681,0.4444443]}]},{\"b\":86,\"t\":7,\"s\":[{\"p\":[-1.985971,-0.9271256,4.563796],\"r\":[1.5627,328.1572,357.1502],\"s\":[5.069527,5.069218,5.067773],\"c\":[0,0.5714284,1]}]}]}"}],"serveTime":4}