{"thingDefinitions":[{"id":"585e75c3b0713b96138438fe","def":"{\"n\":\"thing\",\"p\":[{\"s\":[{\"p\":[0,0,0],\"r\":[0,0,0],\"s\":[0.1750004,0.1750002,0.1750004],\"c\":[1,1,1]}]}]}"}],"serveTime":9}