{"thingDefinitions":[{"id":"5d419313e4356d3815bcbdf2","def":"{\"n\":\"ground\",\"v\":9,\"a\":[1],\"p\":[{\"b\":17,\"s\":[{\"p\":[0,0,0],\"r\":[0,0,0],\"s\":[3.363346,0.11062,3.422987],\"c\":[0.9019608,0.8509804,0.7215686],\"b\":[\"when starts then play doorbell\",\"when starts then play doorbell\"]},{\"p\":[0,0,0],\"r\":[0,0,0],\"s\":[3.363346,0.11062,3.201102],\"c\":[0.9019608,0.8509804,0.7215686]}]},{\"s\":[{\"p\":[1.190885,1.672456,-1.486096],\"r\":[307.8108,272.0291,248.2819],\"s\":[0.1750009,0.1750008,0.175001],\"c\":[1,1,1]}]},{\"s\":[{\"p\":[0.8701856,1.724279,-1.316109],\"r\":[15.06008,247.0052,209.7862],\"s\":[0.1750005,0.1148602,0.1237645],\"c\":[1,1,1]}]}]}"}],"serveTime":6}