{"thingDefinitions":[{"id":"5bd94d20e1a7e8275aac170b","def":"{\"n\":\"ground\",\"v\":7,\"a\":[1],\"p\":[{\"b\":17,\"s\":[{\"p\":[0,0,0],\"r\":[0,0,0],\"s\":[5.22928,0.11062,12.33626],\"c\":[0.9019608,0.8509804,0.7215686]}]}]}"}],"serveTime":5}