{"thingDefinitions":[{"id":"59d48e7f312b392a107601d8","def":"{\"n\":\"thing\",\"p\":[{\"b\":12,\"s\":[{\"p\":[0,0,0],\"r\":[0,0,0],\"s\":[0.0600001,0.06000009,0.06000007],\"c\":[1,1,1]}]},{\"b\":12,\"s\":[{\"p\":[-0.01000918,-0.06864857,-0.3323633],\"r\":[339.0049,352.972,1.056098],\"s\":[0.06000011,0.06000012,0.06000012],\"c\":[1,1,1]}]}]}"}],"serveTime":4}