{"thingDefinitions":[{"id":"5c2f7ca6573d946f77418e82","def":"{\"v\":7,\"p\":[{\"s\":[{\"p\":[0,0,0],\"r\":[0,0,0],\"s\":[2.281444,0.1780714,2.786844],\"c\":[1,1,1]}]}]}"}],"serveTime":4}