{"thingDefinitions":[{"id":"5a671e5cc5e51b5114b4853b","def":"{\"n\":\"thing\",\"v\":2,\"p\":[{\"b\":7,\"s\":[{\"p\":[0,0,0],\"r\":[0,0,0],\"s\":[0.125,0.125,0.125],\"c\":[1,1,1]}]},{\"b\":9,\"s\":[{\"p\":[0.1883513,0.1068076,-0.04387717],\"r\":[12.34576,36.5779,357.6141],\"s\":[0.125,0.125,0.125],\"c\":[1,1,1]}]}]}"}],"serveTime":4}