{"thingDefinitions":[{"id":"5b9c249c599b2e04a2e95f75","def":"{\"v\":6,\"p\":[{\"b\":9,\"s\":[{\"p\":[0,0,0],\"r\":[0,0,1.494104E-06],\"s\":[0.1250002,0.1250002,0.1250001],\"c\":[1,0,0.3428572]}]}]}"},{"id":"5b9c24f7693294049c0893f6","def":"{\"v\":6,\"p\":[{\"b\":106,\"e\":\"HITY\\nKHHJHH\",\"s\":[{\"p\":[0,0,0],\"r\":[0,0,0],\"s\":[0.005568211,0.005568211,0.005568212],\"c\":[1,1,1]}]},{\"b\":112,\"e\":\"?.\",\"s\":[{\"p\":[-0.00318829,0.01129569,-0.1094447],\"r\":[342.799,356.3538,355.4421],\"s\":[0.003000001,0.003000002,0.003000001],\"c\":[1,1,1]}]}]}"}],"serveTime":13}