{"thingDefinitions":[{"id":"5ab78ccbccd8c313ad2b81be","def":"{\"v\":2,\"p\":[{\"b\":53,\"s\":[{\"p\":[0,0,0],\"r\":[0,0,1.387382E-06],\"s\":[0.1250002,0.1250001,0.125],\"c\":[1,1,1]}]}]}"}],"serveTime":4}