{"thingDefinitions":[{"id":"5e7655dbb052306f5e6a2bbe","def":"{\"v\":9,\"p\":[{\"b\":150,\"s\":[{\"p\":[0,0,0],\"r\":[0,0,0],\"s\":[0.06000001,0.06,0.06000006],\"c\":[1,1,1]}]}]}"}],"serveTime":3}