{"thingDefinitions":[{"id":"5ecb629d67110c78900701ff","def":"{\"v\":9,\"a\":[22,21],\"p\":[{\"b\":5,\"s\":[{\"p\":[0,0,0],\"r\":[0,0,0],\"s\":[0.1001054,0.1000733,0.100047],\"c\":[1,1,1]}]}]}"},{"id":"5ecb61eb0b54c96a0ceb4d20","def":"{\"v\":9,\"p\":[{\"b\":5,\"a\":[5],\"s\":[{\"p\":[-0.1535726,0.2002167,0.194511],\"r\":[354.9438,1.295512,167.4002],\"s\":[0.1000006,0.1000007,0.1000007],\"c\":[1,1,1]},{\"p\":[0,0,0],\"r\":[0,0,0],\"s\":[0.1000001,0.1000001,0.1],\"c\":[1,1,1]}]}]}"}],"serveTime":5}