{"thingDefinitions":[{"id":"5c84793974a96028966390b1","def":"{\"v\":7,\"p\":[{\"b\":10,\"s\":[{\"p\":[0,0,0],\"r\":[0,0,0],\"s\":[0.1250001,0.1250001,0.125],\"c\":[1,1,1]}]},{\"b\":10,\"s\":[{\"p\":[0.1791644,0.01705327,0.02577556],\"r\":[19.12938,40.94098,330.2544],\"s\":[0.1250001,0.1250001,0.1250002],\"c\":[1,1,1]}]},{\"b\":14,\"s\":[{\"p\":[0.05097885,0.1547732,0.1376137],\"r\":[317.5934,355.1628,358.6971],\"s\":[0.06000006,0.0600001,0.06000013],\"c\":[1,1,1]}]},{\"b\":16,\"s\":[{\"p\":[0.04640833,0.2464544,0.2294322],\"r\":[331.5369,106.0474,45.56353],\"s\":[0.001000003,0.1000004,0.001000001],\"c\":[1,1,1]}]}]}"}],"serveTime":6}