{"thingDefinitions":[{"id":"5d69acda2067ba3932338e3b","def":"{\"v\":9,\"a\":[4,50],\"p\":[{\"b\":188,\"s\":[{\"p\":[0,0,0],\"r\":[0,0,0],\"s\":[0.06000003,0.06000004,0.06000004],\"c\":[1,1,1]}]},{\"b\":201,\"s\":[{\"p\":[0.07882531,-0.124789,0.001576066],\"r\":[295.347,10.26808,249.0677],\"s\":[0.0600001,0.06000007,0.06000005],\"c\":[1,1,1]}]},{\"b\":184,\"s\":[{\"p\":[-0.04587515,-0.2401266,0.004796416],\"r\":[349.6953,293.9566,357.1461],\"s\":[0.06000005,0.06000011,0.06000011],\"c\":[1,1,1]}]}]}"},{"id":"5d69ad4b41c60b279f94b878","def":"{\"v\":9,\"a\":[2,15],\"p\":[{\"b\":12,\"s\":[{\"p\":[0,0,0],\"r\":[0,0,0],\"s\":[0.4508339,0.3080649,0.778965],\"c\":[1,1,1]}]}]}"}],"serveTime":5}