{"thingDefinitions":[{"id":"5c33b843ad6b9c6e49e2c87f","def":"{\"v\":7,\"p\":[{\"b\":10,\"s\":[{\"p\":[0,0,0],\"r\":[0,0,-1.120578E-06],\"s\":[0.1250002,0.125,0.125],\"c\":[1,1,1]}]}]}"}],"serveTime":4}