{"thingDefinitions":[{"id":"5d23a3d5631945786f6b9ac7","def":"{\"n\":\"ground\",\"v\":9,\"a\":[1,22],\"p\":[{\"t\":2,\"s\":[{\"p\":[0,0,0],\"r\":[0,0,0],\"s\":[2500,0.175012,2500],\"c\":[0.1382715,0.4444443,0.09876532]}]}]}"}],"serveTime":4}