{"thingDefinitions":[{"id":"5dd0bcd24bff4c1c646375ee","def":"{\"v\":9,\"p\":[{\"s\":[{\"p\":[0,0,0],\"r\":[0,0,0],\"s\":[0.1750001,0.175,0.1750001],\"c\":[1,0,0.3428572]}]}]}"}],"serveTime":5}