{"thingDefinitions":[{"id":"5a3da42685e4f6be13af3179","def":"{\"n\":\"thing\",\"v\":2,\"p\":[{\"b\":14,\"s\":[{\"p\":[0,0,0],\"r\":[0,0,1.600826E-06],\"s\":[0.05999997,0.05999999,0.05999999],\"c\":[1,1,1]}]}]}"}],"serveTime":5}