{"thingDefinitions":[{"id":"5a5d322197c26fef0d3c5feb","def":"{\"n\":\"thing\",\"v\":2,\"p\":[{\"s\":[{\"p\":[0.06992075,-0.6935071,-0.4975015],\"r\":[308.5396,295.3562,358.9005],\"s\":[0.1750001,0.175,0.175],\"c\":[1,1,1]}]},{\"b\":9,\"s\":[{\"p\":[-0.02728194,-0.5386009,-0.4433811],\"r\":[34.12854,350.6866,21.76561],\"s\":[0.1250005,0.125,0.1250005],\"c\":[1,1,1]}]},{\"b\":32,\"s\":[{\"p\":[-0.02315177,0.003100917,-0.06378145],\"r\":[47.26157,128.8573,347.9999],\"s\":[0.1250001,0.1250002,0.1250002],\"c\":[1,1,1]}]},{\"b\":40,\"s\":[{\"p\":[0.6972079,0.4271189,-0.3484809],\"r\":[50.68647,20.67756,44.75662],\"s\":[0.1250004,0.1250001,0.1250002],\"c\":[1,1,1]}]}]}"}],"serveTime":4}