{"thingDefinitions":[{"id":"59ed70c5e8a673bc13173dcd","def":"{\"n\":\"thing\",\"v\":2,\"p\":[{\"b\":88,\"pr\":10,\"s\":[{\"p\":[0,0,0],\"r\":[0,0,1.551216E-06],\"s\":[0.125,0.125,0.125],\"c\":[1,1,1],\"pr\":{\"c\":[0.7777778,0.1728395,0.380247],\"m\":0.25,\"a\":0.25,\"s\":0.15,\"z\":0.25,\"g\":0.5,\"h\":0.25}}]},{\"b\":88,\"pr\":10,\"s\":[{\"p\":[-0.01641511,0.3538008,-0.3608772],\"r\":[79.58361,62.49092,76.28464],\"s\":[0.1250001,0.1250001,0.1250001],\"c\":[1,1,1],\"pr\":{\"c\":[0.7777778,0.1728395,0.380247],\"m\":0.25,\"a\":0.25,\"s\":0.15,\"z\":0.25,\"g\":0.5,\"h\":0.25}}]},{\"b\":45,\"pr\":10,\"s\":[{\"p\":[-0.05382062,0.4669525,0.4710307],\"r\":[20.9822,170.3306,335.2355],\"s\":[0.1250001,0.125,0.125],\"c\":[1,1,1],\"pr\":{\"c\":[0.7777778,0.1728395,0.380247],\"m\":0.25,\"a\":0.25,\"s\":0.15,\"z\":0.25,\"g\":0.5,\"h\":0.25}}]},{\"b\":31,\"pr\":12,\"s\":[{\"p\":[-0.03444093,0.371965,0.5350439],\"r\":[18.4781,220.2985,345.4256],\"s\":[0.1250001,0.125,0.1250001],\"c\":[1,1,1],\"pr\":{\"c\":[0.7777778,0.1728395,0.380247],\"m\":0.25,\"a\":0.25,\"s\":0.15,\"z\":0.025,\"g\":0.5,\"h\":0.25}}]}]}"}],"serveTime":10}