{"thingDefinitions":[{"id":"5cba4ef042ce87055526a7f7","def":"{\"v\":9,\"p\":[{\"b\":9,\"s\":[{\"p\":[0,0,0],\"r\":[0,0,1.707547E-06],\"s\":[0.1250004,0.1250005,0.1250003],\"c\":[1,1,1]}]}]}"}],"serveTime":4}