{"thingDefinitions":[{"id":"59b3ab296f94dcc17b6f5ac7","def":"{\"n\":\"thing\",\"p\":[{\"b\":5,\"s\":[{\"p\":[0,0,0],\"r\":[0,0,0],\"s\":[0.1250001,0.125,0.1250001],\"c\":[1,1,1]}]},{\"b\":14,\"s\":[{\"p\":[-0.5941396,-0.1998596,-0.1798939],\"r\":[20.76781,327.0383,318.7708],\"s\":[0.06000001,0.06,0.06],\"c\":[1,1,1]}]},{\"b\":17,\"s\":[{\"p\":[0.4509144,0.3845658,-0.006035566],\"r\":[330.3129,57.79711,30.0822],\"s\":[0.06000015,0.06000003,0.06000015],\"c\":[1,1,1]}]}]}"}],"serveTime":5}