{"thingDefinitions":[{"id":"5ce442eb9c4bad055eb99b04","def":"{\"n\":\"ground\",\"v\":9,\"a\":[1],\"p\":[{\"b\":17,\"s\":[{\"p\":[0,0,0],\"r\":[0,0,0],\"s\":[3.363346,0.11062,3.201102],\"c\":[0.9019608,0.8509804,0.7215686]}]},{\"b\":3,\"s\":[{\"p\":[-1.712276,1.438633,-1.327593],\"r\":[325.3926,310.8824,306.045],\"s\":[0.03318289,0.008325294,0.4455703],\"c\":[1,1,1]}]}]}"},{"id":"5ce44264db3a9b31f42150f4","def":"{\"v\":9,\"p\":[{\"b\":14,\"s\":[{\"p\":[0,0,0],\"r\":[0,0,-3.415095E-06],\"s\":[0.06000005,0.06000005,0.06000005],\"c\":[1,1,1]}]},{\"b\":14,\"s\":[{\"p\":[0.0256034,0.408445,-0.1679869],\"r\":[15.5962,271.7346,239.0069],\"s\":[0.0361802,0.3051554,0.3600762],\"c\":[1,1,1]}]}]}"}],"serveTime":6}