{"thingDefinitions":[{"id":"58508d4cacd2d4c7180ce45c","def":"{\"n\":\"thing\",\"a\":[7,18],\"p\":[{\"b\":5,\"t\":1,\"s\":[{\"p\":[0,0,0],\"r\":[0,0,0],\"s\":[0.03171786,0.03376759,1.130693],\"c\":[0.5555556,0.5555556,0.5555556],\"b\":[\"when touched then send nearby to doru-doru\"]}]},{\"b\":5,\"s\":[{\"p\":[0.0008102506,-5.960464E-08,0.4681908],\"r\":[8.964156E-08,-8.964157E-08,90],\"s\":[0.0212132,0.02038418,0.04651051],\"c\":[0,0.2285712,1]}]}]}"},{"id":"5851a45a3c864a4514b3a693","def":"{\"n\":\"thing\",\"p\":[{\"s\":[{\"p\":[0,0,0],\"r\":[0,0,0],\"s\":[0.1853756,50.00001,50],\"c\":[1,1,1]}]}]}"}],"serveTime":5}