{"thingDefinitions":[{"id":"5d81380906579920a9bc8b32","def":"{\"n\":\"ground\",\"v\":9,\"a\":[1,2,9,19],\"p\":[{\"b\":17,\"s\":[{\"p\":[0,0,0],\"r\":[0,0,0],\"s\":[3.363347,0.1106201,3.201102],\"c\":[0.9019608,0.8509804,0.7215686]}]}]}"},{"id":"5d813745288c857ffcc858b0","def":"{\"v\":9,\"a\":[2,16],\"p\":[{\"b\":9,\"s\":[{\"p\":[0,0,0],\"r\":[0,0,0],\"s\":[0.1250001,0.1250001,0.1250001],\"c\":[1,1,1]}]}]}"}],"serveTime":6}