{"thingDefinitions":[{"id":"5d3dd48ae4356d3815bcbd24","def":"{\"v\":9,\"p\":[{\"t\":3,\"s\":[{\"p\":[0,0,0],\"r\":[0,0,0],\"s\":[0.1750009,0.1750011,0.175001],\"c\":[0.6285715,1,0]}]},{\"b\":5,\"t\":3,\"s\":[{\"p\":[0.01654056,-0.01034826,0.008890953],\"r\":[356.9189,265.3365,30.75419],\"s\":[0.1000002,0.1000003,0.1000001],\"c\":[0.6285715,1,0]}]},{\"b\":5,\"t\":3,\"s\":[{\"p\":[-0.08473118,0.04833128,0.009733602],\"r\":[348.1684,261.7436,81.54973],\"s\":[0.1000004,0.1000002,0.1000003],\"c\":[0.6285715,1,0]}]},{\"b\":84,\"s\":[{\"p\":[-0.007559028,-0.1961884,-0.2073424],\"r\":[297.3439,83.48901,351.95],\"s\":[0.07500052,0.07500036,0.07500048],\"c\":[0,1,1]}]}]}"}],"serveTime":6}