{"thingDefinitions":[{"id":"5da8f86f9c7a264c0edd6973","def":"{\"v\":9,\"p\":[{\"b\":3,\"s\":[{\"p\":[0,0,0],\"r\":[0,0,0],\"s\":[0.4169822,0.440807,0.4251215],\"c\":[1,1,1]}]}]}"}],"serveTime":4}