{"thingDefinitions":[{"id":"5f3470b4e82b9e06419ef3db","def":"{\"v\":9,\"p\":[{\"b\":12,\"s\":[{\"p\":[0,0,0],\"r\":[0,0,0],\"s\":[0.06000001,0.06000002,0.06000001],\"c\":[1,1,1]}]}]}"}],"serveTime":4}