{"thingDefinitions":[{"id":"5c1c226939f34d317e595ba3","def":"{\"v\":7,\"p\":[{\"b\":17,\"s\":[{\"p\":[0,0,0],\"r\":[0,0,3.415094E-06],\"s\":[0.06000007,0.06000008,0.06000009],\"c\":[1,1,1]}]}]}"}],"serveTime":5}