{"thingDefinitions":[{"id":"5b69fde19236ee4b95cbaa02","def":"{\"v\":6,\"p\":[{\"b\":5,\"s\":[{\"p\":[0,0,0],\"r\":[0,0,0],\"s\":[0.1250001,0.1250001,0.1250001],\"c\":[1,1,1]}]},{\"b\":5,\"s\":[{\"p\":[0.2152906,0.02340055,-0.1275435],\"r\":[342.9737,47.63793,345.9216],\"s\":[0.125,0.1250001,0.1250001],\"c\":[1,1,1]}]}]}"}],"serveTime":4}