{"thingDefinitions":[{"id":"5a67518ad7d839e00f02fcc7","def":"{\"n\":\"ground\",\"v\":3,\"a\":[1],\"p\":[{\"b\":17,\"s\":[{\"p\":[0,0,0],\"r\":[0,0,0],\"s\":[150,0.11062,150],\"c\":[0.9019608,0.8509804,0.7215686]}]}]}"},{"id":"5a6751e330b895d20fe7b91d","def":"{\"n\":\"thing\",\"v\":3,\"p\":[{\"b\":12,\"s\":[{\"p\":[0,0,0],\"r\":[0,0,1.000516E-08],\"s\":[0.7351903,0.06000045,0.4026284],\"c\":[1,1,1]}]}]}"}],"serveTime":6}