{"thingDefinitions":[{"id":"5b96d3ddab25c50584bbf4c3","def":"{\"n\":\"ground\",\"v\":6,\"a\":[1],\"p\":[{\"b\":17,\"s\":[{\"p\":[0,0,0],\"r\":[0,0,0],\"s\":[2319.44,0.11062,332.4454],\"c\":[0.9019608,0.8509804,0.7215686]}]}]}"}],"serveTime":4}