{"thingDefinitions":[{"id":"5a358154b1567c0f10f51491","def":"{\"n\":\"thing\",\"v\":2,\"p\":[{\"b\":169,\"s\":[{\"p\":[0,0,0],\"r\":[0,0,1.634176E-07],\"s\":[1.441618,0.04500027,2.231431],\"c\":[0.3544972,0.5555556,0.1851851]}]},{\"b\":152,\"t\":1,\"t2\":37,\"s\":[{\"p\":[3.806821,-0.2397865,4.030428],\"r\":[4.901493,270.5309,93.32],\"s\":[0.1551157,0.1447385,0.1492995],\"c\":[0.4320987,0.4391533,0.5555556],\"t2\":{\"c\":[0.6049383,0.6148147,0.7777778],\"x\":0.5,\"y\":0.5,\"a\":0.8925,\"m\":0,\"n\":0,\"r\":0,\"g\":0,\"o\":0.5,\"t\":0.5,\"e\":0.5}}]}]}"}],"serveTime":4}