{"thingDefinitions":[{"id":"5c900c96700f2674b4583254","def":"{\"v\":8,\"p\":[{\"s\":[{\"p\":[0,0,0],\"r\":[0,0,-8.537738E-07],\"s\":[0.1750002,0.175,0.1750003],\"c\":[0,1,1]}]},{\"s\":[{\"p\":[-0.1582631,-0.05908878,0.2002438],\"r\":[343.2285,139.2869,68.31448],\"s\":[0.1750002,0.1750002,0.1750005],\"c\":[0,1,1]}]},{\"s\":[{\"p\":[0.02077339,0.007898513,-0.2528181],\"r\":[275.3363,324.3838,306.7567],\"s\":[0.1750003,0.1750003,0.1750004],\"c\":[0,1,1]}]}]}"}],"serveTime":4}