{"thingDefinitions":[{"id":"5e5ddff1f83e85068bbb5f77","def":"{\"n\":\"ground\",\"v\":9,\"a\":[1],\"p\":[{\"b\":17,\"s\":[{\"p\":[0,0,0],\"r\":[0,0,0],\"s\":[3.363346,0.11062,3.201102],\"c\":[0.9019608,0.8509804,0.7215686]}]},{\"s\":[{\"p\":[1.102707,1.058757,-1.922558],\"r\":[279.6347,118.6404,204.468],\"s\":[0.1750001,0.1750007,0.1750007],\"c\":[1,1,1]}]},{\"s\":[{\"p\":[1.406232,1.038119,-1.792896],\"r\":[302.6533,116.2984,250.4472],\"s\":[0.1750001,0.1750007,0.1750007],\"c\":[1,1,1]}]}]}"}],"serveTime":4}