{"thingDefinitions":[{"id":"5a50281f6009aaa713a19f25","def":"{\"n\":\"thing\",\"v\":2,\"p\":[{\"s\":[{\"p\":[0,0,0],\"r\":[0,0,8.537737E-07],\"s\":[0.1750002,0.1750002,0.1750001],\"c\":[0.4444443,1,0.8571428]}]}]}"}],"serveTime":6}