{"thingDefinitions":[{"id":"5bda093ee30d77263c50a609","def":"{\"v\":7,\"p\":[{\"b\":59,\"t\":1,\"s\":[{\"p\":[0.04401372,0.06629905,-0.09343841],\"r\":[351.4719,3.483968,351.1107],\"s\":[0.04213772,0.2998689,0.03010227],\"c\":[0.3333332,0.2857142,0]}]},{\"b\":16,\"t\":1,\"s\":[{\"p\":[0.05470338,0.06908906,-0.06533736],\"r\":[344.2575,275.324,282.9108],\"s\":[0.009275064,0.003915003,0.007494221],\"c\":[0.3333332,0,0],\"b\":[\"when triggered then become 2 in 0.2s\",\"when \"]},{\"p\":[0.04872955,0.06941481,-0.06634966],\"r\":[347.9149,271.337,275.519],\"s\":[0.009275082,0.003914997,0.007494225],\"c\":[1,0,0],\"b\":[\"when triggered then become 1 in 0.5s\",\"when hears abra then emit magic with 10%\"]}]}]}"}],"serveTime":4}