{"thingDefinitions":[{"id":"5cb1351efb0ce72671539ea5","def":"{\"v\":9,\"a\":[49],\"p\":[{\"a\":[1],\"s\":[{\"p\":[0,0,0],\"r\":[0,0,0],\"s\":[0.7009754,0.03624067,0.5746862],\"c\":[0,0,0]}]},{\"s\":[{\"p\":[-0.02554135,0.006433845,-0.3846825],\"r\":[5.674064,359.3436,358.5638],\"s\":[0.4781267,0.1750007,0.232325],\"c\":[1,0.3428569,0]}]},{\"c\":[[0.571,0.049,0.53,2,6,14],[-0.521,0.142,0.525,3,6,8],[0.598,0.064,-0.479,4,6,11],[-0.516,0.226,-0.431,5,6,7]],\"s\":[{\"p\":[-0.02408648,0.09327742,-0.3646292],\"r\":[4.610286,359.0871,0.7982201],\"s\":[0.06532441,0.04966791,0.08611475],\"c\":[1,1,1],\"b\":[\"when touched then play \"]}]}]}"}],"serveTime":4}