{"thingDefinitions":[{"id":"5a2b4c970f0b46a813292c9e","def":"{\"n\":\"thing\",\"v\":2,\"a\":[9],\"p\":[{\"b\":11,\"s\":[{\"p\":[0,0,0],\"r\":[0,0,-1.707547E-06],\"s\":[0.1250001,0.1250001,0.125],\"c\":[1,1,1]}]},{\"b\":167,\"s\":[{\"p\":[-0.132259,0.3379238,-0.2778394],\"r\":[351.0398,16.8195,318.4033],\"s\":[0.04500005,0.04500001,0.04500003],\"c\":[1,1,1]}]},{\"b\":156,\"s\":[{\"p\":[-0.2891553,0.4076866,-0.302622],\"r\":[304.7331,15.75671,300.484],\"s\":[0.0800001,0.08000002,0.0800001],\"c\":[1,1,1]}]},{\"b\":152,\"s\":[{\"p\":[-0.1533845,0.05250546,-0.3503146],\"r\":[345.244,8.79195,37.45226],\"s\":[0.04000003,0.04000004,0.04000002],\"c\":[1,1,1]}]}]}"}],"serveTime":4}