{"thingDefinitions":[{"id":"5c718ce73543572aae4601ab","def":"{\"n\":\"ba\",\"v\":7,\"a\":[1,2,22,19],\"p\":[{\"b\":5,\"t\":2,\"s\":[{\"p\":[-0.0002585816,0.001169955,-0.0007458747],\"r\":[7.683963E-06,3.415095E-06,3.415095E-06],\"s\":[0.003031408,0.003029198,0.09404055],\"c\":[0.8,0,1]}]},{\"b\":5,\"t\":2,\"s\":[{\"p\":[0.0002960041,0.001267444,-0.001335878],\"r\":[8.537737E-07,-3.49861E-14,-4.695755E-06],\"s\":[0.009208639,0.009205407,0.07881895],\"c\":[0.8,0,1],\"b\":[\"when consumed then destroy all parts\"]}]}]}"}],"serveTime":5}