{"thingDefinitions":[{"id":"5908f6b8285f6623100240b7","def":"{\"n\":\"thing\",\"p\":[{\"b\":21,\"e\":\"TWITTER: [A]SKTOBY\\nSTEAM:ASKTOBY\\nXBL:ASKTOBY\",\"s\":[{\"p\":[0,0,0],\"r\":[0,0,0],\"s\":[0.01833264,0.01833268,0.01833267],\"c\":[0,0,0]}]}]}"},{"id":"5940569d9132e30d14532276","def":"{\"n\":\"thing\",\"p\":[{\"s\":[{\"p\":[0,0,0],\"r\":[0,0,0],\"s\":[1.194258,0.1750001,0.1750003],\"c\":[1,1,1]}]},{\"b\":18,\"e\":\"VACATION RENTALS\",\"s\":[{\"p\":[-0.5359964,0.07996763,-0.09610945],\"r\":[0.5789372,0.2073541,359.5873],\"s\":[0.01088327,0.01088326,0.01088327],\"c\":[1,1,1]}]}]}"}],"serveTime":5}