{"thingDefinitions":[{"id":"5a22fe94dae6c7b913cee56f","def":"{\"n\":\"thing\",\"v\":2,\"a\":[1,2,4,8,9,14],\"p\":[{\"b\":3,\"s\":[{\"p\":[-0.02672413,-0.02515232,0.04068059],\"r\":[57.40663,52.89336,321.4046],\"s\":[0.3027508,0.2961203,0.2637636],\"c\":[1,1,1]}]},{\"b\":3,\"s\":[{\"p\":[0.4902803,0.01164006,0.1492629],\"r\":[22.19263,78.29987,342.8885],\"s\":[0.2965795,0.2901614,0.2843322],\"c\":[1,1,1]}]},{\"b\":3,\"s\":[{\"p\":[0.3940148,1.220892,0.07348326],\"r\":[350.979,337.3686,350.8001],\"s\":[0.2645743,1.498171,0.2574018],\"c\":[1,1,1]}]},{\"b\":76,\"s\":[{\"p\":[0.6139039,2.344941,-0.03913933],\"r\":[8.171911,213.817,192.3678],\"s\":[0.1386237,0.2266226,0.1389857],\"c\":[1,1,1]}]}]}"}],"serveTime":6}