{"thingDefinitions":[{"id":"57fbed42db1ccc12186cb239","def":"{\"n\":\"thing\",\"a\":[4,7,18],\"p\":[{\"t\":2,\"s\":[{\"p\":[0,0,0],\"r\":[0,0,0],\"s\":[50.01398,50.01483,0.01577963],\"c\":[0.5555556,0.435626,0.3086419]}]}]}"}],"serveTime":4}