{"thingDefinitions":[{"id":"5a88a9369c37ab7d13dc1e3d","def":"{\"v\":2,\"p\":[{\"s\":[{\"p\":[0.2685798,-0.3978454,-0.5678048],\"r\":[22.0369,50.54209,16.93749],\"s\":[1.11223,0.1750001,0.216939],\"c\":[1,1,1]}]},{\"s\":[{\"p\":[0.2590469,0.1394071,-0.06530228],\"r\":[9.654406,38.52316,13.01481],\"s\":[0.1750001,0.1750001,0.1750001],\"c\":[1,1,1]}]}]}"}],"serveTime":5}