{"thingDefinitions":[{"id":"5a3931af244b2b5a146231dd","def":"{\"n\":\"thing\",\"v\":2,\"p\":[{\"s\":[{\"p\":[0,0,0],\"r\":[0,0,0],\"s\":[0.1750001,0.1750002,0.1750002],\"c\":[1,1,1]}]},{\"s\":[{\"p\":[0.1598809,-0.001160681,-0.002586707],\"r\":[2.127635,359.1811,358.8131],\"s\":[0.1750001,0.1750002,0.1750002],\"c\":[1,1,1]}]}]}"}],"serveTime":4}