{"thingDefinitions":[{"id":"5c10452a285ab86f59fd60d9","def":"{\"n\":\"ground\",\"v\":7,\"a\":[1],\"p\":[{\"b\":17,\"s\":[{\"p\":[0,0,0],\"r\":[0,0,0],\"s\":[3.363346,0.11062,3.201102],\"c\":[0.9019608,0.8509804,0.7215686]}]},{\"b\":5,\"s\":[{\"p\":[-5.118049,-0.1245668,0.7969398],\"r\":[295.5192,110.3677,223.762],\"s\":[0.1000003,0.1000004,0.1000005],\"c\":[1,1,1]}]}]}"}],"serveTime":4}