{"thingDefinitions":[{"id":"5c6677c18c0e76055f3086d1","def":"{\"v\":7,\"p\":[{\"b\":8,\"s\":[{\"p\":[-6.507502,43.9368,-0.1506104],\"r\":[331.75,175.625,-1.21152E-07],\"s\":[0.125,0.125,0.125],\"c\":[1,1,1]}]},{\"b\":87,\"s\":[{\"p\":[-7.531062,43.88418,-0.04182509],\"r\":[339.5,78.50004,0],\"s\":[0.125,0.125,0.125],\"c\":[1,1,1]}]}]}"}],"serveTime":4}