{"thingDefinitions":[{"id":"5ae06336cdd4510f7f9afe50","def":"{\"v\":4,\"p\":[{\"b\":9,\"s\":[{\"p\":[0,0,0],\"r\":[0,0,0],\"s\":[0.125,0.125,0.125],\"c\":[1,1,1]}]},{\"b\":3,\"s\":[{\"p\":[0.02805167,0.1330099,0.1373489],\"r\":[352.5105,339.187,13.70005],\"s\":[0.125,0.1250001,0.1250001],\"c\":[1,1,1]}]},{\"b\":3,\"s\":[{\"p\":[0.1448328,0.3367852,0.1565346],\"r\":[321.8074,33.54049,330.8465],\"s\":[0.1250001,0.1250002,0.1250001],\"c\":[1,1,1]}]},{\"b\":12,\"s\":[{\"p\":[0.01274866,0.4740031,0.2960974],\"r\":[46.79662,124.3761,143.4154],\"s\":[0.06,0.06000002,0.06000001],\"c\":[1,1,1]}]}]}"}],"serveTime":5}