{"thingDefinitions":[{"id":"5cc4aa3b346d3c790675da73","def":"{\"v\":9,\"p\":[{\"b\":163,\"s\":[{\"p\":[0,0,0],\"r\":[0,0,0],\"s\":[0.1000003,0.1000003,0.1000002],\"c\":[1,1,1]}]}]}"},{"id":"5ce8a6fe4adee50e302459cc","def":"{\"v\":9,\"p\":[{\"s\":[{\"p\":[0,0,0],\"r\":[0,0,0],\"s\":[0.1750001,0.1750001,0.175],\"c\":[1,1,1]}]}]}"},{"id":"5ce8a73eba93cc529e907d6f","def":"{\"v\":9,\"a\":[21],\"p\":[{\"s\":[{\"p\":[0,0,0],\"r\":[0,0,0],\"s\":[0.175,0.1750002,0.1750003],\"c\":[0.1728394,0.7777778,0.7777778]}]}]}"},{"id":"5ce8a750ba93cc529e907d70","def":"{\"v\":9,\"p\":[{\"b\":55,\"s\":[{\"p\":[0,0,0],\"r\":[-6.830189E-06,2.035555E-13,-3.415095E-06],\"s\":[0.125,0.125,0.1250001],\"c\":[1,1,1]}]}]}"}],"serveTime":10}