{"thingDefinitions":[{"id":"5b3720406562ab07a866826d","def":"{\"v\":5,\"p\":[{\"s\":[{\"p\":[0,0,0],\"r\":[0,0,0],\"s\":[0.1750002,0.1750001,0.1750001],\"c\":[1,1,1]}]}]}"}],"serveTime":4}