{"thingDefinitions":[{"id":"58fd3eacf2042a51383a9128","def":"{\"n\":\"horse black\",\"a\":[1,2,22],\"p\":[{\"b\":16,\"t\":9,\"t1\":140,\"s\":[{\"p\":[0,0,0],\"r\":[0,0,0],\"s\":[0.07749816,0.0774923,0.07749818],\"c\":[0,0,0],\"t1\":{\"c\":[1,1,1],\"x\":0.5694592,\"y\":0.6801056,\"a\":1,\"m\":0,\"n\":0,\"r\":0,\"g\":0,\"o\":0.5,\"t\":0.5,\"e\":0.5}}]},{\"b\":87,\"t\":9,\"t1\":140,\"s\":[{\"p\":[-0.005777416,0.1800648,-0.01409487],\"r\":[0.9697778,14.81825,89.76881],\"s\":[0.1584549,0.025004,0.07727632],\"c\":[0,0,0],\"b\":[\"when any part touches chess square then destroy all parts\"],\"t1\":{\"c\":[1,1,1],\"x\":0.5694592,\"y\":0.6801056,\"a\":1,\"m\":0,\"n\":0,\"r\":0,\"g\":0,\"o\":0.5,\"t\":0.5,\"e\":0.5}}]},{\"b\":66,\"t\":9,\"t1\":140,\"s\":[{\"p\":[0.01282574,0.3248005,0.05433075],\"r\":[89.00338,208.2273,283.4071],\"s\":[0.1372765,0.02435677,0.07250178],\"c\":[0,0,0],\"t1\":{\"c\":[1,1,1],\"x\":0.5694592,\"y\":0.6801056,\"a\":1,\"m\":0,\"n\":0,\"r\":0,\"g\":0,\"o\":0.5,\"t\":0.5,\"e\":0.5}}]},{\"b\":29,\"t\":9,\"t1\":140,\"s\":[{\"p\":[-0.008311003,0.3080899,-0.02168889],\"r\":[270.997,28.22738,256.5928],\"s\":[0.179456,0.005003124,0.3621927],\"c\":[0,0,0],\"t1\":{\"c\":[1,1,1],\"x\":0.5694592,\"y\":0.6801056,\"a\":1,\"m\":0,\"n\":0,\"r\":0,\"g\":0,\"o\":0.5,\"t\":0.5,\"e\":0.5}}]}]}"}],"serveTime":5}