{"thingDefinitions":[{"id":"5ba4968453dd30498f88e6c6","def":"{\"v\":7,\"p\":[{\"s\":[{\"p\":[0,0,0],\"r\":[0,0,0],\"s\":[0.1750002,0.1750002,0.1750001],\"c\":[1,1,1]}]}]}"}],"serveTime":4}