{"thingDefinitions":[{"id":"5c350a04ea1f546e4855e567","def":"{\"n\":\"ground\",\"v\":7,\"a\":[1],\"p\":[{\"b\":17,\"s\":[{\"p\":[0,0,0],\"r\":[0,0,0],\"s\":[3.363346,0.11062,3.201102],\"c\":[0.9019608,0.8509804,0.7215686]}]}]}"},{"id":"5c3509a4fbe56c6f83fe1d25","def":"{\"v\":7,\"p\":[{\"s\":[{\"p\":[0,0,0],\"r\":[0,0,-1.067217E-06],\"s\":[0.1750003,0.1750002,0.1750003],\"c\":[1,1,1]}]}]}"}],"serveTime":6}