{"thingDefinitions":[{"id":"5cb24f8f9d69377040903e1d","def":"{\"v\":9,\"p\":[{\"s\":[{\"p\":[0,0,0],\"r\":[0,0,1.707547E-06],\"s\":[0.1750001,0.1750001,0.1750001],\"c\":[1,1,1]}]},{\"b\":3,\"s\":[{\"p\":[-0.1608773,-0.03298779,0.02886418],\"r\":[351.7454,296.2977,27.37424],\"s\":[0.125,0.1250001,0.1250001],\"c\":[1,1,1]}]},{\"b\":9,\"s\":[{\"p\":[0.02086975,0.1253402,0.02576085],\"r\":[5.942611,349.6783,11.66204],\"s\":[0.125,0.125,0.125],\"c\":[1,1,1]}]},{\"b\":9,\"s\":[{\"p\":[0.01600214,-0.01087868,-0.1484609],\"r\":[18.98343,336.1206,22.21899],\"s\":[0.125,0.125,0.125],\"c\":[1,1,1]}]}]}"}],"serveTime":5}