{"thingDefinitions":[{"id":"5ba12f2c7c135b71bca7d584","def":"{\"v\":6,\"p\":[{\"b\":2,\"s\":[{\"p\":[0,0,0],\"r\":[0,0,2.134434E-07],\"s\":[0.125,0.1250001,0.1250002],\"c\":[1,1,1]}]}]}"}],"serveTime":4}