{"thingDefinitions":[{"id":"5e3091b9edc5ef4f51104085","def":"{\"v\":9,\"p\":[{\"b\":9,\"s\":[{\"p\":[0,0,0],\"r\":[0,0,0],\"s\":[0.4091552,0.2670278,0.2863416],\"c\":[1,1,1]}]},{\"b\":9,\"s\":[{\"p\":[-0.1742197,0.1138142,-0.3460929],\"r\":[24.53916,339.5471,358.2903],\"s\":[0.4091548,0.2670281,0.2863417],\"c\":[1,1,1]}]},{\"b\":9,\"s\":[{\"p\":[-1.068684,0.7701905,-0.1700813],\"r\":[4.45711,358.0652,235.7036],\"s\":[0.4091552,0.2670282,0.286342],\"c\":[1,1,1]}]},{\"b\":9,\"s\":[{\"p\":[-0.1196124,-0.02166319,0.2014799],\"r\":[344.019,347.2473,19.20628],\"s\":[0.409155,0.2670289,0.2863426],\"c\":[1,1,1]}]}]}"}],"serveTime":5}