{"thingDefinitions":[{"id":"5aad51153f52261379b99c42","def":"{\"v\":2,\"p\":[{\"s\":[{\"p\":[0,0,0],\"r\":[0,0,0],\"s\":[0.1750002,0.1750007,0.1750005],\"c\":[1,1,1]}]}]}"},{"id":"5aad51a577c58e0fe592b72c","def":"{\"n\":\"thi hg\",\"v\":2,\"p\":[{\"b\":3,\"s\":[{\"p\":[0,0,0],\"r\":[0,0,-4.268868E-07],\"s\":[0.1250001,0.1250001,0.1250002],\"c\":[1,1,1]}]},{\"b\":3,\"s\":[{\"p\":[0.9611874,0.1834378,0.09889333],\"r\":[354.5964,39.48004,247.1755],\"s\":[0.1250002,0.1250001,0.1250001],\"c\":[1,1,1]}]}]}"}],"serveTime":5}