{"thingDefinitions":[{"id":"5e261b62f985cf061ec9fba6","def":"{\"n\":\"ground\",\"v\":9,\"a\":[1],\"p\":[{\"b\":17,\"s\":[{\"p\":[0,0,0],\"r\":[0,0,0],\"s\":[3.37137,0.11062,3.191414],\"c\":[0.9019608,0.8509804,0.7215686]}]}]}"}],"serveTime":5}