{"thingDefinitions":[{"id":"5b0990ce98d29d3bb03fdf66","def":"{\"n\":\"ground\",\"v\":4,\"a\":[1,7],\"p\":[{\"b\":17,\"s\":[{\"p\":[0,0,0],\"r\":[0,0,0],\"s\":[39.60657,0.11062,16.21137],\"c\":[0.9019608,0.8509804,0.7215686]}]}]}"}],"serveTime":5}