{"thingDefinitions":[{"id":"5cead740e38b3431e80bc632","def":"{\"v\":9,\"p\":[{\"s\":[{\"p\":[0,0,0],\"r\":[0,0,0],\"s\":[0.1750001,0.1750002,0.1750001],\"c\":[1,1,1]}]},{\"s\":[{\"p\":[0.08149034,-0.3459637,-0.5375923],\"r\":[73.11223,112.7167,125.8382],\"s\":[0.1750002,0.1750002,0.175],\"c\":[1,1,1]}]}]}"}],"serveTime":4}