{"thingDefinitions":[{"id":"5d3515d773167b0620b59a63","def":"{\"v\":9,\"p\":[{\"b\":2,\"s\":[{\"p\":[0,0,0],\"r\":[0,0,0],\"s\":[0.1250002,0.1229906,0.1250003],\"c\":[1,1,1]}]}]}"}],"serveTime":4}