{"thingDefinitions":[{"id":"5d1adacbc16e71060b61c54b","def":"{\"n\":\"ground\",\"v\":9,\"a\":[1],\"p\":[{\"b\":17,\"s\":[{\"p\":[-1.850266,-0.5833039,0.6214277],\"r\":[352.5902,28.95279,347.9678],\"s\":[3.363346,0.1106201,3.201104],\"c\":[0.9019608,0.8509804,0.7215686]},{\"p\":[0,0,0],\"r\":[0,0,-2.134434E-07],\"s\":[3.363346,0.11062,3.201103],\"c\":[0.9019608,0.8509804,0.7215686]}]}]}"}],"serveTime":11}