{"thingDefinitions":[{"id":"5adb934d1b66e8031dd13017","def":"{\"v\":4,\"p\":[{\"s\":[{\"p\":[0,0,0],\"r\":[0,0,0],\"s\":[0.175,0.175,0.1749999],\"c\":[1,1,1]}]},{\"b\":2,\"s\":[{\"p\":[-0.00326833,0.1680562,-0.01232613],\"r\":[272.419,156.8428,110.8924],\"s\":[0.125,0.1250001,0.1250001],\"c\":[1,1,1]}]}]}"}],"serveTime":4}