{"thingDefinitions":[{"id":"5c395da84d67fc6f60920040","def":"{\"n\":\"ground\",\"v\":7,\"a\":[1],\"p\":[{\"b\":17,\"t\":19,\"s\":[{\"p\":[0,0,0],\"r\":[0,0,0],\"s\":[3.363346,0.11062,3.201102],\"c\":[0.8888889,0.8888889,0.8888889]}]}]}"},{"id":"5c395dcdfbe56c6f83fe1e77","def":"{\"v\":7,\"a\":[22],\"p\":[{\"s\":[{\"p\":[0,0,0],\"r\":[0,0,0],\"s\":[0.08066061,0.08067489,0.183395],\"c\":[1,1,1],\"b\":[\"when starts then send nearby to previous\"]}]}]}"}],"serveTime":7}