{"thingDefinitions":[{"id":"5c2933acad6b9c6e49e2c5e6","def":"{\"n\":\"ground\",\"v\":7,\"a\":[1],\"p\":[{\"b\":17,\"s\":[{\"p\":[0,0,0],\"r\":[0,0,0],\"s\":[3.268574,0.08239257,4.055251],\"c\":[0.9019608,0.8509804,0.7215686]}]}]}"},{"id":"5c2933ba285ab86f59fd6636","def":"{\"v\":7,\"p\":[{\"s\":[{\"p\":[0.6653294,0.1576935,-0.1854026],\"r\":[9.098687,335.707,217.1054],\"s\":[0.1750001,0.1750002,0.175],\"c\":[1,1,1]}]},{\"s\":[{\"p\":[0.08915946,0.4351977,0.03680545],\"r\":[45.34092,42.10301,242.3853],\"s\":[0.1750002,0.1750003,0.175],\"c\":[1,1,1]}]},{\"s\":[{\"p\":[0.4119018,0.1277107,0.1240612],\"r\":[277.9386,6.424743,158.5614],\"s\":[0.1750002,0.1750003,0.1750001],\"c\":[1,1,1]}]}]}"}],"serveTime":4}