{"thingDefinitions":[{"id":"5b1cdf416111214f6a83b4b6","def":"{\"v\":5,\"p\":[{\"b\":17,\"s\":[{\"p\":[0,0,0],\"r\":[0,0,0],\"s\":[0.06000004,0.06000005,0.06000005],\"c\":[1,1,1]}]},{\"b\":5,\"s\":[{\"p\":[0.1237761,-0.002983525,-0.009988165],\"r\":[357.8824,276.5399,90.10796],\"s\":[0.1250002,0.1250001,0.1250002],\"c\":[1,1,1]}]},{\"b\":14,\"s\":[{\"p\":[0.2781307,0.01611257,-0.07453992],\"r\":[359.6393,277.8083,64.01477],\"s\":[0.06000001,0.06,0.05999999],\"c\":[1,1,1]}]}]}"}],"serveTime":5}