{"thingDefinitions":[{"id":"5a37d6b685078a59146fc02b","def":"{\"n\":\"thing\",\"v\":2,\"p\":[{\"b\":9,\"s\":[{\"p\":[0,0,0],\"r\":[0,0,0],\"s\":[0.1250001,0.1250001,0.1250004],\"c\":[1,1,1]}]}]}"}],"serveTime":5}