{"thingDefinitions":[{"id":"5ccb63b137ccf20563e7307d","def":"{\"v\":9,\"p\":[{\"b\":2,\"s\":[{\"p\":[0,0,0],\"r\":[0,0,0],\"s\":[0.1250001,0.1250001,0.1250001],\"c\":[1,1,1]}]},{\"s\":[{\"p\":[-0.003705698,0.01134234,-0.1326564],\"r\":[359.6078,1.514266,356.8222],\"s\":[0.1750002,0.1750001,0.1750001],\"c\":[1,1,1]}]}]}"},{"id":"5ccb6424bfde14791842d360","def":"{\"v\":9,\"p\":[{\"b\":40,\"s\":[{\"p\":[0,0,0],\"r\":[0,0,-5.336086E-08],\"s\":[0.1250003,0.1250001,0.1250002],\"c\":[1,1,1]}]},{\"b\":52,\"s\":[{\"p\":[-0.1255596,0.9852574,0.06264025],\"r\":[338.4943,335.7307,88.63732],\"s\":[0.1250001,0.1250001,0.1250001],\"c\":[1,1,1]}]}]}"}],"serveTime":7}