{"thingDefinitions":[{"id":"5b1b833c9603fe4f5e779451","def":"{\"v\":5,\"p\":[{\"b\":2,\"s\":[{\"p\":[0.009493552,0.1755899,-0.0114108],\"r\":[275.6696,267.0557,94.139],\"s\":[0.1250001,0.1250001,0.125],\"c\":[1,1,1]}]},{\"b\":5,\"s\":[{\"p\":[-0.2154981,0.003052577,-0.1204541],\"r\":[341.9149,92.05997,356.0378],\"s\":[0.1250001,0.1250001,0.1250001],\"c\":[1,1,1]}]},{\"s\":[{\"p\":[0.1500693,-0.1325043,-0.1727183],\"r\":[26.80106,36.55919,351.7468],\"s\":[0.1750006,0.1750003,0.1750004],\"c\":[1,1,1]}]}]}"}],"serveTime":4}