{"thingDefinitions":[{"id":"5d18f21ad8a7b705d9e07f8f","def":"{\"v\":9,\"p\":[{\"b\":80,\"s\":[{\"p\":[0,0,0],\"r\":[0,0,0],\"s\":[0.075,0.07500003,0.07500002],\"c\":[1,1,1]}]}]}"}],"serveTime":4}