{"thingDefinitions":[{"id":"5a3e48f5c334509613e63045","def":"{\"n\":\"thing\",\"v\":2,\"p\":[{\"s\":[{\"p\":[0,0,0],\"r\":[0,0,0],\"s\":[0.1750002,0.1750002,0.1750002],\"c\":[1,1,1]}]},{\"b\":2,\"s\":[{\"p\":[0.01196527,-0.00126718,0.1654991],\"r\":[351.8295,349.817,76.78059],\"s\":[0.125,0.1250001,0.1250001],\"c\":[1,1,1]}]},{\"b\":3,\"s\":[{\"p\":[-0.001247243,-0.006832287,-0.2067448],\"r\":[33.6432,48.64684,353.4254],\"s\":[0.125,0.125,0.125],\"c\":[1,1,1]}]}]}"}],"serveTime":5}