{"thingDefinitions":[{"id":"59db85fe6289f324102a0ece","def":"{\"n\":\"11233\",\"p\":[{\"b\":17,\"s\":[{\"p\":[0,0,0],\"r\":[0,0,0],\"s\":[3.363346,0.11062,3.201102],\"c\":[0.9019608,0.8509804,0.7215686]}]},{\"s\":[{\"p\":[-2.361917,1.318986,2.10535],\"r\":[283.4031,21.42098,358.2958],\"s\":[0.1750001,0.1750003,0.1750004],\"c\":[1,0.8730159,0.111111]}]}]}"},{"id":"59db8613fa5bf7cb134bd79d","def":"{\"n\":\"thing\",\"p\":[{\"s\":[{\"p\":[0,0,0],\"r\":[0,0,0],\"s\":[0.1750003,0.1750004,0.1750004],\"c\":[1,1,1]}]}]}"}],"serveTime":6}