{"thingDefinitions":[{"id":"5a4c7a929ca3ada213627053","def":"{\"n\":\"lamp\",\"v\":2,\"p\":[{\"b\":10,\"t\":3,\"s\":[{\"p\":[0.06513435,-0.05249906,1.245708],\"r\":[31.70227,17.99297,22.26283],\"s\":[0.3795672,0.391093,0.424722],\"c\":[0.9777778,1,0.8888889]}]},{\"b\":14,\"t\":3,\"s\":[{\"p\":[-0.001790305,0.04278661,0.005316779],\"r\":[3.051753,1.6625,358.9437],\"s\":[0.08035968,0.06000044,0.354736],\"c\":[0.1728394,0.2010581,0.2222221]}]}]}"}],"serveTime":5}