{"thingDefinitions":[{"id":"5d32425c74304635373f2b40","def":"{\"v\":9,\"p\":[{\"b\":5,\"s\":[{\"p\":[0,0,0],\"r\":[0,0,8.537737E-07],\"s\":[0.1000001,0.1,0.1],\"c\":[1,1,1]}]}]}"}],"serveTime":5}