{"thingDefinitions":[{"id":"5e3be2676d8eca4f5d1a71b3","def":"{\"n\":\"hi \",\"v\":9,\"a\":[1],\"p\":[{\"b\":17,\"s\":[{\"p\":[0,0,0],\"r\":[0,0,-2.401239E-07],\"s\":[3.363346,0.11062,3.201103],\"c\":[0.9019608,0.8509804,0.7215686]}]},{\"s\":[{\"p\":[-1.897095,1.462875,0.6159082],\"r\":[358.3675,333.2181,116.7027],\"s\":[0.1750001,0.1672837,0.1404336],\"c\":[0.01234568,0.111111,0.111111]}]}]}"}],"serveTime":4}