{"thingDefinitions":[{"id":"5c9a67907bffb87b490a3ae7","def":"{\"v\":9,\"p\":[{\"b\":39,\"s\":[{\"p\":[-0.05242333,0.2541436,-0.1748581],\"r\":[327.6825,295.6565,14.54264],\"s\":[0.125,0.1250001,0.1250001],\"c\":[1,1,1]}]},{\"b\":9,\"s\":[{\"p\":[-0.07653277,0.3196007,-0.03427696],\"r\":[341.2679,354.0244,346.0834],\"s\":[0.1250001,0.1250001,0.1250003],\"c\":[1,1,1]}]},{\"b\":41,\"s\":[{\"p\":[-0.07229401,0.4058332,0.01043147],\"r\":[347.9222,249.869,327.7399],\"s\":[0.1250001,0.1250001,0.1250001],\"c\":[1,1,1]}]},{\"b\":5,\"s\":[{\"p\":[0.01142018,0.3763871,-0.4605035],\"r\":[297.7864,26.75403,263.8864],\"s\":[0.1000001,0.1000003,0.1000003],\"c\":[1,1,1]}]}]}"}],"serveTime":4}