{"thingDefinitions":[{"id":"5d968debc37a927fec8c8e3f","def":"{\"v\":9,\"p\":[{\"s\":[{\"p\":[0,0,0],\"r\":[0,0,0],\"s\":[0.1750002,0.1750002,0.1750005],\"c\":[1,1,1]}]},{\"s\":[{\"p\":[0.08279821,0.1321696,-0.1516603],\"r\":[26.21774,341.1555,13.85842],\"s\":[0.1750003,0.1750001,0.1750003],\"c\":[1,1,1]}]},{\"b\":3,\"s\":[{\"p\":[-0.1265811,-0.1444401,0.1599708],\"r\":[37.19786,256.4573,10.24533],\"s\":[0.1250001,0.1250002,0.1250001],\"c\":[1,1,1]}]}]}"}],"serveTime":5}