{"thingDefinitions":[{"id":"5e2b9cc6c85a503800d3e479","def":"{\"n\":\"ground\",\"v\":9,\"a\":[1],\"p\":[{\"b\":17,\"s\":[{\"p\":[0,0,0],\"r\":[0,0,0],\"s\":[3.363346,0.11062,3.201102],\"c\":[0.9019608,0.8509804,0.7215686]}]}]}"},{"id":"5e2ba01acf649524d1952d07","def":"{\"v\":9,\"p\":[{\"s\":[{\"p\":[0,0,0],\"r\":[0,0,0],\"s\":[0.06109542,0.05643557,0.7020537],\"c\":[1,1,1]}]}]}"}],"serveTime":5}