{"thingDefinitions":[{"id":"5f127e20bc1b58604f6ab9e5","def":"{\"n\":\"ground\",\"v\":9,\"a\":[1],\"p\":[{\"b\":17,\"s\":[{\"p\":[0,0,0],\"r\":[0,0,0],\"s\":[3.363346,0.11062,3.201102],\"c\":[0.9019608,0.8509804,0.7215686]}]},{\"b\":10,\"s\":[{\"p\":[-0.3578262,0.7316566,0.2376053],\"r\":[321.4756,284.7868,355.6317],\"s\":[0.1250001,0.125,0.1250001],\"c\":[1,1,1]}]},{\"b\":8,\"s\":[{\"p\":[-0.236338,0.8313836,0.456677],\"r\":[295.8991,314.9779,348.5572],\"s\":[0.1250001,0.1250001,0.125],\"c\":[1,1,1]}]}]}"}],"serveTime":6}