{"thingDefinitions":[{"id":"5b98ea91f9a1e00570602f7a","def":"{\"v\":6,\"p\":[{\"t\":2,\"s\":[{\"p\":[0,0,0],\"r\":[0,0,0],\"s\":[0.1750003,0.1750001,0.1750003],\"c\":[1,0.5142855,0]}]}]}"}],"serveTime":5}