{"thingDefinitions":[{"id":"5bf5d8b1c75fcf650fdfb47b","def":"{\"v\":7,\"a\":[7],\"p\":[{\"t1\":162,\"s\":[{\"p\":[0,0,0],\"r\":[0,0,0],\"s\":[16.08684,14.43952,0.02830592],\"c\":[0.3333332,0.2285713,0],\"t1\":{\"c\":[0.2962962,0.5714282,0.6666667],\"x\":0.5,\"y\":0.5,\"a\":0.8925,\"m\":0,\"n\":0,\"r\":0,\"g\":0,\"o\":0.5,\"t\":0.5,\"e\":0.5}}]}]}"},{"id":"5bfe77b19cf82a63f97c1bbd","def":"{\"v\":7,\"p\":[{\"s\":[{\"p\":[0,0,0],\"r\":[0,0,-2.334537E-08],\"s\":[0.1750007,1.820703,0.2041274],\"c\":[1,1,1]}]},{\"b\":10,\"s\":[{\"p\":[-0.1800959,-1.021639,-0.01051165],\"r\":[14.34729,229.5383,94.90336],\"s\":[0.1647491,0.4187079,1.128103],\"c\":[1,1,1]}]}]}"}],"serveTime":5}