{"thingDefinitions":[{"id":"5a6a17843b04f9dd0f4287a3","def":"{\"n\":\"thing\",\"v\":2,\"p\":[{\"s\":[{\"p\":[0,0,0],\"r\":[0,0,0],\"s\":[0.175,0.1750009,0.1750009],\"c\":[1,1,1]}]},{\"s\":[{\"p\":[0.1630597,-0.001154129,-0.02996355],\"r\":[356.6948,13.22851,357.0883],\"s\":[0.1750001,0.1750008,0.1750008],\"c\":[1,1,1]}]}]}"},{"id":"5a6a17d8f3c6aadd138fe305","def":"{\"n\":\"thing\",\"v\":2,\"p\":[{\"b\":12,\"s\":[{\"p\":[0,0,0],\"r\":[0,0,-8.537737E-07],\"s\":[0.06000001,0.06000001,0.06],\"c\":[1,1,1]}]}]}"}],"serveTime":6}