{"thingDefinitions":[{"id":"5ce73802af9ca0062626055c","def":"{\"v\":9,\"p\":[{\"b\":2,\"s\":[{\"p\":[0,0,0],\"r\":[0,0,0],\"s\":[0.06113834,0.1706903,0.1626956],\"c\":[1,1,1]}]},{\"b\":9,\"s\":[{\"p\":[-0.5751164,-0.5982766,0.6785649],\"r\":[44.09183,238.1176,241.5165],\"s\":[0.001000001,0.001000001,0.1250013],\"c\":[1,1,1]}]}]}"}],"serveTime":5}