{"thingDefinitions":[{"id":"5815c626fbf446e90f46435f","def":"{\"n\":\"board\",\"a\":[7],\"p\":[{\"s\":[{\"p\":[0,0,0],\"r\":[0,0,0],\"s\":[0.7613586,0.06875209,0.3621968],\"c\":[1,0.8920635,0.7777778]}]}]}"}],"serveTime":4}