{"thingDefinitions":[{"id":"5c5557179d5144109ef0f181","def":"{\"n\":\"ground\",\"v\":7,\"a\":[1],\"p\":[{\"b\":17,\"i\":[{\"t\":\"000000000000000000000001\",\"p\":[0,0,0],\"r\":[4.268868E-07,-3.975693E-16,-1.481061E-24]}],\"c\":[[0.4,1.6,-0.2,653,7,59,4],[0.208,0.676,-0.298,645,7,61,4],[0.347,1.245,-0.264,649,7,60,4]],\"sa\":61,\"s\":[{\"p\":[0,0,0],\"r\":[0,0,0],\"s\":[3.363348,0.11062,3.201104],\"c\":[0,0.5714284,1]}]},{\"b\":11,\"s\":[{\"p\":[-1.420637,1.144202,-0.1969406],\"r\":[31.65007,267.8892,261.3155],\"s\":[0.1000002,0.1000001,0.1000002],\"c\":[1,1,1]}]},{\"b\":17,\"s\":[{\"p\":[-1.137082,1.241192,-0.2672517],\"r\":[348.3016,198.203,11.09134],\"s\":[0.06000014,0.06000001,0.06000012],\"c\":[1,1,1]}]}]}"}],"serveTime":4}