{"thingDefinitions":[{"id":"5cc4e15fb39fc2056fca8340","def":"{\"n\":\"ground\",\"v\":9,\"a\":[1],\"p\":[{\"b\":17,\"s\":[{\"p\":[0,0,0],\"r\":[0,0,0],\"s\":[3.363346,0.11062,3.201102],\"c\":[0.9019608,0.8509804,0.7215686]}]}]}"},{"id":"5cc4e128981488266be4c2d5","def":"{\"v\":9,\"a\":[4],\"p\":[{\"s\":[{\"p\":[0,0,0],\"r\":[0,0,0],\"s\":[0.8087801,0.2069061,12.8879],\"c\":[1,1,1]}]}]}"}],"serveTime":6}