{"thingDefinitions":[{"id":"5e283aad9371bd24d77a84ad","def":"{\"v\":9,\"p\":[{\"b\":9,\"s\":[{\"p\":[0.08181717,-0.08631557,0.07708319],\"r\":[355.2348,334.9155,77.80424],\"s\":[0.1250004,0.1250004,0.1250003],\"c\":[0.7777778,0.08641968,0.5604938]},{\"p\":[0,0,0],\"r\":[0,0,8.537737E-07],\"s\":[0.1250002,0.1250002,0.1250001],\"c\":[1,1,1]}]},{\"b\":10,\"s\":[{\"p\":[0.09030557,0.5978949,0.3479441],\"r\":[314.5025,324.3696,293.369],\"s\":[0.1250003,0.125,0.1250003],\"c\":[0.7777778,0.08641968,0.5604938]}]}]}"}],"serveTime":4}