{"thingDefinitions":[{"id":"5e0de6b583e136062767533a","def":"{\"n\":\"ground\",\"v\":9,\"a\":[1],\"p\":[{\"b\":17,\"i\":[{\"t\":\"000000000000000000000001\",\"p\":[0,0,0],\"r\":[0.0001058679,-3.756605E-05,-1.024532E-05]}],\"s\":[{\"p\":[0,0,0],\"r\":[0,0,0],\"s\":[2.768522,0.07758296,4.065907],\"c\":[0.9019608,0.8509804,0.7215686]}]}]}"}],"serveTime":5}