{"thingDefinitions":[{"id":"5e0b41d203c5d62a49b3297f","def":"{\"v\":9,\"p\":[{\"b\":9,\"s\":[{\"p\":[0,0,0],\"r\":[0,0,0],\"s\":[0.1250001,0.125,0.1250001],\"c\":[1,1,1]}]}]}"},{"id":"5e0b41f203c5d62a49b32980","def":"{\"v\":9,\"p\":[{\"b\":3,\"s\":[{\"p\":[0,0,0],\"r\":[0,0,8.537737E-07],\"s\":[0.1250001,0.125,0.125],\"c\":[1,1,1]}]}]}"},{"id":"5e0b42157024472b8c3a2788","def":"{\"v\":9,\"p\":[{\"b\":14,\"s\":[{\"p\":[0,0,0],\"r\":[0,0,0],\"s\":[0.06000019,0.06000008,0.06000014],\"c\":[1,1,1]}]}]}"}],"serveTime":6}