{"thingDefinitions":[{"id":"5e267e2fa35bc84f574c1717","def":"{\"v\":9,\"p\":[{\"b\":14,\"s\":[{\"p\":[0,0,0],\"r\":[0,0,0],\"s\":[0.06000001,0.06000007,0.06000004],\"c\":[1,1,1]}]}]}"}],"serveTime":4}