{"thingDefinitions":[{"id":"5c41b1d3fd40c81dfb5e96e2","def":"{\"v\":7,\"p\":[{\"b\":12,\"s\":[{\"p\":[0,0,0],\"r\":[0,0,0],\"s\":[0.06000005,0.06000006,0.06000005],\"c\":[1,1,1]}]}]}"},{"id":"5c41b2c15606e0255ca6885b","def":"{\"v\":7,\"p\":[{\"s\":[{\"p\":[0,0,0],\"r\":[0,0,-8.537737E-07],\"s\":[0.1750002,0.1750002,0.175],\"c\":[1,1,1]}]},{\"s\":[{\"p\":[-0.07125816,0.5698341,-0.1639234],\"r\":[302.3108,348.9212,19.48544],\"s\":[0.1750002,0.1750001,0.175],\"c\":[1,1,1]}]}]}"}],"serveTime":6}