{"thingDefinitions":[{"id":"5d9e40f6d74616061de9d9fb","def":"{\"v\":9,\"p\":[{\"b\":2,\"s\":[{\"p\":[0,0,0],\"r\":[0,0,0],\"s\":[0.2404633,0.297724,0.3419382],\"c\":[1,1,1]}]}]}"}],"serveTime":8}