{"thingDefinitions":[{"id":"5b4d1d7d9620363e27527ac9","def":"{\"n\":\"-fhertyj\",\"v\":5,\"p\":[{\"b\":9,\"s\":[{\"p\":[0,0,0],\"r\":[0,0,0],\"s\":[0.1249999,0.125,0.125],\"c\":[1,1,1]}]},{\"b\":11,\"s\":[{\"p\":[0.02737789,0.07623829,-0.1053473],\"r\":[62.14297,215.1526,47.75696],\"s\":[0.1352421,0.06564017,0.1135331],\"c\":[1,1,1]}]}]}"}],"serveTime":5}