{"thingDefinitions":[{"id":"5da0eb3212a1ad063224de3f","def":"{\"v\":9,\"p\":[{\"b\":9,\"s\":[{\"p\":[0.01244551,-0.003684117,0.004171041],\"r\":[351.4722,1.714609,3.672465],\"s\":[0.125,0.125,0.125],\"c\":[1,1,1]}]},{\"s\":[{\"p\":[0.01631437,0.01149616,0.008137804],\"r\":[6.509407,356.3969,359.4021],\"s\":[0.1750001,0.1750005,0.1750005],\"c\":[1,1,1]}]}]}"}],"serveTime":5}