{"thingDefinitions":[{"id":"5ccd9b634ea66c64cf6fc58d","def":"{\"v\":9,\"p\":[{\"b\":12,\"s\":[{\"p\":[-0.07147866,-0.4469461,-0.632818],\"r\":[313.8518,94.13468,188.6116],\"s\":[0.06000018,0.06000017,0.06000013],\"c\":[1,1,1]}]}]}"}],"serveTime":4}