{"thingDefinitions":[{"id":"5dd00d8f39effe115f71b8a1","def":"{\"v\":9,\"p\":[{\"s\":[{\"p\":[0,0,0],\"r\":[0,0,0],\"s\":[0.1750002,0.175,0.1750001],\"c\":[1,1,1]}]},{\"s\":[{\"p\":[-0.1838287,-0.0008290485,-0.01797345],\"r\":[10.34385,355.0092,352.4507],\"s\":[0.1750003,0.175,0.1750003],\"c\":[1,1,1]}]}]}"}],"serveTime":4}