{"thingDefinitions":[{"id":"5a2a2b123b44c9261055891f","def":"{\"n\":\"thing\",\"v\":2,\"p\":[{\"s\":[{\"p\":[0,0,0],\"r\":[0,0,0],\"s\":[0.02290833,0.03177076,0.5157307],\"c\":[1,1,1]}]}]}"}],"serveTime":7}