{"thingDefinitions":[{"id":"59c7c59dbe786aa313bebf99","def":"{\"n\":\"thing\",\"p\":[{\"b\":9,\"s\":[{\"p\":[0,0,0],\"r\":[0,0,-8.537737E-07],\"s\":[0.1250002,0.1250003,0.1219954],\"c\":[1,1,1]}]}]}"}],"serveTime":4}