{"thingDefinitions":[{"id":"5a100fbcaa1e9bb113202475","def":"{\"n\":\"ground\",\"v\":1,\"a\":[1],\"p\":[{\"b\":17,\"s\":[{\"p\":[0,0,0],\"r\":[0,0,0],\"s\":[3.363346,0.11062,3.201102],\"c\":[0.9019608,0.8509804,0.7215686]}]},{\"b\":9,\"s\":[{\"p\":[2.319039,0.7899172,-0.8848425],\"r\":[25.14623,316.2931,343.1847],\"s\":[0.125,0.125,0.125],\"c\":[1,1,1]}]},{\"b\":2,\"s\":[{\"p\":[2.304847,0.9156989,-0.8434735],\"r\":[281.5421,26.0553,304.5061],\"s\":[0.125,0.1250002,0.1250001],\"c\":[1,1,1]}]}]}"}],"serveTime":4}