{"thingDefinitions":[{"id":"59bad5df737fdc47119e05d3","def":"{\"n\":\"thing\",\"p\":[{\"s\":[{\"p\":[0,0,0],\"r\":[0,0,-1.707548E-06],\"s\":[0.1750008,0.5837393,0.005000002],\"c\":[1,1,1]}]}]}"}],"serveTime":4}