{"thingDefinitions":[{"id":"5e5b8b57e3f0ef557ab32b05","def":"{\"n\":\"ground\",\"v\":9,\"a\":[4],\"p\":[{\"b\":17,\"s\":[{\"p\":[0,0,0],\"r\":[0,0,-8.004128E-08],\"s\":[3.363349,0.11062,3.201103],\"c\":[0.9019608,0.8509804,0.7215686]}]},{\"s\":[{\"p\":[0.2944305,1.246183,0.4706323],\"r\":[348.8719,257.4205,258.2253],\"s\":[0.1750007,0.1750005,0.1750005],\"c\":[1,1,1]}]}]}"}],"serveTime":6}