{"thingDefinitions":[{"id":"5bfbbf5d9cf82a63f97c1b45","def":"{\"v\":7,\"p\":[{\"b\":2,\"s\":[{\"p\":[0,0,0],\"r\":[0,0,0],\"s\":[0.1250001,0.1250001,0.1250001],\"c\":[1,1,1]}]},{\"b\":2,\"s\":[{\"p\":[0.08430953,0.09176554,0.1991984],\"r\":[326.3249,5.544575,5.03181],\"s\":[0.125,0.1250001,0.1250001],\"c\":[1,1,1]}]},{\"b\":9,\"s\":[{\"p\":[0.02192573,0.1370737,0.2412232],\"r\":[47.87028,302.3721,306.4584],\"s\":[0.1250003,0.1250002,0.1250004],\"c\":[1,1,1]}]},{\"b\":9,\"s\":[{\"p\":[-0.5832922,0.586005,-0.1411543],\"r\":[11.75803,294.3047,239.02],\"s\":[0.1250002,0.1250002,0.1250002],\"c\":[1,1,1]}]}]}"}],"serveTime":5}