{"thingDefinitions":[{"id":"5b72db428aacef64aab6b33a","def":"{\"v\":6,\"p\":[{\"b\":29,\"s\":[{\"p\":[0,0,0],\"r\":[0,0,4.268868E-07],\"s\":[0.125,0.125,0.1250001],\"c\":[1,1,1]}]},{\"b\":42,\"s\":[{\"p\":[-0.111948,0.01093184,0.02843068],\"r\":[354.8173,338.0173,349.5143],\"s\":[0.1563306,0.125,0.125],\"c\":[1,1,1]}]}]}"}],"serveTime":4}