{"thingDefinitions":[{"id":"5e8e538f15cb97325ce6f99b","def":"{\"v\":9,\"p\":[{\"b\":86,\"s\":[{\"p\":[0,0,0],\"r\":[0,0,0],\"s\":[0.01990677,0.1037143,0.02086946],\"c\":[1,1,1]}]}]}"}],"serveTime":5}