{"thingDefinitions":[{"id":"5a7f46344ef238a513bf521f","def":"{\"n\":\"thing\",\"v\":2,\"p\":[{\"b\":10,\"s\":[{\"p\":[0,0,0],\"r\":[0,0,3.415094E-06],\"s\":[0.1250001,0.1250001,0.1250001],\"c\":[1,1,1]}]}]}"},{"id":"5a7f4661dfb9f6323bbb6b53","def":"{\"n\":\"thing\",\"v\":2,\"p\":[{\"b\":10,\"s\":[{\"p\":[0,0,0],\"r\":[0,0,0],\"s\":[0.1250002,0.1250004,0.1250003],\"c\":[1,1,1]}]}]}"}],"serveTime":5}