{"thingDefinitions":[{"id":"5a26b32357db081910d9810c","def":"{\"n\":\"thing\",\"v\":2,\"p\":[{\"b\":17,\"s\":[{\"p\":[-0.01857935,-0.0003788918,0.1535173],\"r\":[76.21393,186.0651,109.8196],\"s\":[0.06000005,0.06000004,0.06000007],\"c\":[1,1,1]}]},{\"b\":14,\"s\":[{\"p\":[0.01574441,-0.006961301,0.006802028],\"r\":[3.025793,3.839836,359.4901],\"s\":[0.06000037,0.06000033,0.05999998],\"c\":[1,1,1]}]}]}"}],"serveTime":4}