{"thingDefinitions":[{"id":"5c32e084de19833185810846","def":"{\"v\":7,\"p\":[{\"s\":[{\"p\":[0,0,0],\"r\":[0,0,0],\"s\":[0.1750004,0.1750002,0.1750003],\"c\":[1,1,1]}]}]}"}],"serveTime":4}