{"thingDefinitions":[{"id":"5d9cdb38da6029062c3c97f9","def":"{\"v\":9,\"p\":[{\"b\":12,\"t\":3,\"s\":[{\"p\":[0,0,0],\"r\":[0,0,0],\"s\":[0.06000014,0.06000008,0.06000026],\"c\":[1,0.1714284,0]}]}]}"}],"serveTime":6}