{"thingDefinitions":[{"id":"5cd0730fd3dcea5cc03225e1","def":"{\"n\":\"ground\",\"v\":9,\"a\":[1],\"p\":[{\"b\":17,\"s\":[{\"p\":[0,0,0],\"r\":[0,0,0],\"s\":[3.363346,0.11062,3.201102],\"c\":[0.9019608,0.8509804,0.7215686]}]},{\"b\":9,\"s\":[{\"p\":[1.052751,1.564697,-0.4657491],\"r\":[19.85326,223.4867,103.4131],\"s\":[0.125,0.125,0.125],\"c\":[1,1,1]}]},{\"b\":13,\"s\":[{\"p\":[1.068936,1.482613,-0.4476228],\"r\":[273.6734,222.8599,36.69972],\"s\":[0.06000002,0.06000001,0.05999999],\"c\":[1,1,1]}]},{\"b\":13,\"s\":[{\"p\":[1.086139,1.745976,-0.1527681],\"r\":[334.4944,252.444,76.84238],\"s\":[0.06000002,0.06000004,0.06000005],\"c\":[1,1,1]}]}]}"}],"serveTime":4}