{"thingDefinitions":[{"id":"5c6a0aa43aa1a6286a4ffd60","def":"{\"n\":\"fuck ud\",\"v\":7,\"a\":[2,3,49],\"p\":[{\"b\":9,\"s\":[{\"p\":[-2.592786,10.16896,-13.09945],\"r\":[296.2206,259.5965,334.8144],\"s\":[0.125002,0.1250014,0.1250012],\"c\":[0.1142856,1,0]}]},{\"s\":[{\"p\":[-0.5361058,0.3518748,-0.8278683],\"r\":[37.76473,157.8634,216.3789],\"s\":[0.1750009,0.175001,0.1750003],\"c\":[0.2592591,0.7777778,0.7777778]}]}]}"}],"serveTime":5}