{"thingDefinitions":[{"id":"5da7ae389b038b062389fd7b","def":"{\"v\":9,\"p\":[{\"s\":[{\"p\":[0,0,0],\"r\":[0,0,0],\"s\":[2500.009,53.52627,1.04498],\"c\":[1,1,1]}]},{\"s\":[{\"p\":[7.041578,-1.505051,-1.244662],\"r\":[6.944447,177.7342,230.63],\"s\":[0.175,1.755491,1.030507],\"c\":[1,1,1]}]}]}"}],"serveTime":4}