{"thingDefinitions":[{"id":"5a43a98c65714b981365be4e","def":"{\"n\":\"ground\",\"v\":3,\"p\":[{\"b\":17,\"s\":[{\"p\":[0,0,0],\"r\":[0,0,0],\"s\":[3.363346,0.11062,3.201102],\"c\":[0.9019608,0.8509804,0.7215686]}]},{\"s\":[{\"p\":[1.19297,1.561138,1.338458],\"r\":[272.1353,183.119,179.0663],\"s\":[0.1750002,0.1750004,0.1750007],\"c\":[1,1,1]}]},{\"b\":3,\"s\":[{\"p\":[1.464441,1.550299,1.310703],\"r\":[325.337,96.2043,233.482],\"s\":[0.125,0.125,0.125],\"c\":[1,1,1]}]},{\"b\":9,\"s\":[{\"p\":[0.9254992,1.518934,1.328317],\"r\":[28.91447,49.08219,218.4247],\"s\":[0.1318751,0.1480922,0.1577625],\"c\":[1,1,1]}]}]}"}],"serveTime":3}