{"thingDefinitions":[{"id":"5ce49e1696010b604ee59ce6","def":"{\"n\":\"ground\",\"v\":9,\"a\":[1],\"p\":[{\"b\":17,\"i\":[{\"t\":\"000000000000000000000001\",\"p\":[0,0,0],\"r\":[0,0,0]},{\"t\":\"000000000000000000000001\",\"p\":[-2.620396,0.02371097,0.8922603],\"r\":[350.1654,25.00964,281.8917]}],\"s\":[{\"p\":[0,0,0],\"r\":[0,0,-2.668043E-07],\"s\":[3.237236,0.1371081,3.15594],\"c\":[0.9019608,0.8509804,0.7215686]}]},{\"b\":10,\"s\":[{\"p\":[-0.4087961,1.707949,3.146205],\"r\":[351.9135,48.48117,10.14979],\"s\":[0.1250001,0.1250003,0.1250003],\"c\":[1,1,1]}]},{\"b\":4,\"s\":[{\"p\":[-0.364783,1.886242,3.263401],\"r\":[297.2558,39.6946,4.594133],\"s\":[0.1250001,0.1250003,0.1250004],\"c\":[1,1,1]}]}]}"}],"serveTime":5}