{"thingDefinitions":[{"id":"5d98ef2a288c857ffcc863e3","def":"{\"n\":\"ground\",\"v\":9,\"a\":[1,22],\"p\":[{\"b\":17,\"s\":[{\"p\":[0,0,0],\"r\":[0,0,7.656432E-20],\"s\":[7.155539,0.239775,7.605276],\"c\":[0.9019608,0.8509804,0.7215686]}]}]}"}],"serveTime":5}