{"thingDefinitions":[{"id":"5c5a49df2f51671d92b0e10f","def":"{\"v\":7,\"p\":[{\"s\":[{\"p\":[0,0,0],\"r\":[0,0,-1.280661E-06],\"s\":[0.1159647,0.1095185,0.1217106],\"c\":[1,1,1]}]}]}"}],"serveTime":4}