{"thingDefinitions":[{"id":"5f7a8d34148e0b3fbed377b6","def":"{\"v\":9,\"p\":[{\"a\":[29,30],\"s\":[{\"p\":[0,0,0],\"r\":[0,0,0],\"s\":[0.1750005,0.1750003,0.1750013],\"c\":[1,1,1]}]}]}"}],"serveTime":4}