{"thingDefinitions":[{"id":"5ee504c7f772397ff1b5aca7","def":"{\"n\":\"ground\",\"v\":9,\"a\":[1],\"p\":[{\"b\":17,\"c\":[[0,12.8,0.1,699,3,3,3,3,1,3,3,3,3,3,3,3,5,3,3,3,3],[0.019,1.176,0.432,673,7,54,3],[1.457,0.01,-0.626,293,7,66,5],[1.329,0.45,-0.506,437,7,66,5]],\"sa\":5,\"s\":[{\"p\":[0,0,0],\"r\":[0,0,0],\"s\":[3.363346,0.11062,3.201102],\"c\":[0.9019608,0.8509804,0.7215686]}]},{\"s\":[{\"p\":[-0.5554871,1.555879,0.2333792],\"r\":[293.2534,322.4874,348.6834],\"s\":[0.1750001,0.1750001,0.1750001],\"c\":[1,1,1]}]},{\"s\":[{\"p\":[-0.3783304,1.685124,0.1015308],\"r\":[340.2607,69.40501,252.0232],\"s\":[0.1750002,0.1750002,0.1750001],\"c\":[1,1,1]}]}]}"}],"serveTime":4}