{"thingDefinitions":[{"id":"5b6e8b791a2ee262b419a7ed","def":"{\"v\":6,\"p\":[{\"b\":11,\"s\":[{\"p\":[0,0,0],\"r\":[0,0,0],\"s\":[0.1250002,0.1250005,0.1250005],\"c\":[1,1,1]}]}]}"}],"serveTime":5}