{"thingDefinitions":[{"id":"5c6788376a83931c8fb385ea","def":"{\"v\":7,\"p\":[{\"b\":5,\"s\":[{\"p\":[0.3555092,0.4864219,-0.5575784],\"r\":[312.3289,97.23805,348.2005],\"s\":[0.01122112,0.009952056,1.077432],\"c\":[1,1,1]}]}]}"},{"id":"5c6788c04641a4055918ea8b","def":"{\"v\":7,\"p\":[{\"b\":5,\"s\":[{\"p\":[0,0,0],\"r\":[0,0,0],\"s\":[0.01825273,0.01696857,0.2109303],\"c\":[1,1,1]}]}]}"}],"serveTime":12}