{"thingDefinitions":[{"id":"5ce1c5dd516cae604dbb26ef","def":"{\"v\":9,\"p\":[{\"b\":10,\"s\":[{\"p\":[0,0,0],\"r\":[0,0,-8.537737E-07],\"s\":[0.125,0.125,0.125],\"c\":[1,1,1]}]},{\"s\":[{\"p\":[-0.1590269,0.5157371,0.06853384],\"r\":[321.6075,24.17355,290.9188],\"s\":[0.1750001,0.1750001,0.1750001],\"c\":[1,1,1]}]}]}"}],"serveTime":4}