{"thingDefinitions":[{"id":"5c01af44c8f9ed644c75192f","def":"{\"v\":7,\"p\":[{\"s\":[{\"p\":[0,0,0],\"r\":[0,0,1.707547E-06],\"s\":[0.1749999,0.175,0.175],\"c\":[1,1,1]}]}]}"}],"serveTime":4}