{"thingDefinitions":[{"id":"5b0b4985a0b8330f916ab158","def":"{\"v\":4,\"p\":[{\"b\":9,\"s\":[{\"p\":[0,0,0],\"r\":[0,0,-1.707547E-06],\"s\":[0.125,0.1250001,0.1250002],\"c\":[1,1,1]}]},{\"b\":9,\"s\":[{\"p\":[0.09935391,0.003816845,-0.3668759],\"r\":[19.26878,60.29934,9.845388],\"s\":[0.125,0.125,0.1250001],\"c\":[1,1,1]}]},{\"b\":14,\"s\":[{\"p\":[-0.1863671,0.008596525,-0.06593283],\"r\":[352.5272,75.64278,294.6459],\"s\":[0.06000007,0.06000011,0.06000012],\"c\":[1,1,1]}]},{\"b\":14,\"s\":[{\"p\":[-0.1050887,0.005601749,-0.4258334],\"r\":[352.5617,74.8551,2.102874],\"s\":[0.06000002,0.06000008,0.06000008],\"c\":[1,1,1]}]}]}"}],"serveTime":5}