{"thingDefinitions":[{"id":"5a73fa9d1b3910ed0f9639c4","def":"{\"n\":\"thing\",\"v\":2,\"a\":[2],\"p\":[{\"b\":14,\"t\":1,\"pr\":40,\"s\":[{\"p\":[-0.1498842,-0.002689362,-0.04198606],\"r\":[76.38813,317.4969,344.6669],\"s\":[0.06000023,0.06000042,0.06000029],\"c\":[0.148148,0.1650791,0.4444443],\"pr\":{\"c\":[1,1,1],\"m\":0.25,\"a\":0.25,\"s\":0.15,\"z\":0.35,\"g\":0.5,\"h\":0.5}}]},{\"b\":9,\"t\":17,\"pr\":40,\"s\":[{\"p\":[-0.2063231,-0.312766,0.02435759],\"r\":[351.7748,16.30406,342.8881],\"s\":[0.1250012,0.8289371,0.3490602],\"c\":[0.148148,0.1650791,0.4444443],\"pr\":{\"c\":[1,1,1],\"m\":0.25,\"a\":0.25,\"s\":0.15,\"z\":0.35,\"g\":0.5,\"h\":0.5}}]}]}"}],"serveTime":4}