{"thingDefinitions":[{"id":"5a99d3578bf3078413f5553e","def":"{\"v\":2,\"p\":[{\"b\":9,\"s\":[{\"p\":[0,0,0],\"r\":[0,0,0],\"s\":[0.125,0.1250001,0.1250001],\"c\":[1,1,1]}]}]}"},{"id":"5a99d3a1cb9279a7135b160b","def":"{\"v\":2,\"p\":[{\"b\":5,\"s\":[{\"p\":[0,0,0],\"r\":[0,0,0],\"s\":[0.1250004,0.1250004,0.1250006],\"c\":[1,1,1]}]},{\"b\":75,\"s\":[{\"p\":[0.1883071,0.07882321,0.4950989],\"r\":[354.5883,82.7801,275.9936],\"s\":[0.07500012,0.07500009,0.07500013],\"c\":[1,1,1]}]},{\"b\":75,\"s\":[{\"p\":[0.2024173,0.09478993,0.3562537],\"r\":[347.7014,84.03635,91.1677],\"s\":[0.07500079,0.07500072,0.07500079],\"c\":[1,1,1]}]}]}"}],"serveTime":6}