{"thingDefinitions":[{"id":"5afd6af6ff08d80f7ee89fd3","def":"{\"v\":4,\"a\":[1],\"p\":[{\"b\":64,\"s\":[{\"p\":[0,0,0],\"r\":[0,0,0],\"s\":[0.1250002,0.1250001,0.1250001],\"c\":[1,1,1]}]},{\"b\":64,\"s\":[{\"p\":[0.3727891,0.005763501,-0.1376773],\"r\":[316.9103,66.85675,357.538],\"s\":[0.1250002,0.1250001,0.1250001],\"c\":[1,1,1]}]}]}"}],"serveTime":6}