{"thingDefinitions":[{"id":"5af4098e11263b0f8c04350a","def":"{\"v\":4,\"p\":[{\"b\":14,\"s\":[{\"p\":[0,0,0],\"r\":[0,0,0],\"s\":[0.06000004,0.06000001,0.06000003],\"c\":[1,1,1]}]}]}"}],"serveTime":3}