{"thingDefinitions":[{"id":"5ebea4d348dffd48d06cd60f","def":"{\"v\":9,\"p\":[{\"b\":9,\"s\":[{\"p\":[0,0,0],\"r\":[0,0,6.403302E-07],\"s\":[0.125,0.1250001,0.125],\"c\":[1,1,1]}]},{\"b\":11,\"s\":[{\"p\":[-0.03627304,0.1812973,0.04731787],\"r\":[339.1335,350.2603,6.979029],\"s\":[0.1000001,0.1000001,0.1],\"c\":[1,1,1]}]},{\"b\":197,\"s\":[{\"p\":[-0.01538211,-0.03054357,-0.2346163],\"r\":[312.1174,200.4685,282.072],\"s\":[0.06000005,0.06000002,0.06000005],\"c\":[1,1,1]}]}]}"}],"serveTime":5}