{"thingDefinitions":[{"id":"5ebc037fb65e6e347f184465","def":"{\"v\":9,\"a\":[7],\"p\":[{\"s\":[{\"p\":[0,0,0],\"r\":[0,0,4.378969E-13],\"s\":[0.05930024,442.619,941.5864],\"c\":[1,1,1]}]}]}"},{"id":"5ebc051908b180061d396be0","def":"{\"v\":9,\"a\":[7],\"p\":[{\"b\":79,\"s\":[{\"p\":[-0.02116299,0.02233799,0.1530628],\"r\":[0,270,0],\"s\":[0.05532234,0.03094673,0.05334491],\"c\":[1,1,1]}]},{\"b\":73,\"s\":[{\"p\":[-0.01654911,0.04700527,0.1531735],\"r\":[0,180,270],\"s\":[0.0344941,0.03449475,0.03449633],\"c\":[1,1,1]}]}]}"}],"serveTime":5}