{"thingDefinitions":[{"id":"5d7992762067ba393233921f","def":"{\"v\":9,\"p\":[{\"b\":3,\"s\":[{\"p\":[0,0,0],\"r\":[0,0,0],\"s\":[0.15017,0.007360256,0.008915531],\"c\":[0,0,0]}]},{\"b\":5,\"s\":[{\"p\":[0.1394258,0.002954103,0.0009947121],\"r\":[5.055447,267.2169,57.14053],\"s\":[0.001684759,0.001510691,0.08267696],\"c\":[0.6666667,0.6666667,0.6666667]}]},{\"b\":139,\"e\":\"WELDING ROD\",\"s\":[{\"p\":[-0.03515912,0.01186819,0.009852722],\"r\":[88.37418,20.13043,22.99816],\"s\":[0.0009999999,0.001,0.001],\"c\":[0,1,1]}]}]}"}],"serveTime":4}