{"thingDefinitions":[{"id":"5a21a563c2d2e1d7137c814a","def":"{\"n\":\"thing\",\"v\":2,\"p\":[{\"s\":[{\"p\":[0,0,0],\"r\":[0,0,0],\"s\":[0.1749999,0.175,0.175],\"c\":[1,1,1]}]},{\"s\":[{\"p\":[0.1184685,0.417452,-0.06921338],\"r\":[347.227,3.275192,74.27335],\"s\":[0.1750001,0.1750002,0.1750002],\"c\":[1,1,1]}]}]}"}],"serveTime":4}