{"thingDefinitions":[{"id":"5e4164a6363ca93807cc8160","def":"{\"n\":\"ground\",\"v\":9,\"a\":[1],\"p\":[{\"b\":17,\"s\":[{\"p\":[0,0,0],\"r\":[0,0,-1.167269E-08],\"s\":[3.363346,0.11062,3.201104],\"c\":[0.9019608,0.8509804,0.7215686]}]}]}"}],"serveTime":6}