{"thingDefinitions":[{"id":"5b00e32c1318b66188d2d83d","def":"{\"v\":4,\"p\":[{\"s\":[{\"p\":[0,0,0],\"r\":[0,0,0],\"s\":[0.1750001,0.1750001,0.1750001],\"c\":[1,1,1]}]},{\"s\":[{\"p\":[0.006215606,0.1416904,0.002980828],\"r\":[8.263069,0.2983224,357.2374],\"s\":[0.175,0.1750001,0.1750001],\"c\":[1,1,1]}]}]}"},{"id":"5b0104881318b66188d2d84b","def":"{\"v\":4,\"p\":[{\"b\":9,\"s\":[{\"p\":[0,0,0],\"r\":[0,0,0],\"s\":[0.1250001,0.125,0.1250001],\"c\":[1,1,1]}]}]}"}],"serveTime":6}