{"thingDefinitions":[{"id":"59a2a2229ee2aba013d318e4","def":"{\"n\":\"thing\",\"p\":[{\"b\":3,\"s\":[{\"p\":[-0.2229435,0.09268221,0.3779072],\"r\":[16.63607,323.405,28.18987],\"s\":[0.1250001,0.1250001,0.125],\"c\":[0,1,1]}]},{\"b\":10,\"s\":[{\"p\":[-0.08119922,0.2435086,0.06349955],\"r\":[351.1315,17.05397,40.23619],\"s\":[0.1250006,0.1250007,0.1250005],\"c\":[1,1,1]}]}]}"}],"serveTime":4}