{"thingDefinitions":[{"id":"5b00a68883b7167fb8e2f108","def":"{\"v\":4,\"p\":[{\"s\":[{\"p\":[0.05662538,-0.2300143,-0.2641543],\"r\":[48.31864,333.4539,91.18664],\"s\":[0.1750003,0.4528174,0.1701225],\"c\":[1,1,1]}]},{\"s\":[{\"p\":[0.26152,-0.2288513,-0.170296],\"r\":[41.05984,341.0188,47.15349],\"s\":[0.1750005,0.1750004,0.1750008],\"c\":[1,1,1]}]},{\"s\":[{\"p\":[-0.2151825,-0.1418071,-0.3515387],\"r\":[36.3473,312.4137,322.4459],\"s\":[0.1750004,0.1750006,0.1750005],\"c\":[1,1,1]}]},{\"b\":43,\"s\":[{\"p\":[-0.1284831,0.139507,-0.1084363],\"r\":[319.2237,31.47286,311.3453],\"s\":[1.060451,0.1307166,0.5525631],\"c\":[1,1,1]}]}]}"}],"serveTime":4}