{"thingDefinitions":[{"id":"5a66ef44eddb58b214505e45","def":"{\"n\":\"ground\",\"v\":3,\"a\":[1,7],\"p\":[{\"b\":17,\"s\":[{\"p\":[0,0,0],\"r\":[0,0,0],\"s\":[55.35152,1.172991,71.30759],\"c\":[0.9019608,0.8509804,0.7215686]}]}]}"},{"id":"5a66f0ca5b18e75e142068e2","def":"{\"n\":\"thing\",\"v\":3,\"a\":[7],\"p\":[{\"s\":[{\"p\":[0,0,0],\"r\":[0,0,0],\"s\":[0.6620063,0.005002184,1.146494],\"c\":[1,1,1],\"b\":[\"when touched then become next in 1s\"]},{\"p\":[-0.03610516,0.597723,-0.4716072],\"r\":[270,5.008956E-06,0],\"s\":[0.6623377,0.005006397,1.147167],\"c\":[1,1,1],\"b\":[\"when starts then become 3 in 1s\"]},{\"p\":[0,0,0],\"r\":[0,0,0],\"s\":[0.6620063,0.005002184,1.146494],\"c\":[1,1,1],\"b\":[\"when starts then become 1 in 0s\"]}]}]}"}],"serveTime":4}