{"thingDefinitions":[{"id":"58504f190313520d10a23964","def":"{\"n\":\"thing\",\"p\":[{\"b\":9,\"s\":[{\"p\":[0,0,0],\"r\":[0,0,0],\"s\":[2.879817,0.2719276,50],\"c\":[1,1,1]}]}]}"}],"serveTime":3}