{"thingDefinitions":[{"id":"59604a596b4e247606f84651","def":"{\"n\":\"ground\",\"a\":[1,7],\"p\":[{\"b\":17,\"s\":[{\"p\":[0,0,0],\"r\":[0,0,0],\"s\":[150,0.11062,150],\"c\":[0,0,0]}]}]}"},{"id":"59604a543d8dc5aa13a1d019","def":"{\"n\":\"thing\",\"p\":[{\"s\":[{\"p\":[0,0,0],\"r\":[0,0,0],\"s\":[0.175,0.1950269,3.69935],\"c\":[0,0,0]}]},{\"s\":[{\"p\":[-0.0885594,-0.2194991,0.7957946],\"r\":[358.4568,359.541,4.378442],\"s\":[1.42853,1.29439,0.1750005],\"c\":[0,0,0]}]}]}"}],"serveTime":4}