{"thingDefinitions":[{"id":"58b2ab1fe6e033557ec75635","def":"{\"n\":\"thing\",\"p\":[{\"b\":69,\"t\":2,\"s\":[{\"p\":[0,0,0],\"r\":[0,0,0],\"s\":[0.7280462,0.8419128,0.8439336],\"c\":[0.7777778,0.5629629,0.5185185]}]}]}"}],"serveTime":5}