{"thingDefinitions":[{"id":"5d3c8a9b94d61e3d5bb5e143","def":"{\"n\":\"ground\",\"v\":9,\"a\":[1],\"p\":[{\"b\":17,\"s\":[{\"p\":[0,0,0],\"r\":[-8.537737E-07,3.180555E-15,-4.268868E-07],\"s\":[3.363362,0.1106203,3.201108],\"c\":[0.9019608,0.8509804,0.7215686]}]}]}"}],"serveTime":4}