{"thingDefinitions":[{"id":"5b823f5891be0f057796f58f","def":"{\"n\":\"ground\",\"v\":6,\"a\":[1],\"p\":[{\"b\":17,\"s\":[{\"p\":[0,0,0],\"r\":[0,0,0],\"s\":[2500,0.001,2500],\"c\":[0.6049383,0.7777778,0.7777778]}]}]}"}],"serveTime":4}