{"thingDefinitions":[{"id":"5a0e8195bf60209913317386","def":"{\"n\":\"thing\",\"v\":2,\"p\":[{\"s\":[{\"p\":[1.035443,-0.1155883,-0.08892865],\"r\":[359.0592,96.69712,359.2262],\"s\":[0.5343682,0.005000003,0.3943973],\"c\":[1,1,1]}]},{\"s\":[{\"p\":[-0.5705878,-0.1765855,-0.3869573],\"r\":[3.195147,290.3643,353.7128],\"s\":[0.5343676,0.005000003,0.3943969],\"c\":[1,1,1]}]},{\"s\":[{\"p\":[0.1878529,-0.1502634,-0.02155813],\"r\":[5.813644,18.51892,1.256236],\"s\":[0.5343675,0.005000001,0.3943968],\"c\":[1,1,1]}]}]}"},{"id":"5a0e818bea6c529219095003","def":"{\"n\":\"thing\",\"v\":2,\"p\":[{\"b\":4,\"su\":[{\"i\":\"5a0e8178b151f51fd0a1421e\",\"t\":\"5a0e817829dcbcb51372c815\",\"p\":[-0.5720165,1.085226,0.2518193],\"r\":[352.1822,277.2881,264.6869]}],\"s\":[{\"p\":[0,0,0],\"r\":[0,0,0],\"s\":[0.1250002,0.1250001,0.1250001],\"c\":[1,1,1]}]}]}"}],"serveTime":5}