{"thingDefinitions":[{"id":"5c9f9b13fa4a2a65d408c72c","def":"{\"v\":9,\"p\":[{\"b\":10,\"s\":[{\"p\":[0,0,0],\"r\":[0,0,0],\"s\":[0.125,0.125,0.125],\"c\":[1,1,1]}]},{\"b\":14,\"s\":[{\"p\":[0.1872245,0.06760229,0.02032219],\"r\":[13.40234,254.548,3.566915],\"s\":[0.06000002,0.06000004,0.06000006],\"c\":[1,1,1]}]}]}"}],"serveTime":5}