{"thingDefinitions":[{"id":"5ad91a9fe048f04b0f1afc84","def":"{\"v\":4,\"p\":[{\"b\":9,\"s\":[{\"p\":[0,0,0],\"r\":[0,0,0],\"s\":[0.1250001,0.1250002,0.1250003],\"c\":[1,1,1]}]},{\"b\":9,\"s\":[{\"p\":[0.1975996,0.1303975,0.1709354],\"r\":[342.6085,353.6327,0.7329251],\"s\":[0.1250001,0.1250003,0.1250003],\"c\":[1,1,1]}]},{\"b\":9,\"s\":[{\"p\":[0.4230096,0.2155327,0.07765514],\"r\":[345.2168,0.9119051,28.80665],\"s\":[0.1250002,0.1250002,0.1250003],\"c\":[1,1,1]}]},{\"b\":9,\"s\":[{\"p\":[0.5720697,0.7084007,-0.1490573],\"r\":[314.2586,348.5016,102.798],\"s\":[0.1250001,0.1250002,0.1250002],\"c\":[1,1,1]}]}]}"}],"serveTime":4}