{"thingDefinitions":[{"id":"5c6e20b1445ad31c891bfb79","def":"{\"n\":\"ground\",\"v\":7,\"a\":[1],\"p\":[{\"b\":17,\"s\":[{\"p\":[0,0,0],\"r\":[0,0,0],\"s\":[3.363346,0.11062,3.201102],\"c\":[0.9019608,0.8509804,0.7215686]}]}]}"},{"id":"5c69e532dedf9b0ab9c65ada","def":"{\"v\":7,\"p\":[{\"b\":12,\"s\":[{\"p\":[0,0,0],\"r\":[0,0,0],\"s\":[0.05999998,0.05999997,0.05999997],\"c\":[1,1,1]}]}]}"}],"serveTime":6}