{"thingDefinitions":[{"id":"5cb151af21bdca26726f5774","def":"{\"v\":9,\"p\":[{\"b\":9,\"s\":[{\"p\":[0,0,0],\"r\":[0,0,0],\"s\":[0.1250002,0.1250001,0.1250003],\"c\":[1,1,1]}]}]}"}],"serveTime":5}