{"thingDefinitions":[{"id":"5aa8ae344de9a508456fa785","def":"{\"v\":2,\"p\":[{\"s\":[{\"p\":[0,0,0],\"r\":[0,0,0],\"s\":[0.1750002,0.1750001,0.1750001],\"c\":[1,1,1]}]}]}"},{"id":"5aa8b01c37ac2b0fe40ef6b2","def":"{\"v\":3,\"p\":[{\"b\":16,\"s\":[{\"p\":[0,0,0],\"r\":[0,0,0],\"s\":[2.800599,0.8799261,2.539613],\"c\":[1,1,1]}]}]}"},{"id":"5aa8b08c60fa320851155fc9","def":"{\"v\":2,\"p\":[{\"b\":14,\"s\":[{\"p\":[0,0,0],\"r\":[0,0,0],\"s\":[1.037899,0.06000006,0.7288136],\"c\":[1,1,1]}]}]}"}],"serveTime":6}