{"thingDefinitions":[{"id":"5f28fad58fd5ec70ed1c795a","def":"{\"n\":\"earth\",\"v\":9,\"p\":[{\"b\":73,\"s\":[{\"p\":[0,0,0],\"r\":[0,0,5.336086E-07],\"s\":[0.2250002,0.2250001,0.225],\"c\":[1,1,1]}]}]}"},{"id":"5f28fc8fca2cba6312e86e71","def":"{\"v\":9,\"p\":[{\"s\":[{\"p\":[0,0,0],\"r\":[0,0,0],\"s\":[0.4247,0.1750005,0.1750006],\"c\":[0.2857141,0,1]}]}]}"}],"serveTime":29}