{"thingDefinitions":[{"id":"5b81e39a5875427aee16c70d","def":"{\"v\":6,\"p\":[{\"b\":173,\"s\":[{\"p\":[-0.07846909,-0.004374608,0.05003223],\"r\":[56.63722,28.67678,96.57457],\"s\":[0.04500017,0.04500008,0.04500014],\"c\":[1,1,1]}]},{\"b\":9,\"s\":[{\"p\":[0.01237086,0.004362093,0.01482985],\"r\":[357.2184,359.055,2.626144],\"s\":[0.1250004,0.1250006,0.125001],\"c\":[1,1,1]}]}]}"},{"id":"5b81e6162f0ce47ae2901e27","def":"{\"v\":6,\"p\":[{\"b\":40,\"s\":[{\"p\":[0,0,0],\"r\":[0,0,0],\"s\":[0.1250001,0.125,0.1250001],\"c\":[1,1,1]}]}]}"}],"serveTime":7}