{"thingDefinitions":[{"id":"5b99d9420a4126547939cd7b","def":"{\"v\":6,\"p\":[{\"t\":3,\"s\":[{\"p\":[0,0,0],\"r\":[0,0,0],\"s\":[0.1750005,0.1750003,0.1750009],\"c\":[1,1,1]}]}]}"}],"serveTime":4}