{"thingDefinitions":[{"id":"5df6395a1fc946061ebc428f","def":"{\"v\":9,\"a\":[2],\"p\":[{\"b\":3,\"s\":[{\"p\":[-0.130745,-0.1275091,-0.1394715],\"r\":[18.09492,340.5587,354.3076],\"s\":[0.1250003,0.1250002,0.1250001],\"c\":[0.1142856,1,0]}]},{\"b\":3,\"s\":[{\"p\":[-0.1948073,0.102675,-0.02123321],\"r\":[358.2013,320.4866,13.85434],\"s\":[0.1250002,0.1250002,0.1250001],\"c\":[0,0.05714257,1]}]},{\"b\":3,\"s\":[{\"p\":[0.08801161,0.006165605,-0.02147565],\"r\":[5.282762,354.7076,6.542022],\"s\":[0.1250003,0.1250002,0.1250001],\"c\":[1,0,0.3428572]}]}]}"}],"serveTime":3}