{"thingDefinitions":[{"id":"59e6996e66b95aa850c8f0fa","def":"{\"n\":\"thing\",\"v\":2,\"p\":[{\"b\":9,\"s\":[{\"p\":[0.176765,0.472717,0.2135248],\"r\":[4.925458,78.78053,262.9404],\"s\":[0.1250009,0.1250007,0.1250003],\"c\":[1,1,1]}]},{\"b\":9,\"s\":[{\"p\":[0.1249569,0.2195541,0.1277336],\"r\":[307.4195,36.30355,352.7446],\"s\":[0.1250007,0.1250007,0.1250005],\"c\":[1,1,1]}]},{\"b\":9,\"s\":[{\"p\":[-0.08883747,0.2782653,0.1412877],\"r\":[10.98808,61.3278,304.851],\"s\":[0.1250008,0.1250005,0.1250004],\"c\":[1,1,1]}]},{\"b\":9,\"s\":[{\"p\":[-0.1707351,0.03921369,0.02927039],\"r\":[26.9605,343.1442,291.2111],\"s\":[0.1250008,0.1250009,0.125],\"c\":[1,1,1]}]}]}"}],"serveTime":4}