{"thingDefinitions":[{"id":"5a2460286b85c4c7130b3bd5","def":"{\"n\":\"thing\",\"v\":2,\"p\":[{\"b\":9,\"s\":[{\"p\":[0,0,0],\"r\":[0,0,0],\"s\":[0.1250003,0.1250004,0.1250005],\"c\":[1,1,1]}]},{\"b\":17,\"s\":[{\"p\":[-0.05061628,0.03787249,-0.03964438],\"r\":[338.0969,348.0985,5.31983],\"s\":[0.0600003,0.06000039,0.06000024],\"c\":[1,1,1]}]},{\"b\":17,\"s\":[{\"p\":[-0.001384657,-0.04972499,-0.00888681],\"r\":[359.1992,338.7182,14.91313],\"s\":[0.06000039,0.06000043,0.0600003],\"c\":[1,1,1]}]},{\"b\":17,\"s\":[{\"p\":[-0.01714729,0.001542176,-0.001118861],\"r\":[351.2759,19.25594,8.945535],\"s\":[0.0600004,0.06000043,0.06000023],\"c\":[1,1,1]}]}]}"}],"serveTime":6}