{"thingDefinitions":[{"id":"5d2b79d33da019062b6eb5ea","def":"{\"n\":\"ground\",\"v\":9,\"a\":[1],\"p\":[{\"b\":17,\"i\":[{\"t\":\"000000000000000000000001\",\"p\":[0,0,0],\"r\":[-6.830188E-06,1.707547E-06,8.537734E-07]}],\"s\":[{\"p\":[0,0,0],\"r\":[0,0,0],\"s\":[3.363358,0.1106204,3.201114],\"c\":[0.9019608,0.8509804,0.7215686]}]}]}"}],"serveTime":6}