{"thingDefinitions":[{"id":"5c70926f6af4485b71de312f","def":"{\"v\":7,\"p\":[{\"b\":3,\"s\":[{\"p\":[0.08375627,0.5937847,0.03460684],\"r\":[279.9849,333.5511,109.01],\"s\":[0.365959,0.2898657,0.3370531],\"c\":[1,1,1]}]},{\"b\":4,\"s\":[{\"p\":[0.07768338,0.5446412,0.5651868],\"r\":[5.42211,352.2267,66.29026],\"s\":[0.3700991,0.3950051,0.3704672],\"c\":[1,1,1]}]},{\"s\":[{\"p\":[-0.4669093,0.3772963,-0.3291605],\"r\":[355.5103,344.1027,207.6314],\"s\":[0.1750019,0.9763528,0.1750011],\"c\":[1,1,1]}]}]}"}],"serveTime":5}