{"thingDefinitions":[{"id":"5a6d050be5c1f5f21f9b2df8","def":"{\"n\":\"thing\",\"v\":2,\"p\":[{\"b\":9,\"s\":[{\"p\":[0,0,0],\"r\":[0,0,-2.134434E-07],\"s\":[0.125,0.125,0.125],\"c\":[1,1,1]}]},{\"b\":9,\"s\":[{\"p\":[-0.1309012,0.002825577,0.1306045],\"r\":[358.2266,352.4792,356.4744],\"s\":[0.125,0.125,0.1250001],\"c\":[1,1,1]}]},{\"b\":9,\"s\":[{\"p\":[-0.4388811,-0.2446704,-0.2086381],\"r\":[49.64117,288.1645,352.1138],\"s\":[0.125,0.125,0.1250002],\"c\":[1,1,1]}]},{\"b\":7,\"s\":[{\"p\":[-0.1771,0.04738015,-0.001134638],\"r\":[308.0443,300.1472,36.04282],\"s\":[0.1250001,0.1249999,0.1250001],\"c\":[1,1,1]}]}]}"}],"serveTime":6}