{"thingDefinitions":[{"id":"5cb94116ef5174481d2df52b","def":"{\"v\":9,\"p\":[{\"b\":12,\"s\":[{\"p\":[-0.003561916,0.05304966,0.08326271],\"r\":[2.083906,350.0373,335.0374],\"s\":[0.1405431,0.06000021,0.1595628],\"c\":[1,1,1]}]},{\"b\":130,\"e\":\"YE WHO ENTER,\\n     BEWAR!\",\"s\":[{\"p\":[-0.09830251,-0.04738762,0.08611694],\"r\":[311.688,54.82555,13.55766],\"s\":[0.003000002,0.003,0.003000002],\"c\":[1,1,1]}]}]}"}],"serveTime":4}