{"thingDefinitions":[{"id":"5b417eeec395922606f3e9d2","def":"{\"v\":5,\"p\":[{\"b\":10,\"s\":[{\"p\":[0,0,0],\"r\":[0,0,0],\"s\":[0.125,0.1250001,0.125],\"c\":[1,1,1]}]},{\"b\":3,\"s\":[{\"p\":[0.0208568,0.04239132,-0.09424008],\"r\":[51.14642,72.53423,317.992],\"s\":[0.1250001,0.1250002,0.125],\"c\":[1,1,1]}]},{\"b\":11,\"s\":[{\"p\":[0.03404098,0.02904641,0.06264929],\"r\":[32.5182,162.8346,356.2897],\"s\":[0.1250003,0.1250002,0.1250002],\"c\":[1,1,1]}]},{\"b\":11,\"s\":[{\"p\":[0.6280698,0.3265418,0.05959293],\"r\":[32.85378,150.3109,283.5026],\"s\":[0.1250003,0.1250003,0.1250003],\"c\":[1,1,1]}]}]}"}],"serveTime":4}