{"thingDefinitions":[{"id":"5caa07d66ae4a0056e46324b","def":"{\"v\":9,\"a\":[43],\"p\":[{\"b\":5,\"a\":[34],\"s\":[{\"p\":[-0.0665164,0.3883819,-0.01222566],\"r\":[22.17597,28.44455,328.4868],\"s\":[0.1000258,0.1000266,0.1000431],\"c\":[1,1,1]}]},{\"b\":10,\"a\":[34],\"s\":[{\"p\":[-0.1244388,0.4289182,0.01374064],\"r\":[339.9024,335.6025,352.0616],\"s\":[0.1250025,0.1250026,0.1250025],\"c\":[1,1,1]}]}]}"}],"serveTime":4}