{"thingDefinitions":[{"id":"5a96cd0939b71a7013928c3c","def":"{\"n\":\"ground\",\"v\":3,\"a\":[1],\"p\":[{\"b\":17,\"s\":[{\"p\":[0,0,0],\"r\":[0,0,0],\"s\":[10.34987,0.04800123,11.29894],\"c\":[0.09453251,0.4444443,0.04938262]}]}]}"},{"id":"5a96cde36b66ba791307fe10","def":"{\"v\":3,\"p\":[{\"b\":3,\"s\":[{\"p\":[-0.4014702,0.2119978,0.02850947],\"r\":[6.001328,353.4362,314.0129],\"s\":[0.1250001,0.1250003,0.1250003],\"c\":[1,1,1]}]},{\"s\":[{\"p\":[-0.4014702,0.2119979,0.02850947],\"r\":[359.1712,359.4249,5.946779],\"s\":[0.1750002,0.1750005,0.1750004],\"c\":[1,1,1]}]}]}"}],"serveTime":4}