{"thingDefinitions":[{"id":"5aaaaea0a39f4b10d80a74c4","def":"{\"v\":2,\"p\":[{\"s\":[{\"p\":[0,0,0],\"r\":[0,0,0],\"s\":[0.1750001,0.1750004,0.1750003],\"c\":[1,1,1]}]}]}"}],"serveTime":5}