{"thingDefinitions":[{"id":"5e768d6a2113543f8aaa5510","def":"{\"v\":9,\"p\":[{\"s\":[{\"p\":[0,0,0],\"r\":[0,0,-2.134434E-07],\"s\":[0.175,0.1750003,0.1750002],\"c\":[1,1,1]}]},{\"s\":[{\"p\":[-0.3030761,0.06307869,0.1035658],\"r\":[330.2879,345.9211,322.5718],\"s\":[0.1750001,0.1750005,0.1750004],\"c\":[1,1,1]}]},{\"b\":9,\"s\":[{\"p\":[-1.116375,-0.4965229,0.5043068],\"r\":[353.235,346.3156,5.440053],\"s\":[0.125,0.1250001,0.1250001],\"c\":[1,1,1]}]}]}"}],"serveTime":4}