{"thingDefinitions":[{"id":"5d4c1a03a3ccf31b4533f83e","def":"{\"v\":9,\"a\":[4],\"tp_m\": 66,\"p\":[{\"b\":3,\"s\":[{\"p\":[0,0,0],\"r\":[0,0,0],\"s\":[0.1729157,0.5708144,0.4754658],\"c\":[1,1,1]}]},{\"b\":174,\"s\":[{\"p\":[-0.01597115,0.1163568,0.4374451],\"r\":[28.0451,266.2527,285.1304],\"s\":[0.04500003,0.04500001,0.04500004],\"c\":[1,1,1]}]},{\"b\":194,\"s\":[{\"p\":[-0.005454216,-0.1502961,0.4786237],\"r\":[46.80282,259.313,266.8109],\"s\":[0.05999998,0.06000002,0.06],\"c\":[1,1,1]}]}]}"}],"serveTime":5}