{"thingDefinitions":[{"id":"5d2785194d6e2a35437e7997","def":"{\"v\":9,\"p\":[{\"b\":14,\"s\":[{\"p\":[0,0,0],\"r\":[0,0,-1.707547E-06],\"s\":[0.06000012,0.06000004,0.06000008],\"c\":[1,1,1]}]},{\"b\":10,\"s\":[{\"p\":[-0.06815361,0.01559588,-0.1853],\"r\":[37.87307,43.83246,269.6169],\"s\":[0.125,0.125,0.125],\"c\":[1,1,1]}]},{\"b\":10,\"s\":[{\"p\":[0.001354896,-0.07679396,-0.1954677],\"r\":[50.74876,32.95158,248.787],\"s\":[0.1250001,0.125,0.1250001],\"c\":[1,1,1]}]}]}"}],"serveTime":5}