{"thingDefinitions":[{"id":"5c8b0373d477ed672207f746","def":"{\"n\":\"ground\",\"v\":7,\"a\":[1,2,7,15],\"p\":[{\"b\":17,\"s\":[{\"p\":[0,0,0],\"r\":[0,0,0],\"s\":[3.363981,0.110623,3.201765],\"c\":[0.9019608,0.8509804,0.7215686]}]}]}"},{"id":"5c8afc36c9fddd197c0c9160","def":"{\"n\":\"lightning\",\"v\":7,\"a\":[2,15],\"p\":[{\"b\":14,\"s\":[{\"p\":[0,0,0],\"r\":[0,0,3.73526E-07],\"s\":[0.06000035,0.06000029,0.1389853],\"c\":[0.9714286,1,0]}]},{\"b\":14,\"s\":[{\"p\":[0.2824112,-0.02166212,-0.6075425],\"r\":[2.032258,131.2161,4.196505],\"s\":[0.06000041,0.0600004,0.1389855],\"c\":[0.9714286,1,0],\"b\":[\"when touched then add crumbles for all parts\"]}]},{\"b\":14,\"s\":[{\"p\":[0.5020707,-0.07923472,-1.238778],\"r\":[6.804508,187.9299,355.6711],\"s\":[0.06000041,0.0600004,0.1389856],\"c\":[0.9714286,1,0],\"b\":[\"when touched then add crumbles for all parts\",\"when starts then destroy all parts with burst\"]}]}]}"}],"serveTime":6}