{"thingDefinitions":[{"id":"5aa1ec3e3aa5290fe4904f40","def":"{\"v\":3,\"p\":[{\"b\":73,\"t\":7,\"pr\":34,\"t1\":43,\"s\":[{\"p\":[0,0,0],\"r\":[0,0,0],\"s\":[0.04089786,0.04089783,0.04089785],\"c\":[0.1142857,0,1],\"b\":[\"when hears sheild then become 2 in 0.2s\"],\"t1\":{\"c\":[0,1,0.2285715],\"x\":0.5,\"y\":0.5,\"a\":0.8925,\"m\":0,\"n\":0,\"r\":0,\"g\":0,\"o\":0.5,\"t\":0.5,\"e\":0.5},\"pr\":{\"c\":[0.1142858,0,1],\"m\":0.25,\"a\":0.25,\"s\":0,\"z\":0.25,\"g\":0.5,\"h\":0.25}},{\"p\":[0,0,0],\"r\":[0,0,0],\"s\":[2.431392,2.431392,2.431392],\"c\":[0.1142855,0,1],\"b\":[\"when hears sheild then become 1 in 0.2s\"],\"t1\":{\"c\":[0,1,0.2285715],\"x\":0.5,\"y\":0.5,\"a\":0.8925,\"m\":0,\"n\":0,\"r\":0,\"g\":0,\"o\":0.5,\"t\":0.5,\"e\":0.5},\"pr\":{\"c\":[0.1142858,0,1],\"m\":0.25,\"a\":0.25,\"s\":0,\"z\":0.25,\"g\":0.5,\"h\":0.25}}]}]}"}],"serveTime":5}