{"thingDefinitions":[{"id":"5c43c7ae6da22f5835731764","def":"{\"v\":7,\"p\":[{\"b\":9,\"s\":[{\"p\":[0,0,0],\"r\":[0,0,0],\"s\":[0.125,0.125,0.125],\"c\":[1,1,1]}]},{\"b\":9,\"s\":[{\"p\":[0.1732712,0.1743509,0.05165607],\"r\":[337.7585,55.2874,343.6579],\"s\":[0.1250001,0.125,0.1250001],\"c\":[1,1,1]}]},{\"b\":9,\"s\":[{\"p\":[0.299612,0.3199102,0.02411491],\"r\":[333.856,78.36018,320.9136],\"s\":[0.125,0.125,0.1250001],\"c\":[1,1,1]}]},{\"b\":9,\"s\":[{\"p\":[-0.1993105,-0.1345114,-0.1172134],\"r\":[34.36468,318.884,333.1732],\"s\":[0.125,0.125,0.1250001],\"c\":[1,1,1]}]}]}"}],"serveTime":5}