{"thingDefinitions":[{"id":"588cc42312b6a70e10ef2e64","def":"{\"n\":\"thing\",\"p\":[{\"b\":3,\"t\":3,\"s\":[{\"p\":[0,0,0],\"r\":[0,0,0],\"s\":[0.3104071,0.3066787,0.3098308],\"c\":[0.9714286,1,0]}]}]}"}],"serveTime":4}