{"thingDefinitions":[{"id":"5a13622fcd695d1f10f115a9","def":"{\"n\":\"thing\",\"v\":2,\"p\":[{\"b\":4,\"s\":[{\"p\":[-0.03050687,-0.0408617,0.0101987],\"r\":[0.1837544,358.9093,355.057],\"s\":[0.3456148,0.3305586,0.3411278],\"c\":[1,0.936508,0.5555556]}]},{\"b\":9,\"s\":[{\"p\":[-0.03684128,-0.03238478,-0.3768211],\"r\":[348.6173,169.9755,357.5596],\"s\":[0.283922,0.2594615,0.274389],\"c\":[0.9714285,0,1]}]},{\"b\":9,\"s\":[{\"p\":[-0.02351809,-0.07155263,-0.6178873],\"r\":[323.9564,163.3058,3.06444],\"s\":[0.2839222,0.2594622,0.2743893],\"c\":[1,0.8888889,0.984127]}]},{\"b\":9,\"s\":[{\"p\":[-0.04839971,-0.05526906,-0.8906354],\"r\":[299.769,222.3654,325.9573],\"s\":[0.2839226,0.2594633,0.27439],\"c\":[1,1,1]}]}]}"}],"serveTime":4}