{"thingDefinitions":[{"id":"5dd8d3ed7d882c0d5d532c6d","def":"{\"n\":\"ground\",\"v\":9,\"a\":[1],\"p\":[{\"b\":17,\"s\":[{\"p\":[-0.7568571,-0.2548921,-0.6678497],\"r\":[354.0839,15.26596,358.8573],\"s\":[3.417758,0.08277303,3.065113],\"c\":[0.9019608,0.8509804,0.7215686]},{\"p\":[0,0,0],\"r\":[0,0,1.09223E-07],\"s\":[3.417756,0.08277302,3.06511],\"c\":[0.9019608,0.8509804,0.7215686]}]}]}"}],"serveTime":4}