{"thingDefinitions":[{"id":"5e9c975ba3ccac60f651be5d","def":"{\"n\":\"ground\",\"v\":9,\"p\":[{\"b\":17,\"s\":[{\"p\":[0,0,0],\"r\":[0,0,0],\"s\":[3.363346,0.11062,3.201102],\"c\":[0.9019608,0.8509804,0.7215686]},{\"p\":[0,0,0],\"r\":[0,0,0],\"s\":[3.363346,0.11062,3.201102],\"c\":[0.9019608,0.8509804,0.7215686]},{\"p\":[-1.397341,-0.2184741,-0.2137325],\"r\":[3.198797,44.4998,0.4809666],\"s\":[3.363354,0.1106205,3.201111],\"c\":[0.9019608,0.8509804,0.7215686]}]}]}"}],"serveTime":4}