{"thingDefinitions":[{"id":"5c9c02cd1853fd055f6ab11d","def":"{\"n\":\"ground\",\"v\":9,\"p\":[{\"b\":17,\"pr\":11,\"t1\":167,\"t2\":10,\"s\":[{\"p\":[0,0,0],\"r\":[0,0,0],\"s\":[3.363346,0.11062,3.201102],\"c\":[0.6666667,0.6666667,0.6666667],\"b\":[\"when touched then play steam machine\",\"then play whoosh steam wobble\"],\"t1\":{\"c\":[0.8888889,0.8183421,0.3950616],\"a\":0.75},\"t2\":{\"c\":[0.1111111,0.1111111,0.1111111],\"a\":0},\"pr\":{\"c\":[0.8349207,1,0.5555556],\"m\":1,\"a\":0.5278568,\"s\":0.561545,\"z\":0.3360975,\"g\":0.3451715,\"h\":0.25}}]}]}"}],"serveTime":4}