{"thingDefinitions":[{"id":"5d8f73a7a997d87fe66e6753","def":"{\"n\":\"ground\",\"v\":9,\"a\":[1],\"p\":[{\"b\":17,\"s\":[{\"p\":[0,0,0],\"r\":[0,0,0],\"s\":[3.363346,0.11062,3.201102],\"c\":[0.9019608,0.8509804,0.7215686]}]}]}"},{"id":"5d8f6246309ea4392c5a8059","def":"{\"v\":9,\"a\":[7,18,48,49],\"p\":[{\"b\":2,\"a\":[8],\"s\":[{\"p\":[0,0,0],\"r\":[0,0,0],\"s\":[0.1249993,0.1250008,0.1250029],\"c\":[1,1,1]}]}]}"}],"serveTime":5}