{"thingDefinitions":[{"id":"5d23eeaf3909260621ffefa4","def":"{\"n\":\"ground-\",\"v\":9,\"a\":[1],\"p\":[{\"b\":17,\"s\":[{\"p\":[0,0,0],\"r\":[0,0,0],\"s\":[3.363346,0.11062,3.201102],\"c\":[0.9019608,0.8509804,0.7215686]}]},{\"b\":10,\"s\":[{\"p\":[-4.32608,1.178712,-1.776572],\"r\":[325.6523,271.824,44.74921],\"s\":[0.125,0.1250001,0.1250002],\"c\":[1,1,1]}]}]}"}],"serveTime":4}