{"thingDefinitions":[{"id":"5f2cb40b11766f3186f93974","def":"{\"v\":9,\"p\":[{\"b\":3,\"s\":[{\"p\":[0,0,0],\"r\":[0,0,0],\"s\":[0.2653644,0.001000001,0.2647716],\"c\":[0.6560847,0.6666667,0.2962962]}]},{\"b\":54,\"s\":[{\"p\":[-0.07820554,0.003270209,0.0223181],\"r\":[3.832612,338.116,357.9239],\"s\":[0.0194463,0.001,0.01715545],\"c\":[0.4938272,0.5555556,0.5555556]}]},{\"b\":27,\"s\":[{\"p\":[0.02971087,0.01362684,-0.1192375],\"r\":[7.763121,198.344,0.9377705],\"s\":[0.1250004,0.001000001,0.05092292],\"c\":[1,1,1]}]},{\"b\":54,\"s\":[{\"p\":[0.05891392,0.007830571,0.05911953],\"r\":[16.46777,351.0209,357.2027],\"s\":[0.014995,0.001,0.009539712],\"c\":[0.4938272,0.5555556,0.5555556]}]}]}"}],"serveTime":4}