{"thingDefinitions":[{"id":"5b64a9b7db5cd30dc188952f","def":"{\"v\":6,\"a\":[4,12,45],\"tp_lp\": [1,0,1],\"tp_lp\": [1,0,1],\"tp_lr\": [0,0,1],\"p\":[{\"b\":5,\"s\":[{\"p\":[-0.1927845,-0.0373589,0.1454171],\"r\":[73.12959,58.89637,329.2875],\"s\":[0.002350373,0.05977237,0.001],\"c\":[1,1,1]}]}]}"}],"serveTime":5}