{"thingDefinitions":[{"id":"5dd748719cf51a4aec96f138","def":"{\"v\":9,\"p\":[{\"s\":[{\"p\":[0,0,0],\"r\":[0,0,-5.336085E-08],\"s\":[0.6901667,0.343495,1.374488],\"c\":[1,0,0]}]},{\"s\":[{\"p\":[0.01989857,0.09274585,0.5972087],\"r\":[273.4267,56.87689,123.3251],\"s\":[0.6407461,0.175,0.5687286],\"c\":[1,0,0]}]},{\"s\":[{\"p\":[-0.2146807,0.2229233,-0.06551598],\"r\":[273.8982,35.60754,144.7402],\"s\":[0.2676152,1.487512,0.4232689],\"c\":[1,0,0]}]},{\"s\":[{\"p\":[0.04245638,0.1012858,-0.7218823],\"r\":[359.3571,359.4731,269.4612],\"s\":[0.7272342,0.6118153,0.1631709],\"c\":[1,0,0]}]}]}"}],"serveTime":4}