{"thingDefinitions":[{"id":"5b93e69faa6685266b50e1f9","def":"{\"v\":6,\"p\":[{\"s\":[{\"p\":[0,0,0],\"r\":[0,0,0],\"s\":[0.1750004,0.1750006,0.1750009],\"c\":[1,1,1]}]}]}"}],"serveTime":4}