{"thingDefinitions":[{"id":"5a9160e8e6e890a65ce22de6","def":"{\"v\":2,\"p\":[{\"s\":[{\"p\":[0,0,0],\"r\":[0,0,0],\"s\":[0.175,0.1750004,0.1750003],\"c\":[1,1,1]}]},{\"s\":[{\"p\":[0.01681938,0.004723072,0.1688804],\"r\":[4.33359,358.1477,279.6488],\"s\":[0.118965,0.1750006,0.1750005],\"c\":[1,1,1]}]}]}"}],"serveTime":4}