{"thingDefinitions":[{"id":"5a3977e61d33b897135b6955","def":"{\"n\":\"thing\",\"v\":2,\"p\":[{\"s\":[{\"p\":[0,0,0],\"r\":[0,0,0],\"s\":[0.175,0.175,0.175],\"c\":[1,1,1]}]},{\"s\":[{\"p\":[0.007654543,0.1615092,0.002865002],\"r\":[0.7273914,359.5275,355.3072],\"s\":[0.1750001,0.1750001,0.1750002],\"c\":[1,1,1]}]},{\"b\":14,\"s\":[{\"p\":[-0.2639211,0.1777828,0.00485684],\"r\":[359.5523,271.0612,3.045395],\"s\":[0.06000003,0.06000004,0.06000005],\"c\":[1,1,1]}]},{\"b\":14,\"s\":[{\"p\":[-0.248179,0.01828431,0.02197323],\"r\":[351.5025,277.9036,80.84449],\"s\":[0.06000013,0.06000007,0.06000009],\"c\":[1,1,1]}]}]}"}],"serveTime":4}