{"thingDefinitions":[{"id":"5b510de820505a0f81d91d39","def":"{\"v\":5,\"p\":[{\"b\":14,\"s\":[{\"p\":[0,0,0],\"r\":[0,0,0],\"s\":[0.2215528,0.1509796,0.2043173],\"c\":[1,1,1]}]},{\"b\":9,\"s\":[{\"p\":[-0.2490521,0.1049644,0.1524538],\"r\":[44.31942,38.5391,59.05324],\"s\":[0.1250001,0.1250001,0.1250001],\"c\":[1,1,1]}]},{\"b\":9,\"s\":[{\"p\":[-0.01006117,4.428625E-05,0.7469059],\"r\":[354.1353,42.3952,2.837672],\"s\":[0.1250003,0.1250002,0.1250001],\"c\":[1,1,1]}]},{\"b\":173,\"s\":[{\"p\":[-0.2446089,0.08841857,0.2316428],\"r\":[63.88118,99.14428,97.44352],\"s\":[0.04500002,0.04500002,0.04500001],\"c\":[1,1,1]}]}]}"}],"serveTime":4}