{"thingDefinitions":[{"id":"59d3088eb6d1688813632ad5","def":"{\"n\":\"thing\",\"p\":[{\"b\":12,\"s\":[{\"p\":[0,0,0],\"r\":[0,0,0],\"s\":[0.05999997,0.05999996,0.05999995],\"c\":[1,1,1]}]}]}"}],"serveTime":6}