{"thingDefinitions":[{"id":"5a2d0cdf98e325a1137f9d2c","def":"{\"n\":\"thing\",\"v\":2,\"p\":[{\"b\":9,\"s\":[{\"p\":[0,0,0],\"r\":[0,0,0],\"s\":[0.125,0.125,0.125],\"c\":[1,1,1]}]},{\"b\":148,\"s\":[{\"p\":[-0.05504125,0.1437942,-0.08356348],\"r\":[57.73112,260.9791,289.0735],\"s\":[0.09000005,0.09000008,0.09000007],\"c\":[1,1,1]}]}]}"}],"serveTime":4}