{"thingDefinitions":[{"id":"5bfe9249d5db05054be3a9cf","def":"{\"v\":7,\"p\":[{\"s\":[{\"p\":[0,0,0],\"r\":[0,0,0],\"s\":[0.1750001,0.1750001,0.1750001],\"c\":[1,1,1]}]},{\"b\":2,\"s\":[{\"p\":[0.008532058,0.04299483,-0.1260844],\"r\":[308.2288,8.754415,347.2103],\"s\":[0.1250001,0.1250001,0.1250002],\"c\":[1,1,1]}]}]}"}],"serveTime":5}