{"thingDefinitions":[{"id":"5f035d39cb68660641f7969c","def":"{\"v\":9,\"p\":[{\"s\":[{\"p\":[0,0,0],\"r\":[1.707547E-06,0,0],\"s\":[0.1750001,0.1750002,0.1750002],\"c\":[1,1,1]}]}]}"}],"serveTime":4}