{"thingDefinitions":[{"id":"58db7c408fdf819f13eebec8","def":"{\"n\":\"thing\",\"p\":[{\"b\":10,\"s\":[{\"p\":[-0.176647,0.6403047,-0.004592687],\"r\":[319.6593,43.88889,319.062],\"s\":[0.125,0.1250001,0.125],\"c\":[1,1,1]}]}]}"},{"id":"58db7c33924950dc138d79d4","def":"{\"n\":\"thing\",\"p\":[{\"s\":[{\"p\":[-0.04252388,-0.1886767,0.2402556],\"r\":[336.5556,330.3509,70.56208],\"s\":[0.3103738,0.186395,0.1547604],\"c\":[1,1,1]}]}]}"},{"id":"58db7c27dbed0c26107bc378","def":"{\"n\":\"thing\",\"p\":[{\"s\":[{\"p\":[-0.04252388,-0.1886767,0.2402556],\"r\":[336.5556,330.3509,70.56208],\"s\":[0.3103738,0.186395,0.1547604],\"c\":[1,1,1]}]}]}"}],"serveTime":6}