{"thingDefinitions":[{"id":"5aa56c62640ff205f84a7a04","def":"{\"v\":2,\"p\":[{\"s\":[{\"p\":[0,0,0],\"r\":[0,0,7.47052E-07],\"s\":[0.1750001,0.1750002,0.175],\"c\":[1,0,0.8571426]}]}]}"}],"serveTime":25}