{"thingDefinitions":[{"id":"5a08c48e49de44c01369ad03","def":"{\"n\":\"thing\",\"v\":2,\"p\":[{\"b\":10,\"s\":[{\"p\":[-0.4150099,-0.2737231,0.4554971],\"r\":[318.0323,1.570927,302.7412],\"s\":[0.1250002,0.1250008,0.1250008],\"c\":[1,1,1]}]},{\"b\":10,\"s\":[{\"p\":[-0.1297615,-0.103691,0.3328208],\"r\":[37.21109,300.1344,6.985145],\"s\":[0.1250003,0.1250005,0.1250007],\"c\":[1,1,1]}]},{\"b\":10,\"s\":[{\"p\":[0.1355704,-0.01955298,0.2543578],\"r\":[331.8587,32.11125,346.1933],\"s\":[0.1250002,0.1250007,0.1250007],\"c\":[1,1,1]}]},{\"b\":10,\"s\":[{\"p\":[0.02098453,-0.0695595,-0.02304723],\"r\":[14.88222,310.9003,352.6702],\"s\":[0.1250003,0.1250008,0.1250009],\"c\":[1,1,1]}]}]}"}],"serveTime":5}