{"thingDefinitions":[{"id":"5b7b0ad7df21ed289c23140b","def":"{\"v\":6,\"p\":[{\"b\":9,\"s\":[{\"p\":[0,0,0],\"r\":[2.561321E-06,3.816666E-14,1.707547E-06],\"s\":[0.1250003,0.1250001,0.1250003],\"c\":[1,1,1]}]},{\"b\":14,\"s\":[{\"p\":[0.3258183,-0.01808253,-0.06683548],\"r\":[16.66745,348.81,26.38479],\"s\":[0.06000005,0.06000003,0.06000005],\"c\":[1,1,1]}]}]}"}],"serveTime":5}