{"thingDefinitions":[{"id":"5d4b8c51a3ccf31b4533f811","def":"{\"v\":9,\"p\":[{\"s\":[{\"p\":[0.1519382,0.2188109,0.01875648],\"r\":[329.6158,1.475142,329.3406],\"s\":[0.1750008,0.1750008,0.1750002],\"c\":[1,1,1]}]}]}"}],"serveTime":4}