{"thingDefinitions":[{"id":"580a5c7af1b88ad90f07c861","def":"{\"n\":\"thing\",\"p\":[{\"b\":4,\"s\":[{\"p\":[-0.08598719,-0.04929816,-0.05549966],\"r\":[14.58278,290.9276,44.11536],\"s\":[0.07837522,0.07752772,0.2197353],\"c\":[0.5449735,0.5555556,0.1851851]}]},{\"b\":5,\"s\":[{\"p\":[0.1167433,0.004382893,-0.1277253],\"r\":[14.66474,291.4001,49.3998],\"s\":[0.1250002,0.1250002,0.005000005],\"c\":[0.5449735,0.5555556,0.1851851]}]},{\"b\":5,\"s\":[{\"p\":[0.09578722,0.001744077,-0.11645],\"r\":[14.55328,289.7065,82.76698],\"s\":[0.07929832,0.07954114,0.04048426],\"c\":[1,1,1]}]}]}"}],"serveTime":3}