{"thingDefinitions":[{"id":"5bd1f99e58547c3a12f1bcff","def":"{\"n\":\"ground\",\"v\":7,\"a\":[1],\"p\":[{\"b\":17,\"s\":[{\"p\":[0,0,0],\"r\":[0,0,0],\"s\":[3.363346,0.11062,3.201102],\"c\":[0.9019608,0.8509804,0.7215686]},{\"p\":[0,0,0],\"r\":[0,0,0],\"s\":[3.363346,0.11062,3.201102],\"c\":[0.9019608,0.8509804,0.7215686]}]},{\"b\":12,\"s\":[{\"p\":[0.4071577,1.827555,-1.112751],\"r\":[350.1533,134.4057,19.38702],\"s\":[0.06000005,0.06000001,0.06000008],\"c\":[1,1,1]}]},{\"b\":9,\"s\":[{\"p\":[0.4925945,1.836639,-0.7386694],\"r\":[0.4040534,92.75881,265.5693],\"s\":[0.1250003,0.1250003,0.1250002],\"c\":[1,1,1]}]}]}"}],"serveTime":4}