{"thingDefinitions":[{"id":"5a66d11c4277547313dea794","def":"{\"n\":\"thing\",\"v\":2,\"p\":[{\"b\":10,\"s\":[{\"p\":[0,0,0],\"r\":[-3.201651E-07,3.279947E-15,-1.173939E-06],\"s\":[1.336027,0.1250002,1.903612],\"c\":[1,1,1]}]}]}"}],"serveTime":5}