{"thingDefinitions":[{"id":"5a20a3b5a3b5e73526233e4f","def":"{\"n\":\"thing\",\"v\":2,\"p\":[{\"b\":3,\"s\":[{\"p\":[0,0,0],\"r\":[0,0,8.537735E-07],\"s\":[0.1250002,0.1250001,0.1250001],\"c\":[1,1,1]}]},{\"b\":8,\"s\":[{\"p\":[-0.08291283,-0.104558,-0.09751424],\"r\":[79.28294,41.78215,211.5353],\"s\":[0.125,0.1250002,0.1250001],\"c\":[1,1,1]}]},{\"b\":8,\"s\":[{\"p\":[-0.06982579,0.09711098,-0.1514605],\"r\":[335.1619,351.5829,329.6227],\"s\":[0.1250006,0.1250009,0.125],\"c\":[1,1,1]}]},{\"b\":8,\"s\":[{\"p\":[-0.08906154,0.2794429,0.08534442],\"r\":[40.59616,90.56769,295.2522],\"s\":[0.125001,0.1250009,0.1250004],\"c\":[1,1,1]}]}]}"}],"serveTime":3}