{"thingDefinitions":[{"id":"5a9ba457a23d40eb0f576c1d","def":"{\"n\":\"ground\",\"v\":3,\"a\":[1],\"p\":[{\"b\":17,\"s\":[{\"p\":[0,0,0],\"r\":[0,0,0],\"s\":[3.363346,0.11062,3.201102],\"c\":[0.9019608,0.8509804,0.7215686]}]},{\"b\":76,\"s\":[{\"p\":[0.879509,2.849534,0.21034],\"r\":[34.58593,239.7522,168.1888],\"s\":[0.005,6.19141,0.5979057],\"c\":[1,1,1]}]},{\"b\":164,\"s\":[{\"p\":[3.560732,1.26164,0.1499341],\"r\":[357.873,200.914,331.9579],\"s\":[0.1000005,0.1000002,0.1000004],\"c\":[1,1,1]}]},{\"b\":164,\"s\":[{\"p\":[3.487109,1.411143,0.6642302],\"r\":[280.7086,299.6014,148.7661],\"s\":[0.1000003,0.1000004,0.6695032],\"c\":[1,1,1]}]}]}"}],"serveTime":4}