{"thingDefinitions":[{"id":"5b315409be02200f8d59d120","def":"{\"v\":5,\"p\":[{\"b\":5,\"s\":[{\"p\":[0,0,0],\"r\":[0,0,0],\"s\":[0.01961416,0.02009582,3.201096],\"c\":[0.3333332,0.111111,0.111111]}]},{\"b\":9,\"s\":[{\"p\":[-0.1163725,0.01805019,1.505737],\"r\":[295.6289,259.8578,125.6263],\"s\":[0.597596,0.6783348,0.6671191],\"c\":[0.15873,0.5555556,0]}]},{\"b\":12,\"s\":[{\"p\":[1.345311,-0.5528653,-0.7694192],\"r\":[43.03678,268.5836,270.4043],\"s\":[0.3195519,0.06000004,0.5062205],\"c\":[0.5555556,0.5555556,0.5555556]}]}]}"}],"serveTime":4}