{"thingDefinitions":[{"id":"5dd15a264bff4c1c6463760f","def":"{\"v\":9,\"a\":[2,3,5,49],\"p\":[{\"s\":[{\"p\":[0,0,0],\"r\":[0,0,0],\"s\":[0.03031124,0.04399243,0.1750001],\"c\":[0.5555556,0.4761905,0]}]},{\"s\":[{\"p\":[-0.002428826,-0.01596767,0.07462528],\"r\":[2.915728,1.416211,359.7206],\"s\":[0.1413401,0.1073405,0.0266469],\"c\":[0.5555556,0.4761905,0]}]},{\"b\":14,\"s\":[{\"p\":[0.01414299,-0.07108766,0.3908158],\"r\":[12.56464,2.533432,2.91424],\"s\":[0.06000038,0.06000024,0.1345586],\"c\":[0.3333332,0.8285711,1]}]}]}"}],"serveTime":4}