{"thingDefinitions":[{"id":"5ca11f0f7c67470572bd99ff","def":"{\"v\":9,\"p\":[{\"b\":3,\"s\":[{\"p\":[0.08890406,-0.1019093,0.1267174],\"r\":[16.53202,43.04897,308.0985],\"s\":[0.1250005,0.1250004,0.1250002],\"c\":[1,1,1]}]},{\"b\":3,\"s\":[{\"p\":[-0.1253953,-0.1206606,0.1077954],\"r\":[40.81787,282.6213,28.61903],\"s\":[0.1361657,0.1486667,0.1607669],\"c\":[0.8888889,0.8888889,0.8888889]}]},{\"b\":3,\"s\":[{\"p\":[0.09547147,0.2501984,0.03567032],\"r\":[286.5353,123.6185,280.0956],\"s\":[0.1650256,0.1717308,0.5701468],\"c\":[1,1,1]}]},{\"b\":16,\"s\":[{\"p\":[0.2755105,0.677992,-0.3523321],\"r\":[0.3854305,112.0138,19.14655],\"s\":[0.1000002,0.001734523,0.09833013],\"c\":[1,1,1]}]}]}"}],"serveTime":5}