{"thingDefinitions":[{"id":"5b25ba61e5905c0f9109396e","def":"{\"v\":5,\"p\":[{\"b\":92,\"e\":\"IIFGJJGGI5\",\"s\":[{\"p\":[0,0,0],\"r\":[0,0,4.268868E-07],\"s\":[0.003000004,0.003000001,0.003000005],\"c\":[1,1,1]},{\"p\":[0,0,0],\"r\":[0,0,4.268868E-07],\"s\":[0.003000004,0.003000001,0.003000005],\"c\":[1,1,1]}]}]}"}],"serveTime":4}