{"thingDefinitions":[{"id":"5ade35342e928835f4f04c6b","def":"{\"v\":4,\"a\":[7,18],\"p\":[{\"t\":8,\"a\":[12],\"su\":[{\"i\":\"5ade34e1e6514e3398ae619d\",\"t\":\"5ade34e30fde523ce8a8b566\",\"p\":[-0.1881796,0.8498024,-0.07292157],\"r\":[0,0,-1.001791E-05]}],\"s\":[{\"p\":[0,0,0],\"r\":[0,0,0],\"s\":[0.1750074,0.1750185,0.1750206],\"c\":[1,1,1],\"b\":[\"when told ride then become 2 in 20s\"]},{\"p\":[20.58352,-101.287,33.2451],\"r\":[-2.189484E-13,9.570542E-21,180],\"s\":[0.1751528,0.1751949,0.1752854],\"c\":[1,1,1],\"b\":[\"when told ride then become 1 in 20s\"]}]}]}"},{"id":"5ade33c3fbf6e2344d9076f4","def":"{\"v\":4,\"a\":[7,18],\"p\":[{\"b\":5,\"s\":[{\"p\":[0,0,0],\"r\":[0,0,0],\"s\":[1.488091,0.8375464,0.9893288],\"c\":[0,0,0]}]}]}"}],"serveTime":4}