{"thingDefinitions":[{"id":"5af88f1917da2b0f7a1f3225","def":"{\"v\":4,\"p\":[{\"b\":3,\"s\":[{\"p\":[0,0,0],\"r\":[0,0,8.537737E-07],\"s\":[0.125,0.125,0.125],\"c\":[1,1,1]}]}]}"},{"id":"5af88ffa1bffdf36cbfcf29d","def":"{\"v\":4,\"a\":[2,4],\"p\":[{\"b\":3,\"s\":[{\"p\":[0,0,0],\"r\":[0,0,8.537737E-07],\"s\":[0.125,0.125,0.125],\"c\":[1,1,1]}]},{\"b\":14,\"s\":[{\"p\":[0.08498453,0.02973173,-0.1510948],\"r\":[11.42731,329.4171,347.2718],\"s\":[0.06000001,0.06,0.06],\"c\":[1,1,1]}]}]}"}],"serveTime":5}