{"thingDefinitions":[{"id":"5b008a9f10b1364b8bb86b71","def":"{\"v\":4,\"p\":[{\"b\":3,\"s\":[{\"p\":[0,0,0],\"r\":[0,0,0],\"s\":[0.1250001,0.1250001,0.1250003],\"c\":[1,1,1]}]},{\"b\":3,\"s\":[{\"p\":[0.1084732,0.2087285,0.1523848],\"r\":[353.8498,353.6167,8.743155],\"s\":[0.1250003,0.1250001,0.1250004],\"c\":[1,1,1]}]},{\"b\":5,\"s\":[{\"p\":[-0.04221871,0.1673557,-0.2403925],\"r\":[327.3728,292.153,5.952436],\"s\":[0.1250008,0.1250007,0.1250009],\"c\":[1,1,1]},{\"p\":[-0.04221871,0.1673557,-0.2403925],\"r\":[327.3728,292.153,5.952435],\"s\":[0.1250008,0.1250007,0.1250009],\"c\":[1,1,1]}]}]}"}],"serveTime":5}