{"thingDefinitions":[{"id":"5acf9b42252a954981941ad9","def":"{\"v\":2,\"d\":\"TEST\",\"a\":[7],\"p\":[{\"b\":14,\"s\":[{\"p\":[0,0,0],\"r\":[0,0,-1.707547E-06],\"s\":[0.06000001,0.06000002,0.06000002],\"c\":[1,1,1]}]},{\"b\":14,\"s\":[{\"p\":[-0.07068249,-0.3088927,-0.139647],\"r\":[34.57023,349.5307,354.6614],\"s\":[0.06000005,0.0600001,0.06000004],\"c\":[1,1,1]}]}]}"},{"id":"5c0b059d4d67fc6f6091f5ee","def":"{\"v\":7,\"a\":[22,12,31],\"tp_m\": 6,\"tp_m\": 6,\"tp_lp\": [1,1,0],\"tp_m\": 6,\"tp_m\": 6,\"tp_lp\": [1,1,0],\"tp_lr\": [0,1,0],\"p\":[{\"b\":12,\"s\":[{\"p\":[-0.1912061,-0.090717,0.05013982],\"r\":[43.11677,348.4682,11.25134],\"s\":[0.06000033,0.06000122,0.0600011],\"c\":[1,1,1]}]},{\"b\":17,\"s\":[{\"p\":[0.06003574,0.06903751,0.0717131],\"r\":[355.7614,112.8822,254.4713],\"s\":[0.06004712,0.06006245,0.06004953],\"c\":[0.1890652,0.09876534,0.8888889]}]}]}"}],"serveTime":7}