{"thingDefinitions":[{"id":"5c6b3a3cb89c9c0ab82d7822","def":"{\"n\":\"ground\",\"v\":7,\"a\":[1],\"p\":[{\"b\":17,\"s\":[{\"p\":[0,0,0],\"r\":[0,0,0],\"s\":[10.16341,0.11062,28.32758],\"c\":[0.9019608,0.8509804,0.7215686]}]}]}"}],"serveTime":7}