{"thingDefinitions":[{"id":"5cd5fa8e238e80056129cf14","def":"{\"n\":\"ground\",\"v\":9,\"a\":[1],\"p\":[{\"b\":17,\"s\":[{\"p\":[0,0,0],\"r\":[0,0,0],\"s\":[3.363346,0.11062,3.201102],\"c\":[0.9019608,0.8509804,0.7215686]}]},{\"b\":9,\"s\":[{\"p\":[-2.97547,0.6551129,1.281877],\"r\":[78.90696,159.5018,340.9337],\"s\":[0.1249999,0.125,0.125],\"c\":[1,1,1]}]}]}"}],"serveTime":6}