{"thingDefinitions":[{"id":"5e415291363ca93807cc815c","def":"{\"v\":9,\"a\":[4,6,12],\"p\":[{\"s\":[{\"p\":[0,0,0],\"r\":[0,0,8.537737E-07],\"s\":[0.9142564,0.9181426,0.001000002],\"c\":[1,1,1]}]}]}"}],"serveTime":4}