{"thingDefinitions":[{"id":"5d691faa2067ba3932338e25","def":"{\"v\":9,\"p\":[{\"b\":14,\"s\":[{\"p\":[0,0,0],\"r\":[0,0,0],\"s\":[0.06000006,0.06000011,0.06000005],\"c\":[1,1,1]}]}]}"},{"id":"5d691ff8565d5720a3a6a84a","def":"{\"v\":9,\"a\":[4],\"p\":[{\"b\":3,\"s\":[{\"p\":[0,0,0],\"r\":[0,0,0],\"s\":[0.125,0.1250001,0.1250001],\"c\":[1,1,1]}]}]}"}],"serveTime":6}