{"thingDefinitions":[{"id":"5a6beffeede331e20fbd567a","def":"{\"n\":\"thing\",\"v\":2,\"p\":[{\"b\":12,\"s\":[{\"p\":[-0.03252658,0.02322835,0.08970015],\"r\":[48.76335,70.66621,74.41209],\"s\":[0.06000001,0.06000001,0.06000001],\"c\":[1,1,1]}]},{\"b\":9,\"s\":[{\"p\":[-0.03122484,0.02370795,0.09316896],\"r\":[342.9211,314.8267,36.58823],\"s\":[0.125,0.1250001,0.1250001],\"c\":[1,1,1]}]}]}"}],"serveTime":4}