{"thingDefinitions":[{"id":"5ef5a4929499480639d7eeb0","def":"{\"v\":9,\"p\":[{\"s\":[{\"p\":[0,0,0],\"r\":[0,0,-3.415095E-06],\"s\":[0.1750003,0.1750005,0.1750003],\"c\":[1,1,1]}]}]}"}],"serveTime":5}