{"thingDefinitions":[{"id":"5b701dedf475972dfb1508ea","def":"{\"v\":6,\"a\":[22,18],\"p\":[{\"b\":3,\"s\":[{\"p\":[0.05125646,-0.0360173,0.08721513],\"r\":[270,1.151484E-12,0],\"s\":[0.1270546,0.1097661,0.1461216],\"c\":[1,1,1]}]},{\"b\":9,\"s\":[{\"p\":[0.09546635,-0.007091165,2.414245E-08],\"r\":[0,-1.001791E-05,0],\"s\":[0.02647216,0.04237986,0.03084819],\"c\":[0,0,0]}]},{\"b\":9,\"s\":[{\"p\":[0.005539536,0,8.419144E-09],\"r\":[0,-1.001791E-05,0],\"s\":[0.02647231,0.0423796,0.03084828],\"c\":[0,0,0]}]}]}"}],"serveTime":3}