{"thingDefinitions":[{"id":"5c420dd50924b90540f1224f","def":"{\"v\":7,\"p\":[{\"b\":12,\"s\":[{\"p\":[0,0,0],\"r\":[0,0,0],\"s\":[0.06000003,0.06000004,0.06000006],\"c\":[1,1,1]}]}]}"}],"serveTime":4}