{"thingDefinitions":[{"id":"5b06c4dcdb50e62d7b29e404","def":"{\"v\":4,\"a\":[1],\"tp_lp\": [0,1,0],\"p\":[{\"b\":9,\"s\":[{\"p\":[0,0,0],\"r\":[0,0,-1.067217E-06],\"s\":[0.1250002,0.1250002,0.1250001],\"c\":[1,1,1]}]}]}"}],"serveTime":5}