{"thingDefinitions":[{"id":"5f698ae3d7d41634afddddef","def":"{\"v\":9,\"a\":[2,4],\"p\":[{\"b\":14,\"t\":9,\"pr\":5,\"s\":[{\"p\":[0,0,0],\"r\":[0,0,-5.336085E-08],\"s\":[0.0600001,0.06000021,0.06000006],\"c\":[0.03174602,0,0.111111],\"pr\":{\"c\":[1,0.1111111,0.4158731],\"m\":0.25,\"a\":0.25,\"s\":0.15,\"z\":0.25,\"g\":0.5,\"h\":0.25}}]}]}"}],"serveTime":4}