{"thingDefinitions":[{"id":"5c1fddf7ea1f546e4855e05a","def":"{\"v\":7,\"p\":[{\"b\":14,\"s\":[{\"p\":[0,0,0],\"r\":[0,0,0],\"s\":[0.06000019,0.06000019,0.06000031],\"c\":[1,1,1]}]},{\"b\":3,\"s\":[{\"p\":[0.1086129,0.03078407,-0.1895775],\"r\":[355.8708,11.84722,13.6049],\"s\":[0.1250003,0.1250004,0.1250006],\"c\":[1,1,1]}]},{\"b\":3,\"s\":[{\"p\":[-0.06967529,-0.04057151,-0.2052785],\"r\":[8.934721,31.14616,349.7328],\"s\":[0.1250003,0.1250005,0.1250007],\"c\":[1,1,1]}]}]}"}],"serveTime":9}