{"thingDefinitions":[{"id":"5c1aeb2e4d67fc6f6091f91b","def":"{\"v\":7,\"a\":[7],\"p\":[{\"s\":[{\"p\":[0,0,0],\"r\":[0,0,0],\"s\":[27.82331,27.84955,6.566761],\"c\":[0,0.4444443,0.1015872]}]}]}"},{"id":"5c1d112a4a7a32055c608bbf","def":"{\"v\":7,\"p\":[{\"b\":2,\"s\":[{\"p\":[0,0,0],\"r\":[0,0,0],\"s\":[0.1250002,0.1250002,0.1250003],\"c\":[1,1,1],\"b\":[\"when touched then destroy all parts\"]}]}]}"}],"serveTime":5}