{"thingDefinitions":[{"id":"5cb659d81a4c6b70441acdaf","def":"{\"n\":\"ground\",\"v\":9,\"a\":[1],\"p\":[{\"b\":17,\"s\":[{\"p\":[0,0,0],\"r\":[0,0,0],\"s\":[3.363346,0.11062,3.201102],\"c\":[0.9019608,0.8509804,0.7215686]}]}]}"},{"id":"5cb6528e346d3c790675d45a","def":"{\"v\":9,\"p\":[{\"s\":[{\"p\":[0,0,0],\"r\":[0,0,0],\"s\":[0.1750001,0.1750002,0.1750003],\"c\":[1,1,1]}]}]}"},{"id":"5cb658da346d3c790675d464","def":"{\"v\":9,\"p\":[{\"s\":[{\"p\":[0,0,0],\"r\":[0,0,0],\"s\":[0.175,0.1750001,0.175],\"c\":[1,1,1]}]}]}"},{"id":"5cb658fe8ea53c703a7fbb49","def":"{\"v\":9,\"p\":[{\"b\":14,\"s\":[{\"p\":[0,0,0],\"r\":[0,0,0],\"s\":[0.06,0.06000003,0.06000002],\"c\":[1,1,1]}]}]}"}],"serveTime":8}