{"thingDefinitions":[{"id":"5bd05f438d7ffb0585b02b02","def":"{\"v\":7,\"a\":[2,3,12],\"inc\":[[\"ice cream\",\"580004682a589bc71ee77c21\"]],\"p\":[{\"b\":14,\"s\":[{\"p\":[0,0,0],\"r\":[0,0,-2.134434E-07],\"s\":[0.06000068,0.06000062,0.06000067],\"c\":[1,1,1],\"b\":[\"when triggered then emit ice cream with 10%\"]}]},{\"b\":14,\"s\":[{\"p\":[-0.01861194,-0.07240162,-0.1516428],\"r\":[312.6973,18.69752,344.0893],\"s\":[0.06000061,0.0600007,0.04027895],\"c\":[1,1,1]}]}]}"}],"serveTime":4}