{"thingDefinitions":[{"id":"5a9c78c8457853e214f1ce69","def":"{\"v\":2,\"a\":[2,7,12,14,18],\"inc\":[[\"thing\",\"5a9c7765298db4e10f5adc31\"]],\"p\":[{\"b\":60,\"s\":[{\"p\":[0,0,0],\"r\":[0,0,0],\"s\":[0.0501132,0.05473321,0.1999129],\"c\":[1,0,0.8571426]}]},{\"b\":60,\"s\":[{\"p\":[-0.0002387893,-0.1175324,-0.08486874],\"r\":[-8.14222E-13,270,1.001791E-05],\"s\":[0.02902219,0.2069357,0.04809407],\"c\":[1,0,0.8571426],\"b\":[\"when triggered then emit thing with 1\"]}]}]}"}],"serveTime":8}