{"thingDefinitions":[{"id":"5a0335dc79bbcf71139ac44b","def":"{\"n\":\"thing\",\"v\":2,\"a\":[7],\"p\":[{\"b\":12,\"t2\":13,\"s\":[{\"p\":[0,0,0],\"r\":[0,0,0],\"s\":[19.64355,0.04317187,9.715634],\"c\":[1,1,1],\"t2\":{\"c\":[0.2222221,0.1975308,0.04938267],\"x\":0.17,\"y\":0.17,\"a\":0.8925,\"m\":0.5,\"n\":0.5,\"r\":0,\"g\":0,\"o\":0.5,\"t\":0.5,\"e\":0.5}}]}]}"}],"serveTime":5}