{"thingDefinitions":[{"id":"5c3cb42b9e61d1567d9c67ec","def":"{\"v\":7,\"a\":[4,7,12,18],\"p\":[{\"b\":183,\"s\":[{\"p\":[0,0,0],\"r\":[0,0,0],\"s\":[0.06000001,0.06000002,0.06000002],\"c\":[1,1,1]}]},{\"b\":3,\"s\":[{\"p\":[-0.5514101,-0.3750063,-0.2580648],\"r\":[352.5679,357.7091,2.429515],\"s\":[0.1250294,0.1250044,0.1250298],\"c\":[1,1,1]}]},{\"b\":3,\"s\":[{\"p\":[-0.4103873,-0.2702012,-0.1658337],\"r\":[352.5679,357.7091,2.429524],\"s\":[0.1250312,0.1250046,0.1250296],\"c\":[1,1,1]}]},{\"b\":3,\"s\":[{\"p\":[-0.5582236,-0.2855532,-0.1697437],\"r\":[352.568,357.7091,2.429524],\"s\":[0.1250138,0.1250035,0.1250117],\"c\":[1,1,1]}]}]}"}],"serveTime":4}