{"thingDefinitions":[{"id":"5cfc65f1a16bfd646bbb5e20","def":"{\"v\":9,\"p\":[{\"b\":45,\"s\":[{\"p\":[-0.3686401,-0.08890616,0.1959006],\"r\":[21.8638,115.3856,56.45073],\"s\":[0.1328547,0.1250001,0.05461],\"c\":[1,1,1]}]},{\"b\":45,\"s\":[{\"p\":[-0.2398221,-0.1133937,0.159017],\"r\":[358.3495,130.1955,50.81161],\"s\":[0.1328549,0.1250001,0.05461004],\"c\":[1,1,1]}]}]}"}],"serveTime":5}