{"thingDefinitions":[{"id":"5bfa209e1fa21763f2eb6aca","def":"{\"v\":7,\"a\":[2],\"p\":[{\"b\":163,\"s\":[{\"p\":[0,0,0],\"r\":[0,0,0],\"s\":[0.1000001,0.1000001,0.1000001],\"c\":[1,1,1]}]},{\"b\":198,\"s\":[{\"p\":[0.1657251,0.05206908,-0.1089833],\"r\":[319.478,123.1131,253.2645],\"s\":[0.06000005,0.06000016,0.06000014],\"c\":[1,1,1]}]},{\"b\":200,\"s\":[{\"p\":[0.3500765,-0.06626336,0.06820512],\"r\":[306.4427,349.7769,146.4573],\"s\":[0.06000009,0.06000004,0.06000007],\"c\":[1,1,1]}]}]}"}],"serveTime":4}