{"thingDefinitions":[{"id":"5d6aeb7bc37a927fec8c7dde","def":"{\"v\":9,\"a\":[29],\"p\":[{\"b\":14,\"s\":[{\"p\":[0.2146644,-0.213863,-0.03895977],\"r\":[4.034655,359.8299,62.80964],\"s\":[0.06000017,0.274505,0.1658603],\"c\":[1,1,1]}]},{\"b\":115,\"e\":\"YEET\",\"s\":[{\"p\":[0.3897455,-0.2116783,0.1141612],\"r\":[64.76711,269.6176,178.2995],\"s\":[0.02754973,0.02754973,0.02754973],\"c\":[0,1,1]}]}]}"}],"serveTime":6}