{"thingDefinitions":[{"id":"5a4a9d9901919fb3135231ce","def":"{\"n\":\"ground\",\"v\":3,\"a\":[1],\"p\":[{\"b\":17,\"s\":[{\"p\":[0,0,0],\"r\":[0,0,0],\"s\":[3.363346,0.11062,3.201102],\"c\":[0.9019608,0.8509804,0.7215686]}]},{\"b\":9,\"s\":[{\"p\":[1.161814,1.329455,1.042693],\"r\":[273.2334,337.9486,195.6213],\"s\":[0.1250001,0.1250002,0.1250003],\"c\":[1,1,1]}]}]}"}],"serveTime":9}