{"thingDefinitions":[{"id":"59be4f186f5ba42a10bba0c9","def":"{\"n\":\"thing\",\"p\":[{\"b\":9,\"s\":[{\"p\":[0,0,0],\"r\":[0,0,0],\"s\":[0.1250001,0.1250001,0.125],\"c\":[1,1,1]}]},{\"b\":10,\"s\":[{\"p\":[0.1659748,-0.08620844,-0.1440254],\"r\":[15.32268,352.1643,17.87797],\"s\":[0.1250001,0.1250001,0.1250001],\"c\":[1,1,1]}]},{\"b\":14,\"s\":[{\"p\":[-0.06010629,-0.1103501,-0.2024494],\"r\":[18.02659,230.202,22.32121],\"s\":[0.06000002,0.06000004,0.06000002],\"c\":[1,1,1]}]}]}"}],"serveTime":5}