{"thingDefinitions":[{"id":"582cd932fca1464513608b06","def":"{\"n\":\"ground\",\"a\":[1],\"p\":[{\"b\":17,\"s\":[{\"p\":[0,0,0],\"r\":[0,0,0],\"s\":[3.363346,0.11062,3.201102],\"c\":[0.9019608,0.8509804,0.7215686]}]},{\"s\":[{\"p\":[-0.651741,0.6762035,-0.1351982],\"r\":[5.892006,333.9464,357.4518],\"s\":[50,0.06527491,50],\"c\":[1,1,1]}]}]}"},{"id":"582cd97121bbfe3e13d14178","def":"{\"n\":\"thing\",\"p\":[{\"b\":14,\"s\":[{\"p\":[0,0,0],\"r\":[0,0,0],\"s\":[0.06000012,0.06000004,0.2367911],\"c\":[1,1,1]}]},{\"s\":[{\"p\":[-0.002223402,0.003843606,-0.4047731],\"r\":[355.5469,91.27703,2.439366],\"s\":[0.0562265,0.08037289,0.1750006],\"c\":[1,1,1]}]}]}"}],"serveTime":5}