{"thingDefinitions":[{"id":"5f015511ed88660636659e1a","def":"{\"v\":9,\"p\":[{\"s\":[{\"p\":[0,0,0],\"r\":[0,0,0],\"s\":[60.91344,0.2142294,349.1699],\"c\":[0.111111,1,0.4666664],\"b\":[\"when \"]}]}]}"}],"serveTime":13}