{"thingDefinitions":[{"id":"587b80a6b9ae6ca225727d2d","def":"{\"n\":\"lanpa\",\"a\":[4,7,21],\"p\":[{\"b\":14,\"s\":[{\"p\":[0.1022763,-0.4734052,-1.11666],\"r\":[357.6304,358.1905,359.2324],\"s\":[0.3911508,0.3911506,0.9206875],\"c\":[1,1,1]}]},{\"b\":7,\"s\":[{\"p\":[0.1238544,0.03709209,1.328854],\"r\":[359.3191,356.1945,1.629325],\"s\":[0.4696163,0.9045197,0.8148982],\"c\":[1,1,1]}]},{\"b\":9,\"t\":3,\"s\":[{\"p\":[0.1088043,0.4488258,0.9118949],\"r\":[15.9883,15.25392,353.9637],\"s\":[0.4212793,0.4106728,0.4070853],\"c\":[0.8,1,0]}]},{\"b\":12,\"s\":[{\"p\":[0.2293665,-0.5887053,-3.411653],\"r\":[43.60282,267.0449,263.0129],\"s\":[0.3912528,0.3911641,0.3912463],\"c\":[1,1,1]}]}]}"}],"serveTime":5}