{"thingDefinitions":[{"id":"5d0c95f60e57947eca2da1a6","def":"{\"v\":9,\"p\":[{\"b\":12,\"s\":[{\"p\":[0,0,0],\"r\":[0,0,0],\"s\":[0.06000002,0.06000005,0.06000004],\"c\":[1,1,1]}]},{\"b\":10,\"s\":[{\"p\":[-0.01727601,0.1178464,0.02814355],\"r\":[299.0265,320.2757,341.5869],\"s\":[0.125,0.125,0.1250001],\"c\":[1,1,1]}]}]}"}],"serveTime":4}