{"thingDefinitions":[{"id":"5c38324b5ec39e0556224dec","def":"{\"v\":7,\"p\":[{\"s\":[{\"p\":[0,0,0],\"r\":[0,0,0],\"s\":[0.0761798,0.1074409,0.2901182],\"c\":[1,1,1]}]}]}"}],"serveTime":5}