{"thingDefinitions":[{"id":"5bfaf5c1021a9d67791478be","def":"{\"v\":7,\"p\":[{\"s\":[{\"p\":[0,0,0],\"r\":[0,0,0],\"s\":[0.1750009,0.1750004,0.1750011],\"c\":[1,1,1]}]}]}"}],"serveTime":5}