{"thingDefinitions":[{"id":"5dc67a396508a310d89bd9aa","def":"{\"n\":\"house\",\"v\":9,\"a\":[1],\"p\":[{\"b\":17,\"s\":[{\"p\":[0,0,0],\"r\":[0,0,0],\"s\":[0.001000001,0.001000002,0.001000001],\"c\":[0,1,1]}]}]}"}],"serveTime":5}