{"thingDefinitions":[{"id":"5d0ede199b8060542d158be3","def":"{\"n\":\"ground\",\"v\":9,\"a\":[1],\"p\":[{\"b\":17,\"s\":[{\"p\":[0,0,0],\"r\":[0,0,0],\"s\":[3.363347,0.11062,3.201102],\"c\":[0.5135801,0.1975307,0.8888889]}]},{\"b\":9,\"s\":[{\"p\":[0.2665041,1.225346,1.98543],\"r\":[33.08148,31.15715,92.83487],\"s\":[0.1250004,0.1250001,0.1250003],\"c\":[0.5135801,0.1975307,0.8888889]}]}]}"}],"serveTime":5}