{"thingDefinitions":[{"id":"5c479e94e836756d8fa02d61","def":"{\"v\":7,\"p\":[{\"b\":9,\"s\":[{\"p\":[0,0,0],\"r\":[0,0,-2.134434E-07],\"s\":[0.1250001,0.1250002,0.125],\"c\":[1,1,1]}]},{\"b\":14,\"s\":[{\"p\":[0.2413098,0.01925316,-0.09804455],\"r\":[7.052601,293.591,67.37929],\"s\":[0.06000005,0.06000008,0.0600001],\"c\":[1,1,1]}]},{\"b\":12,\"s\":[{\"p\":[0.2893475,0.283592,-0.1904077],\"r\":[2.796843,19.7904,110.0472],\"s\":[0.06000008,0.06000008,0.06000004],\"c\":[1,1,1]}]}]}"}],"serveTime":6}