{"thingDefinitions":[{"id":"5a468d43b738290966255f3d","def":"{\"n\":\"thing\",\"v\":2,\"p\":[{\"b\":10,\"s\":[{\"p\":[0,0,0],\"r\":[0,0,1.707547E-06],\"s\":[0.1250003,0.1250004,0.1250006],\"c\":[1,1,1]}]},{\"b\":10,\"s\":[{\"p\":[-0.09886754,0.004658304,0.05404387],\"r\":[74.77135,172.0365,188.7906],\"s\":[0.1250009,0.1250007,0.1250008],\"c\":[1,1,1]},{\"p\":[0,0,0],\"r\":[0,0,0],\"s\":[0.1250001,0.1250001,0.1250002],\"c\":[1,1,1]}]}]}"}],"serveTime":5}