{"thingDefinitions":[{"id":"5c52f641c34453758d836374","def":"{\"n\":\"ground\",\"v\":7,\"a\":[1,22,31],\"p\":[{\"b\":17,\"s\":[{\"p\":[0,0,0],\"r\":[0,0,0],\"s\":[3.363346,0.11062,3.201102],\"c\":[0.9019608,0.8509804,0.7215686]}]},{\"b\":2,\"s\":[{\"p\":[-1.802317,1.310784,-2.264715],\"r\":[292.5,112.5,292.5],\"s\":[0.1250069,0.1250298,0.1250305],\"c\":[1,1,1]}]}]}"}],"serveTime":5}