{"thingDefinitions":[{"id":"5b9b21da85cf3c058b4d9935","def":"{\"v\":6,\"p\":[{\"b\":9,\"s\":[{\"p\":[0.01503649,-0.0941316,0.1134679],\"r\":[348.817,355.5721,350.1582],\"s\":[0.4802901,0.4542515,0.06943266],\"c\":[1,1,1]}]},{\"b\":183,\"s\":[{\"p\":[-0.03787771,-0.08717453,0.1853229],\"r\":[72.68063,37.83881,42.71035],\"s\":[0.1173513,0.0317461,0.1052893],\"c\":[1,1,1]}]}]}"}],"serveTime":7}