{"thingDefinitions":[{"id":"5a4391a9de766a28102e5493","def":"{\"n\":\"thing\",\"v\":2,\"p\":[{\"s\":[{\"p\":[0,0,0],\"r\":[0,0,0],\"s\":[0.1750002,0.1750003,0.1750003],\"c\":[1,1,1]}]},{\"b\":12,\"s\":[{\"p\":[-0.1697577,0.4758208,-0.7402374],\"r\":[51.70649,154.4011,328.9627],\"s\":[0.06000004,0.06000007,0.06000001],\"c\":[1,1,1]}]},{\"b\":178,\"s\":[{\"p\":[-0.2428879,0.852043,-0.6346335],\"r\":[330.0096,116.7256,96.71109],\"s\":[0.04500007,0.04500003,0.04500005],\"c\":[1,1,1]}]}]}"}],"serveTime":4}