{"thingDefinitions":[{"id":"5e63a25075c630061eee2d79","def":"{\"n\":\"ground\",\"v\":9,\"a\":[1],\"p\":[{\"b\":17,\"s\":[{\"p\":[0,0,0],\"r\":[0,0,0],\"s\":[3.363346,0.11062,3.201102],\"c\":[0.9019608,0.8509804,0.7215686]}]}]}"},{"id":"5c69caec15b4b31c7d8eb8b2","def":"{\"v\":7,\"p\":[{\"s\":[{\"p\":[0.1091429,-0.2485879,-0.1412632],\"r\":[30.28665,0.8142349,5.795954],\"s\":[0.175001,0.1750007,0.1750012],\"c\":[0.7777778,0,0]},{\"p\":[0,0,0],\"r\":[0,0,0],\"s\":[0.1750009,0.1750006,0.175001],\"c\":[1,1,1]}]}]}"},{"id":"5e63a2b5a9100521fc38a958","def":"{\"v\":9,\"p\":[{\"t\":3,\"s\":[{\"p\":[0,0,0],\"r\":[0,0,0],\"s\":[0.1750001,0.175,0.1750001],\"c\":[0.8888889,0.09876534,0.09876534]}]}]}"}],"serveTime":8}