{"thingDefinitions":[{"id":"5c9452840bca0c054f59d3a6","def":"{\"n\":\"house\",\"v\":9,\"p\":[{\"b\":10,\"s\":[{\"p\":[0,0,0],\"r\":[0,0,0],\"s\":[0.1250004,0.1250002,0.1250002],\"c\":[1,1,1]}]},{\"b\":187,\"s\":[{\"p\":[0.006996823,0.00569959,-0.1718653],\"r\":[2.895998,267.9318,98.6115],\"s\":[0.06000005,0.06000006,0.06000005],\"c\":[1,1,1]}]}]}"}],"serveTime":4}