{"thingDefinitions":[{"id":"5c449592d02855582f9518d5","def":"{\"n\":\"ground\",\"v\":7,\"a\":[1],\"p\":[{\"b\":17,\"s\":[{\"p\":[0,0,0],\"r\":[0,0,0],\"s\":[4.814521,0.4032197,4.772314],\"c\":[0.9019608,0.8509804,0.7215686]}]}]}"}],"serveTime":4}