{"thingDefinitions":[{"id":"5b980ea5d45fef057e569216","def":"{\"v\":6,\"p\":[{\"b\":3,\"s\":[{\"p\":[0,0,0],\"r\":[0,0,0],\"s\":[0.125,0.125,0.125],\"c\":[1,1,1]}]},{\"b\":8,\"s\":[{\"p\":[-0.1268249,0.1415575,-0.01973663],\"r\":[357.7456,276.5203,129.4377],\"s\":[0.1250006,0.1250006,0.1250003],\"c\":[1,1,1]}]}]}"},{"id":"5b9baf26c6680c0576e9e051","def":"{\"v\":6,\"p\":[{\"b\":3,\"s\":[{\"p\":[0,0,0],\"r\":[0,0,-4.268868E-07],\"s\":[0.1250001,0.125,0.125],\"c\":[0,1,1]}]},{\"b\":73,\"s\":[{\"p\":[-0.2315291,-0.05196029,-0.1673559],\"r\":[13.77599,348.8102,343.9615],\"s\":[0.2250001,0.2250001,0.2250001],\"c\":[0,1,1]}]}]}"}],"serveTime":5}