{"thingDefinitions":[{"id":"5adc0ec5b7f10a031706d92d","def":"{\"v\":4,\"p\":[{\"b\":3,\"s\":[{\"p\":[0,0,0],\"r\":[0,0,-8.537737E-07],\"s\":[0.1250001,0.1250002,0.1250001],\"c\":[1,1,1]}]}]}"}],"serveTime":4}