{"thingDefinitions":[{"id":"5d7175bd309ea4392c5a74f6","def":"{\"n\":\"ground\",\"v\":9,\"a\":[1,49],\"p\":[{\"b\":17,\"a\":[1,5],\"s\":[{\"p\":[0,0,0],\"r\":[0,0,-8.671137E-08],\"s\":[3.388689,0.11062,3.201102],\"c\":[0.9019608,0.8509804,0.7215686]},{\"p\":[0,0,0],\"r\":[0,0,-8.671137E-08],\"s\":[3.388689,0.11062,3.201102],\"c\":[0.9019608,0.8509804,0.7215686]},{\"p\":[0,0,0],\"r\":[0,0,-8.671137E-08],\"s\":[3.388689,0.11062,3.201102],\"c\":[0.9019608,0.8509804,0.7215686]},{\"p\":[0,0,0],\"r\":[0,0,-8.671137E-08],\"s\":[3.388689,0.11062,3.201102],\"c\":[0.9019608,0.8509804,0.7215686]}]}]}"}],"serveTime":4}