{"thingDefinitions":[{"id":"5cf6741f104e0b06288a8bea","def":"{\"v\":9,\"p\":[{\"b\":9,\"s\":[{\"p\":[0,0,0],\"r\":[0,0,3.415095E-06],\"s\":[0.1250001,0.1250001,0.1250001],\"c\":[1,1,1]}]},{\"b\":5,\"s\":[{\"p\":[-0.1134411,0.02162567,0.06276599],\"r\":[358.0955,300.2378,39.31052],\"s\":[0.1,0.09999999,0.09999998],\"c\":[1,1,1]}]}]}"}],"serveTime":5}