{"thingDefinitions":[{"id":"5c53c307a5fcf734665b7ae0","def":"{\"v\":7,\"p\":[{\"b\":11,\"s\":[{\"p\":[0,0,0],\"r\":[0,0,1.707547E-06],\"s\":[0.1000001,0.1000003,0.1000002],\"c\":[0.111111,0.3142855,1]}]}]}"}],"serveTime":5}