{"thingDefinitions":[{"id":"5f681c6d76706d6e1690cbfd","def":"{\"n\":\"ground\",\"v\":9,\"a\":[1],\"p\":[{\"b\":17,\"s\":[{\"p\":[0,0,0],\"r\":[0,0,0],\"s\":[14.72256,0.11062,10.28294],\"c\":[0.9019608,0.8509804,0.7215686]}]},{\"b\":14,\"s\":[{\"p\":[13.52761,1.400219,-5.545968],\"r\":[303.2335,201.0137,357.6236],\"s\":[0.0600001,0.06000004,0.06000007],\"c\":[1,1,1]}]}]}"},{"id":"5f681d2fb6e00b417c072a63","def":"{\"v\":9,\"p\":[{\"b\":10,\"s\":[{\"p\":[0,0,0],\"r\":[0,0,0],\"s\":[0.125,0.125,0.1250001],\"c\":[1,1,1]}]}]}"}],"serveTime":6}