{"thingDefinitions":[{"id":"5c60fa26647a1c055f968665","def":"{\"v\":7,\"p\":[{\"c\":[[0.712,0.294,-0.471,4,6,11],[0.768,-0.334,-0.491,6,6,8]],\"s\":[{\"p\":[0,0,0],\"r\":[0,0,1.280661E-06],\"s\":[0.7141134,2.525293,2.167601],\"c\":[1,1,1]}]}]}"}],"serveTime":4}