{"thingDefinitions":[{"id":"5bfa525a021a9d6779147884","def":"{\"n\":\"ground\",\"v\":7,\"a\":[1],\"p\":[{\"b\":17,\"s\":[{\"p\":[0,0,0],\"r\":[0,0,0],\"s\":[2500,0.2631986,2500],\"c\":[0.9019608,0.8509804,0.7215686]}]}]}"},{"id":"5bfb59f61171b26459736969","def":"{\"n\":\"house\",\"v\":7,\"p\":[{\"s\":[{\"p\":[0,0,0],\"r\":[0,0,0],\"s\":[0.07233787,14.13391,11.91807],\"c\":[1,1,1]}]},{\"s\":[{\"p\":[-0.1390472,-0.005161047,5.865745],\"r\":[0,270,270],\"s\":[14.20041,0.1881263,1.411654],\"c\":[1,1,1]}]},{\"s\":[{\"p\":[-1.224757,-5.321828,5.866111],\"r\":[0,270,0],\"s\":[3.567268,0.1873209,0.841223],\"c\":[1,1,1]}]}]}"}],"serveTime":6}