{"thingDefinitions":[{"id":"5c382427fbe56c6f83fe1e08","def":"{\"v\":7,\"p\":[{\"b\":2,\"s\":[{\"p\":[0,0,0],\"r\":[0,0,0],\"s\":[0.4078076,0.4538665,0.5458665],\"c\":[1,1,1]}]}]}"},{"id":"5c3824a5285ab86f59fd69e1","def":"{\"v\":7,\"p\":[{\"b\":17,\"s\":[{\"p\":[0,0,0],\"r\":[0,0,1.707547E-06],\"s\":[0.06000022,0.06000014,0.06000011],\"c\":[1,1,1]}]}]}"}],"serveTime":5}