{"thingDefinitions":[{"id":"5b226e3a2ce4086fd9e66708","def":"{\"v\":5,\"p\":[{\"b\":9,\"s\":[{\"p\":[0,0,0],\"r\":[0,0,1.28066E-06],\"s\":[0.1250003,0.1250003,0.125],\"c\":[1,1,1]}]},{\"b\":54,\"s\":[{\"p\":[0.01665022,0.01459741,0.002870356],\"r\":[19.66273,271.2263,50.32474],\"s\":[0.125,0.125,0.1250001],\"c\":[1,1,1]}]},{\"b\":62,\"s\":[{\"p\":[-0.01243734,0.05736528,-0.06494635],\"r\":[32.79224,257.6797,45.95518],\"s\":[0.125,0.125,0.125],\"c\":[1,1,1]}]}]}"}],"serveTime":3}