{"thingDefinitions":[{"id":"5f378a8311766f3186f93cab","def":"{\"n\":\"ground\",\"v\":9,\"a\":[1],\"p\":[{\"b\":17,\"t1\":12,\"s\":[{\"p\":[0,0,0],\"r\":[0,0,0],\"s\":[15.21757,0.11062,11.87921],\"c\":[0.9019608,0.8509804,0.7215686],\"t1\":{\"c\":[0.1382715,0.4444444,0.09876538],\"x\":0.17,\"y\":0.17,\"a\":0.8925,\"m\":0.5,\"n\":0.5,\"r\":0,\"g\":0,\"o\":0.5,\"t\":0.5,\"e\":0.5}}]}]}"}],"serveTime":4}