{"thingDefinitions":[{"id":"5c72db4c62a5662a9fba16af","def":"{\"v\":7,\"p\":[{\"b\":80,\"s\":[{\"p\":[0,0,0],\"r\":[0,0,0],\"s\":[0.075,0.07500003,0.07500001],\"c\":[1,1,1]}]},{\"b\":73,\"s\":[{\"p\":[-0.00580995,0.06987598,0.000493331],\"r\":[321.4269,119.9556,300.3661],\"s\":[0.225,0.2250001,0.225],\"c\":[1,1,1]}]}]}"}],"serveTime":4}