{"thingDefinitions":[{"id":"5e36b718f349cf24dd87b61f","def":"{\"v\":9,\"p\":[{\"b\":9,\"s\":[{\"p\":[0,0,0],\"r\":[0,0,0],\"s\":[0.1250004,0.1250003,0.1250004],\"c\":[1,1,1]}]},{\"b\":12,\"s\":[{\"p\":[-0.1362859,-0.03813475,0.02291536],\"r\":[56.62666,14.25766,103.7818],\"s\":[0.06000012,0.06000009,0.06000011],\"c\":[1,1,1]}]}]}"}],"serveTime":4}