{"thingDefinitions":[{"id":"5a47af9e93ca4e0b1427e43a","def":"{\"n\":\"thing\",\"v\":2,\"p\":[{\"b\":14,\"s\":[{\"p\":[0,0,0],\"r\":[0,0,0],\"s\":[0.06000013,0.06000016,0.06000007],\"c\":[0.4571431,0,1]}]}]}"}],"serveTime":5}