{"thingDefinitions":[{"id":"5c6c9a6fdedf9b0ab9c65c3f","def":"{\"v\":7,\"p\":[{\"s\":[{\"p\":[0,0,0],\"r\":[0,0,0],\"s\":[0.1750004,0.1750002,0.1750004],\"c\":[1,1,1]}]},{\"s\":[{\"p\":[0.03673687,0.3182533,-0.0232188],\"r\":[326.0914,9.363874,354.048],\"s\":[0.1750003,0.1750001,0.1750001],\"c\":[1,1,1]}]}]}"}],"serveTime":4}