{"thingDefinitions":[{"id":"5bdc6d9b7feb047f7046dac1","def":"{\"v\":7,\"p\":[{\"b\":5,\"s\":[{\"p\":[-0.2689767,0.04909068,0.2031257],\"r\":[330.7697,5.211203,2.132317],\"s\":[0.1,0.1,0.1],\"c\":[1,1,1]}]},{\"b\":9,\"s\":[{\"p\":[-0.264873,0.04753223,0.2221973],\"r\":[41.09361,28.4124,244.0413],\"s\":[0.1250001,0.1250002,0.1250002],\"c\":[1,1,1]}]},{\"b\":14,\"s\":[{\"p\":[-0.4160862,0.03098267,0.2254302],\"r\":[8.349557,278.9813,109.8012],\"s\":[0.06,0.05999999,0.05999998],\"c\":[1,1,1]}]},{\"b\":9,\"s\":[{\"p\":[-0.5197001,0.02424359,0.2588935],\"r\":[351.9728,340.9253,114.4721],\"s\":[0.1250003,0.1250001,0.1250002],\"c\":[1,1,1]}]}]}"}],"serveTime":5}