{"thingDefinitions":[{"id":"5aad625cf983611391109148","def":"{\"v\":2,\"a\":[2,4],\"p\":[{\"b\":9,\"s\":[{\"p\":[0,0,0],\"r\":[0,0,-9.604954E-07],\"s\":[0.1250001,0.1250001,0.1250001],\"c\":[1,1,1]}]},{\"b\":9,\"s\":[{\"p\":[-0.1133864,0.009479076,-0.02205343],\"r\":[22.02015,303.2819,62.20266],\"s\":[0.125,0.125,0.125],\"c\":[1,1,1]}]},{\"b\":14,\"s\":[{\"p\":[-0.05039591,-0.05767457,-0.1387178],\"r\":[343.6577,346.914,350.8629],\"s\":[0.06000005,0.06000005,0.06000001],\"c\":[1,1,1]}]}]}"}],"serveTime":6}