{"thingDefinitions":[{"id":"5d099a4efdfd5350e986305e","def":"{\"v\":9,\"p\":[{\"s\":[{\"p\":[0,0,0],\"r\":[0,0,0],\"s\":[0.4595556,0.5056908,0.2018784],\"c\":[1,1,1]}]},{\"b\":9,\"s\":[{\"p\":[0.06861112,-0.02496295,-0.2177598],\"r\":[342.397,241.9176,85.52281],\"s\":[0.125,0.125,0.125],\"c\":[1,1,1]}]}]}"}],"serveTime":5}