{"thingDefinitions":[{"id":"5d555cf51ed2a81b5ebcbe58","def":"{\"v\":9,\"p\":[{\"b\":179,\"s\":[{\"p\":[0.05789154,-0.01348513,-0.05735625],\"r\":[85.11589,47.97288,228.4945],\"s\":[0.2150008,0.2150012,0.2150007],\"c\":[1,1,1]}]},{\"b\":82,\"s\":[{\"p\":[0.05934978,-0.03150785,-0.05698733],\"r\":[354.9545,359.5455,1.490652],\"s\":[0.07500013,0.07500007,0.07500007],\"c\":[1,1,1]}]}]}"}],"serveTime":4}