{"thingDefinitions":[{"id":"5a078be60ce92db613a1f67c","def":"{\"n\":\"thing\",\"v\":2,\"p\":[{\"b\":15,\"s\":[{\"p\":[0.08712173,-0.005589366,0.118565],\"r\":[19.95677,58.10337,346.0933],\"s\":[0.1250002,0.1250003,0.1250002],\"c\":[1,1,1]}]},{\"b\":15,\"s\":[{\"p\":[-0.03677791,0.07311956,0.05319188],\"r\":[341.4043,341.9559,18.51131],\"s\":[0.1250001,0.1250002,0.1250002],\"c\":[1,1,1]}]},{\"b\":15,\"s\":[{\"p\":[-0.2771929,0.09461715,-0.05953261],\"r\":[339.1905,265.3669,314.0748],\"s\":[0.1250003,0.1250001,0.1250004],\"c\":[1,1,1]}]}]}"}],"serveTime":7}