{"thingDefinitions":[{"id":"5ca037ce12dd4f3b1e9ebe11","def":"{\"v\":9,\"p\":[{\"b\":64,\"s\":[{\"p\":[0,0,0],\"r\":[0,0,0],\"s\":[0.1250001,0.1250001,0.1250001],\"c\":[1,1,1]}]},{\"b\":77,\"s\":[{\"p\":[0.2014531,0.0122045,0.1092798],\"r\":[47.20752,174.4362,319.1623],\"s\":[0.07500004,0.07500001,0.07500006],\"c\":[1,1,1]}]},{\"b\":76,\"s\":[{\"p\":[0.04138339,-0.266514,0.1082622],\"r\":[74.76146,93.82567,86.25972],\"s\":[0.2591117,0.4958034,0.3693843],\"c\":[1,1,1]}]}]}"}],"serveTime":4}