{"thingDefinitions":[{"id":"5dfd0dc81a60602b999a306c","def":"{\"n\":\"ground\",\"v\":9,\"a\":[1],\"p\":[{\"b\":17,\"s\":[{\"p\":[0,0,0],\"r\":[0,0,0],\"s\":[3.363346,0.11062,3.201102],\"c\":[0.9019608,0.8509804,0.7215686]}]},{\"b\":34,\"s\":[{\"p\":[2.13935,1.529695,0.06496507],\"r\":[337.564,178.6124,272.5088],\"s\":[0.1250003,0.1250003,0.1250005],\"c\":[1,1,1]}]}]}"}],"serveTime":5}