{"thingDefinitions":[{"id":"5c396619a1e3ff055912d102","def":"{\"v\":7,\"tp_lr\": [0,0,1],\"p\":[{\"b\":4,\"s\":[{\"p\":[-0.1904305,-0.2362327,-0.2768852],\"r\":[329.89,351.4256,335.28],\"s\":[0.1250001,0.1250002,0.1250001],\"c\":[1,1,1]}]},{\"b\":4,\"s\":[{\"p\":[-0.2268151,-0.4262405,-0.3414636],\"r\":[18.36026,344.9712,321.6629],\"s\":[0.3542442,0.3443666,0.1878829],\"c\":[1,1,1]}]},{\"b\":12,\"s\":[{\"p\":[-0.2274432,0.02350169,-0.4262862],\"r\":[355.7547,189.9334,179.8531],\"s\":[0.06000005,0.06000007,0.06000007],\"c\":[1,1,1]}]},{\"b\":12,\"s\":[{\"p\":[-0.3945623,0.02158698,-0.3979757],\"r\":[356.3958,188.9917,179.3245],\"s\":[0.06000003,0.06000005,0.06000005],\"c\":[1,1,1]}]}]}"}],"serveTime":4}