{"thingDefinitions":[{"id":"59fa01609a4048ad13bc29c6","def":"{\"n\":\"thing\",\"v\":2,\"p\":[{\"b\":9,\"s\":[{\"p\":[-0.1936311,0.01959436,0.002433117],\"r\":[4.816716,290.5026,25.81343],\"s\":[0.125,0.125,0.125],\"c\":[1,1,1]}]},{\"s\":[{\"p\":[0.01827583,0.01230777,-0.02976193],\"r\":[359.299,6.678909,357.7784],\"s\":[0.1750001,0.175,0.175],\"c\":[1,1,1]}]}]}"}],"serveTime":4}