{"thingDefinitions":[{"id":"5c2857e3ea1f546e4855e252","def":"{\"n\":\"ground\",\"v\":7,\"a\":[1],\"p\":[{\"b\":17,\"s\":[{\"p\":[0,0,0],\"r\":[0,0,7.003612E-08],\"s\":[3.503024,0.1585478,3.201101],\"c\":[0.9019608,0.8509804,0.7215686]}]},{\"s\":[{\"p\":[-0.7149677,0.9759903,0.008759089],\"r\":[353.9076,334.2022,353.746],\"s\":[0.175,0.175,0.1750001],\"c\":[1,1,1]}]},{\"b\":2,\"s\":[{\"p\":[-0.7118203,1.090957,-0.003117092],\"r\":[277.6627,133.9677,202.2184],\"s\":[0.125,0.125,0.125],\"c\":[1,1,1]}]},{\"b\":12,\"s\":[{\"p\":[-0.9216207,0.8108485,-0.1649297],\"r\":[85.06406,336.319,8.682904],\"s\":[0.06000002,0.06000005,0.06000003],\"c\":[1,1,1]}]}]}"}],"serveTime":4}