{"thingDefinitions":[{"id":"5c9ade61bdcdc0056ccc0fd4","def":"{\"v\":9,\"a\":[7,18],\"p\":[{\"s\":[{\"p\":[0,0,0],\"r\":[0,0,0],\"s\":[0.2543133,1791.578,60.88208],\"c\":[0.6666667,0.5714286,0]}]}]}"},{"id":"5c9ae006b4231926ef24d0e2","def":"{\"v\":9,\"a\":[2,9],\"p\":[{\"b\":3,\"s\":[{\"p\":[0,0,0],\"r\":[0,0,0],\"s\":[0.1250008,0.1250007,0.1250004],\"c\":[1,1,1]}]}]}"}],"serveTime":20}