{"thingDefinitions":[{"id":"5d1fab3ef3b7ba7888fab797","def":"{\"n\":\"ground\",\"v\":9,\"a\":[1],\"p\":[{\"b\":17,\"s\":[{\"p\":[0,0,0],\"r\":[0,0,-8.004127E-08],\"s\":[3.363347,0.1740563,3.694532],\"c\":[0.9019608,0.8509804,0.7215686]}]}]}"}],"serveTime":4}