{"thingDefinitions":[{"id":"5ae287f71e80ae1371583b97","def":"{\"v\":4,\"p\":[{\"s\":[{\"p\":[0,0,0],\"r\":[0,0,-3.335053E-08],\"s\":[0.6029136,0.219251,0.1750005],\"c\":[1,1,1]}]}]}"}],"serveTime":6}