{"thingDefinitions":[{"id":"5eac0f51a2a8181d2e0047fa","def":"{\"n\":\"ground\",\"v\":9,\"a\":[1],\"p\":[{\"b\":17,\"s\":[{\"p\":[0,0,0],\"r\":[0,0,0],\"s\":[3.363346,0.11062,3.201102],\"c\":[0.9019608,0.8509804,0.7215686]}]},{\"b\":9,\"t\":23,\"s\":[{\"p\":[1.824523,1.302737,-2.091265],\"r\":[27.29897,40.92557,240.6208],\"s\":[0.125,0.1249999,0.125],\"c\":[0.07407398,0.3333332,0.3333332]}]},{\"b\":9,\"t\":23,\"s\":[{\"p\":[1.529803,1.286603,-1.984416],\"r\":[28.67772,25.4216,277.9384],\"s\":[0.1250001,0.1250001,0.1250001],\"c\":[0.07407398,0.3333332,0.3333332]}]}]}"}],"serveTime":8}