{"thingDefinitions":[{"id":"5b9d68ad693294049c089475","def":"{\"n\":\"rtrt\",\"v\":6,\"a\":[1,2,4],\"p\":[{\"b\":175,\"s\":[{\"p\":[0,0,0],\"r\":[0,0,0],\"s\":[0.1742038,0.04500034,0.1152257],\"c\":[1,1,1]}]},{\"b\":152,\"s\":[{\"p\":[0.4269603,0.3557348,-0.2801103],\"r\":[10.13879,97.56339,356.2151],\"s\":[0.04000004,0.04000003,0.04000001],\"c\":[1,1,1]}]}]}"}],"serveTime":4}