{"thingDefinitions":[{"id":"5ca0bec1615f040ab1032a22","def":"{\"v\":9,\"p\":[{\"s\":[{\"p\":[0,0,0],\"r\":[0,0,0],\"s\":[0.1750001,0.175,0.1750001],\"c\":[1,1,1]}]},{\"s\":[{\"p\":[0.198926,-0.1577736,-0.03675736],\"r\":[11.27756,6.925291,12.99636],\"s\":[0.1750004,0.1750001,0.1750004],\"c\":[1,1,1]}]},{\"s\":[{\"p\":[-0.5408718,0.1800773,-0.255159],\"r\":[6.093137,268.5662,235.7546],\"s\":[0.1750005,0.1750003,0.1750007],\"c\":[1,1,1]}]},{\"s\":[{\"p\":[-0.2479486,0.3571901,-0.5077531],\"r\":[348.6788,217.2472,20.26555],\"s\":[0.1750007,0.1750003,0.1750005],\"c\":[1,1,1]}]}]}"}],"serveTime":5}