{"thingDefinitions":[{"id":"5ada4b6015888d51d09c0d5f","def":"{\"v\":4,\"p\":[{\"s\":[{\"p\":[0,0,0],\"r\":[0,0,-1.707547E-06],\"s\":[0.1750001,0.1750001,0.1750001],\"c\":[1,1,1]}]},{\"b\":7,\"s\":[{\"p\":[0.1095693,0.005206369,0.03198764],\"r\":[0.6265611,82.60205,269.1356],\"s\":[0.1250001,0.1250001,0.1250001],\"c\":[1,1,1]}]},{\"b\":5,\"s\":[{\"p\":[0.2132882,0.01674187,0.07230784],\"r\":[2.254594,88.38856,261.617],\"s\":[0.1250011,0.1250009,0.1250014],\"c\":[1,1,1]}]}]}"}],"serveTime":4}