{"thingDefinitions":[{"id":"5c438aad5606e0255ca688cc","def":"{\"v\":7,\"p\":[{\"b\":179,\"s\":[{\"p\":[0,0,0],\"r\":[0,0,0],\"s\":[0.2150003,0.2150007,0.2150003],\"c\":[1,1,1]}]}]}"}],"serveTime":5}