{"thingDefinitions":[{"id":"5b9563de037cef056b729bca","def":"{\"v\":6,\"p\":[{\"b\":9,\"s\":[{\"p\":[0,0,0],\"r\":[0,0,1.547465E-06],\"s\":[0.125,0.1250001,0.125],\"c\":[1,1,1]}]},{\"b\":9,\"s\":[{\"p\":[1.229251,-0.2231476,2.598307],\"r\":[332.465,45.6022,288.5274],\"s\":[0.4464096,0.1913422,0.1508908],\"c\":[1,1,1]}]},{\"b\":9,\"s\":[{\"p\":[1.59129,0.4443427,2.730832],\"r\":[288.3858,259.4612,116.4875],\"s\":[0.4464096,0.1913422,0.1508909],\"c\":[1,1,1]}]}]}"}],"serveTime":4}