{"thingDefinitions":[{"id":"5c2be6f183f66e6e55340348","def":"{\"v\":7,\"p\":[{\"s\":[{\"p\":[0,0,0],\"r\":[0,0,0],\"s\":[1.397731,1.438419,0.1750007],\"c\":[1,1,1]}]},{\"s\":[{\"p\":[-0.5312971,0.007856801,0.5379835],\"r\":[359.2223,42.17593,347.9253],\"s\":[1.39773,1.438418,0.1750006],\"c\":[1,1,1]}]},{\"s\":[{\"p\":[-0.1643965,-0.05571798,1.607707],\"r\":[3.85823,137.3696,3.839217],\"s\":[1.39774,1.438419,0.1750021],\"c\":[1,1,1]}]}]}"}],"serveTime":5}