{"thingDefinitions":[{"id":"5ee7a2fa48aa232236d77085","def":"{\"n\":\"ground\",\"v\":9,\"a\":[1],\"p\":[{\"b\":17,\"s\":[{\"p\":[0,0,0],\"r\":[0,0,0],\"s\":[3.363346,0.11062,3.201102],\"c\":[0.9019608,0.8509804,0.7215686]}]},{\"s\":[{\"p\":[-0.760192,1.335572,-0.1720685],\"r\":[357.0514,356.6208,88.29527],\"s\":[0.175,0.1750001,0.1750001],\"c\":[0,0,0]}]},{\"s\":[{\"p\":[-0.7463773,1.50669,-0.1714531],\"r\":[275.6677,40.72749,28.79037],\"s\":[0.1750001,0.1750001,0.1750001],\"c\":[1,1,1]}]}]}"}],"serveTime":4}