{"thingDefinitions":[{"id":"5a7f5f258896f62c3b0449fc","def":"{\"n\":\"thing\",\"v\":2,\"p\":[{\"b\":9,\"s\":[{\"p\":[0,0,0],\"r\":[1.707547E-06,-8.537737E-07,-1.272222E-14],\"s\":[0.1250001,0.1250002,0.1250002],\"c\":[1,1,1]}]},{\"b\":14,\"s\":[{\"p\":[0.1109326,0.02835274,-0.1552391],\"r\":[13.82359,316.9782,62.21917],\"s\":[0.06000015,0.06000007,0.06000016],\"c\":[1,1,1]}]},{\"s\":[{\"p\":[0.2692086,0.1029857,-0.3097501],\"r\":[36.50775,225.778,340.5666],\"s\":[0.1750002,0.175,0.1750001],\"c\":[1,1,1]}]}]}"}],"serveTime":4}