{"thingDefinitions":[{"id":"5a08c4d44f18b0790e41a7d4","def":"{\"n\":\"thing\",\"v\":2,\"p\":[{\"b\":10,\"s\":[{\"p\":[0,0,0],\"r\":[0,0,0],\"s\":[0.1250003,0.1250005,0.1250008],\"c\":[1,1,1]}]},{\"b\":9,\"s\":[{\"p\":[0.08666052,0.1386821,-0.2932892],\"r\":[59.00866,307.9492,340.4555],\"s\":[0.125,0.125,0.1250001],\"c\":[1,1,1]}]},{\"b\":9,\"s\":[{\"p\":[0.06656013,0.1508497,-0.4574367],\"r\":[57.04291,296.2286,323.6796],\"s\":[0.125,0.1250001,0.1250001],\"c\":[1,1,1]}]}]}"}],"serveTime":4}