{"thingDefinitions":[{"id":"5d5a258c7abdad2b3e8de95c","def":"{\"n\":\"ground\",\"v\":9,\"a\":[1],\"p\":[{\"b\":17,\"a\":[1,4],\"s\":[{\"p\":[0,0,0],\"r\":[0,0,0],\"s\":[3.363346,0.11062,3.201102],\"c\":[0.9019608,0.8509804,0.7215686]}]},{\"b\":9,\"s\":[{\"p\":[0.146079,1.441913,0.8959574],\"r\":[337.5823,152.393,280.692],\"s\":[0.1250002,0.1250001,0.1250002],\"c\":[1,1,1]}]}]}"}],"serveTime":3}