{"thingDefinitions":[{"id":"5a59b9fa2e5be1f40fd46cbb","def":"{\"n\":\"thing\",\"v\":2,\"p\":[{\"s\":[{\"p\":[0,0,0],\"r\":[0,0,0],\"s\":[0.1750002,0.1750001,0.1750001],\"c\":[1,1,1]}]},{\"b\":5,\"s\":[{\"p\":[-0.01249803,-0.00285469,-0.1376887],\"r\":[1.304365,359.3573,341.5719],\"s\":[0.1250006,0.1250003,0.1250003],\"c\":[1,1,1]}]}]}"}],"serveTime":4}