{"thingDefinitions":[{"id":"5de34cfb9cf51a4aec96f30c","def":"{\"n\":\"hi\",\"v\":9,\"p\":[{\"s\":[{\"p\":[0,0,0],\"r\":[0,0,0],\"s\":[173.0452,670.9346,0.001000002],\"c\":[0,0.5555556,0.2222221]}]},{\"s\":[{\"p\":[-5.490565,12.12018,-0.7072139],\"r\":[0.7044863,177.9715,66.83781],\"s\":[1.386165,1.891287,1.544744],\"c\":[0.3333332,0.1386242,0.03703704]}]},{\"b\":12,\"s\":[{\"p\":[-4.526203,12.55304,-0.3099408],\"r\":[64.58981,84.95464,3.513916],\"s\":[0.3013151,0.06000045,0.0600003],\"c\":[0.111111,0.0691357,0.02469136]}]},{\"b\":2,\"s\":[{\"p\":[-5.430392,12.09466,-1.767863],\"r\":[353.2743,183.5717,68.07209],\"s\":[0.7345893,0.9199884,0.7288905],\"c\":[1,0.8571429,0]}]}]}"}],"serveTime":5}