{"thingDefinitions":[{"id":"5ab22efc82f1e814932e8c99","def":"{\"v\":2,\"p\":[{\"b\":9,\"s\":[{\"p\":[0,0,0],\"r\":[0,0,0],\"s\":[0.5164532,0.4751535,0.5264044],\"c\":[1,1,1]}]}]}"}],"serveTime":5}