{"thingDefinitions":[{"id":"5e502d78810d65558141e181","def":"{\"v\":9,\"p\":[{\"b\":9,\"s\":[{\"p\":[0,0,0],\"r\":[0,0,0],\"s\":[0.1250004,0.1250004,0.1250002],\"c\":[1,1,1]}]}]}"}],"serveTime":6}