{"thingDefinitions":[{"id":"5d5d9f65ccc77b062a873618","def":"{\"v\":9,\"p\":[{\"s\":[{\"p\":[0.2316132,-0.06748875,0.02336121],\"r\":[10.6381,344.3987,31.43767],\"s\":[0.1750001,0.1750001,0.1750001],\"c\":[1,1,1]}]},{\"s\":[{\"p\":[0.02214059,-0.2068281,-0.1993059],\"r\":[30.34698,287.9326,20.23723],\"s\":[0.1750002,0.1750001,0.1750002],\"c\":[1,1,1]}]},{\"s\":[{\"p\":[0.6369377,0.3244631,0.1312132],\"r\":[299.995,75.84219,341.0516],\"s\":[0.1750001,0.1750002,0.1750001],\"c\":[1,1,1]}]},{\"b\":9,\"s\":[{\"p\":[0.5064874,0.2323667,-0.02680219],\"r\":[334.8534,354.791,57.35328],\"s\":[0.125,0.125,0.125],\"c\":[1,1,1]}]}]}"}],"serveTime":5}