{"thingDefinitions":[{"id":"5a552e09c751f8aa131999f5","def":"{\"n\":\"thing\",\"v\":2,\"p\":[{\"b\":9,\"s\":[{\"p\":[0,0,0],\"r\":[0,0,0],\"s\":[0.1250006,0.1250007,0.1250002],\"c\":[1,1,1]}]}]}"}],"serveTime":4}