{"thingDefinitions":[{"id":"5d983aa912c620061f599a54","def":"{\"n\":\"ground\",\"v\":9,\"a\":[1],\"p\":[{\"b\":17,\"s\":[{\"p\":[0,0,0],\"r\":[0,0,0],\"s\":[3.363346,0.11062,3.201102],\"c\":[0.9019608,0.8509804,0.7215686],\"b\":[\"when starts then tell nearby y\"]}]}]}"},{"id":"5d98392d309ea4392c5a866d","def":"{\"v\":9,\"p\":[{\"s\":[{\"p\":[-0.02365483,1.077448,0.4376556],\"r\":[13,308.875,0],\"s\":[0.175,0.175,0.175],\"c\":[1,1,1]}]}]}"}],"serveTime":7}