{"thingDefinitions":[{"id":"5d8ec9c743e1f80625c3129a","def":"{\"v\":9,\"a\":[7,18],\"p\":[{\"s\":[{\"p\":[0,0,0],\"r\":[0,0,0],\"s\":[12.23734,12.67216,0.05257318],\"c\":[0.05079354,0.4444443,0]}]}]}"},{"id":"5d8ecc84c37a927fec8c8a39","def":"{\"v\":9,\"p\":[{\"b\":12,\"s\":[{\"p\":[0,0,0],\"r\":[0,0,0],\"s\":[0.05999998,0.05999995,0.05999994],\"c\":[1,1,1]}]}]}"},{"id":"5d8ecf18c080a70624ca367b","def":"{\"v\":9,\"p\":[{\"b\":14,\"s\":[{\"p\":[0,0,0],\"r\":[0,0,0],\"s\":[0.06000003,0.05999998,0.05999999],\"c\":[1,1,1]}]}]}"},{"id":"5d8ecf7e2067ba3932339a59","def":"{\"v\":9,\"p\":[{\"b\":14,\"s\":[{\"p\":[0,0,0],\"r\":[0,0,0],\"s\":[0.06000003,0.05999998,0.05999999],\"c\":[0.1142857,0,1]}]}]}"}],"serveTime":13}