{"thingDefinitions":[{"id":"5c1d77e27863da6f76f3880f","def":"{\"v\":7,\"p\":[{\"b\":40,\"s\":[{\"p\":[0,0,0],\"r\":[0,0,0],\"s\":[0.1250001,0.1250001,0.1250001],\"c\":[1,1,1]}]},{\"b\":3,\"s\":[{\"p\":[0.02879735,0.04994427,-0.1294997],\"r\":[335.3883,70.96471,68.77217],\"s\":[0.1250002,0.1250001,0.1250001],\"c\":[1,1,1]}]},{\"b\":14,\"s\":[{\"p\":[-0.1152992,0.04509738,-0.121579],\"r\":[0.3584507,91.51325,3.982789],\"s\":[0.06000001,0.05999998,0.06000001],\"c\":[1,1,1]}]}]}"}],"serveTime":4}