{"thingDefinitions":[{"id":"5c2193d4573d946f77418baa","def":"{\"v\":7,\"p\":[{\"b\":4,\"s\":[{\"p\":[0,0,0],\"r\":[0,0,0],\"s\":[0.1250003,0.1250002,0.1250002],\"c\":[1,1,1]}]}]}"}],"serveTime":5}