{"thingDefinitions":[{"id":"5a700cc36039969a1360ab01","def":"{\"n\":\"thing\",\"v\":2,\"p\":[{\"s\":[{\"p\":[0,0,0],\"r\":[0,0,0],\"s\":[0.175,0.175,0.175],\"c\":[1,1,1]}]},{\"s\":[{\"p\":[0.003047527,-0.007295713,0.1852216],\"r\":[359.0127,0.4349774,356.3888],\"s\":[0.1749999,0.175,0.175],\"c\":[1,1,1]}]},{\"s\":[{\"p\":[-0.1822492,0.007661209,0.002060741],\"r\":[0.8239246,2.270985,355.3311],\"s\":[0.1750001,0.1750001,0.1750001],\"c\":[1,1,1]}]}]}"}],"serveTime":4}