{"thingDefinitions":[{"id":"5b5090a8634efa6e5c199db9","def":"{\"v\":5,\"p\":[{\"b\":2,\"s\":[{\"p\":[0,0,0],\"r\":[0,0,0],\"s\":[0.1250002,0.1250003,0.1250004],\"c\":[1,1,1]}]}]}"}],"serveTime":4}