{"thingDefinitions":[{"id":"5a72f9f907c079a114dd82ee","def":"{\"n\":\"thing\",\"v\":2,\"p\":[{\"b\":10,\"s\":[{\"p\":[0,0,0],\"r\":[0,0,-1.280661E-06],\"s\":[0.125,0.125,0.125],\"c\":[1,1,1]}]},{\"b\":10,\"s\":[{\"p\":[-0.09442373,0.1856045,-0.106588],\"r\":[299.8247,10.92469,4.80083],\"s\":[0.1250002,0.1250001,0.1250002],\"c\":[1,1,1]}]},{\"b\":10,\"s\":[{\"p\":[0.1333609,-0.1217128,-0.241483],\"r\":[11.17422,297.1875,84.32748],\"s\":[0.1250002,0.1250002,0.125],\"c\":[1,1,1]}]},{\"b\":10,\"s\":[{\"p\":[-0.04951076,0.09602067,-0.05837292],\"r\":[293.2124,275.7327,107.0182],\"s\":[0.1250004,0.1250002,0.1250003],\"c\":[1,1,1]}]}]}"}],"serveTime":4}